ticker,name,category,display,technical_score,technical_tier,technical_score_weekly,technical_tier_weekly,fundamental_score,fundamental_tag,price,sma50,sma150,sma200,volume_financeiro,vcp,vcp_conf,wedge_or_trend,wedge_or_trend_conf,rasb_trend,rasb_trend_conf,wedge,wedge_conf,cup_handle,cup_handle_conf,pre_breakout,breakout,breakout_vol_ratio,breakout_resistance,vcp_weekly,wedge_or_trend_weekly,rasb_trend_weekly,wedge_weekly,cup_handle_weekly,pre_breakout_weekly,breakout_weekly,roe,pl,pvp,rank
N1TA34,N1TA34,BDR,NTAP (BDR: N1TA34),16.93,S,2.0,C,3.0,OK,191.48,165.77,124.93,121.58,503015076.58,False,0.0,False,0.0,True,0.8,False,0.0,True,0.85,True,False,1.09,195.7,False,False,False,False,False,True,False,106.734,30.154331,27.778906,1
P1HC34,P1HC34,BDR,PH (BDR: P1HC34),16.77,S,2.0,C,3.0,OK,1069.8,941.65,936.29,910.44,1313060812.13,False,0.0,False,0.0,True,0.65,False,0.0,True,1.0,True,True,1.79,1009.86,False,False,False,False,False,True,False,24.841999,39.432365,9.23316,2
K1BF34,K1BF34,BDR,KB (BDR: K1BF34),16.57,S,2.0,C,3.0,OK,121.32,111.22,105.49,100.37,14476751.6,False,0.0,False,0.0,True,0.7,False,0.0,True,0.85,True,False,0.43,125.62,False,False,False,False,False,True,False,10.223999599999999,10.841824,4.6347466,3
J1CI34,J1CI34,BDR,JCI (BDR: J1CI34),16.45,S,2.0,C,3.0,OK,154.55,143.16,136.21,131.08,374637398.55,False,0.0,False,0.0,True,0.7,False,0.0,True,0.8,True,False,0.58,157.06,False,False,False,False,False,True,False,14.332,43.535213,6.943883,4
TGTB34,TGTB34,BDR,TGT (BDR: TGTB34),16.25,S,2.0,C,3.0,OK,147.08,134.46,122.15,114.28,270359223.61,False,0.0,False,0.0,True,0.75,False,0.0,True,0.65,True,False,0.53,150.07,False,False,False,False,False,True,False,22.015,19.403694,4.074464,5
R1KU34,R1KU34,BDR,ROKU (BDR: R1KU34),16.14,S,2.0,C,2.0,Fraco,150.07,137.58,115.62,112.23,574479393.36,True,0.45,False,0.0,True,0.8,False,0.0,False,0.0,True,False,1.26,147.94,False,False,False,False,False,True,False,7.754999999999999,111.162964,8.291618,6
G1RM34,G1RM34,BDR,GRMN (BDR: G1RM34),15.07,S,2.0,C,4.0,Forte,301.87,247.91,236.75,229.06,158876593.39,False,0.0,False,0.0,True,0.7,False,0.0,True,0.85,True,False,0.39,309.92,False,False,False,False,False,True,False,21.886998,30.897644,6.449662,7
A1TT34,A1TT34,BDR,ALL (BDR: A1TT34),14.8,S,2.0,C,5.0,Forte,275.11,239.15,217.95,213.84,436477948.14,False,0.0,False,0.0,True,0.8,False,0.0,False,0.0,True,False,1.05,277.22,False,False,False,False,False,True,False,45.221000000000004,5.5099134,2.397431,8
R2NG34,R2NG34,BDR,RNG (BDR: R2NG34),14.8,S,2.0,C,2.0,Fraco,61.82,43.28,38.03,35.69,78576805.17,False,0.0,False,0.0,True,0.8,False,0.0,False,0.0,True,False,0.35,62.14,False,False,False,False,False,True,False,0.0,49.456,-8.483601,9
E1CO34,E1CO34,BDR,EC (BDR: E1CO34),14.8,S,2.0,C,5.0,Forte,17.4,15.71,13.63,12.52,39575307.33,False,0.0,False,0.0,True,0.8,False,0.0,False,0.0,True,False,0.99,17.31,False,False,False,False,False,True,False,15.948,11.599999,0.008863771,10
P2AN34,P2AN34,BDR,PANW (BDR: P2AN34),14.8,S,2.0,C,2.0,Fraco,359.49,313.64,223.15,217.35,1969369208.69,False,0.0,False,0.0,True,0.8,False,0.0,False,0.0,True,False,0.88,376.98,False,False,False,False,False,True,False,4.8309997000000005,309.90518,10.5632925,11
S1TT34,S1TT34,BDR,STT (BDR: S1TT34),14.8,S,2.0,C,1.0,Fraco,184.92,173.34,147.16,140.03,287038368.76,False,0.0,False,0.0,True,0.8,False,0.0,False,0.0,True,False,0.87,192.51,False,False,False,False,False,True,False,12.437,16.306877,2.1253216,12
I1XC34,I1XC34,BDR,IX (BDR: I1XC34),14.8,S,2.0,C,2.0,Fraco,41.29,39.38,34.71,32.72,9286327.66,False,0.0,False,0.0,True,0.8,False,0.0,False,0.0,True,False,1.11,41.61,False,False,False,False,False,True,False,10.418,16.255907,1.5943749,13
N1UE34,N1UE34,BDR,NUE (BDR: N1UE34),14.8,S,2.0,C,3.0,OK,272.0,245.59,206.86,193.21,253566832.0,False,0.0,False,0.0,True,0.8,False,0.0,False,0.0,True,False,0.54,280.11,False,False,False,False,False,True,False,14.548999000000002,21.707901,2.807481,14
V1OD34,V1OD34,BDR,VOD (BDR: V1OD34),14.72,S,2.0,C,0.0,Fraco,16.0,14.77,14.7,14.0,89861328.0,False,0.0,False,0.0,True,0.6,False,0.0,True,0.85,True,False,1.15,16.4,False,False,False,False,False,True,False,0.10899999,999.0,1.2657884,15
J2AZ34,J2AZ34,BDR,JAZZ (BDR: J2AZ34),14.62,S,2.0,C,4.0,Forte,256.65,240.98,205.98,193.82,206470813.69,False,0.0,False,0.0,True,0.75,False,0.0,False,0.0,True,False,0.91,265.05,False,False,False,False,False,True,False,22.114,17.55472,3.550529,16
N1WG34,N1WG34,BDR,NWG (BDR: N1WG34),14.62,S,2.0,C,3.0,OK,19.04,17.36,16.41,16.18,71161203.74,False,0.0,False,0.0,True,0.75,False,0.0,False,0.0,True,False,0.73,19.42,False,False,False,False,False,True,False,14.776,9.52,1.453999,17
METB34,METB34,BDR,MET (BDR: METB34),14.62,S,2.0,C,3.0,OK,99.95,89.05,79.64,78.95,297775928.46,False,0.0,False,0.0,True,0.75,False,0.0,False,0.0,True,False,0.61,97.26,False,False,False,False,False,True,False,13.014000000000001,19.332687,2.3631074,18
BOAC34,BOAC34,BDR,BAC (BDR: BOAC34),14.62,S,2.0,C,3.0,OK,63.0,58.11,53.63,53.41,1187368938.0,False,0.0,False,0.0,True,0.75,False,0.0,False,0.0,True,False,0.64,63.57,False,False,False,False,False,True,False,11.1990005,14.549654,1.6013421,19
I1VZ34,I1VZ34,BDR,IVZ (BDR: I1VZ34),14.62,S,2.0,C,2.0,Fraco,31.69,28.56,26.7,26.07,132566275.72,False,0.0,False,0.0,True,0.75,False,0.0,False,0.0,True,False,0.75,32.44,False,False,False,False,False,True,False,-0.57300003,999.0,1.4045118,20
BCSA34,BCSA34,BDR,SAN (BDR: BCSA34),14.62,S,2.0,C,1.0,Fraco,14.65,13.4,12.38,11.94,234844196.53,False,0.0,False,0.0,True,0.75,False,0.0,False,0.0,True,False,1.33,14.73,False,False,False,False,False,True,True,13.109000000000002,14.362745,1.6634547,21
Q1UE34,Q1UE34,BDR,DGX (BDR: Q1UE34),14.62,S,2.0,C,3.0,OK,238.5,209.75,198.26,193.61,151280550.0,False,0.0,False,0.0,True,0.75,False,0.0,False,0.0,True,False,0.48,240.13,False,False,False,False,False,True,False,14.602,25.345377,3.4905672,22
ROST34,ROST34,BDR,ROST (BDR: ROST34),14.62,S,2.0,C,4.0,Forte,254.31,231.4,215.37,203.82,377997733.83,False,0.0,False,0.0,True,0.75,False,0.0,False,0.0,True,False,0.66,257.0,False,False,False,False,False,True,False,38.981998000000004,35.46862,12.948575,23
INGG34,INGG34,BDR,ING (BDR: INGG34),14.62,S,2.0,C,4.0,Forte,35.71,32.01,29.2,28.21,70862457.95,False,0.0,False,0.0,True,0.75,False,0.0,False,0.0,True,False,0.69,36.05,False,False,False,False,False,True,False,17.124,13.424811,1.7663268,24
BILB34,BILB34,BDR,BBVA (BDR: BILB34),14.62,S,2.0,C,4.0,Forte,28.14,24.97,23.23,22.58,65508596.0,False,0.0,False,0.0,True,0.75,False,0.0,False,0.0,True,False,1.29,28.48,False,False,False,False,False,True,False,18.924,12.908257,2.396661,25
COLO39,GLOBAL X MSCI COLOMBIA ETF,BDR,COLO (BDR: COLO39),14.62,S,2.0,C,1.0,Fraco,47.03,43.21,40.5,39.03,7615097.4,False,0.0,False,0.0,True,0.75,False,0.0,False,0.0,True,False,1.14,47.22,False,False,False,False,False,True,False,0.0,11.138573,999.0,26
I1EX34,I1EX34,BDR,IEX (BDR: I1EX34),14.45,S,2.0,C,3.0,OK,233.71,222.27,206.98,197.86,76962574.89,False,0.0,False,0.0,True,0.7,False,0.0,False,0.0,True,False,0.38,243.8,False,False,False,False,False,True,False,12.955,33.675793,4.315018,27
BCAT39,GLOBAL X S&P 500 CATHOLIC VALUES ETF,BDR,BCAT (BDR: BCAT39),14.45,S,2.0,C,1.0,Fraco,15.96,15.52,14.36,13.89,6718776.98,False,0.0,False,0.0,True,0.7,False,0.0,False,0.0,True,False,0.65,16.1,False,False,False,False,False,True,False,0.0,7.528302,999.0,28
USBC34,USBC34,BDR,USB (BDR: USBC34),14.45,S,2.0,C,3.0,OK,63.81,60.12,56.19,54.22,253346635.13,False,0.0,False,0.0,True,0.7,False,0.0,False,0.0,True,False,0.5,64.85,False,False,False,False,False,True,False,12.623000000000001,12.7365265,1.6398963,29
L1YG34,L1YG34,BDR,LYG (BDR: L1YG34),14.45,S,2.0,C,3.0,OK,6.19,5.79,5.5,5.32,106118922.12,False,0.0,False,0.0,True,0.7,False,0.0,False,0.0,True,False,1.0,6.32,False,False,False,False,False,True,False,11.3400005,14.395349,1.6114253,30
RYTT34,RYTT34,BDR,RTX (BDR: RYTT34),14.28,S,2.0,C,3.0,OK,223.25,193.91,192.68,188.18,761815844.25,False,0.0,False,0.0,True,0.65,False,0.0,False,0.0,True,False,0.54,222.82,False,False,False,False,False,True,False,12.274000000000001,39.373898,4.5329947,31
AMGN34,AMGN34,BDR,AMGN (BDR: AMGN34),14.28,S,2.0,C,3.0,OK,404.85,360.49,351.43,342.81,986626347.32,False,0.0,False,0.0,True,0.65,False,0.0,False,0.0,True,False,0.75,416.24,False,False,False,False,False,True,False,91.473,25.130354,23.775547,32
A1PD34,A1PD34,BDR,APD (BDR: A1PD34),14.25,S,2.0,C,1.0,Fraco,299.92,289.08,283.52,274.16,200298281.85,False,0.0,False,0.0,True,0.5,False,0.0,True,0.8,True,False,0.53,311.08,False,False,False,False,False,True,False,0.023,999.0,4.8104963,33
AIRB34,AIRB34,BDR,ABNB (BDR: AIRB34),14.2,S,2.0,C,4.0,Forte,151.64,142.59,135.74,133.09,832645076.77,False,0.0,False,0.0,True,0.7,False,0.0,True,0.5,True,False,1.51,156.5,False,False,False,False,False,True,False,32.324999999999996,37.349754,11.815491,34
E1QN34,E1QN34,BDR,EQNR (BDR: E1QN34),14.12,S,0.5,C,5.0,Forte,39.46,36.06,34.01,31.21,114450688.92,False,0.0,False,0.0,True,0.75,False,0.0,True,1.0,False,False,0.72,41.63,False,False,False,False,False,False,False,21.270001,10.693767,4.455233,35
B1SA34,B1SA34,BDR,BSAC (BDR: B1SA34),14.1,S,2.0,C,4.0,Forte,35.7,32.91,32.3,31.3,10334614.72,False,0.0,False,0.0,True,0.6,False,0.0,False,0.0,True,False,1.07,35.5,False,False,False,False,False,True,False,23.592,13.83721,1.4649159,36
A1ME34,A1ME34,BDR,AME (BDR: A1ME34),14.1,S,2.0,C,3.0,OK,251.38,235.01,227.99,220.07,194623678.76,False,0.0,False,0.0,True,0.6,False,0.0,False,0.0,True,False,0.56,257.95,False,False,False,False,False,True,False,14.562,36.80527,5.2766585,37
A1PH34,A1PH34,BDR,APH (BDR: A1PH34),13.3,S,2.0,C,3.0,OK,170.61,157.0,145.03,142.64,736440968.0,False,0.0,False,0.0,True,0.8,False,0.0,False,0.0,True,False,0.53,174.84,False,False,False,False,False,True,False,38.115,42.6525,13.574952,38
A2RW34,A2RW34,BDR,ARW (BDR: A2RW34),13.3,S,0.5,C,4.0,Forte,222.29,216.0,175.35,159.59,166717939.54,False,0.0,False,0.0,True,0.8,False,0.0,False,0.0,True,False,1.38,230.45,False,False,False,False,False,False,False,11.3299996,15.911953,1.6843724,39
CSCO34,CSCO34,BDR,CSCO (BDR: CSCO34),13.3,S,0.5,C,4.0,Forte,120.88,117.61,95.06,89.9,1521175643.84,False,0.0,False,0.0,True,0.8,False,0.0,False,0.0,True,False,0.6,124.21,False,False,False,False,False,False,False,25.229000000000003,40.29333,9.747601,40
C2RW34,C2RW34,BDR,CRWD (BDR: C2RW34),13.3,S,0.5,C,2.0,Fraco,207.39,184.85,136.35,134.37,1402086014.62,False,0.0,False,0.0,True,0.8,False,0.0,False,0.0,False,False,0.87,219.35,False,False,False,False,False,False,False,-0.24899999,999.0,45.5702,41
U1RI34,U1RI34,BDR,URI (BDR: U1RI34),13.3,S,2.0,C,3.0,OK,1162.66,1077.6,927.39,904.17,456676584.19,False,0.0,False,0.0,True,0.8,False,0.0,False,0.0,True,False,0.7,1177.67,False,False,False,False,False,True,False,28.895,27.948559,7.8575096,42
DEAI34,DEAI34,BDR,DAL (BDR: DEAI34),13.3,S,2.0,C,4.0,Forte,91.98,85.9,73.98,71.2,356800826.76,False,0.0,False,0.0,True,0.8,False,0.0,False,0.0,True,False,0.65,95.01,False,False,False,False,False,True,False,20.125,15.253732,2.757773,43
ARMT34,ARMT34,BDR,MT (BDR: ARMT34),13.3,S,2.0,C,2.0,Fraco,73.22,66.71,60.23,55.52,85718948.31,False,0.0,False,0.0,True,0.8,False,0.0,False,0.0,True,False,0.72,75.66,False,False,False,False,False,True,False,3.2840000000000003,30.764706,2.0142498,44
TRVC34,TRVC34,BDR,TRV (BDR: TRVC34),13.3,S,2.0,C,5.0,Forte,386.0,334.85,307.83,300.86,369522046.0,False,0.0,False,0.0,True,0.8,False,0.0,False,0.0,True,False,0.43,398.7,False,False,False,False,False,True,False,26.511000000000003,10.373556,2.4310672,45
M1UF34,M1UF34,BDR,MUFG (BDR: M1UF34),13.12,S,2.0,C,3.0,OK,22.52,20.96,18.94,18.08,47475538.97,False,0.0,False,0.0,True,0.75,False,0.0,False,0.0,True,False,0.56,23.25,False,False,False,False,False,True,False,9.458999,16.681482,1.7593513,46
ARNC34,ARNC34,BDR,HWM (BDR: ARNC34),13.12,S,0.5,C,4.0,Forte,289.72,271.66,250.53,238.12,750071756.04,False,0.0,False,0.0,True,0.75,False,0.0,False,0.0,False,False,1.12,295.28,False,False,False,False,False,False,False,33.818,67.22042,21.038414,47
GEOO34,GEOO34,BDR,GE (BDR: GEOO34),13.12,S,2.0,C,3.0,OK,374.55,350.6,321.16,315.96,884329001.38,False,0.0,False,0.0,True,0.75,False,0.0,False,0.0,True,False,0.67,384.51,False,False,False,False,False,True,False,48.231998,44.27305,22.031057,48
S1WK34,S1WK34,BDR,SWK (BDR: S1WK34),13.12,S,2.0,C,3.0,OK,101.04,87.76,80.6,77.56,238019728.08,False,0.0,False,0.0,True,0.75,False,0.0,False,0.0,True,False,0.87,103.65,False,False,False,False,False,True,False,6.886,24.704155,1.7496104,49
U1AL34,U1AL34,BDR,UAL (BDR: U1AL34),13.12,S,0.5,C,3.0,OK,129.12,120.7,107.67,106.15,298162730.64,False,0.0,False,0.0,True,0.75,False,0.0,False,0.0,True,False,0.57,135.37,False,False,False,False,False,False,False,23.252001,12.101218,2.5100598,50
M1TB34,M1TB34,BDR,MTB (BDR: M1TB34),13.12,S,2.0,C,3.0,OK,250.14,236.27,220.53,212.47,180088292.56,False,0.0,False,0.0,True,0.75,False,0.0,False,0.0,True,False,0.63,255.0,False,False,False,False,False,True,False,10.742,13.2349205,1.42104,51
R1HI34,R1HI34,BDR,RHI (BDR: R1HI34),13.12,S,2.0,C,1.0,Fraco,40.68,34.28,28.48,27.82,56756329.63,False,0.0,False,0.0,True,0.75,False,0.0,False,0.0,True,False,0.47,42.25,False,False,False,False,False,True,False,9.110999999999999,35.373913,3.32163,52
C2OL34,C2OL34,BDR,CIB (BDR: C2OL34),13.12,S,2.0,C,3.0,OK,90.25,80.18,73.41,69.89,18245210.75,False,0.0,False,0.0,True,0.75,False,0.0,False,0.0,True,False,0.57,94.21,False,False,False,False,False,True,False,16.926001,10.795455,0.0020329102,53
S1MF34,S1MF34,BDR,SMFG (BDR: S1MF34),13.12,S,2.0,C,3.0,OK,25.73,24.57,22.28,21.12,35820790.76,False,0.0,False,0.0,True,0.75,False,0.0,False,0.0,True,False,0.72,26.67,False,False,False,False,False,True,False,8.569,16.388535,1.6778803,54
B1CS34,B1CS34,BDR,BCS (BDR: B1CS34),13.12,S,2.0,C,3.0,OK,28.18,26.65,24.78,24.16,59601856.03,False,0.0,False,0.0,True,0.75,False,0.0,False,0.0,True,False,0.35,28.67,False,False,False,False,False,True,False,10.091999999999999,10.880309,1.0883527,55
H1EI34,H1EI34,BDR,HEI (BDR: H1EI34),13.12,S,2.0,C,4.0,Forte,363.29,344.32,319.88,318.92,150568813.65,False,0.0,False,0.0,True,0.75,False,0.0,False,0.0,True,False,0.94,371.46,False,False,False,False,False,True,False,17.206,64.757576,10.616927,56
LILY34,LILY34,BDR,LLY (BDR: LILY34),13.12,S,2.0,C,2.0,Fraco,1191.94,1155.49,1045.03,1029.47,2745496581.94,False,0.0,False,0.0,True,0.75,False,0.0,False,0.0,True,False,0.78,1232.0,False,False,False,False,False,True,False,0.0,39.95776,34.13638,57
E1XP34,E1XP34,BDR,EXPD (BDR: E1XP34),13.12,S,2.0,C,4.0,Forte,178.56,167.91,156.28,151.98,138336501.15,False,0.0,False,0.0,True,0.75,False,0.0,False,0.0,True,False,0.58,187.74,False,False,False,False,False,True,False,42.67,25.953487,10.957962,58
NMRH34,NMRH34,BDR,NMR (BDR: NMRH34),13.12,S,2.0,C,3.0,OK,9.92,9.13,8.66,8.39,5707333.16,False,0.0,False,0.0,True,0.75,False,0.0,False,0.0,True,False,0.56,10.06,False,False,False,False,False,True,False,11.158,11.670588,1.1918827,59
R1VT34,R1VT34,BDR,RVTY (BDR: R1VT34),13.12,S,2.0,C,3.0,OK,114.24,107.42,100.02,99.22,103019002.55,False,0.0,False,0.0,True,0.75,False,0.0,False,0.0,True,False,0.48,117.37,False,False,False,False,False,True,False,3.211,54.923077,1.7641335,60
UBSG34,UBSG34,BDR,UBS (BDR: UBSG34),13.12,S,2.0,C,2.0,Fraco,52.84,50.58,45.08,43.65,59103125.37,False,0.0,False,0.0,True,0.75,False,0.0,False,0.0,True,False,0.53,55.15,False,False,False,False,False,True,False,10.671999999999999,33.44304,1.777688,61
A1EG34,A1EG34,BDR,AEG (BDR: A1EG34),13.12,S,2.0,C,2.0,Fraco,9.46,8.69,7.89,7.77,57202236.31,False,0.0,False,0.0,True,0.75,False,0.0,False,0.0,True,False,1.1,9.53,False,False,False,False,False,True,False,10.421,13.710145,1.6468127,62
I1FF34,I1FF34,BDR,IFF (BDR: I1FF34),13.1,S,0.5,C,1.0,Fraco,84.55,77.34,74.3,71.85,174326633.64,False,0.0,False,0.0,True,0.6,False,0.0,True,0.8,False,False,1.01,89.32,False,False,False,False,False,False,False,1.828,999.0,1.5281318,63
MRCK34,MRCK34,BDR,MRK (BDR: MRCK34),12.95,A,2.0,C,1.0,Fraco,128.37,123.47,117.22,111.29,904715653.62,False,0.0,False,0.0,True,0.7,False,0.0,False,0.0,True,False,0.8,135.05,False,False,False,False,False,True,False,0.0,103.524185,6.910529,64
I2NV34,I2NV34,BDR,INVH (BDR: I2NV34),12.95,A,2.0,C,3.0,OK,30.37,29.6,27.39,27.27,158576230.5,False,0.0,False,0.0,True,0.7,False,0.0,False,0.0,True,False,1.13,30.73,False,False,False,False,False,True,False,7.053999599999999,27.862385,1.9809537,65
S2LA34,S2LA34,BDR,SLAB (BDR: S2LA34),12.95,A,2.0,C,1.0,Fraco,218.47,218.23,202.58,184.71,35813350.36,False,0.0,False,0.0,True,0.7,False,0.0,False,0.0,True,False,0.59,219.47,False,False,False,False,False,True,False,-4.646,999.0,6.556526,66
H1SB34,H1SB34,BDR,HSBC (BDR: H1SB34),12.95,A,2.0,C,2.0,Fraco,102.56,97.44,89.17,84.28,111925468.86,False,0.0,False,0.0,True,0.7,False,0.0,False,0.0,True,False,0.72,107.92,False,False,False,False,False,True,False,13.104999000000001,14.651428,8.06527,67
L1AM34,L1AM34,BDR,LAMR (BDR: L1AM34),12.95,A,2.0,C,2.0,Fraco,160.0,155.59,139.96,135.48,160499680.0,False,0.0,False,0.0,True,0.7,False,0.0,False,0.0,True,False,1.26,166.33,False,False,False,False,False,True,False,55.202,29.520294,16.741655,68
A1FL34,A1FL34,BDR,AFL (BDR: A1FL34),12.95,A,2.0,C,5.0,Forte,126.66,120.33,114.4,112.95,183059170.09,False,0.0,False,0.0,True,0.7,False,0.0,False,0.0,True,False,0.75,130.22,False,False,False,False,False,True,False,16.469,14.475429,2.158266,69
E1TN34,E1TN34,BDR,ETN (BDR: E1TN34),12.95,A,2.0,C,2.0,Fraco,448.19,407.89,383.38,374.38,785770297.8,False,0.0,False,0.0,True,0.7,False,0.0,False,0.0,True,False,0.58,453.5,False,False,False,False,False,True,False,19.683999999999997,45.547764,8.594742,70
CPRL34,CPRL34,BDR,CP (BDR: CPRL34),12.95,A,3.59,C,2.0,Fraco,90.25,89.42,83.53,80.79,210945657.0,False,0.0,False,0.0,True,0.7,False,0.0,False,0.0,True,False,0.66,93.95,True,False,False,False,False,True,False,8.154,29.493465,2.392526,71
S1NA34,S1NA34,BDR,SNA (BDR: S1NA34),12.95,A,2.0,C,4.0,Forte,414.68,396.76,377.81,367.62,77545987.99,False,0.0,False,0.0,True,0.7,False,0.0,False,0.0,True,False,0.43,421.16,False,False,False,False,False,True,False,17.932000000000002,21.157143,3.55016,72
JPMC34,JPMC34,BDR,JPM (BDR: JPMC34),12.95,A,2.0,C,4.0,Forte,356.3,331.1,311.94,310.49,2013060726.23,False,0.0,False,0.0,True,0.7,False,0.0,False,0.0,True,False,0.75,363.0,False,False,False,False,False,True,False,17.788999999999998,15.2591,2.6788063,73
R1FC34,R1FC34,BDR,RF (BDR: R1FC34),12.95,A,2.0,C,3.0,OK,31.39,29.93,28.26,27.44,272498060.03,False,0.0,False,0.0,True,0.7,False,0.0,False,0.0,True,False,1.01,32.47,False,False,False,False,False,True,False,11.866999400000001,12.760162,1.5325651,74
COCA34,COCA34,BDR,KO (BDR: COCA34),12.95,A,2.0,C,3.0,OK,86.85,82.33,77.93,75.76,784413379.52,False,0.0,False,0.0,True,0.7,False,0.0,False,0.0,True,False,0.47,90.92,False,False,False,False,False,True,False,42.054,26.081081,10.338055,75
RSSL39,GLOBAL X RUSSELL 2000 ETF,BDR,RSSL (BDR: RSSL39),12.95,A,2.0,C,1.0,Fraco,116.84,114.9,106.94,104.12,345972.13,False,0.0,False,0.0,True,0.7,False,0.0,False,0.0,True,False,0.58,118.27,False,False,False,False,False,True,False,0.0,18.522478,999.0,76
W1AB34,W1AB34,BDR,WAB (BDR: W1AB34),12.95,A,2.0,C,3.0,OK,295.23,272.21,256.88,244.41,123335584.62,False,0.0,False,0.0,True,0.7,False,0.0,False,0.0,True,False,0.39,306.64,False,False,False,False,False,True,False,11.553001,39.681454,4.520372,77
P1SA34,P1SA34,BDR,PSA (BDR: P1SA34),12.95,A,2.0,C,3.0,OK,327.0,317.88,297.6,290.25,165717387.0,False,0.0,False,0.0,True,0.7,False,0.0,False,0.0,True,False,0.39,335.55,False,False,False,False,False,True,False,21.929000000000002,31.172546,11.776569,78
ABUD34,ABUD34,BDR,BUD (BDR: ABUD34),12.95,A,2.0,C,4.0,Forte,83.97,81.67,75.84,72.3,118872803.99,False,0.0,False,0.0,True,0.7,False,0.0,False,0.0,True,False,0.68,86.6,False,False,False,False,False,True,False,11.392,18.096983,10.6025305,79
QTOP39,ISHARES NASDAQ TOP 30 STOCKS ETF,BDR,QTOP (BDR: QTOP39),12.95,A,2.0,C,0.0,Fraco,37.46,37.45,34.33,33.73,5273468.83,False,0.0,False,0.0,True,0.7,False,0.0,False,0.0,True,False,0.76,38.2,False,False,False,False,False,True,False,0.0,30.943638,999.0,80
CNIC34,CNIC34,BDR,CNI (BDR: CNIC34),12.95,A,2.0,C,3.0,OK,126.4,122.31,110.91,106.95,158395886.71,False,0.0,False,0.0,True,0.7,False,0.0,False,0.0,True,False,0.66,131.55,False,False,False,False,False,True,False,22.017999,22.774775,4.9041734,81
JQUA39,JQUA39,BDR,JQUA (BDR: JQUA39),12.95,A,2.0,C,0.0,Fraco,73.88,71.56,66.65,65.56,36149704.3,False,0.0,False,0.0,True,0.7,False,0.0,False,0.0,True,False,0.97,74.84,False,False,False,False,False,True,False,0.0,25.25513,999.0,82
VLYB34,VLYB34,BDR,VLY (BDR: VLYB34),12.95,A,2.0,C,3.0,OK,14.47,14.35,13.18,12.62,99457564.45,False,0.0,False,0.0,True,0.7,False,0.0,False,0.0,True,False,0.86,15.2,False,False,False,False,False,True,False,8.953,12.2627125,1.0806572,83
TXSA34,TXSA34,BDR,TX (BDR: TXSA34),12.95,A,2.0,C,4.0,Forte,51.89,46.88,43.01,41.22,38002315.62,False,0.0,False,0.0,True,0.7,False,0.0,False,0.0,True,False,0.91,53.98,False,False,False,False,False,True,True,4.4320002,14.413889,0.8351574,84
JNJB34,JNJB34,BDR,JNJ (BDR: JNJB34),12.9,A,0.5,C,3.0,OK,256.98,247.17,235.92,226.14,1105697100.11,False,0.0,False,0.0,True,0.65,False,0.0,True,0.65,False,False,0.55,274.9,False,False,False,False,False,False,False,25.741999999999997,29.777521,7.283188,85
P1AC34,P1AC34,BDR,PCAR (BDR: P1AC34),12.85,A,0.5,C,3.0,OK,132.06,122.89,120.63,116.03,323192148.81,False,0.0,False,0.0,True,0.6,False,0.0,True,0.7,False,False,0.51,139.24,False,False,False,False,False,False,False,12.755999000000001,27.802105,3.4206233,86
C1AH34,C1AH34,BDR,CAH (BDR: C1AH34),12.78,A,2.0,C,1.0,Fraco,237.66,224.37,214.43,209.53,295796631.42,False,0.0,False,0.0,True,0.65,False,0.0,False,0.0,True,False,0.61,240.22,False,False,False,False,False,True,False,0.0,36.28397,-19.721186,87
L1CA34,L1CA34,BDR,LH (BDR: L1CA34),12.78,A,2.0,C,3.0,OK,316.53,278.44,270.36,267.91,100451111.64,False,0.0,False,0.0,True,0.65,False,0.0,False,0.0,True,False,0.32,316.11,False,False,False,False,False,True,False,11.728,26.18114,2.9752417,88
SCHW34,SCHW34,BDR,SCHW (BDR: SCHW34),12.78,A,2.0,C,5.0,Forte,107.66,96.52,95.78,95.43,395340667.97,False,0.0,False,0.0,True,0.65,False,0.0,False,0.0,True,False,0.48,108.55,False,False,False,False,False,True,False,20.283002,19.610203,3.728356,89
A1MP34,A1MP34,BDR,AMP (BDR: A1MP34),12.78,A,2.0,C,5.0,Forte,559.82,490.41,477.2,474.49,139045294.32,False,0.0,False,0.0,True,0.65,False,0.0,False,0.0,True,False,0.45,564.3,False,False,False,False,False,True,False,63.432,13.946687,7.7780867,90
T1EV34,T1EV34,BDR,TEVA (BDR: T1EV34),12.62,A,0.5,C,0.0,Fraco,34.81,33.33,32.78,31.01,101160405.12,False,0.0,False,0.0,False,0.0,False,0.0,True,0.85,True,False,0.45,35.87,False,False,False,False,False,False,False,9.690999999999999,58.016666,5.2322264,91
C2CA34,C2CA34,BDR,KOF (BDR: C2CA34),12.6,A,2.0,C,4.0,Forte,109.26,105.56,102.83,99.04,12368887.8,False,0.0,False,0.0,True,0.6,False,0.0,False,0.0,True,False,0.7,111.38,False,False,False,False,False,True,False,17.065,999.0,2.778818,92
FASL34,FASL34,BDR,FAST (BDR: FASL34),12.6,A,2.0,C,4.0,Forte,50.8,46.41,45.06,43.94,422237858.86,False,0.0,False,0.0,True,0.6,False,0.0,False,0.0,True,False,1.01,50.55,False,False,False,False,False,True,False,34.333999999999996,43.418804,14.326001,93
N1SC34,N1SC34,BDR,NSC (BDR: N1SC34),12.6,A,2.0,C,2.0,Fraco,342.46,321.71,307.03,301.56,153051192.0,False,0.0,False,0.0,True,0.6,False,0.0,False,0.0,True,False,0.32,358.6,False,False,False,False,False,True,False,16.985,29.220135,4.7325945,94
R1LC34,R1LC34,BDR,RL (BDR: R1LC34),12.6,A,0.5,C,3.0,OK,395.83,386.05,366.06,360.32,434171266.56,False,0.0,False,0.0,True,0.6,False,0.0,False,0.0,True,False,1.88,399.0,False,False,False,False,False,False,False,34.664001999999996,26.231277,8.372393,95
DEEC34,DEEC34,BDR,DE (BDR: DEEC34),12.6,A,2.0,C,1.0,Fraco,614.84,594.17,575.1,548.57,376022019.1,False,0.0,False,0.0,True,0.6,False,0.0,False,0.0,True,False,0.53,643.99,False,False,False,False,False,True,False,18.349001,34.87465,6.0559263,96
BMYB34,BMYB34,BDR,BMY (BDR: BMYB34),12.6,A,0.5,C,4.0,Forte,64.15,58.28,57.56,55.0,601972195.62,False,0.0,False,0.0,True,0.6,False,0.0,False,0.0,False,False,0.59,68.1,False,False,False,False,False,False,False,46.598998,14.129956,5.8718534,97
FCXO34,FCXO34,BDR,FCX (BDR: FCXO34),12.6,A,0.5,C,2.0,Fraco,68.18,63.87,62.02,57.38,681921636.17,False,0.0,False,0.0,True,0.6,False,0.0,False,0.0,True,False,0.69,70.56,False,False,False,False,False,False,False,14.754999999999999,33.42157,4.7465887,98
FMXB34,FMXB34,BDR,KOF (BDR: FMXB34),12.6,A,2.0,C,4.0,Forte,109.26,105.56,102.83,99.04,12368887.8,False,0.0,False,0.0,True,0.6,False,0.0,False,0.0,True,False,0.7,111.38,False,False,False,False,False,True,False,17.065,999.0,2.778818,99
GDBR34,GDBR34,BDR,GD (BDR: GDBR34),12.6,A,2.0,C,4.0,Forte,386.92,362.45,351.32,347.81,178863449.21,False,0.0,False,0.0,True,0.6,False,0.0,False,0.0,True,False,0.33,400.0,False,False,False,False,False,True,False,17.803,23.592684,3.8964753,100
E1MR34,E1MR34,BDR,EMR (BDR: E1MR34),12.6,A,2.0,C,3.0,OK,156.91,143.65,142.04,139.49,465003423.49,False,0.0,False,0.0,True,0.6,False,0.0,False,0.0,True,False,0.78,164.87,False,False,False,False,False,True,False,12.8,34.334793,4.328671,101
NVDC34,NVDC34,BDR,NVDA (BDR: NVDC34),12.6,A,0.5,C,4.0,Forte,218.99,205.82,196.11,193.59,24757255911.11,False,0.0,False,0.0,True,0.6,False,0.0,False,0.0,True,False,0.84,222.22,False,False,False,False,False,False,False,114.28799999999998,33.535988,27.136309,102
C1BL34,C1BL34,BDR,CB (BDR: C1BL34),12.6,A,2.0,C,3.0,OK,354.03,339.35,327.42,318.83,576982868.72,False,0.0,False,0.0,True,0.6,False,0.0,False,0.0,True,False,0.9,365.91,False,False,False,False,False,True,False,14.822,12.554255,1.8113585,103
I1RP34,I1RP34,BDR,TT (BDR: I1RP34),12.5,A,0.5,C,4.0,Forte,478.66,471.05,449.54,439.7,291283758.63,False,0.0,False,0.0,False,0.0,False,0.0,True,0.8,True,False,0.39,490.76,False,False,False,False,False,False,False,36.643,35.614586,12.324844,104
EBAY34,EBAY34,BDR,EBAY (BDR: EBAY34),12.45,A,0.5,C,3.0,OK,110.14,111.04,100.52,96.6,770822165.11,False,0.0,False,0.0,True,0.7,False,0.0,True,0.8,False,False,1.6,118.13,False,False,False,False,False,False,False,42.875,25.43649,10.716093,105
S1YY34,S1YY34,BDR,SYY (BDR: S1YY34),12.43,A,2.0,C,3.0,OK,84.35,80.63,79.15,77.73,229951423.14,False,0.0,False,0.0,True,0.55,False,0.0,False,0.0,True,False,0.63,86.65,False,False,False,False,False,True,False,77.69200000000001,23.046448,17.558285,106
ACWX39,ISHARES MSCI ACWI EX U.S. ETF,BDR,ACWX (BDR: ACWX39),12.25,A,2.0,C,1.0,Fraco,76.64,75.27,72.3,70.44,89945622.96,False,0.0,False,0.0,True,0.5,False,0.0,False,0.0,True,False,0.52,77.35,False,False,False,False,False,True,False,0.0,18.358252,999.0,107
TJXC34,TJXC34,BDR,TJX (BDR: TJXC34),12.25,A,2.0,C,3.0,OK,162.06,157.63,156.2,154.19,542794842.52,False,0.0,False,0.0,True,0.5,False,0.0,False,0.0,True,False,0.67,163.04,False,False,False,False,False,True,False,61.25000000000001,31.590643,17.214787,108
BCLO39,GLOBAL X CLOUD COMPUTING ETF,BDR,BCLO (BDR: BCLO39),12.25,A,2.0,C,0.0,Fraco,49.49,49.26,48.51,48.26,1041820.23,False,0.0,False,0.0,True,0.5,False,0.0,False,0.0,True,False,1.36,49.48,False,False,False,False,False,True,False,0.0,999.0,999.0,109
B1MR34,B1MR34,BDR,BMRN (BDR: B1MR34),12.25,A,2.0,C,2.0,Fraco,61.46,57.89,57.1,56.44,207454416.39,False,0.0,False,0.0,True,0.5,False,0.0,False,0.0,True,False,1.86,63.05,False,False,False,False,False,True,False,4.4770002,44.215828,1.91214,110
E1WL34,E1WL34,BDR,EW (BDR: E1WL34),12.25,A,0.5,C,2.0,Fraco,89.32,87.94,84.05,84.0,172163048.93,False,0.0,False,0.0,True,0.5,False,0.0,False,0.0,True,False,0.35,93.22,False,False,False,False,False,False,False,9.175,53.166668,4.990223,111
N1VS34,N1VS34,BDR,NVS (BDR: N1VS34),12.25,A,2.0,C,2.0,Fraco,154.21,152.77,150.62,144.7,161216538.37,False,0.0,False,0.0,True,0.5,False,0.0,False,0.0,True,False,0.61,160.34,False,False,False,False,False,True,False,30.349999999999998,23.259428,7.0557284,112
HYEM39,VANECK EMERGING MARKETS HIGH YIELD BOND ETF,BDR,HYEM (BDR: HYEM39),12.25,A,2.0,C,0.0,Fraco,20.0,19.89,19.6,19.44,1275620.0,False,0.0,False,0.0,True,0.5,False,0.0,False,0.0,True,False,0.53,20.02,False,False,False,False,False,True,False,0.0,59.659874,999.0,113
JEPI39,JPMORGAN EQUITY PREMIUM INCOME ETF,BDR,JEPI (BDR: JEPI39),12.25,A,2.0,C,0.0,Fraco,57.59,55.88,55.74,55.27,342853024.28,False,0.0,False,0.0,True,0.5,False,0.0,False,0.0,True,False,1.14,57.53,False,False,False,False,False,True,False,0.0,26.568863,999.0,114
VRTX34,VRTX34,BDR,VRTX (BDR: VRTX34),12.25,A,0.5,C,4.0,Forte,484.03,471.98,460.36,454.3,481921564.1,False,0.0,False,0.0,True,0.5,False,0.0,False,0.0,True,False,0.69,500.77,False,False,False,False,False,False,False,23.542999000000002,28.206877,6.056356,115
BBJP39,JPMORGAN BETABUILDERS JAPAN ETF,BDR,BBJP (BDR: BBJP39),12.25,A,2.0,C,1.0,Fraco,76.83,75.12,72.61,70.76,302593732.93,False,0.0,False,0.0,True,0.5,False,0.0,False,0.0,True,False,2.3,77.72,False,False,False,False,False,True,False,0.0,19.475422,999.0,116
N2LY34,N2LY34,BDR,NLY (BDR: N2LY34),12.25,A,2.0,C,4.0,Forte,22.66,22.04,21.59,21.19,168862613.44,False,0.0,False,0.0,True,0.5,False,0.0,False,0.0,True,False,0.86,23.48,False,False,False,False,False,True,False,19.567,5.47343,1.1246773,117
TBIL39,GLOBAL X 1-3 MONTH T-BILL ETF,BDR,TBIL (BDR: TBIL39),12.25,A,2.0,C,0.0,Fraco,49.89,49.72,49.37,49.19,63093836.74,False,0.0,False,0.0,True,0.5,False,0.0,False,0.0,True,False,0.67,49.89,False,False,False,False,False,True,False,0.0,999.0,999.0,118
U1DR34,U1DR34,BDR,UDR (BDR: U1DR34),12.22,A,0.5,C,1.0,Fraco,38.14,38.97,36.98,36.33,83649333.18,False,0.0,False,0.0,True,0.6,False,0.0,True,0.85,False,False,0.5,40.82,False,False,False,False,False,False,False,13.739,24.13924,4.2316656,119
P1HM34,P1HM34,BDR,PHM (BDR: P1HM34),12.12,A,0.5,C,2.0,Fraco,129.55,126.24,124.98,123.92,113496296.22,False,0.0,False,0.0,False,0.0,False,0.0,True,0.65,True,False,0.47,136.22,False,False,False,False,False,False,False,14.901,13.232891,1.9078405,120
OXYP34,OXYP34,BDR,OXY (BDR: OXYP34),12.1,A,0.5,C,3.0,OK,56.04,54.44,53.35,50.18,908244722.0,False,0.0,False,0.0,True,0.6,False,0.0,True,1.0,False,False,1.96,58.99,False,False,False,False,False,False,False,4.053,16.530973,1.812595,121
E1OG34,E1OG34,BDR,EOG (BDR: E1OG34),12.07,A,0.5,C,5.0,Forte,136.2,136.66,129.12,122.92,450396092.51,False,0.0,False,0.0,True,0.7,False,0.0,True,0.65,False,False,1.12,148.69,False,False,False,False,False,False,False,22.506999999999998,10.599221,2.3568907,122
FDXB34,FDXB34,BDR,FDX (BDR: FDXB34),11.95,A,0.5,C,2.0,Fraco,315.87,319.71,298.22,277.13,436384821.96,False,0.0,False,0.0,True,0.7,False,0.0,False,0.0,True,False,0.98,322.13,False,False,False,False,False,False,False,14.846,17.028032,2.3954406,123
E2TS34,E2TS34,BDR,ETSY (BDR: E2TS34),11.8,A,0.5,C,1.0,Fraco,82.26,76.67,63.38,62.17,519742877.94,False,0.0,False,0.0,True,0.8,False,0.0,False,0.0,False,False,2.48,87.97,False,False,False,False,False,False,False,0.0,31.517244,-6.865871,124
C1NC34,C1NC34,BDR,CNC (BDR: C1NC34),11.8,A,0.5,C,2.0,Fraco,64.2,64.15,50.4,47.18,281780912.81,False,0.0,False,0.0,True,0.8,False,0.0,False,0.0,False,False,0.66,69.36,False,False,False,False,False,False,False,-20.358999,999.0,1.4056444,125
VLOE34,VLOE34,BDR,VLO (BDR: VLOE34),11.8,A,0.5,C,5.0,Forte,302.99,274.19,236.41,219.46,644803602.87,False,0.0,False,0.0,True,0.8,False,0.0,False,0.0,False,False,0.8,319.01,False,False,False,False,False,False,False,27.637,12.635113,3.7690947,126
F1TN34,F1TN34,BDR,FTNT (BDR: F1TN34),11.8,A,0.5,C,4.0,Forte,160.11,152.24,108.7,102.16,799399132.37,False,0.0,False,0.0,True,0.8,False,0.0,False,0.0,False,False,0.77,172.09,False,False,False,False,False,False,False,117.44200000000001,56.776596,75.73794,127
I1LM34,I1LM34,BDR,ILMN (BDR: I1LM34),11.8,A,0.5,C,3.0,OK,193.72,179.79,148.23,141.79,826954847.01,False,0.0,False,0.0,True,0.8,False,0.0,False,0.0,False,False,1.86,207.0,False,False,False,False,False,False,False,32.339,36.14179,10.306996,128
M1PC34,M1PC34,BDR,MPC (BDR: M1PC34),11.8,A,0.5,C,4.0,Forte,299.25,278.19,235.82,223.17,428953927.5,False,0.0,False,0.0,True,0.8,False,0.0,False,0.0,False,False,0.68,326.92,False,False,False,False,False,False,False,42.099,10.372617,5.233748,129
J2WA34,J2WA34,BDR,WLY (BDR: J2WA34),11.8,A,0.5,C,5.0,Forte,53.65,48.01,39.35,37.94,14989166.63,False,0.0,False,0.0,True,0.8,False,0.0,False,0.0,False,False,0.67,57.45,False,False,False,False,False,False,False,27.694000000000003,12.896635,3.2164268,130
O1KT34,O1KT34,BDR,OKTA (BDR: O1KT34),11.8,A,0.5,C,3.0,OK,143.51,131.87,98.06,95.12,303674754.41,False,0.0,False,0.0,True,0.8,False,0.0,False,0.0,False,False,0.86,157.0,False,False,False,False,False,False,False,3.6679998,103.99275,3.6474771,131
D1EL34,D1EL34,BDR,DELL (BDR: D1EL34),11.8,A,0.5,C,2.0,Fraco,437.65,412.5,246.97,219.54,2306088543.29,False,0.0,False,0.0,True,0.8,False,0.0,False,0.0,False,False,0.86,485.7,False,False,False,False,False,False,False,0.0,34.90032,-202.3347,132
H1PE34,H1PE34,BDR,HPE (BDR: H1PE34),11.8,A,0.5,C,2.0,Fraco,52.43,47.22,32.15,29.85,771356665.81,False,0.0,False,0.0,True,0.8,False,0.0,False,0.0,True,False,0.88,54.63,False,False,False,False,False,False,False,6.3149999999999995,48.999996,2.743159,133
Z2DV34,Z2DV34,BDR,ZD (BDR: Z2DV34),11.8,A,0.5,C,2.0,Fraco,50.95,49.9,43.04,40.81,36528042.6,False,0.0,False,0.0,True,0.8,False,0.0,False,0.0,False,False,1.3,55.46,False,False,False,False,False,False,False,2.076,43.547012,1.1065263,134
B1AX34,B1AX34,BDR,BAX (BDR: B1AX34),11.62,A,0.5,C,2.0,Fraco,27.01,21.93,19.8,19.66,156241885.26,False,0.0,False,0.0,True,0.75,False,0.0,False,0.0,False,False,0.62,30.0,False,False,False,False,False,False,False,-14.371,999.0,2.2500834,135
S1JM34,S1JM34,BDR,SJM (BDR: S1JM34),11.62,A,0.5,C,1.0,Fraco,118.8,112.71,104.52,103.49,91048322.34,False,0.0,False,0.0,True,0.75,False,0.0,False,0.0,False,False,0.55,127.65,False,False,False,False,False,False,False,-2.386,999.0,2.2857144,136
N2ET34,N2ET34,BDR,NET (BDR: N2ET34),11.62,A,0.5,C,1.0,Fraco,284.43,255.26,216.35,214.82,1222726709.32,False,0.0,False,0.0,True,0.75,False,0.0,False,0.0,False,False,1.34,305.0,False,False,False,False,False,False,False,-5.876,999.0,65.84027,137
B2AP34,B2AP34,BDR,BAP (BDR: B2AP34),11.62,A,0.5,C,4.0,Forte,392.57,375.84,337.97,316.93,47860565.01,False,0.0,False,0.0,True,0.75,False,0.0,False,0.0,False,False,0.5,413.25,False,False,False,False,False,False,False,19.148001,14.949353,2.6874018,138
MACY34,MACY34,BDR,M (BDR: MACY34),11.62,A,0.5,C,3.0,OK,25.13,23.75,21.01,20.91,76376802.29,False,0.0,False,0.0,True,0.75,False,0.0,False,0.0,False,False,0.6,26.59,False,False,False,False,False,False,False,14.363000000000001,10.384296,1.3665779,139
K1MX34,K1MX34,BDR,KMX (BDR: K1MX34),11.62,A,0.5,C,1.0,Fraco,58.06,52.67,45.75,44.01,104850092.0,False,0.0,False,0.0,True,0.75,False,0.0,False,0.0,False,False,0.67,61.15,False,False,False,False,False,False,False,3.588,36.06211,1.3465998,140
C2GN34,C2GN34,BDR,CGNX (BDR: C2GN34),11.62,A,0.5,C,3.0,OK,67.38,64.97,55.5,51.4,262800181.89,False,0.0,False,0.0,True,0.75,False,0.0,False,0.0,False,False,1.94,72.7,False,False,False,False,False,False,False,9.748,79.270584,7.541974,141
W2ST34,W2ST34,BDR,WST (BDR: W2ST34),11.62,A,0.5,C,4.0,Forte,348.6,340.84,290.03,286.15,115086806.02,False,0.0,False,0.0,True,0.75,False,0.0,False,0.0,False,False,0.33,385.75,False,False,False,False,False,False,False,19.087,44.74968,8.207375,142
X1YZ34,X1YZ34,BDR,XYZ (BDR: X1YZ34),11.62,A,0.5,C,2.0,Fraco,79.02,76.49,68.06,67.81,920233060.35,False,0.0,False,0.0,True,0.75,False,0.0,False,0.0,False,False,2.38,86.75,False,False,False,False,False,False,False,3.743,141.10713,2.1426826,143
D1EX34,D1EX34,BDR,DXCM (BDR: D1EX34),11.62,A,0.5,C,4.0,Forte,83.02,74.18,69.44,68.12,314706308.85,False,0.0,False,0.0,True,0.75,False,0.0,False,0.0,False,False,0.63,87.85,False,False,False,False,False,False,False,38.491002,32.814228,11.952202,144
M1NS34,M1NS34,BDR,MNST (BDR: M1NS34),11.62,A,0.5,C,4.0,Forte,94.16,94.06,83.99,81.09,586523698.57,False,0.0,False,0.0,True,0.75,False,0.0,False,0.0,False,False,1.16,100.34,False,False,False,False,False,False,False,26.654,45.487926,10.551323,145
PHMO34,PHMO34,BDR,PM (BDR: PHMO34),11.45,A,0.5,C,1.0,Fraco,188.05,183.09,174.34,168.34,696082130.3,False,0.0,False,0.0,True,0.7,False,0.0,False,0.0,False,False,0.69,207.76,False,False,False,False,False,False,False,0.0,25.79561,-34.14745,146
F1RA34,F1RA34,BDR,BEN (BDR: F1RA34),11.45,A,0.5,C,3.0,OK,34.0,32.73,28.43,26.85,136582148.0,False,0.0,False,0.0,True,0.7,False,0.0,False,0.0,False,False,0.71,36.28,False,False,False,False,False,False,False,7.887,23.129251,1.470016,147
AAPL34,AAPL34,BDR,AAPL (BDR: AAPL34),11.45,A,0.5,C,4.0,Forte,312.41,309.74,281.2,278.87,14181079213.89,False,0.0,False,0.0,True,0.7,False,0.0,False,0.0,False,False,0.7,344.57,False,False,False,False,False,False,False,148.75101,35.86797,42.44701,148
UPAC34,UPAC34,BDR,UNP (BDR: UPAC34),11.45,A,0.5,C,3.0,OK,295.38,279.5,259.01,250.37,347845401.35,False,0.0,False,0.0,True,0.7,False,0.0,False,0.0,False,False,0.32,315.99,False,False,False,False,False,False,False,39.696,23.917408,9.030818,149
T1RO34,T1RO34,BDR,TROW (BDR: T1RO34),11.45,A,0.5,C,5.0,Forte,113.62,111.93,101.28,100.78,243391543.36,False,0.0,False,0.0,True,0.7,False,0.0,False,0.0,False,False,0.93,122.0,False,False,False,False,False,False,False,19.399999,11.407631,2.2653322,150
SIMN34,SIMN34,BDR,SPG (BDR: SIMN34),11.45,A,0.5,C,4.0,Forte,221.83,219.6,200.83,194.78,288979496.2,False,0.0,False,0.0,True,0.7,False,0.0,False,0.0,False,False,0.91,238.5,False,False,False,False,False,False,False,113.58999999999999,15.415566,14.930004,151
W1EL34,W1EL34,BDR,WELL (BDR: W1EL34),11.45,A,0.5,C,3.0,OK,236.0,225.36,209.73,204.58,498004368.0,False,0.0,False,0.0,True,0.7,False,0.0,False,0.0,False,False,0.6,255.2,False,False,False,False,False,False,False,3.836,105.8296,3.7975092,152
V1TA34,V1TA34,BDR,VTR (BDR: V1TA34),11.45,A,0.5,C,2.0,Fraco,92.26,89.06,84.75,82.48,156863869.25,False,0.0,False,0.0,True,0.7,False,0.0,False,0.0,False,False,0.42,101.6,False,False,False,False,False,False,False,2.012,167.74545,3.2305052,153
BIIB34,BIIB34,BDR,BIIB (BDR: BIIB34),11.45,A,0.5,C,2.0,Fraco,206.28,201.7,190.54,184.59,165356109.82,False,0.0,False,0.0,True,0.7,False,0.0,False,0.0,False,False,0.69,218.59,False,False,False,False,False,False,False,4.575,36.704628,1.6164877,154
CSXC34,CSXC34,BDR,CSX (BDR: CSXC34),11.45,A,0.5,C,3.0,OK,50.7,48.5,43.43,41.43,548759823.76,False,0.0,False,0.0,True,0.7,False,0.0,False,0.0,False,False,0.68,53.6,False,False,False,False,False,False,False,24.357,29.476744,6.669297,155
ABBV34,ABBV34,BDR,ABBV (BDR: ABBV34),11.28,A,0.5,C,2.0,Fraco,243.87,239.45,222.08,221.94,1049900567.53,False,0.0,False,0.0,True,0.65,False,0.0,False,0.0,False,False,0.7,267.47,False,False,False,False,False,False,False,0.0,68.69578,-64.73852,156
M1AA34,M1AA34,BDR,MAA (BDR: M1AA34),11.25,A,0.5,C,2.0,Fraco,133.63,134.17,129.79,129.38,88015536.35,False,0.0,False,0.0,True,0.5,False,0.0,False,0.0,True,False,0.51,137.82,False,False,False,False,False,False,False,7.049999999999999,39.0731,2.8529644,157
A1PA34,A1PA34,BDR,APA (BDR: A1PA34),11.12,A,0.5,C,4.0,Forte,36.53,35.07,33.69,31.2,289634305.42,False,0.0,False,0.0,False,0.0,False,0.0,True,0.85,True,False,1.37,37.7,False,False,False,False,False,False,False,26.217000000000002,8.515151,2.116209,158
SLBG34,SLBG34,BDR,SLB (BDR: SLBG34),11.12,A,0.5,C,2.0,Fraco,51.54,50.26,50.26,46.78,492275505.4,False,0.0,False,0.0,False,0.0,False,0.0,True,0.85,True,False,0.66,53.2,False,False,False,False,False,False,False,12.909001,25.141464,2.8064253,159
GMCO34,GMCO34,BDR,GM (BDR: GMCO34),11.1,A,0.5,C,1.0,Fraco,86.94,81.28,79.29,77.76,471562051.6,False,0.0,False,0.0,True,0.6,False,0.0,False,0.0,False,False,0.71,91.85,False,False,False,False,False,False,False,3.164,38.8125,1.2297726,160
E1VE34,E1VE34,BDR,EG (BDR: E1VE34),11.1,A,0.5,C,2.0,Fraco,370.35,356.61,340.59,335.47,92027161.97,False,0.0,False,0.0,True,0.6,False,0.0,False,0.0,False,False,0.62,401.07,False,False,False,False,False,False,False,12.572,7.8248467,0.92887527,161
HPQB34,HPQB34,BDR,HPQ (BDR: HPQB34),11.09,A,2.0,C,3.0,OK,28.18,24.97,21.31,22.04,444045622.13,True,0.53,False,0.0,False,0.0,False,0.0,False,0.0,True,False,0.99,29.26,False,False,False,False,False,True,False,0.0,10.4370365,-179.49045,162
D1LR34,D1LR34,BDR,DLR (BDR: D1LR34),11.0,A,0.5,C,2.0,Fraco,192.56,184.91,180.11,174.78,435495808.64,False,0.0,False,0.0,False,0.0,False,0.0,True,0.8,False,False,0.67,207.47,False,False,False,False,False,False,False,2.912,240.7,2.6682186,163
P2EN34,P2EN34,BDR,PENN (BDR: P2EN34),10.8,A,0.5,C,1.0,Fraco,20.13,20.66,16.75,16.34,74078638.47,False,0.0,False,0.0,True,0.8,False,0.0,False,0.0,False,False,1.41,21.72,False,False,False,False,False,False,False,-40.058997000000005,999.0,1.3990825,164
MDLZ34,MDLZ34,BDR,MDLZ (BDR: MDLZ34),10.75,A,0.5,C,3.0,OK,62.75,60.86,58.75,57.82,336055177.75,False,0.0,False,0.0,True,0.5,False,0.0,False,0.0,False,False,0.46,66.65,False,False,False,False,False,False,False,13.340001,38.496933,3.016392,165
E1XR34,E1XR34,BDR,EXR (BDR: E1XR34),10.75,A,0.5,C,2.0,Fraco,149.54,146.43,141.15,138.38,83888496.81,False,0.0,False,0.0,True,0.5,False,0.0,False,0.0,False,False,0.34,158.88,False,False,False,False,False,False,False,6.952999999999999,33.011036,2.3830316,166
A1DC34,A1DC34,BDR,ADC (BDR: A1DC34),10.75,A,0.5,C,3.0,OK,76.35,76.24,75.26,74.24,73180939.09,False,0.0,False,0.0,True,0.5,False,0.0,False,0.0,False,False,0.63,81.52,False,False,False,False,False,False,False,3.7049998,41.048386,1.4944216,167
O1MC34,O1MC34,BDR,OMC (BDR: O1MC34),10.75,A,0.5,C,2.0,Fraco,82.51,77.62,76.36,75.71,180407954.65,False,0.0,False,0.0,True,0.5,False,0.0,False,0.0,False,False,0.56,87.41,False,False,False,False,False,False,False,6.0510002,217.13159,2.144621,168
O2HI34,O2HI34,BDR,OHI (BDR: O2HI34),10.75,A,0.5,C,5.0,Forte,48.68,47.25,45.54,44.59,80821846.75,False,0.0,False,0.0,True,0.5,False,0.0,False,0.0,False,False,0.79,51.69,False,False,False,False,False,False,False,16.529,17.323843,2.7011433,169
CHVX34,CHVX34,BDR,CVX (BDR: CHVX34),10.75,A,0.5,C,4.0,Forte,189.23,182.76,182.71,174.19,1350854088.97,False,0.0,False,0.0,True,0.5,False,0.0,False,0.0,True,False,0.87,197.69,False,False,False,False,False,False,False,0.0,18.23025,2.03679,170
HONB34,HONB34,BDR,HON (BDR: HONB34),10.74,A,2.0,C,4.0,Forte,240.74,234.6,234.81,226.82,1007862607.06,True,0.41,False,0.0,False,0.0,False,0.0,False,0.0,True,False,1.17,252.0,False,False,False,False,False,True,False,46.577,9.259231,4.1161284,171
T2RE34,T2RE34,BDR,TREX (BDR: T2RE34),10.62,A,2.0,C,3.0,OK,48.43,45.1,41.6,40.58,95034286.46,False,0.0,False,0.0,True,0.75,False,0.0,False,0.0,True,False,0.71,50.19,False,False,False,False,False,True,False,17.740999,26.905556,5.053214,172
A1RC34,A1RC34,BDR,ARCO (BDR: A1RC34),10.62,A,0.5,C,4.0,Forte,8.34,8.34,8.27,7.98,3629768.23,False,0.0,False,0.0,False,0.0,False,0.0,True,0.65,True,False,0.43,8.64,False,False,False,False,False,False,False,36.284,7.5135136,2.2656887,173
B1WA34,B1WA34,BDR,BWA (BDR: B1WA34),10.62,A,0.5,C,3.0,OK,65.8,67.74,58.87,55.08,138572898.23,False,0.0,False,0.0,True,0.75,False,0.0,False,0.0,True,False,0.89,68.58,False,False,False,False,False,False,False,8.056000000000001,32.413795,2.3763092,174
N1DA34,N1DA34,BDR,NDAQ (BDR: N1DA34),10.62,A,2.0,C,4.0,Forte,94.7,88.3,88.75,88.89,269663544.51,False,0.0,False,0.0,False,0.0,False,0.0,True,0.85,True,False,0.72,96.87,False,False,False,False,False,True,False,16.521999,27.609327,4.4445486,175
EDEN39,ISHARES MSCI DENMARK ETF,BDR,EDEN (BDR: EDEN39),10.5,A,2.0,C,1.0,Fraco,112.23,111.19,110.19,109.6,1290803.25,False,0.0,False,0.0,False,0.0,False,0.0,False,0.0,True,False,1.91,117.11,False,False,False,False,False,True,False,0.0,16.357176,999.0,176
COLG34,COLG34,BDR,CL (BDR: COLG34),10.5,A,2.0,C,2.0,Fraco,93.0,90.66,88.17,85.39,278642787.0,False,0.0,False,0.0,False,0.0,False,0.0,False,0.0,True,False,0.56,95.46,False,False,False,False,False,True,False,267.367,36.614174,314.18918,177
EXGR34,EXGR34,BDR,EXPE (BDR: EXGR34),10.5,A,0.5,C,2.0,Fraco,306.57,258.01,247.57,248.91,696148136.11,False,0.0,False,0.0,False,0.0,False,0.0,True,1.0,False,False,1.27,326.99,False,False,False,False,False,False,False,71.494,27.082157,63.868748,178
SBUB34,SBUB34,BDR,SBUX (BDR: SBUB34),10.5,A,2.0,C,1.0,Fraco,105.16,102.43,98.34,94.65,578662374.75,False,0.0,False,0.0,False,0.0,False,0.0,False,0.0,True,False,0.55,109.23,False,False,False,False,False,True,False,0.0,60.78613,-15.618596,179
B1BT34,B1BT34,BDR,TFC (BDR: B1BT34),10.5,A,2.0,C,3.0,OK,52.59,50.55,49.34,48.35,255431523.98,False,0.0,False,0.0,False,0.0,False,0.0,False,0.0,True,False,0.69,54.22,False,False,False,False,False,True,False,9.059000000000001,12.089656,1.0947584,180
DDNB34,DDNB34,BDR,DD (BDR: DDNB34),10.5,A,0.5,C,3.0,OK,144.05,139.84,139.08,133.01,180975924.88,False,0.0,False,0.0,False,0.0,False,0.0,False,0.0,True,False,0.57,147.86,False,False,False,False,False,False,False,1.7919999999999998,61.82404,1.4017283,181
A1CR34,A1CR34,BDR,AMCR (BDR: A1CR34),10.5,A,2.0,C,1.0,Fraco,47.06,42.35,41.76,41.39,147736168.21,False,0.0,False,0.0,False,0.0,False,0.0,False,0.0,True,False,0.75,47.95,False,False,False,False,False,True,False,8.737001,37.648003,1.8666456,182
EQIX34,EQIX34,BDR,EQIX (BDR: EQIX34),10.5,A,0.5,C,2.0,Fraco,1052.86,1052.1,983.63,930.24,574826807.62,False,0.0,False,0.0,False,0.0,False,0.0,False,0.0,True,False,0.83,1104.99,False,False,False,False,False,False,False,10.735,67.795235,7.223392,183
MSBR34,MSBR34,BDR,MS (BDR: MSBR34),10.45,A,0.5,C,4.0,Forte,213.75,214.51,189.32,183.55,558312862.5,False,0.0,False,0.0,True,0.7,False,0.0,False,0.0,False,False,0.46,230.98,False,False,False,False,False,False,False,17.969999,17.26575,3.1526082,184
A1AP34,A1AP34,BDR,AAP (BDR: A1AP34),10.45,A,0.5,C,1.0,Fraco,57.92,57.48,53.51,52.18,43101861.68,False,0.0,False,0.0,True,0.7,False,0.0,False,0.0,True,False,0.59,60.28,False,False,False,False,False,False,False,3.0840001999999997,51.714283,1.5703712,185
G1WW34,G1WW34,BDR,GWW (BDR: G1WW34),10.45,A,0.5,C,4.0,Forte,1282.58,1337.03,1194.67,1138.12,299524744.88,False,0.0,False,0.0,True,0.7,False,0.0,False,0.0,False,False,0.68,1419.91,False,False,False,False,False,False,False,46.091,32.727226,14.623629,186
E2XE34,E2XE34,BDR,EXEL (BDR: E2XE34),10.45,A,0.5,C,5.0,Forte,52.2,53.97,47.54,46.1,247680129.62,False,0.0,False,0.0,True,0.7,False,0.0,False,0.0,False,False,1.76,57.42,False,False,False,False,False,False,False,40.987,16.415094,6.8414154,187
H1ST34,H1ST34,BDR,HST (BDR: H1ST34),10.45,A,0.5,C,4.0,Forte,23.38,23.8,20.58,19.51,432706760.65,False,0.0,False,0.0,True,0.7,False,0.0,False,0.0,False,False,1.9,25.71,False,False,False,False,False,False,False,14.87,15.904761,2.3455055,188
CTGP34,CTGP34,BDR,C (BDR: CTGP34),10.45,A,0.5,C,3.0,OK,133.82,135.31,123.29,118.37,912485041.12,False,0.0,False,0.0,True,0.7,False,0.0,False,0.0,False,False,0.63,143.56,False,False,False,False,False,False,False,8.529,14.420259,1.1662891,189
A1NE34,A1NE34,BDR,ANET (BDR: A1NE34),10.3,A,0.5,C,3.0,OK,192.32,169.86,150.71,146.81,1295446029.5,False,0.0,False,0.0,True,0.8,False,0.0,False,0.0,False,False,0.75,214.89,False,False,False,False,False,False,False,31.476,60.86076,16.377417,190
H1FC34,H1FC34,BDR,DINO (BDR: H1FC34),10.3,A,0.5,C,5.0,Forte,82.92,77.17,64.12,60.71,163361102.99,False,0.0,False,0.0,True,0.8,False,0.0,False,0.0,False,False,0.58,94.22,False,False,False,False,False,False,False,19.504999,7.904671,1.4333373,191
N1WL34,N1WL34,BDR,NWL (BDR: N1WL34),10.3,A,0.5,C,2.0,Fraco,6.02,5.02,4.35,4.17,43912281.84,False,0.0,False,0.0,True,0.8,False,0.0,False,0.0,False,False,0.54,7.13,False,False,False,False,False,False,False,-8.5939996,999.0,1.0447761,192
CLOV34,CLOV34,BDR,CLOV (BDR: CLOV34),10.3,A,0.5,C,1.0,Fraco,4.66,4.58,3.1,3.01,54090710.57,False,0.0,False,0.0,True,0.8,False,0.0,False,0.0,False,False,3.12,4.88,False,False,False,False,False,False,False,-16.858999999999998,999.0,7.2136216,193
TAKP34,TAKP34,BDR,TAK (BDR: TAKP34),10.25,A,0.5,C,2.0,Fraco,17.02,16.32,17.01,16.33,70244945.89,False,0.0,False,0.0,False,0.0,False,0.0,True,0.7,True,False,0.95,17.83,False,False,False,False,False,False,False,-2.262,999.0,1.1854652,194
T2ER34,T2ER34,BDR,TER (BDR: T2ER34),10.12,A,0.5,C,4.0,Forte,384.89,382.41,332.68,294.22,962396697.57,False,0.0,False,0.0,True,0.75,False,0.0,False,0.0,False,False,0.55,409.72,False,False,False,False,False,False,False,36.464999999999996,52.869507,17.521284,195
I1NC34,I1NC34,BDR,INCY (BDR: I1NC34),10.12,A,0.5,C,5.0,Forte,118.38,110.9,102.72,101.9,282965246.37,False,0.0,False,0.0,True,0.75,False,0.0,False,0.0,False,False,1.02,132.6,False,False,False,False,False,False,False,30.667,15.080255,3.7499998,196
E1QR34,E1QR34,BDR,EQR (BDR: E1QR34),10.1,A,0.5,C,2.0,Fraco,66.7,67.25,63.3,62.23,96009109.51,False,0.0,False,0.0,True,0.6,False,0.0,False,0.0,False,False,0.41,70.75,False,False,False,False,False,False,False,8.0240004,29.0,2.3819726,197
D1OM34,D1OM34,BDR,D (BDR: D1OM34),10.1,A,0.5,C,1.0,Fraco,66.8,68.75,63.92,62.55,510643538.53,False,0.0,False,0.0,True,0.6,False,0.0,False,0.0,False,False,2.31,72.99,False,False,False,False,False,False,False,8.280999999999999,23.114187,2.1046,198
A1VB34,A1VB34,BDR,AVB (BDR: A1VB34),10.1,A,0.5,C,2.0,Fraco,186.55,187.3,177.92,177.13,73448467.2,False,0.0,False,0.0,True,0.6,False,0.0,False,0.0,False,False,0.58,197.22,False,False,False,False,False,False,False,8.487,25.58985,2.1602187,199
E1SS34,E1SS34,BDR,ESS (BDR: E1SS34),10.1,A,0.5,C,1.0,Fraco,285.12,286.2,263.17,260.08,38805686.7,False,0.0,False,0.0,True,0.6,False,0.0,False,0.0,False,False,0.25,300.64,False,False,False,False,False,False,False,7.71,44.411213,3.4423974,200
C2PT34,C2PT34,BDR,CPT (BDR: C2PT34),10.1,A,0.5,C,0.0,Fraco,110.74,112.1,106.31,105.06,41674894.14,False,0.0,False,0.0,True,0.6,False,0.0,False,0.0,False,False,0.34,116.84,False,False,False,False,False,False,False,7.885000000000001,36.547855,2.9867573,201
BKNG34,BKNG34,BDR,BKNG (BDR: BKNG34),10.0,A,2.0,C,2.0,Fraco,207.39,178.07,178.46,184.72,1399447806.44,False,0.0,False,0.0,False,0.0,False,0.0,True,1.0,True,False,0.94,211.47,False,False,False,False,False,True,False,0.0,23.017757,-14.578238,202
T1EC34,T1EC34,BDR,FTI (BDR: T1EC34),10.0,A,0.5,C,4.0,Forte,69.62,69.57,66.34,60.61,208053878.23,False,0.0,False,0.0,False,0.0,False,0.0,True,1.0,False,False,0.83,77.92,False,False,False,False,False,False,False,35.814,24.342659,8.358747,203
A2RR34,A2RR34,BDR,ARWR (BDR: A2RR34),9.95,A,0.5,C,1.0,Fraco,85.83,79.62,70.93,66.18,87893355.08,False,0.0,False,0.0,True,0.7,False,0.0,False,0.0,False,False,0.56,95.49,False,False,False,False,False,False,False,-55.206999999999994,999.0,26.024864,204
M1TT34,M1TT34,BDR,MAR (BDR: M1TT34),9.85,A,0.5,C,2.0,Fraco,359.67,377.53,351.7,336.05,595687634.26,False,0.0,False,0.0,True,0.6,False,0.0,True,0.5,False,False,0.82,384.23,False,False,False,False,False,False,False,0.0,37.70126,-20.80942,205
H1RL34,H1RL34,BDR,HRL (BDR: H1RL34),9.78,A,0.5,C,1.0,Fraco,25.09,24.5,23.01,22.83,43337229.65,False,0.0,False,0.0,True,0.65,False,0.0,False,0.0,False,False,0.47,26.43,False,False,False,False,False,False,False,5.831,29.517647,1.7369332,206
E1DI34,E1DI34,BDR,ED (BDR: E1DI34),9.75,A,0.5,C,3.0,OK,108.95,109.29,108.17,105.38,190187254.77,False,0.0,False,0.0,True,0.5,False,0.0,False,0.0,False,False,0.69,115.2,False,False,False,False,False,False,False,8.732,18.37268,1.5664088,207
O1KE34,O1KE34,BDR,OKE (BDR: O1KE34),9.75,A,0.5,C,4.0,Forte,87.93,88.0,84.35,80.27,447277401.47,False,0.0,False,0.0,True,0.5,False,0.0,False,0.0,False,False,1.2,94.75,False,False,False,False,False,False,False,16.277,15.673797,2.4778786,208
F1TV34,F1TV34,BDR,FTV (BDR: F1TV34),9.75,A,0.5,C,3.0,OK,60.87,60.95,58.54,57.0,82108028.52,False,0.0,False,0.0,True,0.5,False,0.0,False,0.0,False,False,0.37,64.56,False,False,False,False,False,False,False,7.318,32.20635,3.0392451,209
U2TH34,U2TH34,BDR,UTHR (BDR: U2TH34),9.62,A,0.5,C,3.0,OK,532.94,540.59,531.12,516.17,529179577.78,False,0.0,False,0.0,False,0.0,False,0.0,True,0.65,True,False,2.08,556.26,False,False,False,False,False,False,False,19.314999999999998,19.088108,3.63407,210
A1SN34,A1SN34,BDR,ASND (BDR: A1SN34),9.6,A,0.5,C,2.0,Fraco,249.85,244.75,233.96,226.96,117709584.73,False,0.0,False,0.0,True,0.6,False,0.0,False,0.0,False,False,0.94,282.15,False,False,False,False,False,False,False,332.654,28.652523,27.579144,211
T1CH34,T1CH34,BDR,TECH (BDR: T1CH34),9.5,A,2.0,C,2.0,Fraco,71.9,64.3,59.44,59.74,162605592.25,False,0.0,False,0.0,False,0.0,False,0.0,False,0.0,True,False,0.55,72.37,False,False,False,False,False,True,False,5.3400002,102.71429,5.3966827,212
PFIZ34,PFIZ34,BDR,PFE (BDR: PFIZ34),9.5,A,0.5,C,2.0,Fraco,26.2,24.72,25.39,24.99,1158201713.93,False,0.0,False,0.0,False,0.0,False,0.0,False,0.0,True,False,1.06,25.81,False,False,False,False,False,False,False,5.013999999999999,34.473686,1.7529774,213
B1DX34,B1DX34,BDR,BDX (BDR: B1DX34),9.5,A,2.0,C,2.0,Fraco,177.07,153.45,156.38,154.07,581680817.37,False,0.0,False,0.0,False,0.0,False,0.0,False,0.0,True,True,1.7,171.21,False,False,False,False,False,True,False,6.672000000000001,30.90227,2.0217164,214
L1NC34,L1NC34,BDR,LNC (BDR: L1NC34),9.5,A,2.0,C,5.0,Forte,46.67,38.79,37.42,38.24,67404451.62,False,0.0,False,0.0,False,0.0,False,0.0,False,0.0,True,False,0.56,47.67,False,False,False,False,False,True,False,22.587,3.9317605,0.96723384,215
DBAG34,DBAG34,BDR,DB (BDR: DBAG34),9.5,A,2.0,C,3.0,OK,37.63,34.59,33.39,33.8,66621320.42,False,0.0,False,0.0,False,0.0,False,0.0,False,0.0,True,False,0.87,38.1,False,False,False,False,False,True,False,8.891,9.955027,0.77786666,216
E1MN34,E1MN34,BDR,EMN (BDR: E1MN34),9.5,A,0.5,C,4.0,Forte,73.5,70.56,71.04,68.18,84079810.5,False,0.0,False,0.0,False,0.0,False,0.0,False,0.0,True,False,0.83,74.21,False,False,False,False,False,False,False,7.3340000000000005,19.140625,1.3784438,217
REGN34,REGN34,BDR,REGN (BDR: REGN34),9.5,A,2.0,C,3.0,OK,772.11,653.58,716.01,712.29,479499603.65,False,0.0,False,0.0,False,0.0,False,0.0,False,0.0,True,False,0.67,782.59,False,False,False,False,False,True,False,14.043,19.097452,2.442528,218
P1DT34,P1DT34,BDR,PRU (BDR: P1DT34),9.5,A,2.0,C,2.0,Fraco,121.5,112.08,104.19,104.39,216583956.0,False,0.0,False,0.0,False,0.0,False,0.0,False,0.0,True,False,0.78,127.72,False,False,False,False,False,True,False,12.011,11.015412,1.3197771,219
S2NW34,S2NW34,BDR,SNOW (BDR: S2NW34),9.5,A,2.0,C,1.0,Fraco,318.0,259.1,200.89,212.0,1894231872.0,False,0.0,False,0.0,False,0.0,False,0.0,False,0.0,True,False,1.03,323.1,False,False,False,False,False,True,False,-54.869,999.0,56.8263,220
AIGB34,AIGB34,BDR,AIG (BDR: AIGB34),9.5,A,2.0,C,4.0,Forte,79.97,76.99,76.31,76.8,188367338.63,False,0.0,False,0.0,False,0.0,False,0.0,False,0.0,True,False,0.79,81.02,False,False,False,False,False,True,False,7.722999999999999,14.079226,1.054735,221
DGCO34,DGCO34,BDR,DG (BDR: DGCO34),9.5,A,2.0,C,4.0,Forte,127.45,116.72,126.16,122.69,140023703.85,False,0.0,False,0.0,False,0.0,False,0.0,True,1.0,True,False,0.56,131.25,False,False,False,False,False,True,False,18.91,18.026873,3.179097,222
BOEI34,BOEI34,BDR,BA (BDR: BOEI34),9.5,A,2.0,C,2.0,Fraco,232.19,220.17,224.21,218.83,1615744285.03,False,0.0,False,0.0,False,0.0,False,0.0,False,0.0,True,False,0.95,241.09,False,False,False,False,False,True,False,173.537,83.22222,30.092016,223
R1JF34,R1JF34,BDR,RJF (BDR: R1JF34),9.5,A,2.0,C,4.0,Forte,179.33,160.91,157.16,157.66,81407930.31,False,0.0,False,0.0,False,0.0,False,0.0,False,0.0,True,False,0.37,181.87,False,False,False,False,False,True,False,0.0,15.648342,2.777554,224
EPHE39,ISHARES MSCI PHILIPPINES ETF,BDR,EPHE (BDR: EPHE39),9.5,A,2.0,C,1.0,Fraco,25.77,24.9,25.03,24.77,3469286.31,False,0.0,False,0.0,False,0.0,False,0.0,False,0.0,True,False,1.26,26.06,False,False,False,False,False,True,False,0.0,8.948315,999.0,225
MMMC34,MMMC34,BDR,MMM (BDR: MMMC34),9.5,A,2.0,C,3.0,OK,180.71,163.01,156.85,158.68,310147343.93,False,0.0,False,0.0,False,0.0,False,0.0,False,0.0,True,False,0.45,184.9,False,False,False,False,False,True,False,81.891996,32.09769,31.570581,226
VERZ34,VERZ34,BDR,VZ (BDR: VERZ34),9.5,A,0.5,C,2.0,Fraco,46.99,44.91,45.21,43.51,1026657386.45,False,0.0,False,0.0,False,0.0,False,0.0,False,0.0,True,False,0.71,49.01,False,False,False,False,False,False,False,15.842,12.2369795,1.8786983,227
N1WS34,N1WS34,BDR,NWS (BDR: N1WS34),9.5,A,2.0,C,2.0,Fraco,33.87,30.54,29.35,29.39,62309688.68,False,0.0,False,0.0,False,0.0,False,0.0,False,0.0,True,True,1.61,33.14,False,False,False,False,False,True,False,6.524000000000001,42.873417,2.1710145,228
VISA34,VISA34,BDR,V (BDR: VISA34),9.5,A,2.0,C,4.0,Forte,370.47,343.59,327.56,330.02,1317686959.4,False,0.0,False,0.0,False,0.0,False,0.0,False,0.0,True,False,0.49,373.97,False,False,False,False,False,True,False,61.19,31.50255,19.63275,229
MUTC34,MUTC34,BDR,MU (BDR: MUTC34),9.3,B,0.5,C,5.0,Forte,881.47,971.88,629.27,531.5,30291793994.04,False,0.0,False,0.0,True,0.8,False,0.0,False,0.0,False,False,0.7,1035.5,False,False,False,False,False,False,False,66.63799999999999,19.93825,9.880289,230
H1UM34,H1UM34,BDR,HUM (BDR: H1UM34),9.3,B,0.5,C,3.0,OK,367.24,372.31,269.23,265.93,357769605.37,False,0.0,False,0.0,True,0.8,False,0.0,False,0.0,False,False,0.54,428.88,False,False,False,False,False,False,False,6.893000000000001,34.677998,2.3730567,231
BHVN34,BHVN34,BDR,BHVN (BDR: BHVN34),9.3,B,0.5,C,0.0,Fraco,14.42,13.72,11.54,11.53,27128245.2,False,0.0,False,0.0,True,0.8,False,0.0,False,0.0,False,False,1.02,17.28,False,False,False,False,False,False,False,-333.0,999.0,16.76744,232
A1MT34,A1MT34,BDR,AMAT (BDR: A1MT34),9.3,B,0.5,C,4.0,Forte,527.48,551.29,424.26,379.12,2091131084.97,False,0.0,False,0.0,True,0.8,False,0.0,False,0.0,False,False,0.5,629.98,False,False,False,False,False,False,False,39.692003,49.621822,17.516104,233
M2RV34,M2RV34,BDR,MRVL (BDR: M2RV34),9.3,B,0.5,C,3.0,OK,210.54,240.45,154.08,137.41,3464687184.82,False,0.0,False,0.0,True,0.8,False,0.0,False,0.0,False,False,0.68,251.64,False,False,False,False,False,False,False,16.028000000000002,72.35051,10.120169,234
A1MD34,A1MD34,BDR,AMD (BDR: A1MD34),9.3,B,0.5,C,3.0,OK,489.28,514.33,346.62,317.07,11687614321.56,False,0.0,False,0.0,True,0.8,False,0.0,False,0.0,False,False,0.7,574.2,False,False,False,False,False,False,False,10.196,125.456406,11.878323,235
D1DG34,D1DG34,BDR,DDOG (BDR: D1DG34),9.3,B,0.5,C,3.0,OK,229.29,248.83,173.12,169.51,3423324821.66,False,0.0,False,0.0,True,0.8,False,0.0,False,0.0,False,False,3.38,292.72,False,False,False,False,False,False,False,3.9300002000000003,573.225,20.457708,236
L1RC34,L1RC34,BDR,LRCX (BDR: L1RC34),9.12,B,0.5,C,4.0,Forte,305.77,337.92,272.69,244.09,2153995464.53,False,0.0,False,0.0,True,0.75,False,0.0,False,0.0,False,False,0.53,369.95,False,False,False,False,False,False,False,65.06600399999999,53.17739,36.125946,237
M1GM34,M1GM34,BDR,MGM (BDR: M1GM34),9.12,B,0.5,C,3.0,OK,44.7,46.63,39.89,38.47,115943487.78,False,0.0,False,0.0,True,0.75,False,0.0,False,0.0,False,False,0.89,48.25,False,False,False,False,False,False,False,18.924999,26.294117,4.473579,238
UNHH34,UNHH34,BDR,UNH (BDR: UNHH34),9.12,B,0.5,C,3.0,OK,403.97,411.75,347.59,342.65,1533872074.79,False,0.0,False,0.0,True,0.75,False,0.0,False,0.0,False,False,0.83,461.62,False,False,False,False,False,False,False,14.152999,30.39654,3.5019114,239
S1TX34,S1TX34,BDR,STX (BDR: S1TX34),9.12,B,0.5,C,3.0,OK,852.95,893.05,618.16,530.0,4670607559.44,False,0.0,False,0.0,True,0.75,False,0.0,False,0.0,False,False,0.9,937.54,False,False,False,False,False,False,False,371.52898,61.319195,174.78484,240
K1LA34,K1LA34,BDR,KLAC (BDR: K1LA34),9.12,B,0.5,C,4.0,Forte,193.22,221.38,178.89,163.98,2213612384.68,False,0.0,False,0.0,True,0.75,False,0.0,False,0.0,False,False,0.84,247.49,False,False,False,False,False,False,False,87.496,52.792347,39.757202,241
B2RK34,B2RK34,BDR,BRKR (BDR: B2RK34),9.12,B,0.5,C,2.0,Fraco,51.27,58.27,46.86,46.06,96185597.06,False,0.0,False,0.0,True,0.75,False,0.0,False,0.0,False,False,0.63,65.3,False,False,False,False,False,False,False,-2.9979998,999.0,3.186649,242
T1WL34,T1WL34,BDR,TWLO (BDR: T1WL34),9.12,B,0.5,C,3.0,OK,193.2,202.08,159.27,151.36,864637799.54,False,0.0,False,0.0,True,0.75,False,0.0,False,0.0,False,False,2.56,229.22,False,False,False,False,False,False,False,1.317,292.72726,3.775281,243
L2SC34,L2SC34,BDR,LSCC (BDR: L2SC34),9.12,B,0.5,C,3.0,OK,128.7,137.85,112.95,102.44,291257359.49,False,0.0,False,0.0,True,0.75,False,0.0,False,0.0,False,False,0.96,143.2,False,False,False,False,False,False,False,4.9270000000000005,536.25,23.793676,244
CHPX39,CHPX39,BDR,CHPX (BDR: CHPX39),9.12,B,0.5,C,0.0,Fraco,93.63,97.65,77.03,71.52,3030357.37,False,0.0,False,0.0,True,0.75,False,0.0,False,0.0,False,False,0.58,101.7,False,False,False,False,False,False,False,0.0,36.502254,999.0,245
F1AN34,F1AN34,BDR,FANG (BDR: F1AN34),9.0,B,0.5,C,3.0,OK,189.63,191.09,182.56,173.52,275002760.49,False,0.0,False,0.0,False,0.0,False,0.0,True,1.0,False,False,0.65,210.55,False,False,False,False,False,False,False,3.4930002,36.120003,1.4038037,246
RIOT34,RIOT34,BDR,RIO (BDR: RIOT34),9.0,B,0.5,C,5.0,Forte,99.65,97.34,94.92,88.96,185500869.44,False,0.0,False,0.0,False,0.0,False,0.0,False,0.0,True,False,0.68,101.78,False,False,False,False,False,False,False,19.312,13.50271,2.4749155,247
Z1OM34,Z1OM34,BDR,ZM (BDR: Z1OM34),9.0,B,0.5,C,5.0,Forte,101.3,93.07,89.57,88.45,204161545.65,False,0.0,False,0.0,False,0.0,False,0.0,False,0.0,True,False,0.6,102.74,False,False,False,False,False,False,False,21.948,14.918999,3.0522163,248
AMZO34,AMZO34,BDR,AMZN (BDR: AMZO34),9.0,B,0.5,C,4.0,Forte,272.26,247.45,237.95,236.25,7597855272.43,False,0.0,False,0.0,False,0.0,False,0.0,False,0.0,False,False,0.43,287.2,False,False,False,False,False,False,False,30.558002000000002,21.90346,5.322152,249
K1SG34,K1SG34,BDR,KEYS (BDR: K1SG34),9.0,B,0.5,C,4.0,Forte,336.96,332.31,299.76,272.26,241097569.57,False,0.0,False,0.0,False,0.0,False,0.0,False,0.0,True,False,0.6,343.87,False,False,False,False,False,False,False,18.174,54.173634,9.088359,250
D2AR34,D2AR34,BDR,DAR (BDR: D2AR34),9.0,B,0.5,C,4.0,Forte,60.51,58.71,55.44,50.2,105083417.88,False,0.0,False,0.0,False,0.0,False,0.0,False,0.0,False,False,0.69,65.69,False,False,False,False,False,False,False,0.0,16.266129,1.9721017,251
S1KM34,S1KM34,BDR,SKM (BDR: S1KM34),9.0,B,0.5,C,1.0,Fraco,35.67,34.91,32.29,29.29,85178600.17,False,0.0,False,0.0,False,0.0,False,0.0,False,0.0,True,False,0.76,36.89,False,False,False,False,False,False,False,2.609,56.619045,1.5016284,252
AVGO34,AVGO34,BDR,AVGO (BDR: AVGO34),9.0,B,0.5,C,4.0,Forte,420.57,394.7,368.3,366.19,5330282476.88,False,0.0,False,0.0,False,0.0,False,0.0,False,0.0,True,False,0.64,427.0,False,False,False,False,False,False,False,37.280998,69.8613,22.819588,253
A1ES34,A1ES34,BDR,AES (BDR: A1ES34),9.0,B,2.0,C,2.0,Fraco,14.7,14.55,14.42,14.18,100964508.49,False,0.0,False,0.0,False,0.0,False,0.0,False,0.0,True,False,0.99,14.72,False,False,False,False,False,True,False,9.5740005,5.5056176,2.3717327,254
GSGI34,GSGI34,BDR,GS (BDR: GSGI34),8.95,B,0.5,C,4.0,Forte,1032.58,1053.35,950.48,916.53,1215233024.48,False,0.0,False,0.0,True,0.7,False,0.0,False,0.0,False,False,0.56,1153.99,False,False,False,False,False,False,False,16.902,15.937335,2.8177845,255
L2IV34,L2IV34,BDR,LIVN (BDR: L2IV34),8.95,B,0.5,C,4.0,Forte,75.78,79.29,69.91,67.0,61975989.98,False,0.0,False,0.0,True,0.7,False,0.0,False,0.0,False,False,1.07,85.76,False,False,False,False,False,False,False,15.409999999999998,38.663265,3.434554,256
A1DM34,A1DM34,BDR,ADM (BDR: A1DM34),8.95,B,0.5,C,3.0,OK,77.51,80.24,73.02,69.33,279120338.57,False,0.0,False,0.0,True,0.7,False,0.0,False,0.0,False,False,0.82,88.46,False,False,False,False,False,False,False,7.642,21.177595,1.5848447,257
Y2PF34,Y2PF34,BDR,YPF (BDR: Y2PF34),8.95,B,0.5,C,2.0,Fraco,49.61,50.38,43.59,41.47,32156359.03,False,0.0,False,0.0,True,0.7,False,0.0,False,0.0,False,False,0.64,53.57,False,False,False,False,False,False,False,-2.9409999,999.0,1.854685,258
J1BH34,J1BH34,BDR,JBHT (BDR: J1BH34),8.95,B,0.5,C,4.0,Forte,267.25,280.23,242.51,226.33,131688773.75,False,0.0,False,0.0,True,0.7,False,0.0,False,0.0,False,False,0.51,299.76,False,False,False,False,False,False,False,18.448,38.015648,6.862946,259
CVSH34,CVSH34,BDR,CVS (BDR: CVSH34),8.95,B,0.5,C,3.0,OK,96.22,101.31,86.11,83.85,1008291413.41,False,0.0,False,0.0,True,0.7,False,0.0,False,0.0,False,False,1.32,110.0,False,False,False,False,False,False,False,6.205,25.387863,1.5428525,260
ASML34,ASML34,BDR,ASML (BDR: ASML34),8.95,B,0.5,C,4.0,Forte,1704.37,1755.79,1519.33,1401.42,1804290390.45,False,0.0,False,0.0,True,0.7,False,0.0,False,0.0,False,False,0.55,1856.33,False,False,False,False,False,False,False,53.942,58.288986,1448.1976,261
O1DF34,O1DF34,BDR,ODFL (BDR: O1DF34),8.95,B,0.5,C,4.0,Forte,211.41,226.58,204.68,189.42,294108946.07,False,0.0,False,0.0,True,0.7,False,0.0,False,0.0,False,False,0.69,238.51,False,False,False,False,False,False,False,24.818,40.734104,9.654306,262
M1RN34,M1RN34,BDR,MRNA (BDR: M1RN34),8.95,B,0.5,C,2.0,Fraco,53.86,59.06,51.55,45.43,298678694.42,False,0.0,False,0.0,True,0.7,False,0.0,False,0.0,False,False,1.1,76.84,False,False,False,False,False,False,False,-38.998002,999.0,2.886388,263
T1SO34,T1SO34,BDR,SO (BDR: T1SO34),8.75,B,0.5,C,2.0,Fraco,92.9,94.44,93.03,91.82,280302436.7,False,0.0,False,0.0,True,0.5,False,0.0,False,0.0,False,False,0.49,98.86,False,False,False,False,False,False,False,11.4829995,22.385542,2.8211358,264
FDMO34,FDMO34,BDR,F (BDR: FDMO34),8.6,B,0.5,C,0.0,Fraco,13.79,14.52,13.35,13.21,743974290.19,False,0.0,False,0.0,True,0.6,False,0.0,False,0.0,False,False,0.86,16.29,False,False,False,False,False,False,False,-18.252,999.0,1.5394061,265
GPRK34,GPRK34,BDR,GPRK (BDR: GPRK34),8.6,B,0.5,C,3.0,OK,9.51,9.98,9.16,8.75,2312527.74,False,0.0,False,0.0,True,0.6,False,0.0,False,0.0,False,False,0.65,10.69,False,False,False,False,False,False,False,28.584,6.65035,1.6876663,266
JDCO34,JDCO34,BDR,JD (BDR: JDCO34),8.5,B,2.0,C,2.0,Fraco,32.81,28.97,28.62,28.85,128994489.0,False,0.0,False,0.0,False,0.0,False,0.0,False,0.0,True,False,0.5,33.22,False,False,False,False,False,True,False,6.0040000000000004,23.948906,1.403659,267
I1BN34,I1BN34,BDR,IBN (BDR: I1BN34),8.5,B,2.0,C,4.0,Forte,30.48,28.34,28.21,28.74,73368681.22,False,0.0,False,0.0,False,0.0,False,0.0,False,0.0,True,False,0.38,30.52,False,False,False,False,False,True,False,16.073999,18.814814,2.7412972,268
O1UT34,O1UT34,BDR,OUT (BDR: O1UT34),8.5,B,0.5,C,2.0,Fraco,31.15,32.06,28.96,26.96,172958130.08,False,0.0,False,0.0,False,0.0,False,0.0,True,0.8,False,False,3.53,34.16,False,False,False,False,False,False,False,26.812,29.112148,8.286778,269
TMOS34,TMOS34,BDR,TMO (BDR: TMOS34),8.5,B,2.0,C,3.0,OK,580.02,514.67,516.97,530.76,995422237.24,False,0.0,False,0.0,False,0.0,False,0.0,False,0.0,True,False,0.67,588.56,False,False,False,False,False,True,False,13.514999999999999,31.167114,4.1504116,270
ADPR34,ADPR34,BDR,ADP (BDR: ADPR34),8.5,B,2.0,C,4.0,Forte,273.51,239.06,225.36,232.92,649986418.34,False,0.0,False,0.0,False,0.0,False,0.0,False,0.0,True,False,0.89,280.59,False,False,False,False,False,True,False,72.239,25.000916,18.040367,271
W1PP34,W1PP34,BDR,WPP (BDR: W1PP34),8.5,B,2.0,C,0.0,Fraco,25.95,18.5,18.12,18.66,71355158.25,False,0.0,False,0.0,False,0.0,False,0.0,False,0.0,True,True,6.47,21.79,False,False,False,False,False,True,True,-5.287,999.0,8.174413,272
M1SI34,M1SI34,BDR,MSI (BDR: M1SI34),8.5,B,2.0,C,2.0,Fraco,474.07,415.16,423.7,414.22,721776326.85,False,0.0,False,0.0,False,0.0,False,0.0,False,0.0,True,True,1.65,445.87,False,False,False,False,False,True,False,99.289,37.298977,32.595573,273
Z1BR34,Z1BR34,BDR,ZBRA (BDR: Z1BR34),8.5,B,2.0,C,4.0,Forte,364.24,262.21,243.06,247.53,267500762.75,False,0.0,False,0.0,False,0.0,False,0.0,False,0.0,True,False,0.67,376.7,False,False,False,False,False,True,False,15.286,33.32479,5.0787096,274
G1PI34,G1PI34,BDR,GPN (BDR: G1PI34),8.5,B,2.0,C,2.0,Fraco,87.69,74.89,72.7,74.11,382775103.52,False,0.0,False,0.0,False,0.0,False,0.0,False,0.0,True,False,1.33,90.85,False,False,False,False,False,True,False,2.428,41.559246,1.0076414,275
S1HW34,S1HW34,BDR,SHW (BDR: S1HW34),8.5,B,2.0,C,3.0,OK,363.42,327.49,332.05,332.13,484792485.57,False,0.0,False,0.0,False,0.0,False,0.0,False,0.0,True,False,0.54,369.76,False,False,False,False,False,True,False,65.12400000000001,33.55679,22.752146,276
CAON34,CAON34,BDR,COF (BDR: CAON34),8.5,B,2.0,C,2.0,Fraco,220.0,199.72,200.98,206.49,424268460.0,False,0.0,False,0.0,False,0.0,False,0.0,True,1.0,True,False,0.45,223.62,False,False,False,False,False,True,False,9.031,12.121212,1.3106239,277
M1HK34,M1HK34,BDR,MHK (BDR: M1HK34),8.5,B,2.0,C,4.0,Forte,132.42,113.23,111.76,111.91,143145885.6,False,0.0,False,0.0,False,0.0,False,0.0,False,0.0,True,False,0.88,137.87,False,False,False,False,False,True,False,5.5120002,17.562334,1.051211,278
WFCO34,WFCO34,BDR,WFC (BDR: WFCO34),8.5,B,2.0,C,3.0,OK,87.59,84.38,83.46,84.36,761935042.52,False,0.0,False,0.0,False,0.0,False,0.0,False,0.0,True,False,0.64,89.79,False,False,False,False,False,True,False,12.575,12.731104,1.6466142,279
MSCD34,MSCD34,BDR,MA (BDR: MSCD34),8.5,B,2.0,C,3.0,OK,575.95,519.63,517.61,526.62,1125364279.5,False,0.0,False,0.0,False,0.0,False,0.0,False,0.0,True,False,0.6,583.71,False,False,False,False,False,True,False,241.202,31.645603,90.04847,280
A1WK34,A1WK34,BDR,AWK (BDR: A1WK34),8.5,B,2.0,C,2.0,Fraco,134.82,129.98,130.18,130.07,152399592.54,False,0.0,False,0.0,False,0.0,False,0.0,False,0.0,True,False,0.39,141.25,False,False,False,False,False,True,False,10.095,23.365686,2.2968416,281
J1EF34,J1EF34,BDR,JEF (BDR: J1EF34),8.25,B,0.5,C,3.0,OK,56.32,55.55,51.98,53.11,81708999.24,False,0.0,False,0.0,False,0.0,False,0.0,True,0.5,True,False,0.69,57.84,False,False,False,False,False,False,False,0.0,15.731844,1.0840567,282
H1LT34,H1LT34,BDR,HLT (BDR: H1LT34),8.25,B,0.5,C,2.0,Fraco,321.98,332.74,317.48,306.79,233250691.44,False,0.0,False,0.0,True,0.5,False,0.0,False,0.0,False,False,0.31,340.2,False,False,False,False,False,False,False,0.0,47.211143,-11.529345,283
M1TC34,M1TC34,BDR,MTCH (BDR: M1TC34),8.12,B,0.5,C,2.0,Fraco,36.61,37.19,34.04,33.59,150947974.87,False,0.0,False,0.0,False,0.0,False,0.0,True,0.65,False,False,1.26,41.4,False,False,False,False,False,False,False,0.0,12.98227,-39.239014,284
H1BA34,H1BA34,BDR,HBAN (BDR: H1BA34),8.0,B,0.5,C,2.0,Fraco,17.36,17.28,16.78,16.58,497120508.76,False,0.0,False,0.0,False,0.0,False,0.0,False,0.0,False,False,0.9,18.58,False,False,False,False,False,False,False,9.002,13.3538475,1.1792678,285
R1EG34,R1EG34,BDR,REG (BDR: R1EG34),8.0,B,0.5,C,3.0,OK,76.96,79.48,76.45,74.29,171036517.65,False,0.0,False,0.0,False,0.0,False,0.0,False,0.0,False,False,1.44,83.66,False,False,False,False,False,False,False,8.1870005,25.912457,2.11446,286
J2BL34,J2BL34,BDR,JBL (BDR: J2BL34),8.0,B,0.5,C,3.0,OK,344.67,345.72,302.57,280.67,227570789.06,False,0.0,False,0.0,False,0.0,False,0.0,False,0.0,True,False,0.6,346.56,False,False,False,False,False,False,False,65.876,43.137676,27.309246,287
LMTB34,LMTB34,BDR,LMT (BDR: LMTB34),8.0,B,0.5,C,3.0,OK,582.85,532.97,568.32,542.31,332697177.41,False,0.0,False,0.0,False,0.0,False,0.0,False,0.0,True,False,0.37,593.77,False,False,False,False,False,False,False,89.165,21.467772,15.289071,288
TSMC34,TSMC34,BDR,TSM (BDR: TSMC34),8.0,B,0.5,C,4.0,Forte,418.2,425.71,380.98,358.34,4406790156.23,False,0.0,False,0.0,False,0.0,False,0.0,False,0.0,True,False,0.71,447.69,False,False,False,False,False,False,False,39.969003,36.878307,87.21549,289
B1KR34,B1KR34,BDR,BKR (BDR: B1KR34),8.0,B,0.5,C,2.0,Fraco,62.75,59.41,59.78,56.64,308571493.5,False,0.0,False,0.0,False,0.0,False,0.0,False,0.0,True,False,0.48,62.67,False,False,False,False,False,False,False,16.463,20.17685,3.1278038,290
F2IV34,F2IV34,BDR,FIVN (BDR: F2IV34),8.0,B,0.5,C,3.0,OK,28.37,23.8,19.81,20.11,98604760.82,False,0.0,False,0.0,False,0.0,False,0.0,False,0.0,False,False,0.76,30.21,False,False,False,False,False,False,False,7.664999999999999,43.646156,2.6181247,291
EXXO34,EXXO34,BDR,XOM (BDR: EXXO34),8.0,B,0.5,C,3.0,OK,154.84,146.38,146.94,138.92,1390302598.04,False,0.0,False,0.0,False,0.0,False,0.0,False,0.0,True,False,0.63,159.07,False,False,False,False,False,False,False,12.584000000000001,26.067339,2.4546998,292
PGCO34,PGCO34,BDR,PG (BDR: PGCO34),8.0,B,2.0,C,3.0,OK,146.97,146.73,146.71,145.9,830032041.02,False,0.0,False,0.0,False,0.0,False,0.0,False,0.0,True,False,0.61,153.68,False,False,False,False,False,True,False,30.290001999999998,22.200907,6.367575,293
ARGT39,GLOBAL X MSCI ARGENTINA ETF,BDR,ARGT (BDR: ARGT39),8.0,B,0.5,C,1.0,Fraco,92.56,94.03,92.41,91.34,14458704.66,False,0.0,False,0.0,False,0.0,False,0.0,False,0.0,True,False,1.25,96.74,False,False,False,False,False,False,False,0.0,15.365453,999.0,294
COPH34,COPH34,BDR,COP (BDR: COPH34),8.0,B,0.5,C,2.0,Fraco,116.76,113.39,113.71,107.42,681807072.11,False,0.0,False,0.0,False,0.0,False,0.0,False,0.0,True,False,0.88,122.38,False,False,False,False,False,False,False,11.2840004,19.789831,2.2039752,295
R1CL34,R1CL34,BDR,RCL (BDR: R1CL34),8.0,B,2.0,C,3.0,OK,320.55,298.73,289.0,284.65,289830720.81,False,0.0,False,0.0,False,0.0,False,0.0,False,0.0,True,False,0.33,334.0,False,False,False,False,False,True,False,44.669998,19.823748,8.375356,296
I1RM34,I1RM34,BDR,IRM (BDR: I1RM34),8.0,B,0.5,C,2.0,Fraco,121.96,124.9,112.11,106.31,257657084.63,False,0.0,False,0.0,False,0.0,False,0.0,False,0.0,False,False,1.02,132.87,False,False,False,False,False,False,False,0.0,86.49645,-29.862879,297
M1DB34,M1DB34,BDR,MDB (BDR: M1DB34),8.0,B,0.5,C,2.0,Fraco,370.0,339.35,321.3,334.47,573266160.0,False,0.0,False,0.0,False,0.0,False,0.0,False,0.0,True,False,1.16,387.14,False,False,False,False,False,False,False,-0.975,999.0,10.148664,298
W1MB34,W1MB34,BDR,WMB (BDR: W1MB34),8.0,B,0.5,C,3.0,OK,71.76,73.01,71.11,67.96,337736440.77,False,0.0,False,0.0,False,0.0,False,0.0,False,0.0,False,False,0.64,76.48,False,False,False,False,False,False,False,21.503,28.589642,6.865672,299
W1MC34,W1MC34,BDR,WM (BDR: W1MC34),8.0,B,0.5,C,3.0,OK,229.01,225.89,226.25,222.09,633696303.92,False,0.0,False,0.0,False,0.0,False,0.0,False,0.0,False,False,1.28,247.15,False,False,False,False,False,False,False,29.841,60.4248,9.228692,300
DTCR39,GLOBAL X DATA CENTER & DIGITAL INFRASTRUCTURE ETF,BDR,DTCR (BDR: DTCR39),8.0,B,0.5,C,0.0,Fraco,27.98,29.64,27.1,25.59,41124052.01,False,0.0,False,0.0,False,0.0,False,0.0,False,0.0,True,False,1.62,29.33,False,False,False,False,False,False,False,0.0,21.359013,999.0,301
A1GI34,A1GI34,BDR,A (BDR: A1GI34),8.0,B,2.0,C,4.0,Forte,141.34,133.62,126.05,130.56,106351138.9,False,0.0,False,0.0,False,0.0,False,0.0,False,0.0,True,False,0.4,142.42,False,False,False,False,False,True,False,21.330999000000002,28.381525,5.600729,302
P1LD34,P1LD34,BDR,PLD (BDR: P1LD34),8.0,B,0.5,C,3.0,OK,139.14,143.27,137.62,134.19,547902011.1,False,0.0,False,0.0,False,0.0,False,0.0,False,0.0,False,False,0.57,153.35,False,False,False,False,False,False,False,7.7490000000000006,30.988865,2.416548,303
R1IN34,R1IN34,BDR,O (BDR: R1IN34),8.0,B,0.5,C,3.0,OK,62.36,62.42,61.7,60.12,289333129.11,False,0.0,False,0.0,False,0.0,False,0.0,False,0.0,False,False,0.94,66.87,False,False,False,False,False,False,False,2.831,51.114754,1.4853985,304
V1NO34,V1NO34,BDR,VNO (BDR: V1NO34),8.0,B,0.5,C,2.0,Fraco,38.94,38.25,32.49,33.12,46737110.31,False,0.0,False,0.0,False,0.0,False,0.0,False,0.0,False,False,0.55,41.6,False,False,False,False,False,False,False,0.603,10.668492,1.5147035,305
E2NT34,E2NT34,BDR,ENTG (BDR: E2NT34),8.0,B,0.5,C,3.0,OK,142.65,143.66,131.63,119.98,271884183.82,False,0.0,False,0.0,False,0.0,False,0.0,False,0.0,True,False,0.55,152.86,False,False,False,False,False,False,False,7.671,71.68341,5.365404,306
T1SS34,T1SS34,BDR,TS (BDR: T1SS34),7.62,B,0.5,C,4.0,Forte,53.4,58.03,54.45,50.5,244169798.18,False,0.0,False,0.0,False,0.0,False,0.0,True,0.85,False,False,4.23,58.86,False,False,False,False,False,False,False,11.625,14.052632,3.153978,307
MSFT34,MSFT34,BDR,MSFT (BDR: MSFT34),7.5,B,2.0,C,4.0,Forte,499.86,405.27,411.02,431.9,16389842078.45,False,0.0,False,0.0,False,0.0,False,0.0,False,0.0,True,False,0.67,499.44,False,False,False,False,False,True,False,34.039003,27.862875,8.391841,308
GOGL34,GOGL34,BDR,GOOGL (BDR: GOGL34),7.5,B,0.5,C,5.0,Forte,357.75,357.16,339.46,328.34,8939702774.25,False,0.0,False,0.0,False,0.0,False,0.0,False,0.0,False,False,0.65,384.48,False,False,False,False,False,False,False,48.676,17.950325,7.02904,309
Z1BH34,Z1BH34,BDR,ZBH (BDR: Z1BH34),7.5,B,2.0,C,3.0,OK,97.19,89.57,89.8,90.65,217173976.16,False,0.0,False,0.0,False,0.0,False,0.0,False,0.0,True,False,0.8,101.8,False,False,False,False,False,True,False,6.413,23.589808,1.496382,310
BLAK34,BLAK34,BDR,BLK (BDR: BLAK34),7.5,B,2.0,C,3.0,OK,1129.3,1037.62,1040.13,1044.96,519213766.25,False,0.0,False,0.0,False,0.0,False,0.0,False,0.0,True,False,0.64,1150.3,False,False,False,False,False,True,False,0.0,27.068552,3.0950751,311
USIG39,ISHARES BROAD USD INVESTMENT GRADE CORP BOND ETF,BDR,USIG (BDR: USIG39),7.5,B,2.0,C,0.0,Fraco,50.32,50.57,50.55,50.49,113666237.07,False,0.0,False,0.0,False,0.0,False,0.0,False,0.0,True,False,1.23,50.67,False,False,False,False,False,True,False,0.0,999.0,999.0,312
T1AL34,T1AL34,BDR,TAL (BDR: T1AL34),7.5,B,2.0,C,5.0,Forte,12.46,10.12,10.85,11.01,75104182.81,False,0.0,False,0.0,False,0.0,False,0.0,False,0.0,True,False,0.85,12.57,False,False,False,False,False,True,False,23.712,7.7875,1.8269794,313
C1FI34,C1FI34,BDR,CF (BDR: C1FI34),7.5,B,0.5,C,5.0,Forte,116.73,114.54,111.06,103.25,306474507.08,False,0.0,False,0.0,False,0.0,False,0.0,False,0.0,False,False,1.28,130.05,False,False,False,False,False,False,False,27.3,8.659496,3.3566253,314
F1SL34,F1SL34,BDR,FSLY (BDR: F1SL34),7.5,B,0.5,C,2.0,Fraco,22.68,19.49,19.32,17.05,272842150.03,False,0.0,False,0.0,False,0.0,False,0.0,False,0.0,False,False,2.09,27.23,False,False,False,False,False,False,False,-10.656,999.0,3.6293807,315
U1AI34,U1AI34,BDR,UA (BDR: U1AI34),7.5,B,0.5,C,0.0,Fraco,6.27,6.22,6.14,5.7,35556919.09,False,0.0,False,0.0,False,0.0,False,0.0,False,0.0,False,False,2.47,7.32,False,False,False,False,False,False,False,-29.997,999.0,1.8896925,316
E1TR34,E1TR34,BDR,ETR (BDR: E1TR34),7.5,B,0.5,C,1.0,Fraco,106.49,111.86,107.19,103.72,131772001.24,False,0.0,False,0.0,False,0.0,False,0.0,True,0.8,False,False,0.42,116.8,False,False,False,False,False,False,False,10.248999,27.235292,2.846413,317
C2AC34,C2AC34,BDR,CACI (BDR: C2AC34),7.5,B,2.0,C,2.0,Fraco,628.79,494.54,544.46,552.8,564084974.13,False,0.0,False,0.0,False,0.0,False,0.0,False,0.0,True,True,3.32,528.84,False,False,False,False,False,True,False,13.449,26.047638,3.2453845,318
B1PP34,B1PP34,BDR,BP (BDR: B1PP34),7.5,B,0.5,C,3.0,OK,42.23,41.22,41.08,39.4,237850632.83,False,0.0,False,0.0,False,0.0,False,0.0,False,0.0,False,False,0.61,45.22,False,False,False,False,False,False,False,8.868,20.205742,7.7836146,319
GOGL35,GOGL35,BDR,GOOG (BDR: GOGL35),7.5,B,0.5,C,5.0,Forte,356.62,355.31,338.14,327.53,5784270404.66,False,0.0,False,0.0,False,0.0,False,0.0,False,0.0,False,False,0.63,381.81,False,False,False,False,False,False,False,48.676,17.90261,7.0068374,320
A1RG34,A1RG34,BDR,ARGX (BDR: A1RG34),7.0,B,0.5,C,4.0,Forte,875.3,875.38,817.55,830.59,198185423.24,False,0.0,False,0.0,False,0.0,False,0.0,False,0.0,False,False,0.72,935.88,False,False,False,False,False,False,False,23.635,33.370186,162.58636,321
D2AS34,D2AS34,BDR,DASH (BDR: D2AS34),7.0,B,2.0,C,2.0,Fraco,213.26,178.48,178.07,189.8,1770575536.41,False,0.0,False,0.0,False,0.0,False,0.0,False,0.0,True,True,2.14,208.19,False,False,False,False,False,True,False,9.922,101.07109,9.230436,322
DUKB34,DUKB34,BDR,DUK (BDR: DUKB34),7.0,B,0.5,C,3.0,OK,123.9,125.49,124.82,123.33,388515960.58,False,0.0,False,0.0,False,0.0,False,0.0,False,0.0,False,False,0.73,132.65,False,False,False,False,False,False,False,9.8570004,18.65964,1.7970586,323
W1RB34,W1RB34,BDR,WRB (BDR: W1RB34),7.0,B,0.5,C,5.0,Forte,72.13,69.9,68.24,69.02,137274492.79,False,0.0,False,0.0,False,0.0,False,0.0,False,0.0,False,False,1.06,77.45,False,False,False,False,False,False,False,20.207000999999998,14.841563,2.8888977,324
U2ST34,U2ST34,BDR,U (BDR: U2ST34),7.0,B,2.0,C,2.0,Fraco,40.81,29.9,27.99,31.41,1672449806.79,False,0.0,False,0.0,False,0.0,False,0.0,False,0.0,True,True,4.06,36.56,False,False,False,False,False,True,True,-20.111999,999.0,5.984749,325
HOND34,HOND34,BDR,HMC (BDR: HOND34),7.0,B,2.0,C,2.0,Fraco,30.73,27.83,27.5,28.18,34531761.44,False,0.0,False,0.0,False,0.0,False,0.0,False,0.0,True,False,0.82,31.89,False,False,False,False,False,True,False,-0.7620000299999999,999.0,0.53185064,326
NETE34,NETE34,BDR,NTES (BDR: NETE34),7.0,B,2.0,C,5.0,Forte,130.36,125.91,121.61,125.57,51694649.32,False,0.0,False,0.0,False,0.0,False,0.0,False,0.0,True,False,0.6,135.8,False,False,False,False,False,True,False,22.128001,16.648787,17.093853,327
BOXP34,BOXP34,BDR,BXP (BDR: BOXP34),7.0,B,0.5,C,1.0,Fraco,68.81,66.3,60.78,62.68,42544326.96,False,0.0,False,0.0,False,0.0,False,0.0,False,0.0,False,False,0.33,74.94,False,False,False,False,False,False,False,5.308,36.99462,2.1292856,328
P1YC34,P1YC34,BDR,PAYC (BDR: P1YC34),7.0,B,2.0,C,4.0,Forte,215.97,143.0,135.47,144.14,789365819.09,False,0.0,False,0.0,False,0.0,False,0.0,False,0.0,True,True,4.1,179.24,False,False,False,False,False,True,False,37.147000000000006,24.996527,12.11477,329
S1LG34,S1LG34,BDR,SLG (BDR: S1LG34),7.0,B,2.0,C,1.0,Fraco,54.52,50.32,43.99,44.46,38530865.4,False,0.0,False,0.0,False,0.0,False,0.0,False,0.0,True,False,0.59,56.18,False,False,False,False,False,True,False,-3.573,999.0,1.1699572,330
L2PL34,L2PL34,BDR,LPLA (BDR: L2PL34),7.0,B,2.0,C,3.0,OK,359.05,307.28,319.44,329.86,140466459.07,False,0.0,False,0.0,False,0.0,False,0.0,False,0.0,True,False,0.45,364.95,False,False,False,False,False,True,False,18.591999,28.793102,5.0638175,331
F2RS34,F2RS34,BDR,FRSH (BDR: F2RS34),7.0,B,2.0,C,4.0,Forte,11.59,10.17,9.39,10.03,93079441.9,False,0.0,False,0.0,False,0.0,False,0.0,False,0.0,True,False,0.73,12.2,False,False,False,False,False,True,False,19.695,18.396826,3.3998241,332
M1CK34,M1CK34,BDR,MCK (BDR: M1CK34),7.0,B,2.0,C,2.0,Fraco,871.38,797.3,838.98,836.08,1200524631.37,False,0.0,False,0.0,False,0.0,False,0.0,False,0.0,True,False,1.34,907.0,False,False,False,False,False,True,False,0.0,22.680376,-48.14254,333
T1AM34,T1AM34,BDR,TEAM (BDR: T1AM34),7.0,B,0.5,C,1.0,Fraco,110.17,92.5,91.26,108.09,693580731.97,False,0.0,False,0.0,False,0.0,False,0.0,False,0.0,True,False,1.39,113.55,False,False,False,False,False,False,False,-19.288999,999.0,32.063446,334
D2TC34,D2TC34,BDR,DT (BDR: D2TC34),7.0,B,0.5,C,2.0,Fraco,48.87,43.24,39.66,41.29,408613447.78,False,0.0,False,0.0,False,0.0,False,0.0,False,0.0,False,False,1.45,53.28,False,False,False,False,False,False,True,5.8790002,97.74,5.7895985,335
Q1RV34,Q1RV34,BDR,QRVO (BDR: Q1RV34),7.0,B,0.5,C,2.0,Fraco,95.33,93.37,86.86,87.1,108626821.15,False,0.0,False,0.0,False,0.0,False,0.0,False,0.0,True,False,0.73,96.1,False,False,False,False,False,False,False,11.5559995,22.11833,2.4222484,336
N1EM34,N1EM34,BDR,NEM (BDR: N1EM34),7.0,B,0.5,C,5.0,Forte,105.43,98.16,108.76,104.07,663693132.93,False,0.0,False,0.0,False,0.0,False,0.0,False,0.0,True,False,0.92,105.61,False,False,False,False,False,False,False,25.905,13.295082,3.167969,337
FSLR34,FSLR34,BDR,FSLR (BDR: FSLR34),7.0,B,0.5,C,3.0,OK,244.14,244.03,226.57,234.32,845106232.85,False,0.0,False,0.0,False,0.0,False,0.0,False,0.0,True,False,1.28,252.17,False,False,False,False,False,False,False,18.509,24.912245,2.542304,338
E2ST34,E2ST34,BDR,ESTC (BDR: E2ST34),7.0,B,2.0,C,3.0,OK,69.95,61.4,58.47,64.17,119725365.53,False,0.0,False,0.0,False,0.0,False,0.0,False,0.0,True,False,0.98,72.83,False,False,False,False,False,True,False,33.376998,20.393585,5.7401934,339
FMSC34,FMSC34,BDR,FMS (BDR: FMSC34),7.0,B,0.5,C,4.0,Forte,24.1,23.44,22.42,22.67,20604825.53,False,0.0,False,0.0,False,0.0,False,0.0,False,0.0,False,False,0.94,26.42,False,False,False,False,False,False,False,8.524,12.617802,0.8595888,340
PYPL34,PYPL34,BDR,PYPL (BDR: PYPL34),7.0,B,2.0,C,4.0,Forte,59.78,48.17,47.88,51.72,640277323.51,False,0.0,False,0.0,False,0.0,False,0.0,False,0.0,True,False,0.81,59.47,False,False,False,False,False,True,False,24.497,11.300567,2.5999217,341
KMIC34,KMIC34,BDR,KMI (BDR: KMIC34),7.0,B,0.5,C,3.0,OK,31.28,31.68,31.29,29.97,250605918.94,False,0.0,False,0.0,False,0.0,False,0.0,False,0.0,False,False,0.67,32.95,False,False,False,False,False,False,False,10.9910004,20.180647,2.200183,342
P2CY34,P2CY34,BDR,PCTY (BDR: P2CY34),7.0,B,2.0,C,4.0,Forte,151.49,118.47,117.09,124.75,168805464.61,False,0.0,False,0.0,False,0.0,False,0.0,False,0.0,True,False,1.36,150.27,False,False,False,False,False,True,False,21.972998999999998,30.790651,7.1035357,343
S1YM34,S1YM34,BDR,GEN (BDR: S1YM34),7.0,B,2.0,C,4.0,Forte,28.1,25.86,23.36,24.15,198347224.69,False,0.0,False,0.0,False,0.0,False,0.0,False,0.0,True,False,1.72,28.5,False,False,False,False,False,True,False,39.876996999999996,17.898088,6.436097,344
A1TH34,A1TH34,BDR,ATHM (BDR: A1TH34),7.0,B,2.0,C,2.0,Fraco,22.71,19.38,19.1,20.19,17291733.95,False,0.0,False,0.0,False,0.0,False,0.0,False,0.0,True,False,0.88,23.48,False,False,False,False,False,True,False,4.35,16.576641,0.77437913,345
I2RS34,I2RS34,BDR,IR (BDR: I2RS34),7.0,B,2.0,C,2.0,Fraco,88.24,79.06,82.73,81.73,379058912.1,False,0.0,False,0.0,False,0.0,False,0.0,False,0.0,True,False,0.91,90.36,False,False,False,False,False,True,False,9.47,36.462807,3.3639584,346
A2MB34,A2MB34,BDR,AMBA (BDR: A2MB34),6.75,B,0.5,C,2.0,Fraco,83.79,72.59,67.14,70.47,99959543.92,False,0.0,False,0.0,False,0.0,False,0.0,True,0.5,False,False,0.45,91.34,False,False,False,False,False,False,False,-11.816,999.0,6.066464,347
E2EF34,E2EF34,BDR,EEFT (BDR: E2EF34),6.62,B,0.5,C,3.0,OK,73.07,73.21,71.92,72.89,97446663.08,False,0.0,False,0.0,False,0.0,False,0.0,True,0.85,False,False,1.61,83.97,False,False,False,False,False,False,False,22.371,11.5984125,2.7095075,348
CATP34,CATP34,BDR,CAT (BDR: CATP34),6.5,B,0.5,C,3.0,OK,856.96,916.98,801.29,742.2,1832417047.94,False,0.0,False,0.0,False,0.0,False,0.0,False,0.0,False,False,0.59,981.34,False,False,False,False,False,False,False,56.972003,36.842648,21.15376,349
W1DC34,W1DC34,BDR,WDC (BDR: W1DC34),6.5,B,0.5,C,5.0,Forte,451.52,563.1,399.88,339.52,7273866918.69,False,0.0,False,0.0,False,0.0,False,0.0,False,0.0,False,False,2.01,601.5,False,False,False,False,False,False,False,85.920995,18.58107,21.588333,350
K1SS34,K1SS34,BDR,KSS (BDR: K1SS34),6.5,B,0.5,C,1.0,Fraco,18.45,17.36,16.1,16.85,74040978.51,False,0.0,False,0.0,False,0.0,False,0.0,False,0.0,False,False,1.21,20.55,False,False,False,False,False,False,False,6.9970004,7.752101,0.51809835,351
R1OK34,R1OK34,BDR,ROK (BDR: R1OK34),6.5,B,0.5,C,3.0,OK,441.8,464.3,422.47,411.95,371299312.94,False,0.0,False,0.0,False,0.0,False,0.0,False,0.0,False,False,0.81,489.35,False,False,False,False,False,False,False,30.629,45.925156,14.041444,352
A1KA34,A1KA34,BDR,AKAM (BDR: A1KA34),6.5,B,0.5,C,1.0,Fraco,118.55,126.54,113.43,106.06,564209931.87,False,0.0,False,0.0,False,0.0,False,0.0,False,0.0,False,False,1.49,131.08,False,False,False,False,False,False,False,9.1680005,40.050674,3.5150921,353
MOOO34,MOOO34,BDR,MO (BDR: MOOO34),6.5,B,0.5,C,2.0,Fraco,67.75,71.12,66.67,64.08,615231246.0,False,0.0,False,0.0,False,0.0,False,0.0,False,0.0,False,False,0.9,77.06,False,False,False,False,False,False,False,0.0,14.263158,-42.396744,354
G2EV34,G2EV34,BDR,GEV (BDR: G2EV34),6.5,B,0.5,C,4.0,Forte,1000.3,1022.0,923.12,843.74,1688516382.39,False,0.0,False,0.0,False,0.0,False,0.0,False,0.0,False,False,0.59,1140.99,False,False,False,False,False,False,False,82.577,28.645477,22.280876,355
DVAI34,DVAI34,BDR,DVA (BDR: DVAI34),6.5,B,0.5,C,4.0,Forte,180.67,217.69,171.0,158.29,308378935.08,False,0.0,False,0.0,False,0.0,False,0.0,False,0.0,False,False,1.47,247.49,False,False,False,False,False,False,False,88.47500000000001,17.405588,-15.82742,356
M2KS34,M2KS34,BDR,MKSI (BDR: M2KS34),6.5,B,0.5,C,2.0,Fraco,291.31,345.73,280.02,247.9,813720585.83,False,0.0,False,0.0,False,0.0,False,0.0,False,0.0,False,False,1.52,380.5,False,False,False,False,False,False,False,12.662,46.313194,6.974478,357
IBKR34,IBKR34,BDR,IBKR (BDR: IBKR34),6.5,B,0.5,C,3.0,OK,86.02,90.67,79.71,76.3,614277656.09,False,0.0,False,0.0,False,0.0,False,0.0,False,0.0,False,False,1.45,97.77,False,False,False,False,False,False,False,24.018998,34.13492,6.52606,358
AXPB34,AXPB34,BDR,AXP (BDR: AXPB34),6.5,B,0.5,C,3.0,OK,342.6,335.92,329.98,338.06,579723748.33,False,0.0,False,0.0,False,0.0,False,0.0,False,0.0,False,False,0.49,363.14,False,False,False,False,False,False,False,34.377,20.801458,6.7460866,359
Q1UA34,Q1UA34,BDR,PWR (BDR: Q1UA34),6.5,B,0.5,C,4.0,Forte,667.84,677.67,607.4,566.11,456813263.81,False,0.0,False,0.0,False,0.0,False,0.0,False,0.0,False,False,0.47,708.06,False,False,False,False,False,False,False,15.337,76.4119,10.412873,360
BBYY34,BBYY34,BDR,BBY (BDR: BBYY34),6.5,B,0.5,C,4.0,Forte,80.02,79.24,68.1,69.45,378024866.74,False,0.0,False,0.0,False,0.0,False,0.0,False,0.0,False,False,1.48,91.27,False,False,False,False,False,False,False,39.104,14.818518,5.4688354,361
KHCB34,KHCB34,BDR,KHC (BDR: KHCB34),6.5,B,0.5,C,1.0,Fraco,24.96,24.58,23.31,23.41,576540710.37,False,0.0,False,0.0,False,0.0,False,0.0,False,0.0,False,False,1.41,28.09,False,False,False,False,False,False,False,-8.76,999.0,0.706122,362
JTEK39,JTEK39,BDR,JTEK (BDR: JTEK39),6.5,B,0.5,C,0.0,Fraco,99.12,102.85,93.7,93.17,19077337.65,False,0.0,False,0.0,False,0.0,False,0.0,False,0.0,False,False,0.54,106.19,False,False,False,False,False,False,False,0.0,37.030167,999.0,363
S2YN34,S2YN34,BDR,SYNA (BDR: S2YN34),6.5,B,0.5,C,2.0,Fraco,102.1,124.73,100.22,92.88,86576306.31,False,0.0,False,0.0,False,0.0,False,0.0,False,0.0,False,False,1.11,135.79,False,False,False,False,False,False,False,-3.504,999.0,2.9108222,364
U2NF34,U2NF34,BDR,UNFI (BDR: U2NF34),6.5,B,0.5,C,0.0,Fraco,47.86,49.61,44.7,42.56,14514837.41,False,0.0,False,0.0,False,0.0,False,0.0,False,0.0,False,False,0.6,51.86,False,False,False,False,False,False,False,-2.2960000000000003,999.0,1.8179747,365
C1DN34,C1DN34,BDR,CDNS (BDR: C1DN34),6.5,B,0.5,C,4.0,Forte,338.42,369.08,329.4,327.89,518589413.86,False,0.0,False,0.0,False,0.0,False,0.0,False,0.0,False,False,0.56,391.0,False,False,False,False,False,False,False,23.229,67.414345,13.590074,366
S1OU34,S1OU34,BDR,LUV (BDR: S1OU34),6.5,B,0.5,C,3.0,OK,46.94,46.77,44.08,41.8,194216638.26,False,0.0,False,0.0,False,0.0,False,0.0,False,0.0,False,False,0.65,50.13,False,False,False,False,False,False,False,11.099,29.3375,3.2426083,367
N2VC34,N2VC34,BDR,NVCR (BDR: N2VC34),6.5,B,0.5,C,2.0,Fraco,15.69,16.36,14.26,13.83,14799937.28,False,0.0,False,0.0,False,0.0,False,0.0,False,0.0,False,False,0.38,21.45,False,False,False,False,False,False,False,-43.217,999.0,5.402892,368
G1LW34,G1LW34,BDR,GLW (BDR: G1LW34),6.5,B,0.5,C,4.0,Forte,157.18,179.62,153.18,136.38,1807007211.4,False,0.0,False,0.0,False,0.0,False,0.0,False,0.0,False,False,0.65,204.48,False,False,False,False,False,False,False,16.813,72.76851,11.338094,369
V1RT34,V1RT34,BDR,VRT (BDR: V1RT34),6.5,B,0.5,C,4.0,Forte,275.17,301.64,272.53,248.13,1390186149.67,False,0.0,False,0.0,False,0.0,False,0.0,False,0.0,False,False,0.58,338.88,False,False,False,False,False,False,False,43.943,62.255657,24.88875,370
AALL34,AALL34,BDR,AAL (BDR: AALL34),6.5,B,0.5,C,1.0,Fraco,16.03,15.63,13.78,13.81,908235617.57,False,0.0,False,0.0,False,0.0,False,0.0,False,0.0,False,False,0.81,17.38,False,False,False,False,False,False,False,0.0,999.0,-2.6712215,371
STMN34,STMN34,BDR,STM (BDR: STMN34),6.5,B,0.5,C,2.0,Fraco,53.28,67.41,48.27,42.38,358800512.1,False,0.0,False,0.0,False,0.0,False,0.0,False,0.0,False,False,0.46,72.61,False,False,False,False,False,False,False,2.686,104.47059,2.6561642,372
C1TA34,C1TA34,BDR,CTAS (BDR: C1TA34),6.5,B,0.5,C,4.0,Forte,202.15,185.41,184.3,184.67,322039697.23,False,0.0,False,0.0,False,0.0,False,0.0,False,0.0,False,False,0.62,219.17,False,False,False,False,False,False,False,40.714002,41.171078,15.73764,373
M2PR34,M2PR34,BDR,MPWR (BDR: M2PR34),6.5,B,0.5,C,3.0,OK,1359.08,1425.02,1300.12,1214.59,810912723.82,False,0.0,False,0.0,False,0.0,False,0.0,False,0.0,False,False,0.54,1568.21,False,False,False,False,False,False,False,21.979000000000003,82.82023,17.145164,374
W2YF34,W2YF34,BDR,W (BDR: W2YF34),6.5,B,0.5,C,1.0,Fraco,104.07,85.88,83.8,87.79,346208315.07,False,0.0,False,0.0,False,0.0,False,0.0,False,0.0,False,False,0.63,118.31,False,False,False,False,False,False,True,0.0,999.0,-4.8196173,375
TEXA34,TEXA34,BDR,TXN (BDR: TEXA34),6.5,B,0.5,C,4.0,Forte,278.4,294.21,246.28,226.32,1276493204.01,False,0.0,False,0.0,False,0.0,False,0.0,False,0.0,False,False,0.5,313.73,False,False,False,False,False,False,False,35.176,42.310028,14.1154995,376
C1RR34,C1RR34,BDR,CARR (BDR: C1RR34),6.5,B,0.5,C,2.0,Fraco,63.96,68.08,62.72,60.62,228443242.41,False,0.0,False,0.0,False,0.0,False,0.0,False,0.0,False,False,0.4,70.65,False,False,False,False,False,False,False,8.966000000000001,45.685715,4.013806,377
ITLC34,ITLC34,BDR,INTC (BDR: ITLC34),6.5,B,0.5,C,2.0,Fraco,99.81,111.05,78.35,68.27,7703095568.53,False,0.0,False,0.0,False,0.0,False,0.0,False,0.0,False,False,0.59,116.77,False,False,False,False,False,False,False,-10.715,999.0,5.7497554,378
A1DI34,A1DI34,BDR,ADI (BDR: A1DI34),6.5,B,0.5,C,3.0,OK,377.31,395.46,359.55,332.72,1333385233.12,False,0.0,False,0.0,False,0.0,False,0.0,False,0.0,False,False,0.78,400.69,False,False,False,False,False,False,False,9.639000000000001,56.063892,5.4467106,379
MCOR34,MCOR34,BDR,MCO (BDR: MCOR34),6.5,B,0.5,C,3.0,OK,473.13,470.62,465.17,470.49,293030702.87,False,0.0,False,0.0,False,0.0,False,0.0,False,0.0,False,False,0.73,523.31,False,False,False,False,False,False,False,76.932,29.982891,27.08708,380
C1BO34,C1BO34,BDR,CBOE (BDR: C1BO34),6.5,B,0.5,C,4.0,Forte,289.17,279.0,289.1,279.25,216565495.63,False,0.0,False,0.0,False,0.0,False,0.0,False,0.0,False,False,0.66,311.06,False,False,False,False,False,False,False,26.296999999999997,22.521029,5.374208,381
C1MI34,C1MI34,BDR,CMI (BDR: C1MI34),6.5,B,0.5,C,4.0,Forte,643.98,667.98,617.89,581.83,373085937.8,False,0.0,False,0.0,False,0.0,False,0.0,False,0.0,False,False,0.47,691.73,False,False,False,False,False,False,False,21.114,32.90649,7.194744,382
C1BR34,C1BR34,BDR,CBRE (BDR: C1BR34),6.12,C,0.5,C,2.0,Fraco,147.45,137.3,144.5,147.86,193094028.2,False,0.0,False,0.0,False,0.0,False,0.0,True,0.85,True,False,0.63,153.08,False,False,False,False,False,False,False,15.798001000000001,33.74142,5.089045,383
S2HO34,S2HO34,BDR,SHOP (BDR: S2HO34),6.0,C,2.0,C,4.0,Forte,147.44,118.35,123.15,132.7,2403779380.84,False,0.0,False,0.0,False,0.0,False,0.0,False,0.0,True,False,1.14,153.88,False,False,False,False,False,True,True,15.543000000000001,98.95302,15.342353,384
S2EA34,S2EA34,BDR,SE (BDR: S2EA34),6.0,C,2.0,C,3.0,OK,111.0,98.62,99.31,109.53,303654597.0,False,0.0,False,0.0,False,0.0,False,0.0,False,0.0,True,False,0.62,115.72,False,False,False,False,False,True,False,14.856,43.700787,5.28169,385
D1OC34,D1OC34,BDR,DOCU (BDR: D1OC34),6.0,C,2.0,C,4.0,Forte,56.9,49.2,49.56,54.46,117125011.54,False,0.0,False,0.0,False,0.0,False,0.0,False,0.0,True,False,0.65,59.13,False,False,False,False,False,True,False,16.440001000000002,36.948055,6.036495,386
ABTT34,ABTT34,BDR,ABT (BDR: ABTT34),6.0,C,2.0,C,2.0,Fraco,107.96,94.4,100.78,106.56,707519740.56,False,0.0,False,0.0,False,0.0,False,0.0,False,0.0,True,False,0.66,110.04,False,False,False,False,False,True,False,10.576,34.93851,3.6550765,387
A1LG34,A1LG34,BDR,ALGN (BDR: A1LG34),6.0,C,0.5,C,2.0,Fraco,169.08,174.48,174.58,167.56,106503154.99,False,0.0,False,0.0,False,0.0,False,0.0,True,1.0,False,False,0.55,187.96,False,False,False,False,False,False,False,10.155,29.303293,2.8561294,388
M1KT34,M1KT34,BDR,MKTX (BDR: M1KT34),6.0,C,0.5,C,4.0,Forte,162.62,123.38,152.58,156.5,147822063.42,False,0.0,False,0.0,False,0.0,False,0.0,False,0.0,True,False,0.43,163.94,False,False,False,False,False,False,False,23.14,19.222221,4.6208053,389
F2NV34,F2NV34,BDR,FNV (BDR: F2NV34),6.0,C,0.5,C,3.0,OK,231.08,214.9,234.39,225.61,216671239.4,False,0.0,False,0.0,False,0.0,False,0.0,False,0.0,True,False,1.37,232.06,False,False,False,False,False,False,False,19.041,32.592384,5.4973235,390
E1XC34,E1XC34,BDR,EXC (BDR: E1XC34),6.0,C,0.5,C,2.0,Fraco,45.32,46.2,45.99,45.62,273004052.56,False,0.0,False,0.0,False,0.0,False,0.0,False,0.0,False,False,0.66,48.49,False,False,False,False,False,False,False,9.711,16.661764,1.5752519,391
DEOP34,DEOP34,BDR,DEO (BDR: DEOP34),6.0,C,2.0,C,2.0,Fraco,92.8,82.97,83.67,85.33,319109328.89,False,0.0,False,0.0,False,0.0,False,0.0,False,0.0,True,True,2.87,90.13,False,False,False,False,False,True,False,19.716998999999998,21.481482,80.09543,392
P2AT34,P2AT34,BDR,PATH (BDR: P2AT34),6.0,C,2.0,C,3.0,OK,14.0,11.53,11.79,12.74,993128276.0,False,0.0,False,0.0,False,0.0,False,0.0,False,0.0,True,False,1.23,14.32,False,False,False,False,False,True,False,18.181998999999998,23.333332,3.8293219,393
A2ZT34,A2ZT34,BDR,AZTA (BDR: A2ZT34),6.0,C,2.0,C,2.0,Fraco,30.74,25.33,26.37,28.03,22217027.43,False,0.0,False,0.0,False,0.0,False,0.0,False,0.0,True,False,0.96,32.12,False,False,False,False,False,True,False,-7.041,999.0,0.89085954,394
ORLY34,ORLY34,BDR,ORLY (BDR: ORLY34),6.0,C,0.5,C,2.0,Fraco,93.37,88.37,91.71,92.92,351745155.01,False,0.0,False,0.0,False,0.0,False,0.0,False,0.0,True,False,0.45,94.12,False,False,False,False,False,False,False,0.0,29.64127,-41.516228,395
G1AR34,G1AR34,BDR,IT (BDR: G1AR34),6.0,C,2.0,C,3.0,OK,184.82,147.07,164.1,182.85,203150455.65,False,0.0,False,0.0,False,0.0,False,0.0,False,0.0,True,False,0.62,192.79,False,False,False,False,False,True,False,113.581,16.605572,-71.139336,396
W1DA34,W1DA34,BDR,WDAY (BDR: W1DA34),6.0,C,2.0,C,3.0,OK,170.24,139.76,143.9,164.3,603434255.63,False,0.0,False,0.0,False,0.0,False,0.0,False,0.0,True,False,0.71,174.0,False,False,False,False,False,True,False,10.857999999999999,53.2,6.3430085,397
V2EE34,V2EE34,BDR,VEEV (BDR: V2EE34),6.0,C,2.0,C,3.0,OK,217.8,182.21,183.55,202.36,478121754.1,False,0.0,False,0.0,False,0.0,False,0.0,False,0.0,True,False,1.33,214.25,False,False,False,False,False,True,False,13.934,38.617023,4.8585706,398
BOTZ39,GLOBAL X ROBOTICS & ARTIFICIAL INTELLIGENCE ETF,BDR,BOTZ (BDR: BOTZ39),6.0,C,0.5,C,0.0,Fraco,36.94,36.93,37.17,36.88,29451078.83,False,0.0,False,0.0,False,0.0,False,0.0,False,0.0,True,False,0.89,37.76,False,False,False,False,False,False,False,0.0,35.79223,999.0,399
SAPP34,SAPP34,BDR,SAP (BDR: SAPP34),6.0,C,2.0,C,4.0,Forte,199.46,168.04,183.2,198.99,578526768.37,False,0.0,False,0.0,False,0.0,False,0.0,False,0.0,True,False,0.71,199.03,False,False,False,False,False,True,False,18.320999,25.903898,62.77875,400
R1OP34,R1OP34,BDR,ROP (BDR: R1OP34),6.0,C,2.0,C,4.0,Forte,397.08,350.95,356.8,379.82,234184672.44,False,0.0,False,0.0,False,0.0,False,0.0,False,0.0,True,False,0.59,410.26,False,False,False,False,False,True,False,13.065999999999999,16.551897,2.1000302,401
JBSS32,JBS N.V.,BDR,JBS (BDR: JBSS32),6.0,C,0.5,C,3.0,OK,13.69,12.44,13.92,13.65,38488461.83,False,0.0,False,0.0,False,0.0,False,0.0,False,0.0,True,False,0.47,14.31,False,False,False,False,False,False,False,22.102,8.450617,1.7806971,402
DISB34,DISB34,BDR,DIS (BDR: DISB34),6.0,C,2.0,C,2.0,Fraco,104.68,98.57,102.1,103.65,1434323375.26,False,0.0,False,0.0,False,0.0,False,0.0,False,0.0,True,False,0.98,103.21,False,False,False,False,False,True,False,8.01,21.583506,1.6803377,403
C1OO34,C1OO34,BDR,COO (BDR: C1OO34),6.0,C,2.0,C,2.0,Fraco,73.32,69.01,72.2,73.15,141629677.21,False,0.0,False,0.0,False,0.0,False,0.0,False,0.0,True,False,0.99,75.02,False,False,False,False,False,True,False,2.8529999999999998,62.135597,1.7344815,404
C1CL34,C1CL34,BDR,CCL (BDR: C1CL34),6.0,C,0.5,C,3.0,OK,28.79,27.85,27.94,27.79,331104299.83,False,0.0,False,0.0,False,0.0,False,0.0,False,0.0,True,False,0.54,30.22,False,False,False,False,False,False,False,26.689,12.968469,3.0459163,405
N1BI34,N1BI34,BDR,NBIX (BDR: N1BI34),5.5,C,0.5,C,4.0,Forte,159.82,167.97,146.3,146.42,218317006.77,False,0.0,False,0.0,False,0.0,False,0.0,False,0.0,False,False,0.83,186.12,False,False,False,False,False,False,False,22.089,23.331388,4.396215,406
H1OG34,H1OG34,BDR,HOG (BDR: H1OG34),5.5,C,0.5,C,2.0,Fraco,25.7,25.33,22.33,22.61,35211930.85,False,0.0,False,0.0,False,0.0,False,0.0,False,0.0,False,False,0.48,28.77,False,False,False,False,False,False,False,6.093,14.277779,0.86683756,407
ICLR34,ICLR34,BDR,ICLR (BDR: ICLR34),5.5,C,0.5,C,2.0,Fraco,161.17,158.51,138.51,147.72,72036864.72,False,0.0,False,0.0,False,0.0,False,0.0,False,0.0,False,False,0.38,186.64,False,False,False,False,False,False,False,0.28600001,247.95386,1.3259455,408
P2IN34,P2IN34,BDR,PINS (BDR: P2IN34),5.5,C,0.5,C,2.0,Fraco,23.33,22.0,20.97,22.73,363199549.08,False,0.0,False,0.0,False,0.0,False,0.0,False,0.0,False,False,1.17,25.73,False,False,False,False,False,False,False,6.461,68.617645,4.559312,409
XRXB34,XRXB34,BDR,XRX (BDR: XRXB34),5.5,C,0.5,C,1.0,Fraco,3.23,3.02,2.31,2.42,8460907.53,False,0.0,False,0.0,False,0.0,False,0.0,False,0.0,False,False,0.42,3.78,False,False,False,False,False,False,False,-97.113,999.0,1.4129484,410
C2SW34,C2SW34,BDR,COLM (BDR: C2SW34),5.5,C,0.5,C,3.0,OK,57.28,63.63,59.85,58.16,44117456.02,False,0.0,False,0.0,False,0.0,False,0.0,True,0.8,False,False,0.95,65.4,False,False,False,False,False,False,False,12.658,14.955613,1.851744,411
A2FY34,A2FY34,BDR,AFYA (BDR: A2FY34),5.5,C,0.5,C,5.0,Forte,13.91,14.31,14.23,14.18,1893276.17,False,0.0,False,0.0,False,0.0,False,0.0,True,0.8,False,False,1.96,15.55,False,False,False,False,False,False,False,16.756999999999998,8.533742,1.3323394,412
B1TI34,B1TI34,BDR,BTI (BDR: B1TI34),5.5,C,0.5,C,3.0,OK,58.73,60.38,58.9,57.45,160649512.18,False,0.0,False,0.0,False,0.0,False,0.0,False,0.0,False,False,0.67,63.67,False,False,False,False,False,False,False,13.424,15.02046,10.185789,413
A1EN34,A1EN34,BDR,LNT (BDR: A1EN34),5.5,C,0.5,C,1.0,Fraco,69.52,73.25,70.59,69.25,130660122.41,False,0.0,False,0.0,False,0.0,False,0.0,False,0.0,False,False,0.7,76.87,False,False,False,False,False,False,False,11.135,21.999998,2.3868709,414
A2XO34,A2XO34,BDR,AXON (BDR: A2XO34),5.5,C,0.5,C,3.0,OK,522.46,507.55,483.97,513.06,1135707921.96,False,0.0,False,0.0,False,0.0,False,0.0,False,0.0,False,False,2.65,617.25,False,False,False,False,False,False,False,6.765000000000001,219.52101,11.911179,415
D1TE34,D1TE34,BDR,DTE (BDR: D1TE34),5.5,C,0.5,C,1.0,Fraco,139.97,146.61,142.69,139.9,181642569.83,False,0.0,False,0.0,False,0.0,False,0.0,False,0.0,False,False,0.87,151.92,False,False,False,False,False,False,False,11.03,22.112165,2.3974035,416
L1WH34,L1WH34,BDR,LW (BDR: L1WH34),5.5,C,0.5,C,2.0,Fraco,52.05,46.51,44.47,47.57,67687796.91,False,0.0,False,0.0,False,0.0,False,0.0,False,0.0,False,False,0.52,55.69,False,False,False,False,False,False,False,16.280001,25.024038,3.9206085,417
A1PO34,A1PO34,BDR,APO (BDR: A1PO34),5.5,C,0.5,C,3.0,OK,127.99,125.39,124.05,126.38,233656364.27,False,0.0,False,0.0,False,0.0,False,0.0,False,0.0,False,False,0.47,135.37,False,False,False,False,False,False,False,11.411999999999999,45.386524,3.759657,418
S2FM34,S2FM34,BDR,SFM (BDR: S2FM34),5.5,C,0.5,C,4.0,Forte,87.2,81.88,78.26,80.06,150738797.92,False,0.0,False,0.0,False,0.0,False,0.0,False,0.0,False,False,0.72,93.32,False,False,False,False,False,False,False,35.197,16.67304,5.7489448,419
C1TV34,C1TV34,BDR,CTVA (BDR: C1TV34),5.5,C,0.5,C,1.0,Fraco,76.86,81.86,78.85,75.31,352020570.58,False,0.0,False,0.0,False,0.0,False,0.0,False,0.0,False,False,0.8,90.97,False,False,False,False,False,False,False,4.256,46.581818,2.0376997,420
L1YB34,L1YB34,BDR,LYB (BDR: L1YB34),5.5,C,0.5,C,2.0,Fraco,61.44,60.27,62.45,57.59,231797877.7,False,0.0,False,0.0,False,0.0,False,0.0,False,0.0,False,False,0.77,64.98,False,False,False,False,False,False,False,-2.2689999999999997,999.0,1.8597331,421
A1JG34,A1JG34,BDR,AJG (BDR: A1JG34),5.5,C,0.5,C,2.0,Fraco,251.74,233.99,226.41,233.14,265609621.1,False,0.0,False,0.0,False,0.0,False,0.0,False,0.0,False,False,0.73,269.99,False,False,False,False,False,False,False,6.722,41.817276,2.7208958,422
E1IX34,E1IX34,BDR,EIX (BDR: E1IX34),5.5,C,0.5,C,3.0,OK,67.23,73.64,69.38,65.99,290692450.01,False,0.0,False,0.0,False,0.0,False,0.0,False,0.0,False,False,1.22,81.62,False,False,False,False,False,False,False,19.733999999999998,6.9380813,1.4828295,423
V2TX34,V2TX34,BDR,VTEX (BDR: V2TX34),5.5,C,0.5,C,3.0,OK,4.29,3.95,3.74,3.82,3989764.31,False,0.0,False,0.0,False,0.0,False,0.0,False,0.0,False,False,0.99,4.6,False,False,False,False,False,False,False,9.696,33.0,3.1451614,424
O2NS34,O2NS34,BDR,ON (BDR: O2NS34),5.5,C,0.5,C,3.0,OK,78.33,102.21,83.55,75.57,726396091.86,False,0.0,False,0.0,False,0.0,False,0.0,False,0.0,False,False,0.76,102.64,False,False,False,False,False,False,False,8.312,51.19608,4.224236,425
R2PD34,R2PD34,BDR,RPD (BDR: R2PD34),5.5,C,0.5,C,1.0,Fraco,10.38,9.09,8.42,10.31,21888503.46,False,0.0,False,0.0,False,0.0,False,0.0,False,0.0,False,False,0.97,13.75,False,False,False,False,False,False,False,19.698,29.657145,3.9663737,426
P1GR34,P1GR34,BDR,PGR (BDR: P1GR34),5.5,C,0.5,C,5.0,Forte,215.34,211.61,206.34,207.03,242724568.33,False,0.0,False,0.0,False,0.0,False,0.0,False,0.0,False,False,0.47,235.0,False,False,False,False,False,False,False,34.943000000000005,10.799397,3.6466167,427
KMBB34,KMBB34,BDR,KMB (BDR: KMBB34),5.5,C,0.5,C,2.0,Fraco,108.66,106.08,101.04,101.53,421688828.81,False,0.0,False,0.0,False,0.0,False,0.0,False,0.0,False,False,0.9,115.47,False,False,False,False,False,False,False,104.91299999999998,21.47431,20.649944,428
NOKI34,NOKI34,BDR,NOK (BDR: NOKI34),5.5,C,0.5,C,2.0,Fraco,9.43,12.47,10.18,9.25,429645619.0,False,0.0,False,0.0,False,0.0,False,0.0,False,0.0,False,False,0.44,13.13,False,False,False,False,False,False,False,3.4549999999999996,67.35715,2.1599016,429
V2RN34,V2RN34,BDR,VRNS (BDR: V2RN34),5.5,C,0.5,C,1.0,Fraco,42.44,39.84,31.08,32.63,61236716.46,False,0.0,False,0.0,False,0.0,False,0.0,False,0.0,False,False,0.61,49.54,False,False,False,False,False,False,False,-35.974996999999995,999.0,10.966408,430
ELCI34,ELCI34,BDR,EL (BDR: ELCI34),5.12,C,0.5,C,1.0,Fraco,85.49,84.08,89.74,91.6,129447073.99,False,0.0,False,0.0,False,0.0,False,0.0,True,0.85,True,False,0.68,88.37,False,False,False,False,False,False,False,-5.949,999.0,7.7457643,431
SNEC34,SNEC34,BDR,SONY (BDR: SNEC34),5.0,C,2.0,C,4.0,Forte,23.1,21.27,21.73,23.27,122871697.13,False,0.0,False,0.0,False,0.0,False,0.0,False,0.0,True,False,0.78,23.98,False,False,False,False,False,True,False,13.159999,19.576273,2.5565605,432
ADBE34,ADBE34,BDR,ADBE (BDR: ADBE34),5.0,C,0.5,C,5.0,Forte,260.24,229.25,253.44,274.94,1172309329.77,False,0.0,False,0.0,False,0.0,False,0.0,False,0.0,True,False,0.78,266.28,False,False,False,False,False,False,False,62.953996999999994,14.887872,9.015138,433
T1EL34,T1EL34,BDR,TEL (BDR: T1EL34),5.0,C,0.5,C,4.0,Forte,215.08,206.61,214.02,218.58,237490477.7,False,0.0,False,0.0,False,0.0,False,0.0,False,0.0,True,False,0.4,219.56,False,False,False,False,False,False,False,23.290001,21.086275,4.707891,434
EART39,EART39,BDR,EART (BDR: EART39),5.0,C,0.5,C,0.0,Fraco,29.3,28.99,30.96,29.46,1155834.23,False,0.0,False,0.0,False,0.0,False,0.0,False,0.0,True,False,2.15,29.67,False,False,False,False,False,False,False,0.0,20.707462,999.0,435
CLXC34,CLXC34,BDR,CLX (BDR: CLXC34),5.0,C,2.0,C,1.0,Fraco,105.6,96.11,102.51,102.68,170698173.53,False,0.0,False,0.0,False,0.0,False,0.0,False,0.0,True,False,0.56,106.1,False,False,False,False,False,True,False,163.76,21.954262,142.51012,436
W1BD34,W1BD34,BDR,WBD (BDR: W1BD34),5.0,C,2.0,C,1.0,Fraco,26.4,26.52,27.31,26.62,680954198.16,False,0.0,False,0.0,False,0.0,False,0.0,False,0.0,True,False,1.05,27.65,False,False,False,False,False,True,False,-4.9590003000000005,999.0,2.0315506,437
N1OW34,N1OW34,BDR,NOW (BDR: N1OW34),5.0,C,0.5,C,2.0,Fraco,117.35,106.86,108.43,123.64,1759919167.47,False,0.0,False,0.0,False,0.0,False,0.0,False,0.0,True,False,0.51,120.0,False,False,False,False,False,False,False,14.244000000000002,73.80503,9.693541,438
HOME34,HOME34,BDR,HD (BDR: HOME34),5.0,C,2.0,C,2.0,Fraco,349.52,333.54,341.37,344.7,586353335.49,False,0.0,False,0.0,False,0.0,False,0.0,False,0.0,True,False,0.4,354.55,False,False,False,False,False,True,False,128.38,24.806244,25.116411,439
H1II34,H1II34,BDR,HII (BDR: H1II34),5.0,C,0.5,C,4.0,Forte,321.76,292.39,357.08,346.08,99965043.35,False,0.0,False,0.0,False,0.0,False,0.0,False,0.0,True,False,0.43,334.53,False,False,False,False,False,False,False,12.968001000000001,19.163788,2.386802,440
S2CH34,S2CH34,BDR,SQM (BDR: S2CH34),5.0,C,0.5,C,3.0,OK,72.45,74.28,77.7,72.56,76506254.93,False,0.0,False,0.0,False,0.0,False,0.0,False,0.0,True,False,1.07,75.25,False,False,False,False,False,False,False,13.402,25.332169,3.536216,441
A1UT34,A1UT34,BDR,ADSK (BDR: A1UT34),5.0,C,2.0,C,4.0,Forte,242.47,215.71,236.54,252.53,322415997.67,False,0.0,False,0.0,False,0.0,False,0.0,False,0.0,True,False,0.56,249.14,False,False,False,False,False,True,False,50.395999999999994,35.44883,16.042742,442
PAGS34,PAGS34,BDR,PAGS (BDR: PAGS34),5.0,C,0.5,C,4.0,Forte,9.36,9.13,9.79,9.71,25792536.73,False,0.0,False,0.0,False,0.0,False,0.0,False,0.0,True,False,1.18,9.85,False,False,False,False,False,False,False,14.518,6.5454545,0.913318,443
H1TH34,H1TH34,BDR,HTHT (BDR: H1TH34),5.0,C,0.5,C,3.0,OK,42.8,42.75,47.27,46.29,42961826.03,False,0.0,False,0.0,False,0.0,False,0.0,False,0.0,True,False,0.73,43.7,False,False,False,False,False,False,False,46.356,18.290598,8.132301,444
G1AM34,G1AM34,BDR,GLPI (BDR: G1AM34),5.0,C,0.5,C,4.0,Forte,43.86,45.11,45.34,44.53,82718469.91,False,0.0,False,0.0,False,0.0,False,0.0,False,0.0,False,False,0.82,46.63,False,False,False,False,False,False,False,19.354999,12.824561,2.5604205,445
GOEX39,GLOBAL X GOLD EXPLORERS ETF,BDR,GOEX (BDR: GOEX39),5.0,C,0.5,C,1.0,Fraco,78.76,72.12,83.69,80.77,292756.12,False,0.0,False,0.0,False,0.0,False,0.0,False,0.0,True,False,0.89,79.37,False,False,False,False,False,False,False,0.0,14.268717,999.0,446
AWII34,AWII34,BDR,AWI (BDR: AWII34),5.0,C,2.0,C,4.0,Forte,183.97,159.98,170.91,175.17,51309969.22,False,0.0,False,0.0,False,0.0,False,0.0,False,0.0,True,False,0.38,188.24,False,False,False,False,False,True,False,36.618,25.235939,8.805763,447
M1SC34,M1SC34,BDR,MSCI (BDR: M1SC34),4.5,C,0.5,C,2.0,Fraco,567.23,594.33,575.03,570.66,304139639.85,False,0.0,False,0.0,False,0.0,False,0.0,False,0.0,False,False,0.7,644.77,False,False,False,False,False,False,False,0.0,31.04707,-15.333027,448
D1VN34,D1VN34,BDR,DVN (BDR: D1VN34),4.5,C,0.5,C,4.0,Forte,43.11,43.53,44.03,41.67,388134294.67,False,0.0,False,0.0,False,0.0,False,0.0,False,0.0,False,False,0.85,46.21,False,False,False,False,False,False,False,11.522,12.008357,0.9675899,449
D1OW34,D1OW34,BDR,DOW (BDR: D1OW34),4.5,C,0.5,C,1.0,Fraco,30.3,30.96,32.85,30.25,281676913.31,False,0.0,False,0.0,False,0.0,False,0.0,False,0.0,False,False,0.82,32.73,False,False,False,False,False,False,False,-5.54,999.0,1.3800328,450
UPSS34,UPSS34,BDR,UPS (BDR: UPSS34),4.5,C,0.5,C,3.0,OK,103.2,109.26,105.06,101.82,900755476.56,False,0.0,False,0.0,False,0.0,False,0.0,False,0.0,False,False,1.44,118.42,False,False,False,False,False,False,False,29.602,19.146568,5.8288617,451
T2ND34,T2ND34,BDR,TNDM (BDR: T2ND34),4.5,C,0.5,C,1.0,Fraco,18.79,16.89,19.17,19.11,69312818.44,False,0.0,False,0.0,False,0.0,False,0.0,False,0.0,False,False,1.74,20.81,False,False,False,False,False,False,False,-65.726995,999.0,9.720642,452
N1VO34,N1VO34,BDR,NVO (BDR: N1VO34),4.5,C,0.5,C,4.0,Forte,45.97,46.9,45.18,45.79,546701733.24,False,0.0,False,0.0,False,0.0,False,0.0,False,0.0,False,False,0.73,52.12,False,False,False,False,False,False,False,59.815,11.406947,6.557026,453
N1IS34,N1IS34,BDR,NI (BDR: N1IS34),4.5,C,0.5,C,1.0,Fraco,43.38,46.11,45.62,44.64,336234614.22,False,0.0,False,0.0,False,0.0,False,0.0,False,0.0,False,False,1.45,47.22,False,False,False,False,False,False,False,8.5489996,23.074469,2.1530674,454
R2HH34,R2HH34,BDR,RH (BDR: R2HH34),4.5,C,0.5,C,0.0,Fraco,187.97,163.68,162.63,163.51,80941386.29,False,0.0,False,0.0,False,0.0,False,0.0,False,0.0,False,False,0.52,200.99,False,False,False,False,False,False,False,0.0,36.287647,62.407036,455
P2LT34,P2LT34,BDR,PLTR (BDR: P2LT34),4.5,C,0.5,C,4.0,Forte,155.92,131.81,142.67,152.33,5986876853.13,False,0.0,False,0.0,False,0.0,False,0.0,False,0.0,False,False,0.72,166.08,False,False,False,False,False,False,False,38.096999999999994,133.26495,38.281364,456
GILD34,GILD34,BDR,GILD (BDR: GILD34),4.5,C,0.5,C,1.0,Fraco,130.86,129.51,134.16,130.8,1075633741.96,False,0.0,False,0.0,False,0.0,False,0.0,False,0.0,False,False,1.11,140.61,False,False,False,False,False,False,False,-20.68,999.0,13.828595,457
T2DH34,T2DH34,BDR,TDOC (BDR: T2DH34),4.5,C,0.5,C,1.0,Fraco,6.68,8.14,6.58,6.85,25855039.54,False,0.0,False,0.0,False,0.0,False,0.0,False,0.0,False,False,0.48,9.89,False,False,False,False,False,False,False,-12.985,999.0,0.92623407,458
S2ED34,S2ED34,BDR,SEDG (BDR: S2ED34),4.5,C,0.5,C,2.0,Fraco,32.67,54.78,45.47,42.68,196978951.47,False,0.0,False,0.0,False,0.0,False,0.0,False,0.0,False,False,1.49,58.05,False,False,False,False,False,False,False,-58.424,999.0,4.8378496,459
A1EP34,A1EP34,BDR,AEP (BDR: A1EP34),4.5,C,0.5,C,1.0,Fraco,125.26,131.38,128.37,125.4,384623487.82,False,0.0,False,0.0,False,0.0,False,0.0,False,0.0,False,False,0.68,136.6,False,False,False,False,False,False,False,10.130999000000001,21.70884,2.1256087,460
A2RE34,A2RE34,BDR,ARES (BDR: A2RE34),4.5,C,0.5,C,2.0,Fraco,138.17,124.69,124.71,131.85,156604224.81,False,0.0,False,0.0,False,0.0,False,0.0,False,0.0,False,False,0.39,145.99,False,False,False,False,False,False,False,0.0,63.67281,12.142544,461
EVTC31,EVERTEC INC,BDR,EVTC (BDR: EVTC31),4.5,C,0.5,C,1.0,Fraco,30.94,27.7,27.85,28.16,5534114.14,False,0.0,False,0.0,False,0.0,False,0.0,False,0.0,False,False,0.42,34.41,False,False,False,False,False,False,False,14.845,20.09091,2.8529277,462
N1XP34,N1XP34,BDR,NXPI (BDR: N1XP34),4.5,C,0.5,C,4.0,Forte,231.78,283.88,250.23,240.24,705864662.52,False,0.0,False,0.0,False,0.0,False,0.0,False,0.0,False,False,0.52,298.04,False,False,False,False,False,False,False,27.921000000000003,46.171314,5.129351,463
T1TW34,T1TW34,BDR,TTWO (BDR: T1TW34),4.5,C,0.5,C,2.0,Fraco,232.47,234.73,223.45,229.34,904626556.18,False,0.0,False,0.0,False,0.0,False,0.0,False,0.0,False,False,2.01,253.86,False,False,False,False,False,False,False,-10.5579995,999.0,12.275968,464
K2RC34,K2RC34,BDR,KRC (BDR: K2RC34),4.5,C,0.5,C,1.0,Fraco,37.28,37.8,33.79,35.09,39006211.84,False,0.0,False,0.0,False,0.0,False,0.0,False,0.0,False,False,0.68,40.85,False,False,False,False,False,False,False,3.431,26.069931,0.8296613,465
G1SK34,G1SK34,BDR,GSK (BDR: G1SK34),4.5,C,0.5,C,3.0,OK,52.17,51.71,52.84,51.22,115495715.73,False,0.0,False,0.0,False,0.0,False,0.0,False,0.0,False,False,0.43,55.79,False,False,False,False,False,False,False,33.383,16.509493,4.409005,466
E2AG34,E2AG34,BDR,EXP (BDR: E2AG34),4.12,C,0.5,C,3.0,OK,211.34,215.21,210.57,212.06,57345205.95,False,0.0,False,0.0,False,0.0,False,0.0,True,0.65,False,False,0.43,225.21,False,False,False,False,False,False,False,27.029999999999998,16.667192,4.3782887,467
S1YK34,S1YK34,BDR,SYK (BDR: S1YK34),4.0,C,2.0,C,4.0,Forte,337.43,318.56,334.41,340.96,604188985.12,False,0.0,False,0.0,False,0.0,False,0.0,False,0.0,True,False,0.67,352.49,False,False,False,False,False,True,False,16.508,35.00311,5.629369,468
CMCS34,CMCS34,BDR,CMCSA (BDR: CMCS34),4.0,C,0.5,C,1.0,Fraco,25.17,23.61,26.66,26.33,613286256.57,False,0.0,False,0.0,False,0.0,False,0.0,False,0.0,True,False,0.65,24.97,False,False,False,False,False,False,False,11.4879996,8.067308,0.9944293,469
SHLD39,GLOBAL X DEFENSE TECH ETF,BDR,SHLD (BDR: SHLD39),4.0,C,0.5,C,0.0,Fraco,67.78,62.66,68.92,67.84,52566574.71,False,0.0,False,0.0,False,0.0,False,0.0,False,0.0,True,False,0.66,68.49,False,False,False,False,False,False,False,0.0,31.133879,999.0,470
S1BS34,S1BS34,BDR,SBSW (BDR: S1BS34),4.0,C,0.5,C,2.0,Fraco,9.89,9.38,12.59,12.4,39247022.42,False,0.0,False,0.0,False,0.0,False,0.0,False,0.0,True,False,0.79,10.08,False,False,False,False,False,False,False,-10.2510005,999.0,5.8048506,471
Z2SC34,Z2SC34,BDR,ZS (BDR: Z2SC34),4.0,C,0.5,C,2.0,Fraco,162.6,140.6,157.11,187.17,278084221.44,False,0.0,False,0.0,False,0.0,False,0.0,False,0.0,True,False,0.78,166.93,False,False,False,False,False,False,False,-3.7100002,999.0,11.1103525,472
BITB39,ISHARES U.S. HOME CONSTRUCTION ETF,BDR,BITB (BDR: BITB39),4.0,C,0.5,C,0.0,Fraco,34.95,34.85,39.31,42.51,16225083.5,False,0.0,False,0.0,False,0.0,False,0.0,False,0.0,True,False,0.42,36.33,False,False,False,False,False,False,False,0.0,999.0,999.0,473
DHER34,DHER34,BDR,DHR (BDR: DHER34),4.0,C,2.0,C,3.0,OK,199.98,189.57,196.62,202.82,399982789.17,False,0.0,False,0.0,False,0.0,False,0.0,False,0.0,True,False,0.31,209.9,False,False,False,False,False,True,False,7.605,35.647057,2.6733148,474
FOXC34,FOXC34,BDR,FOXA (BDR: FOXC34),4.0,C,0.5,C,3.0,OK,61.79,57.94,61.71,62.87,513658794.65,False,0.0,False,0.0,False,0.0,False,0.0,False,0.0,True,True,2.04,60.23,False,False,False,False,False,False,False,15.2,16.260527,2.3703392,475
CHME34,CHME34,BDR,CME (BDR: CHME34),4.0,C,0.5,C,4.0,Forte,264.32,250.67,277.14,273.96,486675777.33,False,0.0,False,0.0,False,0.0,False,0.0,False,0.0,True,False,0.8,270.0,False,False,False,False,False,False,False,15.802,22.438032,3.5807955,476
G1FI34,G1FI34,BDR,GFI (BDR: G1FI34),4.0,C,0.5,C,5.0,Forte,37.34,34.96,43.28,42.55,156544552.7,False,0.0,False,0.0,False,0.0,False,0.0,False,0.0,True,False,1.2,37.86,False,False,False,False,False,False,False,51.931000000000004,9.477158,7.921086,477
ETHA39,ISHARES ETHEREUM TRUST ETF,BDR,ETHA (BDR: ETHA39),4.0,C,0.5,C,0.0,Fraco,14.4,13.56,16.34,18.41,333901474.35,False,0.0,False,0.0,False,0.0,False,0.0,False,0.0,True,False,0.79,14.92,False,False,False,False,False,False,False,0.0,999.0,999.0,478
IBIT39,ISHARES BITCOIN TRUST,BDR,IBIT (BDR: IBIT39),4.0,C,0.5,C,0.0,Fraco,36.49,36.37,41.03,44.38,1053418473.58,False,0.0,False,0.0,False,0.0,False,0.0,False,0.0,True,False,0.79,37.93,False,False,False,False,False,False,False,0.0,999.0,999.0,479
D2PZ34,D2PZ34,BDR,DPZ (BDR: D2PZ34),4.0,C,0.5,C,2.0,Fraco,358.43,318.1,354.08,368.23,180480612.64,False,0.0,False,0.0,False,0.0,False,0.0,False,0.0,True,False,0.55,372.16,False,False,False,False,False,False,False,0.0,20.330687,-2.9763012,480
C1CJ34,C1CJ34,BDR,CCJ (BDR: C1CJ34),4.0,C,0.5,C,1.0,Fraco,93.62,98.54,109.27,104.58,202640589.56,False,0.0,False,0.0,False,0.0,False,0.0,False,0.0,True,False,0.59,97.74,False,False,False,False,False,False,False,5.1149998000000005,161.4138,8.040309,481
HSHY34,HSHY34,BDR,HSY (BDR: HSHY34),4.0,C,0.5,C,3.0,OK,183.02,178.71,194.2,190.04,204412663.51,False,0.0,False,0.0,False,0.0,False,0.0,False,0.0,True,False,0.58,188.37,False,False,False,False,False,False,False,32.808998,24.968622,8.0064745,482
K1TC34,K1TC34,BDR,KT (BDR: K1TC34),4.0,C,0.5,C,2.0,Fraco,18.53,18.1,20.24,19.81,36067682.78,False,0.0,False,0.0,False,0.0,False,0.0,False,0.0,True,False,1.1,18.99,False,False,False,False,False,False,False,8.652,8.384616,0.725654,483
SIVR39,ABRDN PHYSICAL SILVER SHARES ETF,BDR,SIVR (BDR: SIVR39),4.0,C,0.5,C,0.0,Fraco,58.69,59.74,71.38,66.92,59902299.24,False,0.0,False,0.0,False,0.0,False,0.0,False,0.0,True,False,1.0,59.62,False,False,False,False,False,False,False,0.0,999.0,999.0,484
COWC34,COWC34,BDR,COST (BDR: COWC34),4.0,C,0.5,C,4.0,Forte,949.15,951.37,974.49,955.18,1591115236.63,False,0.0,False,0.0,False,0.0,False,0.0,False,0.0,True,False,0.82,987.55,False,False,False,False,False,False,False,29.152,47.743965,25.4614,485
B1AM34,B1AM34,BDR,BN (BDR: B1AM34),4.0,C,0.5,C,2.0,Fraco,43.98,43.75,44.2,44.54,126516077.22,False,0.0,False,0.0,False,0.0,False,0.0,False,0.0,True,False,0.58,45.09,False,False,False,False,False,False,False,2.503,86.2353,2.3015335,486
A1LB34,A1LB34,BDR,ALB (BDR: A1LB34),4.0,C,0.5,C,2.0,Fraco,125.42,139.58,164.04,152.44,451913713.66,False,0.0,False,0.0,False,0.0,False,0.0,False,0.0,True,False,1.54,131.15,False,False,False,False,False,False,False,-1.82,464.5185,1.9415762,487
U1LT34,U1LT34,BDR,ULTA (BDR: U1LT34),4.0,C,0.5,C,4.0,Forte,538.79,481.65,556.97,554.79,187970892.37,False,0.0,False,0.0,False,0.0,False,0.0,False,0.0,True,False,0.63,550.77,False,False,False,False,False,False,False,47.449002,20.1794,8.488224,488
V1IP34,V1IP34,BDR,VIPS (BDR: V1IP34),4.0,C,2.0,C,5.0,Forte,15.41,14.1,15.14,15.96,19425938.27,False,0.0,False,0.0,False,0.0,False,0.0,False,0.0,True,False,0.73,15.75,False,False,False,False,False,True,False,17.788999999999998,6.9728503,1.2257671,489
NOCG34,NOCG34,BDR,NOC (BDR: NOCG34),4.0,C,0.5,C,4.0,Forte,567.74,535.58,614.19,602.07,269306896.63,False,0.0,False,0.0,False,0.0,False,0.0,False,0.0,True,False,0.61,565.42,False,False,False,False,False,False,False,26.958,18.057888,4.5098815,490
P2TC34,P2TC34,BDR,PTC (BDR: P2TC34),4.0,C,2.0,C,3.0,OK,147.66,126.6,143.28,152.9,312195330.84,False,0.0,False,0.0,False,0.0,False,0.0,False,0.0,True,False,1.18,144.59,False,False,False,False,False,True,False,35.053003,14.335922,4.711701,491
LOWC34,LOWC34,BDR,LOW (BDR: LOWC34),4.0,C,0.5,C,2.0,Fraco,218.4,213.51,236.36,236.31,325111978.11,False,0.0,False,0.0,False,0.0,False,0.0,False,0.0,True,False,0.48,220.29,False,False,False,False,False,False,False,0.0,18.461538,-13.217138,492
BITO39,ISHARES CORE S&P TOTAL US STOCK MARKET ETF,BDR,BITO (BDR: BITO39),4.0,C,0.5,C,0.0,Fraco,8.7,8.7,9.88,10.72,522699764.34,False,0.0,False,0.0,False,0.0,False,0.0,False,0.0,True,False,0.53,9.07,False,False,False,False,False,False,False,0.0,999.0,999.0,493
SSFO34,SSFO34,BDR,CRM (BDR: SSFO34),4.0,C,0.5,C,3.0,OK,186.77,171.74,188.09,203.16,1720819815.65,False,0.0,False,0.0,False,0.0,False,0.0,False,0.0,True,False,0.71,194.94,False,False,False,False,False,False,False,16.908,21.641947,4.4680753,494
XPBR31,XP INC.,BDR,XP (BDR: XPBR31),4.0,C,0.5,C,4.0,Forte,16.68,16.25,18.05,17.91,42088144.37,False,0.0,False,0.0,False,0.0,False,0.0,False,0.0,True,False,0.75,17.44,False,False,False,False,False,False,False,22.944,8.510204,1.8363733,495
NEXT34,NEXT34,BDR,NEE (BDR: NEXT34),3.75,C,0.5,C,3.0,OK,84.6,87.09,88.72,86.9,1323712911.12,False,0.0,False,0.0,False,0.0,False,0.0,True,0.5,False,False,1.36,90.99,False,False,False,False,False,False,False,11.677,19.011236,3.088944,496
A1TM34,A1TM34,BDR,ATO (BDR: A1TM34),3.5,C,0.5,C,3.0,OK,171.98,173.4,176.64,175.02,114085853.83,False,0.0,False,0.0,False,0.0,False,0.0,False,0.0,False,False,0.68,182.64,False,False,False,False,False,False,False,9.6,20.49821,1.9255012,497
QCOM34,QCOM34,BDR,QCOM (BDR: QCOM34),3.5,C,0.5,C,3.0,OK,160.39,192.99,166.79,167.82,1141821858.91,False,0.0,False,0.0,False,0.0,False,0.0,False,0.0,False,False,0.49,196.09,False,False,False,False,False,False,False,33.754003,18.35126,6.129476,498
C1IC34,C1IC34,BDR,CI (BDR: C1IC34),3.5,C,0.5,C,5.0,Forte,275.25,285.69,279.36,277.31,691678477.5,False,0.0,False,0.0,False,0.0,False,0.0,False,0.0,False,False,1.21,305.44,False,False,False,False,False,False,False,16.758,11.383374,1.7254456,499
ULEV34,ULEV34,BDR,UL (BDR: ULEV34),3.5,C,0.5,C,2.0,Fraco,63.66,60.37,61.92,62.92,141106209.26,False,0.0,False,0.0,False,0.0,False,0.0,False,0.0,False,False,0.33,67.45,False,False,False,False,False,False,False,31.868999999999996,21.362415,7.339964,500
HALI34,HALI34,BDR,HAL (BDR: HALI34),3.5,C,0.5,C,4.0,Forte,32.51,35.43,36.04,33.73,266137639.58,False,0.0,False,0.0,False,0.0,False,0.0,False,0.0,False,False,0.68,36.2,False,False,False,False,False,False,False,14.917,17.020943,2.462692,501
C1HR34,C1HR34,BDR,CHRW (BDR: C1HR34),3.5,C,0.5,C,3.0,OK,146.66,183.66,178.44,171.48,347033647.03,False,0.0,False,0.0,False,0.0,False,0.0,False,0.0,False,False,0.72,210.33,False,False,False,False,False,False,False,37.123,27.988552,10.552598,502
K2CG34,K2CG34,BDR,KC (BDR: K2CG34),3.5,C,0.5,C,1.0,Fraco,12.15,10.65,12.89,12.63,11704446.98,False,0.0,False,0.0,False,0.0,False,0.0,False,0.0,False,False,0.52,13.14,False,False,False,False,False,False,False,-13.543999000000001,999.0,2.784986,503
A1PL34,A1PL34,BDR,APLD (BDR: A1PL34),3.5,C,0.5,C,1.0,Fraco,28.86,36.22,33.93,32.53,361168852.82,False,0.0,False,0.0,False,0.0,False,0.0,False,0.0,False,False,0.53,33.56,False,False,False,False,False,False,False,-8.376,999.0,4.837412,504
S2TA34,S2TA34,BDR,STAG (BDR: S2TA34),3.5,C,0.5,C,3.0,OK,36.8,38.64,37.84,37.72,42137471.13,False,0.0,False,0.0,False,0.0,False,0.0,False,0.0,False,False,0.54,42.61,False,False,False,False,False,False,False,6.9759995,28.307693,1.9623526,505
C2EM34,C2EM34,BDR,CX (BDR: C2EM34),3.5,C,0.5,C,2.0,Fraco,11.3,12.4,12.15,11.75,101877434.32,False,0.0,False,0.0,False,0.0,False,0.0,False,0.0,False,False,1.14,13.22,False,False,False,False,False,False,False,4.0149998,999.0,1.3154831,506
COTY34,COTY34,BDR,COTY (BDR: COTY34),3.5,C,0.5,C,1.0,Fraco,2.72,2.28,2.44,2.71,25449079.15,False,0.0,False,0.0,False,0.0,False,0.0,False,0.0,False,False,0.95,2.96,False,False,False,False,False,False,False,-13.938,999.0,0.774267,507
TSNF34,TSNF34,BDR,TSN (BDR: TSNF34),3.5,C,0.5,C,2.0,Fraco,58.54,58.23,61.16,59.4,98953266.17,False,0.0,False,0.0,False,0.0,False,0.0,False,0.0,False,False,0.44,63.03,False,False,False,False,False,False,False,3.263,36.135803,1.1391321,508
RIGG34,RIGG34,BDR,RIG (BDR: RIGG34),3.5,C,0.5,C,2.0,Fraco,5.16,5.44,5.8,5.35,225487106.81,False,0.0,False,0.0,False,0.0,False,0.0,False,0.0,False,False,0.94,5.51,False,False,False,False,False,False,False,-30.049,999.0,0.6972973,509
M1CH34,M1CH34,BDR,MCHP (BDR: M1CH34),3.5,C,0.5,C,2.0,Fraco,74.36,87.52,80.31,75.19,1062566485.12,False,0.0,False,0.0,False,0.0,False,0.0,False,0.0,False,False,1.18,90.85,False,False,False,False,False,False,False,3.405,338.0,6.266644,510
G2WR34,G2WR34,BDR,GWRE (BDR: G2WR34),3.5,C,0.5,C,2.0,Fraco,160.03,136.94,143.52,162.08,136398848.95,False,0.0,False,0.0,False,0.0,False,0.0,False,0.0,False,False,0.76,170.0,False,False,False,False,False,False,False,11.93,86.037636,10.115677,511
I1PC34,I1PC34,BDR,IP (BDR: I1PC34),3.5,C,0.5,C,1.0,Fraco,40.53,37.41,37.66,37.9,141648009.02,False,0.0,False,0.0,False,0.0,False,0.0,False,0.0,False,False,0.54,44.82,False,False,False,False,False,False,False,-16.479,999.0,1.6823012,512
DUOL34,DUOL34,BDR,DUOL (BDR: DUOL34),3.5,C,0.5,C,5.0,Forte,122.58,124.68,119.1,142.61,468377574.1,False,0.0,False,0.0,False,0.0,False,0.0,False,0.0,False,False,3.09,143.8,False,False,False,False,False,False,False,36.960998000000004,14.025172,4.125745,513
E2NP34,E2NP34,BDR,ENPH (BDR: E2NP34),3.5,C,0.5,C,1.0,Fraco,39.67,48.29,43.02,40.09,134007594.34,False,0.0,False,0.0,False,0.0,False,0.0,False,0.0,False,False,0.56,46.59,False,False,False,False,False,False,False,12.995999999999999,39.277225,4.435375,514
E1DU34,E1DU34,BDR,EDU (BDR: E1DU34),3.5,C,0.5,C,4.0,Forte,56.83,48.72,53.09,53.44,35653892.89,False,0.0,False,0.0,False,0.0,False,0.0,False,0.0,False,False,0.52,60.49,False,False,False,False,False,False,False,12.483,18.943335,2.2244403,515
SPCX34,SPCX34,BDR,SPCX (BDR: SPCX34),3.5,C,0.5,C,2.0,Fraco,114.92,142.29,,,28824905188.44,False,0.0,False,0.0,False,0.0,False,0.0,False,0.0,False,False,2.88,153.5,False,False,False,False,False,False,False,0.0,999.0,11.901408,516
R2AR34,R2AR34,BDR,RARE (BDR: R2AR34),3.5,C,0.5,C,1.0,Fraco,25.82,27.56,24.67,26.86,47508076.48,False,0.0,False,0.0,False,0.0,False,0.0,False,0.0,False,False,0.9,34.81,False,False,False,False,False,False,False,0.0,999.0,-10.722591,517
P1RG34,P1RG34,BDR,PRGO (BDR: P1RG34),3.5,C,0.5,C,0.0,Fraco,12.54,10.6,11.46,12.27,53459825.6,False,0.0,False,0.0,False,0.0,False,0.0,False,0.0,False,False,1.21,13.66,False,False,False,False,False,False,False,-48.746,999.0,0.6930474,518
MDTC34,MDTC34,BDR,MDT (BDR: MDTC34),3.0,C,2.0,C,3.0,OK,85.92,81.16,86.5,88.64,326931005.99,False,0.0,False,0.0,False,0.0,False,0.0,False,0.0,True,False,0.52,88.98,False,False,False,False,False,True,False,9.8409995,23.034851,2.2237175,519
F1IS34,F1IS34,BDR,FISV (BDR: F1IS34),3.0,C,0.5,C,1.0,Fraco,54.11,52.07,57.75,61.68,1061125465.61,False,0.0,False,0.0,False,0.0,False,0.0,False,0.0,True,False,2.39,56.63,False,False,False,False,False,False,False,0.0,9.171186,1.1007364,520
L1DO34,L1DO34,BDR,LDOS (BDR: L1DO34),3.0,C,0.5,C,3.0,OK,135.26,114.08,147.95,157.9,215404381.71,False,0.0,False,0.0,False,0.0,False,0.0,False,0.0,True,False,0.98,132.07,False,False,False,False,False,False,False,27.781,12.629318,3.2123687,521
I2NG34,I2NG34,BDR,INGR (BDR: I2NG34),3.0,C,0.5,C,3.0,OK,102.93,99.73,107.38,107.6,102435009.93,False,0.0,False,0.0,False,0.0,False,0.0,False,0.0,True,False,1.37,106.46,False,False,False,False,False,False,False,13.693,9.897116,1.4794958,522
AZOI34,AZOI34,BDR,AZO (BDR: AZOI34),3.0,C,0.5,C,2.0,Fraco,3069.62,3058.1,3382.65,3462.61,317420207.46,False,0.0,False,0.0,False,0.0,False,0.0,False,0.0,True,False,0.71,3172.07,False,False,False,False,False,False,False,0.0,21.121723,-18.044807,523
STOC34,STOC34,BDR,STNE (BDR: STOC34),3.0,C,0.5,C,4.0,Forte,11.08,11.02,11.8,12.25,31144306.43,False,0.0,False,0.0,False,0.0,False,0.0,False,0.0,True,False,0.94,11.55,False,False,False,False,False,False,False,30.7,4.0885606,1.1162797,524
W1BO34,W1BO34,BDR,WB (BDR: W1BO34),3.0,C,0.5,C,3.0,OK,7.88,7.71,8.56,8.85,5128776.87,False,0.0,False,0.0,False,0.0,False,0.0,False,0.0,True,False,0.88,8.29,False,False,False,False,False,False,False,10.436,5.51049,0.48859128,525
ORCL34,ORCL34,BDR,ORCL (BDR: ORCL34),3.0,C,0.5,C,3.0,OK,143.47,160.79,164.43,178.84,3142446822.35,False,0.0,False,0.0,False,0.0,False,0.0,False,0.0,True,False,0.6,148.7,False,False,False,False,False,False,False,53.376000000000005,24.60892,11.002301,526
BABA34,BABA34,BDR,BABA (BDR: BABA34),3.0,C,0.5,C,4.0,Forte,126.81,113.55,132.76,139.23,568249928.59,False,0.0,False,0.0,False,0.0,False,0.0,False,0.0,True,False,0.45,130.99,False,False,False,False,False,False,False,9.2159994,19.449387,1.8801491,527
C1PB34,C1PB34,BDR,CPB (BDR: C1PB34),3.0,C,0.5,C,3.0,OK,22.56,21.87,22.7,24.15,103845437.22,False,0.0,False,0.0,False,0.0,False,0.0,False,0.0,True,False,0.83,23.44,False,False,False,False,False,False,False,15.389,11.058824,1.6690093,528
M1KC34,M1KC34,BDR,MKC (BDR: M1KC34),3.0,C,2.0,C,4.0,Forte,52.28,49.75,54.94,57.37,101797417.86,False,0.0,False,0.0,False,0.0,False,0.0,False,0.0,True,False,0.54,54.1,False,False,False,False,False,True,False,24.728,8.698834,2.0092237,529
B1SX34,B1SX34,BDR,BSX (BDR: B1SX34),3.0,C,0.5,C,5.0,Forte,49.3,45.92,63.44,72.19,1054729902.48,False,0.0,False,0.0,False,0.0,False,0.0,False,0.0,True,False,0.9,49.49,False,False,False,False,False,False,False,15.338999000000001,19.959513,2.8609562,530
P2EG34,P2EG34,BDR,PEGA (BDR: P2EG34),3.0,C,0.5,C,4.0,Forte,31.67,31.63,39.34,44.31,38813580.3,False,0.0,False,0.0,False,0.0,False,0.0,False,0.0,True,False,0.35,33.2,False,False,False,False,False,False,False,54.693000000000005,17.994318,9.28739,531
LBRD34,LBRD34,BDR,LBRDK (BDR: LBRD34),3.0,C,0.5,C,1.0,Fraco,37.04,32.07,42.51,44.27,41507469.51,False,0.0,False,0.0,False,0.0,False,0.0,False,0.0,True,False,0.52,36.12,False,False,False,False,False,False,False,-68.394,999.0,1.4181248,532
MCDC34,MCDC34,BDR,MCD (BDR: MCDC34),3.0,C,0.5,C,2.0,Fraco,276.26,273.89,295.2,297.17,1107152046.84,False,0.0,False,0.0,False,0.0,False,0.0,False,0.0,True,False,0.78,278.7,False,False,False,False,False,False,False,0.0,22.79373,-109.67051,533
PEPB34,PEPB34,BDR,PEP (BDR: PEPB34),3.0,C,0.5,C,4.0,Forte,138.44,140.53,148.7,147.39,933425071.34,False,0.0,False,0.0,False,0.0,False,0.0,False,0.0,True,False,0.83,145.43,False,False,False,False,False,False,False,51.507999999999996,18.16798,8.557829,534
PHGN34,PHGN34,BDR,PHG (BDR: PHGN34),3.0,C,0.5,C,3.0,OK,26.33,26.59,27.23,27.07,21672960.18,False,0.0,False,0.0,False,0.0,False,0.0,False,0.0,True,False,0.44,27.6,False,False,False,False,False,False,False,10.154,20.099237,1.953934,535
U2PW34,U2PW34,BDR,UPWK (BDR: U2PW34),3.0,C,0.5,C,4.0,Forte,9.42,8.84,12.04,13.68,51361052.64,False,0.0,False,0.0,False,0.0,False,0.0,False,0.0,True,False,1.77,9.84,False,False,False,False,False,False,False,18.756,11.62963,2.0433838,536
H1CA34,H1CA34,BDR,HCA (BDR: H1CA34),3.0,C,0.5,C,3.0,OK,408.89,387.85,450.1,455.72,311121549.92,False,0.0,False,0.0,False,0.0,False,0.0,False,0.0,True,False,0.45,421.31,False,False,False,False,False,False,False,0.0,13.711939,-13.717459,537
O2LE34,O2LE34,BDR,OLED (BDR: O2LE34),3.0,C,0.5,C,1.0,Fraco,87.25,84.98,97.33,104.11,66777136.5,False,0.0,False,0.0,False,0.0,False,0.0,False,0.0,True,False,0.87,86.97,False,False,False,False,False,False,False,11.5159996,21.07488,2.3953328,538
I1FO34,I1FO34,BDR,INFY (BDR: I1FO34),3.0,C,0.5,C,5.0,Forte,12.36,11.57,13.43,14.35,361038692.33,False,0.0,False,0.0,False,0.0,False,0.0,False,0.0,True,False,0.98,12.7,False,False,False,False,False,False,False,32.0,15.259259,10.408421,539
A2LC34,A2LC34,BDR,ALC (BDR: A2LC34),3.0,C,0.5,C,2.0,Fraco,69.54,67.49,73.6,74.48,119112146.89,False,0.0,False,0.0,False,0.0,False,0.0,False,0.0,True,False,0.8,71.49,False,False,False,False,False,False,False,3.7100002,41.64072,1.5323931,540
CRIP34,CRIP34,BDR,TCOM (BDR: CRIP34),3.0,C,0.5,C,4.0,Forte,46.24,44.8,52.25,57.06,69984704.94,False,0.0,False,0.0,False,0.0,False,0.0,False,0.0,True,False,0.4,47.48,False,False,False,False,False,False,False,20.143999,6.901493,1.2269534,541
ACNB34,ACNB34,BDR,ACN (BDR: ACNB34),3.0,C,0.5,C,5.0,Forte,171.11,152.59,191.17,206.15,825222124.32,False,0.0,False,0.0,False,0.0,False,0.0,False,0.0,True,False,0.59,176.4,False,False,False,False,False,False,False,24.406,13.677857,3.282938,542
GEHC34,GEHC34,BDR,GEHC (BDR: GEHC34),3.0,C,0.5,C,5.0,Forte,70.31,64.49,71.05,72.95,295381861.9,False,0.0,False,0.0,False,0.0,False,0.0,False,0.0,True,False,0.63,72.04,False,False,False,False,False,False,False,19.375999999999998,16.20046,2.8936536,543
C1AG34,C1AG34,BDR,CAG (BDR: C1AG34),3.0,C,0.5,C,1.0,Fraco,14.85,13.81,15.15,15.49,191481325.17,False,0.0,False,0.0,False,0.0,False,0.0,False,0.0,True,False,0.9,15.52,False,False,False,False,False,False,False,-25.063999999999997,999.0,1.117802,544
C1AB34,C1AB34,BDR,CABO (BDR: C1AB34),3.0,C,0.5,C,1.0,Fraco,44.48,44.16,75.49,88.88,7172889.21,False,0.0,False,0.0,False,0.0,False,0.0,False,0.0,True,False,0.91,45.57,False,False,False,False,False,False,False,-19.869,999.0,0.17061037,545
INTU34,INTU34,BDR,INTU (BDR: INTU34),3.0,C,0.5,C,5.0,Forte,321.91,290.79,391.28,457.13,917936676.56,False,0.0,False,0.0,False,0.0,False,0.0,False,0.0,True,False,0.7,336.94,False,False,False,False,False,False,False,22.496,19.628658,4.279865,546
CHCM34,CHCM34,BDR,CHTR (BDR: CHCM34),3.0,C,0.5,C,3.0,OK,157.44,136.76,182.15,190.15,294500656.09,False,0.0,False,0.0,False,0.0,False,0.0,False,0.0,True,False,0.44,153.59,False,False,False,False,False,False,False,27.201998,4.0967994,1.1077807,547
ROXO34,ROXO34,BDR,NU (BDR: ROXO34),3.0,C,0.5,C,3.0,OK,14.12,13.3,14.71,15.11,602362781.6,False,0.0,False,0.0,False,0.0,False,0.0,False,0.0,True,False,0.62,14.85,False,False,False,False,False,False,False,30.055,21.723078,5.453843,548
INBR32,INTER CO INC,BDR,INTR (BDR: INBR32),3.0,C,0.5,C,4.0,Forte,5.72,5.64,7.31,7.67,44148439.86,False,0.0,False,0.0,False,0.0,False,0.0,False,0.0,True,False,1.98,5.93,False,False,False,False,False,False,False,15.526000000000002,9.079365,1.2647551,549
L1UL34,L1UL34,BDR,LULU (BDR: L1UL34),3.0,C,0.5,C,4.0,Forte,124.73,118.47,149.95,158.23,274841814.02,False,0.0,False,0.0,False,0.0,False,0.0,False,0.0,True,False,0.9,124.82,False,False,False,False,False,False,False,32.027,10.099595,2.9575796,550
CTSH34,CTSH34,BDR,CTSH (BDR: CTSH34),3.0,C,0.5,C,4.0,Forte,56.89,47.89,59.19,63.3,420354345.82,False,0.0,False,0.0,False,0.0,False,0.0,False,0.0,True,False,0.68,57.51,False,False,False,False,False,False,False,14.924000000000001,12.208155,1.7780347,551
MOSC34,MOSC34,BDR,MOS (BDR: MOSC34),3.0,C,0.5,C,1.0,Fraco,23.46,22.22,24.47,24.59,193424408.05,False,0.0,False,0.0,False,0.0,False,0.0,False,0.0,True,False,1.0,23.9,False,False,False,False,False,False,False,-5.0729999999999995,167.57143,0.63171494,552
O1TI34,O1TI34,BDR,OTIS (BDR: O1TI34),3.0,C,0.5,C,3.0,OK,73.83,72.08,79.24,81.44,140983187.45,False,0.0,False,0.0,False,0.0,False,0.0,False,0.0,True,False,0.53,75.91,False,False,False,False,False,False,False,0.0,18.979435,-4.889728,553
M1CB34,M1CB34,BDR,TAP (BDR: M1CB34),3.0,C,0.5,C,3.0,OK,42.41,40.33,43.43,43.76,204617222.66,False,0.0,False,0.0,False,0.0,False,0.0,False,0.0,True,False,1.52,43.62,False,False,False,False,False,False,False,-18.080999000000002,999.0,0.7920441,554
T1SC34,T1SC34,BDR,TSCO (BDR: T1SC34),3.0,C,0.5,C,3.0,OK,34.09,30.77,40.42,43.53,421057080.21,False,0.0,False,0.0,False,0.0,False,0.0,False,0.0,True,False,1.01,33.5,False,False,False,False,False,False,False,39.513,17.755209,6.7840796,555
B1IL34,B1IL34,BDR,BILI (BDR: B1IL34),3.0,C,0.5,C,2.0,Fraco,18.65,17.77,23.39,24.22,38532353.91,False,0.0,False,0.0,False,0.0,False,0.0,False,0.0,True,False,1.07,19.47,False,False,False,False,False,False,False,9.361,37.3,3.376045,556
EIDO39,ISHARES MSCI INDONESIA ETF,BDR,EIDO (BDR: EIDO39),3.0,C,0.5,C,1.0,Fraco,12.61,12.11,14.88,15.67,5942601.05,False,0.0,False,0.0,False,0.0,False,0.0,False,0.0,True,False,0.42,12.76,False,False,False,False,False,False,False,0.0,9.93819,999.0,557
G1LO34,G1LO34,BDR,GLOB (BDR: G1LO34),3.0,C,0.5,C,3.0,OK,37.25,34.35,45.2,49.87,75427599.5,False,0.0,False,0.0,False,0.0,False,0.0,False,0.0,True,False,1.15,38.97,False,False,False,False,False,False,False,5.204000000000001,14.781746,0.7560996,558
T1LK34,T1LK34,BDR,TLK (BDR: T1LK34),3.0,C,0.5,C,5.0,Forte,14.98,14.44,16.69,17.35,8226641.25,False,0.0,False,0.0,False,0.0,False,0.0,False,0.0,True,False,0.65,15.38,False,False,False,False,False,False,False,17.683001,15.131312,0.010820596,559
B2AH34,B2AH34,BDR,BAH (BDR: B2AH34),3.0,C,0.5,C,2.0,Fraco,73.93,69.68,77.39,79.36,112779106.52,False,0.0,False,0.0,False,0.0,False,0.0,False,0.0,True,False,0.56,76.2,False,False,False,False,False,False,False,68.637,11.605966,7.3981786,560
D2OX34,D2OX34,BDR,DOX (BDR: D2OX34),3.0,C,0.5,C,4.0,Forte,59.12,54.6,64.0,67.46,105391212.02,False,0.0,False,0.0,False,0.0,False,0.0,False,0.0,True,False,1.34,57.36,False,False,False,False,False,False,False,15.858,11.800399,1.8556765,561
STZB34,STZB34,BDR,STZ (BDR: STZB34),3.0,C,0.5,C,3.0,OK,132.52,135.71,146.31,143.05,217894161.74,False,0.0,False,0.0,False,0.0,False,0.0,False,0.0,True,False,0.84,138.66,False,False,False,False,False,False,False,23.69,12.620953,2.7524042,562
P1DD34,P1DD34,BDR,PDD (BDR: P1DD34),3.0,C,0.5,C,4.0,Forte,90.85,83.66,96.55,103.08,352231076.78,False,0.0,False,0.0,False,0.0,False,0.0,False,0.0,True,False,0.65,92.15,False,False,False,False,False,False,False,25.4,9.503138,2.0403874,563
P2AX34,P2AX34,BDR,PAX (BDR: P2AX34),3.0,C,0.5,C,2.0,Fraco,11.23,11.17,12.51,13.06,7596095.22,False,0.0,False,0.0,False,0.0,False,0.0,False,0.0,True,False,0.49,11.69,False,False,False,False,False,False,False,12.885,24.955555,3.218687,564
S2RE34,S2RE34,BDR,ASR (BDR: S2RE34),3.0,C,0.5,C,5.0,Forte,277.63,288.56,314.5,311.45,20815309.62,False,0.0,False,0.0,False,0.0,False,0.0,False,0.0,True,False,1.0,289.28,False,False,False,False,False,False,False,22.775999,14.744026,3.4679935,565
U1HS34,U1HS34,BDR,UHS (BDR: U1HS34),3.0,C,0.5,C,5.0,Forte,169.72,151.95,179.3,190.71,73360112.77,False,0.0,False,0.0,False,0.0,False,0.0,False,0.0,True,False,0.34,176.03,False,False,False,False,False,False,False,20.948,6.927347,1.3475189,566
TMCO34,TMCO34,BDR,TM (BDR: TMCO34),3.0,C,0.5,C,3.0,OK,187.49,178.72,202.96,203.46,67979376.23,False,0.0,False,0.0,False,0.0,False,0.0,False,0.0,True,False,0.76,195.85,False,False,False,False,False,False,False,12.404,8.403855,15.419373,567
Z1TS34,Z1TS34,BDR,ZTS (BDR: Z1TS34),3.0,C,0.5,C,4.0,Forte,77.27,76.47,102.19,107.89,1261841067.13,False,0.0,False,0.0,False,0.0,False,0.0,False,0.0,True,False,2.76,80.17,False,False,False,False,False,False,False,67.74799999999999,12.6672125,9.857124,568
ATTB34,ATTB34,BDR,T (BDR: ATTB34),2.5,C,0.5,C,4.0,Forte,23.71,22.53,24.74,24.6,1052689485.01,False,0.0,False,0.0,False,0.0,False,0.0,False,0.0,False,False,0.66,25.32,False,False,False,False,False,False,False,18.339,7.8250823,1.4767065,569
BAER39,ISHARES US AEROSPACE & DEFENSE ETF,BDR,BAER (BDR: BAER39),2.5,C,0.5,C,0.0,Fraco,1.69,1.93,2.15,2.05,3737217.12,False,0.0,False,0.0,False,0.0,False,0.0,False,0.0,False,False,2.21,2.07,False,False,False,False,False,False,False,-31.619000000000003,999.0,-0.25578934,570
L2RN34,L2RN34,BDR,LRN (BDR: L2RN34),2.5,C,0.5,C,4.0,Forte,80.0,89.19,86.52,84.27,105592800.0,False,0.0,False,0.0,False,0.0,False,0.0,False,0.0,False,False,0.9,98.34,False,False,False,False,False,False,False,21.735,11.204482,2.0415454,571
E1RI34,E1RI34,BDR,ERIC (BDR: E1RI34),2.5,C,0.5,C,3.0,OK,10.16,11.13,11.16,10.75,107066423.83,False,0.0,False,0.0,False,0.0,False,0.0,False,0.0,False,False,0.72,11.83,False,False,False,False,False,False,False,26.077,13.194805,0.32996655,572
A1ZN34,A1ZN34,BDR,AZN (BDR: A1ZN34),2.5,C,0.5,C,4.0,Forte,161.07,176.85,186.79,183.81,353916872.11,False,0.0,False,0.0,False,0.0,False,0.0,False,0.0,False,False,0.43,180.21,False,False,False,False,False,False,False,21.965,24.076235,4.9671574,573
P1UK34,P1UK34,BDR,PUK (BDR: P1UK34),2.5,C,0.5,C,5.0,Forte,27.88,27.91,29.62,29.36,44848575.17,False,0.0,False,0.0,False,0.0,False,0.0,False,0.0,False,False,1.38,31.0,False,False,False,False,False,False,False,20.577998,9.081433,7.017367,574
S1NP34,S1NP34,BDR,SNPS (BDR: S1NP34),2.5,C,0.5,C,2.0,Fraco,405.98,436.9,451.88,448.65,600476914.65,False,0.0,False,0.0,False,0.0,False,0.0,False,0.0,False,False,0.73,453.91,False,False,False,False,False,False,False,3.8240000000000003,93.32874,2.5501096,575
MELI34,MELI34,BDR,MELI (BDR: MELI34),2.5,C,0.5,C,2.0,Fraco,1830.0,1745.24,1822.13,1888.79,2131131990.0,False,0.0,False,0.0,False,0.0,False,0.0,False,0.0,False,False,3.0,1944.99,False,False,False,False,False,False,False,31.258000000000003,48.183254,12.742224,576
WALM34,WALM34,BDR,WMT (BDR: WALM34),2.5,C,0.5,C,4.0,Forte,112.07,114.75,121.15,117.77,2330279908.9,False,0.0,False,0.0,False,0.0,False,0.0,False,0.0,False,False,0.89,118.09,False,False,False,False,False,False,False,24.132,39.46127,9.458981,577
BKCH39,GLOBAL X BLOCKCHAIN ETF,BDR,BKCH (BDR: BKCH39),2.5,C,0.5,C,1.0,Fraco,64.15,75.82,72.35,74.81,2031823.0,False,0.0,False,0.0,False,0.0,False,0.0,False,0.0,False,False,0.85,74.25,False,False,False,False,False,False,False,0.0,13.034113,999.0,578
V1RS34,V1RS34,BDR,VRSK (BDR: V1RS34),2.5,C,0.5,C,1.0,Fraco,189.75,186.91,190.05,197.48,313630944.0,False,0.0,False,0.0,False,0.0,False,0.0,False,0.0,False,False,0.88,226.08,False,False,False,False,False,False,False,0.0,29.147465,-21.289127,579
YUMR34,YUMR34,BDR,YUM (BDR: YUMR34),2.5,C,0.5,C,3.0,OK,152.28,153.44,155.58,153.38,268674606.73,False,0.0,False,0.0,False,0.0,False,0.0,False,0.0,False,False,0.71,167.54,False,False,False,False,False,False,False,0.0,19.17884,-5.770805,580
G2DD34,G2DD34,BDR,GDDY (BDR: G2DD34),2.5,C,0.5,C,4.0,Forte,90.35,86.9,90.17,99.79,181629969.48,False,0.0,False,0.0,False,0.0,False,0.0,False,0.0,False,False,0.78,106.0,False,False,False,False,False,False,False,442.861,13.424963,1704.7169,581
S2GM34,S2GM34,BDR,SGML (BDR: S2GM34),2.5,C,0.5,C,1.0,Fraco,10.78,12.44,14.12,12.83,12287636.6,False,0.0,False,0.0,False,0.0,False,0.0,False,0.0,False,False,0.7,12.26,False,False,False,False,False,False,False,-49.056998,999.0,16.584616,582
C2RN34,C2RN34,BDR,CRNC (BDR: C2RN34),2.5,C,0.5,C,0.0,Fraco,9.02,10.21,9.42,9.74,6342548.62,False,0.0,False,0.0,False,0.0,False,0.0,False,0.0,False,False,1.07,10.66,False,False,False,False,False,False,False,-12.765999,999.0,2.5698006,583
ORBX39,ORBX39,BDR,ORBX (BDR: ORBX39),2.5,C,0.5,C,0.0,Fraco,43.58,51.35,53.69,,1269834.09,False,0.0,False,0.0,False,0.0,False,0.0,False,0.0,False,False,1.25,49.32,False,False,False,False,False,False,False,0.0,999.0,999.0,584
RGTI34,RGTI34,BDR,RGTI (BDR: RGTI34),2.5,C,0.5,C,2.0,Fraco,16.53,18.68,18.51,21.27,367951401.64,False,0.0,False,0.0,False,0.0,False,0.0,False,0.0,False,False,1.06,17.72,False,False,False,False,False,False,False,-57.092,999.0,9.41344,585
S2NA34,S2NA34,BDR,SNAP (BDR: S2NA34),2.5,C,0.5,C,1.0,Fraco,5.22,4.98,5.53,6.12,144371079.32,False,0.0,False,0.0,False,0.0,False,0.0,False,0.0,False,False,0.58,5.82,False,False,False,False,False,False,False,-15.576,999.0,4.250814,586
T1OW34,T1OW34,BDR,AMT (BDR: T1OW34),2.5,C,0.5,C,3.0,OK,171.2,174.97,175.88,175.75,437997216.19,False,0.0,False,0.0,False,0.0,False,0.0,False,0.0,False,False,0.66,180.37,False,False,False,False,False,False,False,33.914003,27.612904,21.445572,587
C1NS34,C1NS34,BDR,CE (BDR: C1NS34),2.5,C,0.5,C,1.0,Fraco,43.95,48.48,53.35,50.11,126610854.55,False,0.0,False,0.0,False,0.0,False,0.0,False,0.0,False,False,1.17,49.63,False,False,False,False,False,False,False,-22.192,999.0,1.1580722,588
QUBT34,QUBT34,BDR,QUBT (BDR: QUBT34),2.5,C,0.5,C,2.0,Fraco,8.77,9.39,9.25,10.09,50013031.35,False,0.0,False,0.0,False,0.0,False,0.0,False,0.0,False,False,0.64,9.35,False,False,False,False,False,False,False,-4.367999999999999,999.0,1.2388817,589
S2UI34,S2UI34,BDR,SUI (BDR: S2UI34),2.5,C,0.5,C,2.0,Fraco,120.32,121.31,124.69,123.99,56706214.26,False,0.0,False,0.0,False,0.0,False,0.0,False,0.0,False,False,0.2,128.13,False,False,False,False,False,False,False,1.722,152.30379,2.670573,590
WUNI34,WUNI34,BDR,WU (BDR: WUNI34),2.5,C,0.5,C,2.0,Fraco,7.16,7.66,8.45,8.42,50378582.33,False,0.0,False,0.0,False,0.0,False,0.0,False,0.0,False,False,0.39,8.95,False,False,False,False,False,False,False,43.974999999999994,5.7741933,2.4587913,591
C2HP34,C2HP34,BDR,CHPT (BDR: C2HP34),2.5,C,0.5,C,1.0,Fraco,5.88,6.38,6.22,6.9,1797886.47,False,0.0,False,0.0,False,0.0,False,0.0,False,0.0,False,False,0.8,6.59,False,False,False,False,False,False,False,-376.815,999.0,-16.752136,592
L1EG34,L1EG34,BDR,LEG (BDR: L1EG34),2.5,C,0.5,C,2.0,Fraco,9.6,10.72,10.89,10.66,20934461.63,False,0.0,False,0.0,False,0.0,False,0.0,False,0.0,False,False,1.2,11.54,False,False,False,False,False,False,False,25.155002,5.9627333,1.2603388,593
VFCO34,VFCO34,BDR,VFC (BDR: VFCO34),2.5,C,0.5,C,1.0,Fraco,14.75,16.67,17.91,17.53,102917756.25,False,0.0,False,0.0,False,0.0,False,0.0,False,0.0,False,False,0.61,18.26,False,False,False,False,False,False,False,22.092,21.376812,1.560186,594
N1GG34,N1GG34,BDR,NGG (BDR: N1GG34),2.5,C,0.5,C,3.0,OK,80.41,81.76,83.38,80.98,49731979.06,False,0.0,False,0.0,False,0.0,False,0.0,False,0.0,False,False,0.79,85.02,False,False,False,False,False,False,False,8.405999999999999,18.275,9.082508,595
NFLX34,NFLX34,BDR,NFLX (BDR: NFLX34),2.0,C,0.5,C,4.0,Forte,73.69,75.93,85.48,90.37,2121156845.82,False,0.0,False,0.0,False,0.0,False,0.0,False,0.0,True,False,0.7,75.7,False,False,False,False,False,False,False,49.541000000000004,23.172956,10.176771,596
B1NT34,B1NT34,BDR,BNTX (BDR: B1NT34),2.0,C,0.5,C,1.0,Fraco,91.19,91.37,97.31,97.97,104150837.49,False,0.0,False,0.0,False,0.0,False,0.0,False,0.0,True,False,1.09,94.62,False,False,False,False,False,False,False,-9.300999000000001,999.0,1.1281402,597
BIPC39,ISHARES CORE MSCI PACIFIC ETF,BDR,BIPC (BDR: BIPC39),1.75,C,0.5,C,2.0,Fraco,39.63,40.34,42.21,42.74,52566184.54,False,0.0,False,0.0,False,0.0,False,0.0,True,0.5,False,False,1.02,45.23,False,False,False,False,False,False,False,17.157,999.0,-3.1653354,598
R1SG34,R1SG34,BDR,RSG (BDR: R1SG34),1.5,C,0.5,C,3.0,OK,209.59,212.17,213.77,213.18,233624309.99,False,0.0,False,0.0,False,0.0,False,0.0,False,0.0,False,False,0.77,228.22,False,False,False,False,False,False,False,18.346001,30.02722,5.3884716,599
A2SO34,A2SO34,BDR,ASO (BDR: A2SO34),1.5,C,0.5,C,5.0,Forte,47.35,49.06,53.54,52.25,55590271.36,False,0.0,False,0.0,False,0.0,False,0.0,False,0.0,False,False,1.03,51.88,False,False,False,False,False,False,False,18.847998999999998,8.365725,1.417792,600
N1IC34,N1IC34,BDR,NICE (BDR: N1IC34),1.5,C,0.5,C,3.0,OK,97.11,94.22,104.28,107.56,80406594.96,False,0.0,False,0.0,False,0.0,False,0.0,False,0.0,False,False,1.13,105.84,False,False,False,False,False,False,False,11.331,14.135371,37.79658,601
R1YA34,R1YA34,BDR,RYAAY (BDR: R1YA34),1.5,C,0.5,C,4.0,Forte,60.55,61.2,62.37,63.17,28245000.34,False,0.0,False,0.0,False,0.0,False,0.0,False,0.0,False,False,0.34,67.59,False,False,False,False,False,False,False,22.408001,14.696602,2.8777256,602
BIDU34,BIDU34,BDR,BIDU (BDR: BIDU34),1.5,C,0.5,C,1.0,Fraco,109.33,114.92,126.43,125.37,160548593.1,False,0.0,False,0.0,False,0.0,False,0.0,False,0.0,False,False,0.75,119.44,False,False,False,False,False,False,False,0.319,999.0,0.93403447,603
E2PA34,E2PA34,BDR,EPAM (BDR: E2PA34),1.5,C,0.5,C,4.0,Forte,93.07,91.95,130.67,144.38,330447919.09,False,0.0,False,0.0,False,0.0,False,0.0,False,0.0,False,False,1.79,113.0,False,False,False,False,False,False,False,10.932,13.391367,1.4310535,604
S1PO34,S1PO34,BDR,SPOT (BDR: S1PO34),1.5,C,0.5,C,3.0,OK,475.07,484.47,489.49,519.92,599359247.85,False,0.0,False,0.0,False,0.0,False,0.0,False,0.0,False,False,0.53,528.09,False,False,False,False,False,False,False,44.484,25.93177,10.56451,605
I1DX34,I1DX34,BDR,IDXX (BDR: I1DX34),1.5,C,0.5,C,4.0,Forte,590.0,559.25,594.48,619.41,377233610.0,False,0.0,False,0.0,False,0.0,False,0.0,False,0.0,False,False,0.89,624.15,False,False,False,False,False,False,False,74.211,41.520058,30.043793,606
M1LC34,M1LC34,BDR,MLCO (BDR: M1LC34),1.5,C,0.5,C,3.0,OK,5.52,5.5,5.77,6.44,10329145.4,False,0.0,False,0.0,False,0.0,False,0.0,False,0.0,False,False,1.26,5.84,False,False,False,False,False,False,False,0.0,9.5172415,-1.7579618,607
L1HX34,L1HX34,BDR,LHX (BDR: L1HX34),1.5,C,0.5,C,2.0,Fraco,289.53,295.72,324.32,314.38,294672630.62,False,0.0,False,0.0,False,0.0,False,0.0,False,0.0,False,False,0.51,308.89,False,False,False,False,False,False,False,0.0,29.245455,2.8169603,608
S1RP34,S1RP34,BDR,SRPT (BDR: S1RP34),1.5,C,0.5,C,1.0,Fraco,16.78,16.89,18.82,19.29,73227956.56,False,0.0,False,0.0,False,0.0,False,0.0,False,0.0,False,False,1.4,20.88,False,False,False,False,False,False,False,4.914000000000001,999.0,1.5441245,609
B1RF34,B1RF34,BDR,BR (BDR: B1RF34),1.5,C,0.5,C,4.0,Forte,164.75,148.05,166.16,180.45,161778898.5,False,0.0,False,0.0,False,0.0,False,0.0,False,0.0,False,False,0.82,176.94,False,False,False,False,False,False,False,40.916002,17.179354,6.7623034,610
X1YL34,X1YL34,BDR,XYL (BDR: X1YL34),1.5,C,0.5,C,3.0,OK,120.76,115.86,122.32,127.21,109483916.18,False,0.0,False,0.0,False,0.0,False,0.0,False,0.0,False,False,0.41,127.16,False,False,False,False,False,False,False,9.182999,28.684086,2.5622745,611
I2ND34,I2ND34,BDR,INDI (BDR: I2ND34),1.5,C,0.5,C,1.0,Fraco,3.43,4.05,3.77,3.91,23857694.74,False,0.0,False,0.0,False,0.0,False,0.0,False,0.0,False,False,1.24,4.73,False,False,False,False,False,False,False,-41.160000000000004,999.0,2.2100515,612
C2OI34,C2OI34,BDR,COIN (BDR: C2OI34),1.5,C,0.5,C,1.0,Fraco,145.41,161.2,183.89,208.67,844878943.3,False,0.0,False,0.0,False,0.0,False,0.0,False,0.0,False,False,0.71,181.49,False,False,False,False,False,False,False,-7.8469999999999995,999.0,2.9325402,613
I1CE34,I1CE34,BDR,ICE (BDR: I1CE34),1.5,C,0.5,C,3.0,OK,149.75,139.99,153.56,153.79,403231974.75,False,0.0,False,0.0,False,0.0,False,0.0,False,0.0,False,False,0.54,158.55,False,False,False,False,False,False,False,14.094000000000001,21.121298,2.8753288,614
C1CI34,C1CI34,BDR,CCI (BDR: C1CI34),1.5,C,0.5,C,0.0,Fraco,74.92,81.83,84.14,85.08,382157395.82,False,0.0,False,0.0,False,0.0,False,0.0,False,0.0,False,False,0.9,80.82,False,False,False,False,False,False,False,0.0,30.57959,-9.760291,615
C2RS34,C2RS34,BDR,CRSP (BDR: C2RS34),1.5,C,0.5,C,2.0,Fraco,51.64,52.34,52.5,53.68,52819560.26,False,0.0,False,0.0,False,0.0,False,0.0,False,0.0,False,False,0.64,60.5,False,False,False,False,False,False,False,-26.095000000000002,999.0,2.5767176,616
G1MI34,G1MI34,BDR,GIS (BDR: G1MI34),1.5,C,0.5,C,1.0,Fraco,36.07,35.06,37.7,39.49,264226310.08,False,0.0,False,0.0,False,0.0,False,0.0,False,0.0,False,False,0.77,39.56,False,False,False,False,False,False,False,-1.028,999.0,3.4836779,617
G1DS34,G1DS34,BDR,GDS (BDR: G1DS34),1.5,C,0.5,C,3.0,OK,31.84,32.58,39.17,37.88,30178143.18,False,0.0,False,0.0,False,0.0,False,0.0,False,0.0,False,False,0.56,34.09,False,False,False,False,False,False,False,10.0109994,18.729412,1.4698033,618
MKLC34,MKLC34,BDR,MKL (BDR: MKLC34),1.5,C,0.5,C,4.0,Forte,1871.33,1900.86,1949.19,1974.12,67476415.56,False,0.0,False,0.0,False,0.0,False,0.0,False,0.0,False,False,0.47,2054.37,False,False,False,False,False,False,False,12.4639995,10.325719,1.2218688,619
C1MG34,C1MG34,BDR,CMG (BDR: C1MG34),1.5,C,0.5,C,2.0,Fraco,33.71,32.97,34.77,34.8,473043146.9,False,0.0,False,0.0,False,0.0,False,0.0,False,0.0,False,False,0.64,39.09,False,False,False,False,False,False,False,49.560001,31.212961,19.429394,620
T2YL34,T2YL34,BDR,TYL (BDR: T2YL34),1.5,C,0.5,C,3.0,OK,306.33,304.75,339.0,371.79,205703955.61,False,0.0,False,0.0,False,0.0,False,0.0,False,0.0,False,False,0.66,348.62,False,False,False,False,False,False,False,9.731,40.30658,4.128214,621
W1SO34,W1SO34,BDR,WSO (BDR: W1SO34),1.5,C,0.5,C,3.0,OK,321.02,372.2,384.51,373.79,172478582.76,False,0.0,False,0.0,False,0.0,False,0.0,False,0.0,False,False,0.81,396.68,False,False,False,False,False,False,False,16.744,28.58593,4.094486,622
B2LN34,B2LN34,BDR,BL (BDR: B2LN34),1.5,C,0.5,C,2.0,Fraco,30.0,29.06,35.44,40.65,55281630.0,False,0.0,False,0.0,False,0.0,False,0.0,False,0.0,False,False,1.73,33.4,False,False,False,False,False,False,False,7.0300005,53.57143,5.8015857,623
D1XC34,D1XC34,BDR,DXC (BDR: D1XC34),1.5,C,0.5,C,2.0,Fraco,11.09,9.57,11.59,12.15,30671047.83,False,0.0,False,0.0,False,0.0,False,0.0,False,0.0,False,False,0.54,11.94,False,False,False,False,False,False,False,4.025,14.986486,0.5836535,624
S2TW34,S2TW34,BDR,STWD (BDR: S2TW34),1.5,C,0.5,C,2.0,Fraco,15.93,16.45,16.86,16.85,161599132.21,False,0.0,False,0.0,False,0.0,False,0.0,False,0.0,False,False,2.46,17.19,False,False,False,False,False,False,False,5.3000003,16.768421,0.8860337,625
Z2LL34,Z2LL34,BDR,Z (BDR: Z2LL34),1.5,C,0.5,C,3.0,OK,33.43,33.2,43.71,50.88,380759111.97,False,0.0,False,0.0,False,0.0,False,0.0,False,0.0,False,False,3.18,36.84,False,False,False,False,False,False,False,1.332,133.72,1.6458251,626
T1RI34,T1RI34,BDR,TRIP (BDR: T1RI34),1.5,C,0.5,C,0.0,Fraco,10.42,13.16,11.93,12.73,116040173.91,False,0.0,False,0.0,False,0.0,False,0.0,False,0.0,False,False,3.88,15.15,False,False,False,False,False,False,False,2.937,94.72727,1.9429424,627
GROP31,BRAZIL POTASH CORP.,BDR,GRO (BDR: GROP31),1.5,C,0.5,C,1.0,Fraco,2.13,2.21,2.66,2.55,201840.94,False,0.0,False,0.0,False,0.0,False,0.0,False,0.0,False,False,0.7,2.42,False,False,False,False,False,False,False,-35.457,999.0,0.78424156,628
P2CF34,P2CF34,BDR,PAC (BDR: P2CF34),1.5,C,0.5,C,2.0,Fraco,222.11,233.56,249.39,245.32,27183598.75,False,0.0,False,0.0,False,0.0,False,0.0,False,0.0,False,False,0.73,238.5,False,False,False,False,False,False,False,28.030002,20.914312,629.5467,629
W1IX34,W1IX34,BDR,WIX (BDR: W1IX34),1.5,C,0.5,C,1.0,Fraco,60.88,51.02,69.57,81.23,65866925.48,False,0.0,False,0.0,False,0.0,False,0.0,False,0.0,False,False,0.53,68.32,False,False,False,False,False,False,False,0.0,999.0,-24.869282,630
A1RE34,A1RE34,BDR,ARE (BDR: A1RE34),1.5,C,0.5,C,1.0,Fraco,48.48,50.73,49.42,50.04,53460883.18,False,0.0,False,0.0,False,0.0,False,0.0,False,0.0,False,False,0.52,55.74,False,False,False,False,False,False,False,-4.0760003000000005,999.0,0.53214496,631
I1QY34,I1QY34,BDR,IQ (BDR: I1QY34),1.5,C,0.5,C,0.0,Fraco,1.29,1.12,1.4,1.58,5075738.34,False,0.0,False,0.0,False,0.0,False,0.0,False,0.0,False,False,0.61,1.37,False,False,False,False,False,False,False,-5.125,999.0,0.6433687,632
F1NI34,F1NI34,BDR,FIS (BDR: F1NI34),1.5,C,0.5,C,3.0,OK,42.81,41.13,47.01,51.27,192638199.39,False,0.0,False,0.0,False,0.0,False,0.0,False,0.0,False,False,0.55,47.0,False,False,False,False,False,False,False,22.348000000000003,6.576037,1.3853024,633
IBMB34,IBMB34,BDR,IBM (BDR: IBMB34),1.5,C,0.5,C,2.0,Fraco,233.43,259.4,256.81,267.4,722171705.54,False,0.0,False,0.0,False,0.0,False,0.0,False,0.0,False,False,0.32,298.77,False,False,False,False,False,False,False,34.460998,20.749332,6.3834496,634
H1HH34,H1HH34,BDR,HHH (BDR: H1HH34),1.5,C,0.5,C,1.0,Fraco,68.05,67.97,69.89,73.2,33057602.68,False,0.0,False,0.0,False,0.0,False,0.0,False,0.0,False,False,1.3,73.75,False,False,False,False,False,False,False,3.612,31.799065,1.0637301,635
A1PP34,A1PP34,BDR,APP (BDR: A1PP34),1.5,C,0.5,C,3.0,OK,335.67,482.93,477.75,516.19,5078571161.34,False,0.0,False,0.0,False,0.0,False,0.0,False,0.0,False,False,2.1,534.03,False,False,False,False,False,False,False,266.444,25.840649,47.761814,636
B1BW34,B1BW34,BDR,BBWI (BDR: B1BW34),1.5,C,0.5,C,2.0,Fraco,20.14,20.21,20.19,20.29,89215524.82,False,0.0,False,0.0,False,0.0,False,0.0,False,0.0,False,False,0.96,21.8,False,False,False,False,False,False,False,0.0,5.721591,-3.5728223,637
V1ST34,V1ST34,BDR,VST (BDR: V1ST34),1.5,C,0.5,C,2.0,Fraco,141.38,155.42,157.57,162.19,649559970.31,False,0.0,False,0.0,False,0.0,False,0.0,False,0.0,False,False,0.9,169.76,False,False,False,False,False,False,False,42.897999999999996,23.681744,15.314125,638
W1HR34,W1HR34,BDR,WHR (BDR: W1HR34),1.5,C,0.5,C,1.0,Fraco,43.0,39.51,56.14,60.11,119002328.0,False,0.0,False,0.0,False,0.0,False,0.0,False,0.0,False,False,0.97,47.1,False,False,False,False,False,False,False,5.933,14.144737,0.7390221,639
T1DG34,T1DG34,BDR,TDG (BDR: T1DG34),1.5,C,0.5,C,2.0,Fraco,1262.07,1268.22,1268.43,1280.88,602200461.08,False,0.0,False,0.0,False,0.0,False,0.0,False,0.0,False,False,1.02,1359.27,False,False,False,False,False,False,False,0.0,38.244545,-7.513484,640
BEEM39,ISHARES MSCI EMERGING MARKETS ETF,BDR,BEEM (BDR: BEEM39),0.5,C,0.5,C,1.0,Fraco,1.12,1.21,1.48,1.62,222742.24,False,0.0,False,0.0,False,0.0,False,0.0,False,0.0,False,False,0.63,1.23,False,False,False,False,False,False,False,-76.07599499999999,999.0,1.0991167,641
D2KN34,D2KN34,BDR,DKNG (BDR: D2KN34),0.5,C,0.5,C,1.0,Fraco,22.17,25.33,25.71,27.39,554887478.09,False,0.0,False,0.0,False,0.0,False,0.0,False,0.0,False,False,2.09,27.52,False,False,False,False,False,False,False,7.936,246.33333,18.17213,642
S2MP34,S2MP34,BDR,SMPL (BDR: S2MP34),0.5,C,0.5,C,1.0,Fraco,11.17,11.93,14.27,15.68,19558189.82,False,0.0,False,0.0,False,0.0,False,0.0,False,0.0,False,False,0.67,15.09,False,False,False,False,False,False,False,-12.197,999.0,0.6966012,643
M2ST34,M2ST34,BDR,MSTR (BDR: M2ST34),0.5,C,0.5,C,2.0,Fraco,96.85,107.42,135.83,153.92,968017768.6,False,0.0,False,0.0,False,0.0,False,0.0,False,0.0,False,False,0.66,104.6,False,False,False,False,False,False,False,-63.562,999.0,1.165239,644
H2UB34,H2UB34,BDR,HUBS (BDR: H2UB34),0.5,C,0.5,C,2.0,Fraco,202.43,207.55,240.88,282.08,1735734352.76,False,0.0,False,0.0,False,0.0,False,0.0,False,0.0,False,False,4.56,257.97,False,False,False,False,False,False,False,5.011,72.296425,5.266951,645
A1IV34,A1IV34,BDR,AIV (BDR: A1IV34),0.5,C,0.5,C,0.0,Fraco,2.65,2.83,2.93,2.93,1679336.86,False,0.0,False,0.0,False,0.0,False,0.0,False,0.0,False,False,0.86,2.86,False,False,False,False,False,False,False,9.6499994,22.083334,1.0263362,646
P2LN34,P2LN34,BDR,PLNT (BDR: P2LN34),0.5,C,0.5,C,3.0,OK,51.21,52.72,70.03,78.65,267233798.33,False,0.0,False,0.0,False,0.0,False,0.0,False,0.0,False,False,2.7,57.4,False,False,False,False,False,False,False,0.0,18.487364,-8.403348,647
U1BE34,U1BE34,BDR,UBER (BDR: U1BE34),0.5,C,0.5,C,5.0,Forte,70.47,71.66,74.58,78.12,2196802150.18,False,0.0,False,0.0,False,0.0,False,0.0,False,0.0,False,False,1.42,76.3,False,False,False,False,False,False,False,37.16,15.453948,5.798091,648
C1GP34,C1GP34,BDR,CSGP (BDR: C1GP34),0.5,C,0.5,C,3.0,OK,29.58,30.41,40.89,47.89,206601686.95,False,0.0,False,0.0,False,0.0,False,0.0,False,0.0,False,False,0.78,31.4,False,False,False,False,False,False,False,0.894,164.33333,1.5095688,649
P2OD34,P2OD34,BDR,PODD (BDR: P2OD34),0.5,C,0.5,C,4.0,Forte,139.3,155.06,200.87,228.87,452470787.41,False,0.0,False,0.0,False,0.0,False,0.0,False,0.0,False,False,1.74,172.92,False,False,False,False,False,False,False,26.016000000000002,26.135086,6.7875066,650
H1DB34,H1DB34,BDR,HDB (BDR: H1DB34),0.5,C,0.5,C,3.0,OK,23.77,24.66,27.56,29.73,101513851.62,False,0.0,False,0.0,False,0.0,False,0.0,False,0.0,False,False,0.46,26.88,False,False,False,False,False,False,False,13.838000000000001,16.506945,9.566153,651
M2PT34,M2PT34,BDR,MPT (BDR: M2PT34),0.5,C,0.5,C,1.0,Fraco,4.6,4.72,4.91,4.91,17670508.63,False,0.0,False,0.0,False,0.0,False,0.0,False,0.0,False,False,0.82,4.93,False,False,False,False,False,False,False,-2.6819998000000003,999.0,0.6050243,652
F2VR34,F2VR34,BDR,FVRR (BDR: F2VR34),0.5,C,0.5,C,3.0,OK,9.2,10.47,11.94,14.25,5376507.49,False,0.0,False,0.0,False,0.0,False,0.0,False,0.0,False,False,0.47,11.95,False,False,False,False,False,False,False,7.132,11.358025,0.7640561,653
F1MC34,F1MC34,BDR,FMC (BDR: F1MC34),0.5,C,0.5,C,0.0,Fraco,10.55,11.43,13.74,14.29,27856895.7,False,0.0,False,0.0,False,0.0,False,0.0,False,0.0,False,False,0.57,12.15,False,False,False,False,False,False,False,-88.376,999.0,0.8071303,654
M2PM34,M2PM34,BDR,MP (BDR: M2PM34),0.5,C,0.5,C,2.0,Fraco,47.49,53.38,57.97,58.38,361013673.88,False,0.0,False,0.0,False,0.0,False,0.0,False,0.0,False,False,1.07,54.3,False,False,False,False,False,False,False,-4.167,999.0,4.2891984,655
L1VS34,L1VS34,BDR,LVS (BDR: L1VS34),0.5,C,0.5,C,2.0,Fraco,46.11,47.66,52.51,55.07,162192203.81,False,0.0,False,0.0,False,0.0,False,0.0,False,0.0,False,False,0.51,49.76,False,False,False,False,False,False,False,122.869,17.872093,51.404682,656
N1CL34,N1CL34,BDR,NCLH (BDR: N1CL34),0.5,C,0.5,C,4.0,Forte,19.37,19.56,20.14,20.22,191177007.67,False,0.0,False,0.0,False,0.0,False,0.0,False,0.0,False,False,0.52,21.27,False,False,False,False,False,False,False,36.730000000000004,11.739394,3.4570765,657
C1HK34,C1HK34,BDR,CHKP (BDR: C1HK34),0.5,C,0.5,C,5.0,Forte,125.28,130.59,146.06,157.66,89852694.32,False,0.0,False,0.0,False,0.0,False,0.0,False,0.0,False,False,0.44,140.73,False,False,False,False,False,False,False,37.639,12.849231,4.7097745,658
A1GT34,A1GT34,BDR,AGNT (BDR: A1GT34),0.5,C,0.5,C,1.0,Fraco,4.13,4.65,6.19,7.23,6755470.1,False,0.0,False,0.0,False,0.0,False,0.0,False,0.0,False,False,0.86,4.98,False,False,False,False,False,False,False,-6.8870000000000005,999.0,2.7405443,659
LKFT34,LKFT34,BDR,LKFT (BDR: LKFT34),0.5,C,0.5,C,3.0,OK,26.13,28.64,30.41,30.71,9425613.3,False,0.0,False,0.0,False,0.0,False,0.0,False,0.0,False,False,1.8,30.86,False,False,False,False,False,False,False,16.261,3.063306,9.296834,660
GPRO34,GPRO34,BDR,GPRO (BDR: GPRO34),0.5,C,0.5,C,0.0,Fraco,0.73,0.8,0.98,1.17,2772057.89,False,0.0,False,0.0,False,0.0,False,0.0,False,0.0,False,False,0.97,0.81,False,False,False,False,False,False,False,-236.05,999.0,-66.23637,661
L1MN34,L1MN34,BDR,LUMN (BDR: L1MN34),0.5,C,0.5,C,0.0,Fraco,5.9,7.65,7.87,8.06,101211687.34,False,0.0,False,0.0,False,0.0,False,0.0,False,0.0,False,False,1.23,6.87,False,False,False,False,False,False,False,0.0,999.0,-4.612979,662
A1LN34,A1LN34,BDR,ALNY (BDR: A1LN34),0.5,C,0.5,C,2.0,Fraco,216.12,281.97,312.92,344.2,487829943.14,False,0.0,False,0.0,False,0.0,False,0.0,False,0.0,False,False,0.75,380.0,False,False,False,False,False,False,False,96.555,37.65157,21.345184,663
C1RH34,C1RH34,BDR,CRH (BDR: C1RH34),0.5,C,0.5,C,5.0,Forte,97.66,104.69,111.32,113.09,556400780.36,False,0.0,False,0.0,False,0.0,False,0.0,False,0.0,False,False,1.17,106.38,False,False,False,False,False,False,False,15.812000000000001,17.254417,2.7057128,664
APTV34,APTV34,BDR,APTV (BDR: APTV34),0.5,C,0.5,C,2.0,Fraco,46.3,61.28,67.02,70.09,245199471.46,False,0.0,False,0.0,False,0.0,False,0.0,False,0.0,False,False,1.09,61.74,False,False,False,False,False,False,False,5.158,20.950226,1.0648574,665
SPGI34,SPGI34,BDR,SPGI (BDR: SPGI34),0.5,C,0.5,C,3.0,OK,405.24,412.31,420.64,432.58,530527227.54,False,0.0,False,0.0,False,0.0,False,0.0,False,0.0,False,False,0.51,462.02,False,False,False,False,False,False,False,14.255,24.649633,3.7924287,666
W1MG34,W1MG34,BDR,WMG (BDR: W1MG34),0.5,C,0.5,C,3.0,OK,26.44,28.31,28.68,28.88,72408241.74,False,0.0,False,0.0,False,0.0,False,0.0,False,0.0,False,False,1.02,29.87,False,False,False,False,False,False,False,50.965,21.152,21.33979,667
PSKY34,PSKY34,BDR,PSKY (BDR: PSKY34),0.5,C,0.5,C,1.0,Fraco,9.06,9.54,10.37,11.49,117344364.39,False,0.0,False,0.0,False,0.0,False,0.0,False,0.0,False,False,0.9,9.8,False,False,False,False,False,False,False,-0.8959999999999999,453.00003,0.8653295,668
L1KQ34,L1KQ34,BDR,LKQ (BDR: L1KQ34),0.5,C,0.5,C,2.0,Fraco,24.47,25.57,28.75,28.92,106440606.28,False,0.0,False,0.0,False,0.0,False,0.0,False,0.0,False,False,1.04,27.28,False,False,False,False,False,False,False,7.131,13.594444,0.96179545,669
R2BL34,R2BL34,BDR,RBLX (BDR: R2BL34),0.5,C,0.5,C,1.0,Fraco,36.04,48.17,57.05,67.91,254714544.51,False,0.0,False,0.0,False,0.0,False,0.0,False,0.0,False,False,0.37,58.1,False,False,False,False,False,False,False,-432.27500000000003,999.0,169.20189,670
V1MC34,V1MC34,BDR,VMC (BDR: V1MC34),0.5,C,0.5,C,3.0,OK,281.63,288.3,289.16,289.35,219302186.87,False,0.0,False,0.0,False,0.0,False,0.0,False,0.0,False,False,0.6,300.63,False,False,False,False,False,False,False,13.234000000000002,33.211086,4.3144493,671
D2OC34,D2OC34,BDR,DOCS (BDR: D2OC34),0.5,C,0.5,C,3.0,OK,20.66,21.14,25.85,32.58,374442395.05,False,0.0,False,0.0,False,0.0,False,0.0,False,0.0,False,False,5.8,22.79,False,False,False,False,False,False,False,19.282,21.081633,3.9776666,672
U2PS34,U2PS34,BDR,UPST (BDR: U2PS34),0.5,C,0.5,C,2.0,Fraco,29.71,31.17,32.59,35.66,146922006.31,False,0.0,False,0.0,False,0.0,False,0.0,False,0.0,False,False,0.96,34.69,False,False,False,False,False,False,False,7.941,72.46341,3.87859,673
R1OL34,R1OL34,BDR,ROL (BDR: R1OL34),0.5,C,0.5,C,4.0,Forte,36.83,43.7,52.78,54.26,191761923.44,False,0.0,False,0.0,False,0.0,False,0.0,False,0.0,False,False,0.67,46.36,False,False,False,False,False,False,False,37.008998,33.48182,12.832754,674
I1SR34,I1SR34,BDR,ISRG (BDR: I1SR34),0.5,C,0.5,C,3.0,OK,373.71,393.97,455.62,480.58,964571273.93,False,0.0,False,0.0,False,0.0,False,0.0,False,0.0,False,False,0.71,416.25,False,False,False,False,False,False,False,17.423001,42.955173,7.2794027,675
NIKE34,NIKE34,BDR,NKE (BDR: NIKE34),0.5,C,0.5,C,3.0,OK,42.0,43.32,50.25,53.42,668131380.0,False,0.0,False,0.0,False,0.0,False,0.0,False,0.0,False,False,0.75,44.98,False,False,False,False,False,False,False,22.138001,20.0,4.1899443,676
B2YN34,B2YN34,BDR,BYND (BDR: B2YN34),0.5,C,0.5,C,0.0,Fraco,0.53,0.67,0.76,0.9,37552291.11,False,0.0,False,0.0,False,0.0,False,0.0,False,0.0,False,False,2.92,0.69,False,False,False,False,False,False,False,0.0,999.0,-11.467391,677
C1PR34,C1PR34,BDR,CPRT (BDR: C1PR34),0.5,C,0.5,C,5.0,Forte,29.01,29.6,33.85,35.57,200834636.03,False,0.0,False,0.0,False,0.0,False,0.0,False,0.0,False,False,0.54,31.42,False,False,False,False,False,False,False,17.607,18.018633,3.0610952,678
F2IC34,F2IC34,BDR,FICO (BDR: F2IC34),0.5,C,0.5,C,2.0,Fraco,1031.89,1203.12,1243.26,1364.24,325237286.16,False,0.0,False,0.0,False,0.0,False,0.0,False,0.0,False,False,0.65,1410.17,False,False,False,False,False,False,False,0.0,29.918526,-5.439331,679
B2MB34,B2MB34,BDR,BMBL (BDR: B2MB34),0.5,C,0.5,C,2.0,Fraco,2.85,2.98,3.31,3.52,10508801.36,False,0.0,False,0.0,False,0.0,False,0.0,False,0.0,False,False,1.57,3.21,False,False,False,False,False,False,False,-82.56099999999999,999.0,0.6010987,680
DEFT31,DEFI TECHNOLOGIES INC,BDR,DEFT (BDR: DEFT31),0.5,C,0.5,C,3.0,OK,0.43,0.51,0.67,0.85,864579.76,False,0.0,False,0.0,False,0.0,False,0.0,False,0.0,False,False,1.3,0.51,False,False,False,False,False,False,False,35.292,5.4125,1.0989848,681
T1MU34,T1MU34,BDR,TMUS (BDR: T1MU34),0.5,C,0.5,C,4.0,Forte,179.97,182.42,193.75,196.64,725094275.73,False,0.0,False,0.0,False,0.0,False,0.0,False,0.0,False,False,0.65,198.86,False,False,False,False,False,False,False,17.994,18.825314,3.4379537,682
Q2SC34,Q2SC34,BDR,QS (BDR: Q2SC34),0.5,C,0.5,C,1.0,Fraco,5.53,6.87,7.58,9.03,63372724.05,False,0.0,False,0.0,False,0.0,False,0.0,False,0.0,False,False,0.38,7.04,False,False,False,False,False,False,False,-39.075002,999.0,3.0654104,683
N1RG34,N1RG34,BDR,NRG (BDR: N1RG34),0.5,C,0.5,C,2.0,Fraco,119.05,134.1,146.99,151.16,391728082.54,False,0.0,False,0.0,False,0.0,False,0.0,False,0.0,False,False,0.8,144.22,False,False,False,False,False,False,False,23.772,31.002605,5.996575,684
T2TD34,T2TD34,BDR,TTD (BDR: T2TD34),0.5,C,0.5,C,3.0,OK,17.67,19.09,24.01,28.64,874414460.85,False,0.0,False,0.0,False,0.0,False,0.0,False,0.0,False,False,2.78,20.53,False,False,False,False,False,False,False,16.735001,20.079546,3.3922057,685
M1TA34,M1TA34,BDR,META (BDR: M1TA34),0.5,C,0.5,C,3.0,OK,589.9,600.48,623.6,631.13,6880280057.95,False,0.0,False,0.0,False,0.0,False,0.0,False,0.0,False,False,0.59,686.08,False,False,False,False,False,False,False,29.848000000000003,22.218458,6.14396,686
TSLA34,TSLA34,BDR,TSLA (BDR: TSLA34),0.5,C,0.5,C,2.0,Fraco,319.53,382.68,397.5,409.39,8034176974.8,False,0.0,False,0.0,False,0.0,False,0.0,False,0.0,False,False,0.53,413.16,False,False,False,False,False,False,False,4.6669997,293.1468,14.527392,687
