ticker,name,category,display,technical_score,technical_tier,technical_score_weekly,technical_tier_weekly,fundamental_score,fundamental_tag,price,sma50,sma150,sma200,volume_financeiro,vcp,vcp_conf,wedge_or_trend,wedge_or_trend_conf,rasb_trend,rasb_trend_conf,wedge,wedge_conf,cup_handle,cup_handle_conf,pre_breakout,breakout,breakout_vol_ratio,breakout_resistance,vcp_weekly,wedge_or_trend_weekly,rasb_trend_weekly,wedge_weekly,cup_handle_weekly,pre_breakout_weekly,breakout_weekly,roe,pl,pvp,rank
C1NC34,C1NC34,BDR,CNC (BDR: C1NC34),16.39,S,0.5,C,2.0,Fraco,65.33,65.12,52.41,49.43,238303725.04,True,0.42,False,0.0,True,0.75,False,0.0,True,0.8,True,False,1.09,68.38,False,False,False,False,False,False,False,-20.358999,999.0,1.4303856,1
ARMT34,ARMT34,BDR,MT (BDR: ARMT34),15.45,S,2.0,C,2.0,Fraco,74.63,67.95,62.65,58.06,64250382.61,False,0.0,False,0.0,True,0.7,False,0.0,True,1.0,True,False,0.54,75.93,False,False,False,False,False,True,False,3.2840000000000003,31.35714,2.0530384,2
CASH3,MÉLIUZ S.A.,BR_STOCK,CASH3,15.39,S,0.5,C,2.0,Fraco,5.73,4.62,4.13,4.11,10707651.04,True,0.7,False,0.0,True,0.8,False,0.0,False,0.0,True,False,0.99,5.76,False,False,False,False,False,False,False,-20.842,999.0,1.5581334,3
E1QN34,E1QN34,BDR,EQNR (BDR: E1QN34),15.28,S,2.0,C,5.0,Forte,41.55,37.21,35.46,32.29,94541746.41,False,0.0,False,0.0,True,0.65,False,0.0,True,1.0,True,False,0.88,43.17,False,False,False,False,False,True,False,21.270001,11.260162,4.6912045,4
K1BF34,K1BF34,BDR,KB (BDR: K1BF34),15.25,S,2.0,C,3.0,OK,121.38,115.48,108.57,103.12,12785319.25,False,0.0,False,0.0,True,0.75,False,0.0,True,0.85,True,False,0.61,125.66,False,False,False,False,False,True,False,10.223999599999999,9.924775,4.1981883,5
V1OD34,V1OD34,BDR,VOD (BDR: V1OD34),15.1,S,2.0,C,0.0,Fraco,15.88,15.13,14.98,14.37,40928381.81,False,0.0,False,0.0,True,0.6,False,0.0,True,1.0,True,False,0.94,16.44,False,False,False,False,False,True,False,0.10899999,999.0,1.2562951,6
F1TN34,F1TN34,BDR,FTNT (BDR: F1TN34),14.8,S,2.0,C,4.0,Forte,172.78,157.01,116.79,107.69,991280147.42,False,0.0,False,0.0,True,0.8,False,0.0,False,0.0,True,True,1.51,172.09,False,False,False,False,False,True,False,117.44200000000001,60.838028,81.73131,7
I1LM34,I1LM34,BDR,ILMN (BDR: I1LM34),14.8,S,2.0,C,3.0,OK,227.69,192.39,154.24,149.06,441029387.1,False,0.0,False,0.0,True,0.8,False,0.0,False,0.0,True,False,1.11,227.7,False,False,False,False,False,True,False,32.339,42.55888,12.114392,8
R1HI34,R1HI34,BDR,RHI (BDR: R1HI34),14.8,S,2.0,C,1.0,Fraco,44.97,37.7,29.77,28.77,46225383.77,False,0.0,False,0.0,True,0.8,False,0.0,False,0.0,True,False,0.44,46.09,False,False,False,False,False,True,False,9.110999999999999,39.10435,3.7462513,9
HAGA4,HAGA S.A. INDUSTRIA E COMERCIO,BR_STOCK,HAGA4,14.8,S,2.0,C,3.0,OK,1.86,1.59,1.5,1.41,240312.0,False,0.0,False,0.0,True,0.8,False,0.0,False,0.0,True,True,4.04,1.75,False,False,False,False,False,True,True,0.0,0.26236263,-0.47195452,10
J2WA34,J2WA34,BDR,WLY (BDR: J2WA34),14.8,S,0.5,C,5.0,Forte,54.04,50.59,41.49,39.12,13356796.83,False,0.0,False,0.0,True,0.8,False,0.0,False,0.0,True,False,0.67,55.1,False,False,False,False,False,False,False,27.694000000000003,12.990385,3.239808,11
O1KT34,O1KT34,BDR,OKTA (BDR: O1KT34),14.8,S,2.0,C,3.0,OK,172.91,139.8,103.44,99.33,2823004108.55,False,0.0,False,0.0,True,0.8,False,0.0,False,0.0,True,True,5.21,156.39,False,False,False,False,False,True,True,3.6679998,125.297104,4.3947134,12
BBSE3,BB SEGURIDADE PARTICIPAÇÕES S.A.,BR_STOCK,BBSE3,14.62,S,2.05,C,2.0,Fraco,39.41,38.04,34.83,33.82,149107734.42,False,0.0,False,0.0,True,0.75,False,0.0,False,0.0,True,False,0.55,40.35,True,False,False,False,False,False,False,85.944,8.340381,7.0320854,13
R1KU34,R1KU34,BDR,ROKU (BDR: R1KU34),14.62,S,2.0,C,3.0,OK,156.25,145.92,120.37,116.36,403302031.25,True,0.44,False,0.0,True,0.8,False,0.0,False,0.0,True,False,1.34,159.89,False,False,False,False,False,True,False,13.122,66.20763,8.212014,14
TECN3,TECHNOS S.A.,BR_STOCK,TECN3,14.62,S,2.0,C,5.0,Forte,10.19,9.35,8.78,8.26,711261.97,False,0.0,False,0.0,True,0.75,False,0.0,False,0.0,True,False,0.77,10.05,False,False,False,False,False,True,False,26.499,5.45946,1.382047,15
M1TC34,M1TC34,BDR,MTCH (BDR: M1TC34),14.57,S,2.0,C,2.0,Fraco,41.22,38.39,34.8,34.12,158317162.39,False,0.0,False,0.0,True,0.7,False,0.0,True,0.65,True,False,1.27,42.49,False,False,False,False,False,True,False,0.0,14.6170225,-39.980602,16
C2CA34,C2CA34,BDR,KOF (BDR: C2CA34),14.35,S,2.0,C,4.0,Forte,113.01,107.28,104.36,101.06,11007626.25,True,0.58,False,0.0,True,0.6,False,0.0,False,0.0,True,False,0.78,117.09,False,False,False,False,False,True,False,17.065,999.0,2.8235056,17
FMXB34,FMXB34,BDR,KOF (BDR: FMXB34),14.35,S,2.0,C,4.0,Forte,113.01,107.28,104.36,101.06,11007626.25,True,0.58,False,0.0,True,0.6,False,0.0,False,0.0,True,False,0.78,117.09,False,False,False,False,False,True,False,17.065,999.0,2.8235056,18
E1MR34,E1MR34,BDR,EMR (BDR: E1MR34),14.22,S,0.5,C,3.0,OK,157.71,148.48,143.17,141.05,264633921.65,False,0.0,False,0.0,True,0.6,False,0.0,True,0.65,True,False,0.79,165.79,False,False,False,False,False,False,False,12.8,34.509846,4.316683,19
PPEI11,PPEI11,ETF,PPEI11,14.03,S,0.5,C,0.0,Fraco,84.2,82.36,79.78,77.6,152401.99,True,0.59,False,0.0,True,0.5,False,0.0,False,0.0,True,False,1.64,85.5,False,False,False,False,False,False,False,0.0,999.0,999.0,20
A1PH34,A1PH34,BDR,APH (BDR: A1PH34),13.95,S,0.5,C,3.0,OK,161.38,161.18,146.81,144.72,807864269.94,False,0.0,False,0.0,True,0.7,False,0.0,True,1.0,False,False,0.88,176.33,False,False,False,False,False,False,False,38.115,40.345,12.840548,21
W1MB34,W1MB34,BDR,WMB (BDR: W1MB34),13.88,S,0.5,C,3.0,OK,74.19,73.39,72.38,69.1,557730465.59,False,0.0,False,0.0,True,0.5,False,0.0,True,0.65,True,False,1.19,75.88,False,False,False,False,False,False,False,21.503,29.55777,6.8975463,22
N1OV34,N1OV34,BDR,NOV (BDR: N1OV34),13.85,S,2.0,C,2.0,Fraco,20.76,19.6,19.52,18.62,78656360.79,False,0.0,False,0.0,True,0.6,False,0.0,True,0.5,True,False,1.14,21.67,False,False,False,False,False,True,False,1.545,76.888885,1.1954395,23
F1AN34,F1AN34,BDR,FANG (BDR: F1AN34),13.6,S,0.5,C,3.0,OK,200.52,192.42,187.16,177.35,251478353.48,False,0.0,False,0.0,True,0.6,False,0.0,True,1.0,False,False,0.76,216.9,False,False,False,False,False,False,False,3.4930002,38.121674,1.4844208,24
OXYP34,OXYP34,BDR,OXY (BDR: OXYP34),13.6,S,2.0,C,4.0,Forte,59.17,55.11,55.04,51.58,357816540.64,False,0.0,False,0.0,True,0.6,False,0.0,True,1.0,True,False,0.83,62.15,False,False,False,False,False,True,False,10.629,17.454277,1.7679045,25
T1EC34,T1EC34,BDR,FTI (BDR: T1EC34),13.6,S,0.5,C,4.0,Forte,76.32,71.81,68.9,63.26,196689537.29,False,0.0,False,0.0,True,0.6,False,0.0,True,1.0,False,False,0.96,80.55,False,False,False,False,False,False,False,35.814,26.685316,9.163164,26
TSMC34,TSMC34,BDR,TSM (BDR: TSMC34),13.57,S,0.5,C,4.0,Forte,427.3,423.72,390.63,367.85,5435964308.11,False,0.0,False,0.0,True,0.7,False,0.0,True,0.85,True,False,1.4,436.04,False,False,False,False,False,False,False,39.969003,31.86428,87.95693,27
UBSG34,UBSG34,BDR,UBS (BDR: UBSG34),13.3,S,2.0,C,3.0,OK,54.36,52.33,45.83,44.88,74888891.76,False,0.0,False,0.0,True,0.8,False,0.0,False,0.0,True,False,0.97,54.74,False,False,False,False,False,True,False,10.671999999999999,18.489796,1.8666301,28
R2NG34,R2NG34,BDR,RNG (BDR: R2NG34),13.3,S,2.0,C,2.0,Fraco,68.53,50.36,41.7,38.36,109466873.26,False,0.0,False,0.0,True,0.8,False,0.0,False,0.0,True,False,1.19,68.45,False,False,False,False,False,True,False,0.0,54.823997,-9.404418,29
M1PC34,M1PC34,BDR,MPC (BDR: M1PC34),13.3,S,2.0,C,4.0,Forte,363.54,305.17,252.99,234.69,1097625441.6,False,0.0,False,0.0,True,0.8,False,0.0,False,0.0,True,False,1.29,367.6,False,False,False,False,False,True,False,42.099,12.60541,5.392968,30
VLOE34,VLOE34,BDR,VLO (BDR: VLOE34),13.3,S,2.0,C,5.0,Forte,346.59,299.96,252.3,232.36,674720262.88,False,0.0,False,0.0,True,0.8,False,0.0,False,0.0,True,False,0.95,353.0,False,False,False,False,False,True,False,27.637,14.453295,3.9915926,31
S1LG34,S1LG34,BDR,SLG (BDR: S1LG34),13.3,S,2.0,C,1.0,Fraco,57.84,53.22,45.06,45.02,31439684.0,False,0.0,False,0.0,True,0.8,False,0.0,False,0.0,True,False,0.65,60.09,False,False,False,False,False,True,False,-3.573,999.0,1.2823981,32
H1FC34,H1FC34,BDR,DINO (BDR: H1FC34),13.3,S,2.0,C,5.0,Forte,97.0,83.36,68.15,63.37,178425098.0,False,0.0,False,0.0,True,0.8,False,0.0,False,0.0,True,False,0.79,98.39,False,False,False,False,False,True,False,19.504999,9.246902,1.6767212,33
Z2DV34,Z2DV34,BDR,ZD (BDR: Z2DV34),13.3,S,2.0,C,2.0,Fraco,55.82,52.67,44.92,42.32,17834099.16,False,0.0,False,0.0,True,0.8,False,0.0,False,0.0,True,False,0.68,58.06,False,False,False,False,False,True,False,-1.456,999.0,0.8722557,34
AIRB34,AIRB34,BDR,ABNB (BDR: AIRB34),13.3,S,2.0,C,4.0,Forte,184.4,157.8,140.68,137.51,883604018.35,False,0.0,False,0.0,True,0.8,False,0.0,False,0.0,True,False,1.06,193.45,False,False,False,False,False,True,False,34.542,42.100452,13.949617,35
C2OL34,C2OL34,BDR,CIB (BDR: C2OL34),13.3,S,2.0,C,4.0,Forte,98.63,87.57,76.27,73.05,34212083.04,False,0.0,False,0.0,True,0.8,False,0.0,False,0.0,True,False,1.5,103.5,False,False,False,False,False,True,False,19.218999,9.6037,0.0022216723,36
K1MX34,K1MX34,BDR,KMX (BDR: K1MX34),13.3,S,2.0,C,1.0,Fraco,62.64,56.56,47.31,45.44,77071816.77,False,0.0,False,0.0,True,0.8,False,0.0,False,0.0,True,False,0.64,65.28,False,False,False,False,False,True,False,3.588,38.90683,1.4528248,37
TGTB34,TGTB34,BDR,TGT (BDR: TGTB34),13.3,S,2.0,C,4.0,Forte,165.93,142.71,126.67,118.51,725426846.03,False,0.0,False,0.0,True,0.8,False,0.0,False,0.0,True,False,0.73,170.75,False,False,False,False,False,True,False,26.408002000000003,17.194818,4.2246094,38
H1UM34,H1UM34,BDR,HUM (BDR: H1UM34),13.3,S,0.5,C,3.0,OK,392.63,384.39,280.62,273.9,350291140.94,False,0.0,False,0.0,True,0.8,False,0.0,False,0.0,True,False,0.9,403.15,False,False,False,False,False,False,False,6.893000000000001,37.040565,2.453922,39
P2AN34,P2AN34,BDR,PANW (BDR: P2AN34),13.3,S,2.0,C,2.0,Fraco,382.85,341.63,241.35,228.81,2792705112.27,False,0.0,False,0.0,True,0.8,False,0.0,False,0.0,True,False,1.49,398.88,False,False,False,False,False,True,False,4.8309997000000005,332.91306,11.249706,40
S1TT34,S1TT34,BDR,STT (BDR: S1TT34),13.3,S,2.0,C,1.0,Fraco,193.37,181.8,153.13,145.68,186591603.31,False,0.0,False,0.0,True,0.8,False,0.0,False,0.0,True,False,0.71,195.18,False,False,False,False,False,True,False,12.437,17.067078,2.2224393,41
H1OG34,H1OG34,BDR,HOG (BDR: H1OG34),13.3,S,2.0,C,2.0,Fraco,27.84,26.1,23.01,22.71,44368636.08,False,0.0,False,0.0,True,0.8,False,0.0,False,0.0,True,False,0.76,28.65,False,False,False,False,False,True,False,6.093,15.466667,0.93488705,42
C2RW34,C2RW34,BDR,CRWD (BDR: C2RW34),13.3,S,2.0,C,2.0,Fraco,227.96,195.27,145.72,140.08,5327417606.26,False,0.0,False,0.0,True,0.8,False,0.0,False,0.0,True,True,2.82,227.5,False,False,False,False,False,True,True,-0.24899999,3799.3335,50.09009,43
A1PA34,A1PA34,BDR,APA (BDR: A1PA34),13.2,S,0.5,C,5.0,Forte,42.38,36.53,35.38,32.64,183385469.22,False,0.0,False,0.0,True,0.7,False,0.0,True,0.7,False,False,0.77,45.05,False,False,False,False,False,False,False,26.659,8.940928,2.1166718,44
JNJB34,JNJB34,BDR,JNJ (BDR: JNJB34),13.12,S,2.0,C,3.0,OK,265.77,256.28,240.42,231.04,1940799962.12,False,0.0,False,0.0,True,0.75,False,0.0,False,0.0,True,False,1.2,275.11,False,False,False,False,False,True,False,25.741999999999997,30.867596,7.532309,45
H1SI34,H1SI34,BDR,HSIC (BDR: H1SI34),13.12,S,2.0,C,3.0,OK,90.28,86.36,79.61,78.57,70817346.36,False,0.0,False,0.0,True,0.75,False,0.0,False,0.0,True,False,0.83,92.18,False,False,False,False,False,True,False,8.8549994,26.3207,3.200397,46
MRCK34,MRCK34,BDR,MRK (BDR: MRCK34),13.12,S,2.0,C,1.0,Fraco,149.54,130.79,120.66,115.62,1273830412.85,False,0.0,False,0.0,True,0.75,False,0.0,False,0.0,True,False,0.62,156.92,False,False,False,False,False,True,False,6.961,118.68253,8.80372,47
M1UF34,M1UF34,BDR,MUFG (BDR: M1UF34),13.12,S,2.0,C,3.0,OK,22.44,21.79,19.44,18.63,47516611.37,False,0.0,False,0.0,True,0.75,False,0.0,False,0.0,True,False,0.8,23.24,False,False,False,False,False,True,False,9.458999,16.74627,1.7723693,48
MLAS3,GRUPO MULTI S.A.,BR_STOCK,MLAS3,13.12,S,0.5,C,4.0,Forte,1.88,1.72,1.54,1.48,2814171.99,False,0.0,False,0.0,True,0.75,False,0.0,False,0.0,True,False,0.47,1.95,False,False,False,False,False,False,False,9.774999,4.945946,0.4572714,49
IBKR34,IBKR34,BDR,IBKR (BDR: IBKR34),13.12,S,2.0,C,3.0,OK,96.55,92.19,81.83,78.08,490512538.95,False,0.0,False,0.0,True,0.75,False,0.0,False,0.0,True,False,1.37,98.75,False,False,False,False,False,True,False,24.018998,38.31349,7.368542,50
INGG34,INGG34,BDR,ING (BDR: INGG34),13.12,S,2.0,C,4.0,Forte,35.1,33.21,29.62,28.72,49696403.04,False,0.0,False,0.0,True,0.75,False,0.0,False,0.0,True,False,0.83,35.98,False,False,False,False,False,True,False,17.124,12.999999,1.7099403,51
I1NC34,I1NC34,BDR,INCY (BDR: I1NC34),13.12,S,2.0,C,5.0,Forte,127.74,118.11,104.7,104.12,89471010.6,False,0.0,False,0.0,True,0.75,False,0.0,False,0.0,True,False,0.59,130.8,False,False,False,False,False,True,False,30.667,16.272612,4.0465026,52
VRTX34,VRTX34,BDR,VRTX (BDR: VRTX34),13.12,S,2.0,C,4.0,Forte,547.55,498.89,467.83,462.63,461918097.65,False,0.0,False,0.0,True,0.75,False,0.0,False,0.0,True,False,0.8,555.69,False,False,False,False,False,True,False,23.542999000000002,31.87136,6.8511405,53
BCSA34,BCSA34,BDR,SAN (BDR: BCSA34),13.12,S,2.0,C,3.0,OK,14.55,14.03,12.64,12.29,190839257.5,False,0.0,False,0.0,True,0.75,False,0.0,False,0.0,True,False,0.48,15.0,False,False,False,False,False,True,False,13.109000000000002,14.126214,1.6323869,54
D1EX34,D1EX34,BDR,DXCM (BDR: D1EX34),13.12,S,2.0,C,4.0,Forte,89.29,78.84,71.44,69.95,269458918.31,False,0.0,False,0.0,True,0.75,False,0.0,False,0.0,True,False,0.66,92.59,False,False,False,False,False,True,False,38.491002,35.292492,12.85488,55
TXSA34,TXSA34,BDR,TX (BDR: TXSA34),13.12,S,2.0,C,4.0,Forte,55.83,48.56,44.49,42.69,30473131.6,False,0.0,False,0.0,True,0.75,False,0.0,False,0.0,True,False,1.04,58.24,False,False,False,False,False,True,False,4.4320002,15.508334,999.0,56
TRVC34,TRVC34,BDR,TRV (BDR: TRVC34),13.12,S,0.5,C,5.0,Forte,369.33,356.56,317.15,308.51,451320874.26,False,0.0,False,0.0,True,0.75,False,0.0,False,0.0,True,False,0.76,386.95,False,False,False,False,False,False,False,26.511000000000003,9.920225,2.326078,57
AMGN34,AMGN34,BDR,AMGN (BDR: AMGN34),13.12,S,2.0,C,3.0,OK,436.99,384.09,359.56,350.89,765789998.69,False,0.0,False,0.0,True,0.75,False,0.0,False,0.0,True,False,0.71,447.03,False,False,False,False,False,True,False,91.473,27.108559,20.212301,58
UPAC34,UPAC34,BDR,UNP (BDR: UPAC34),13.12,S,2.0,C,3.0,OK,307.67,289.46,266.4,256.69,657704034.01,False,0.0,False,0.0,True,0.75,False,0.0,False,0.0,True,False,0.84,314.15,False,False,False,False,False,True,False,39.696,24.892397,9.406568,59
A1MP34,A1MP34,BDR,AMP (BDR: A1MP34),13.12,S,2.0,C,5.0,Forte,555.77,523.63,483.39,481.87,168548373.82,False,0.0,False,0.0,True,0.75,False,0.0,False,0.0,True,False,0.85,572.56,False,False,False,False,False,True,False,63.432,13.4243965,7.7218165,60
X1YZ34,X1YZ34,BDR,XYZ (BDR: X1YZ34),13.12,S,2.0,C,2.0,Fraco,84.85,79.35,69.47,68.23,488875060.36,False,0.0,False,0.0,True,0.75,False,0.0,False,0.0,True,False,1.46,86.75,False,False,False,False,False,True,False,1.6119999999999999,151.51785,2.312115,61
BILB34,BILB34,BDR,BBVA (BDR: BILB34),13.12,S,2.0,C,4.0,Forte,28.69,26.68,23.77,23.3,25821488.21,False,0.0,False,0.0,True,0.75,False,0.0,False,0.0,True,False,0.56,29.32,False,False,False,False,False,True,False,18.924,12.9819,2.4125159,62
ABBV34,ABBV34,BDR,ABBV (BDR: ABBV34),13.12,S,2.0,C,2.0,Fraco,258.15,250.46,226.05,224.77,1228636499.45,False,0.0,False,0.0,True,0.75,False,0.0,False,0.0,True,False,1.06,266.97,False,False,False,False,False,True,False,0.0,72.71831,-76.853226,63
JPMC34,JPMC34,BDR,JPM (BDR: JPMC34),13.12,S,2.0,C,4.0,Forte,354.22,346.4,316.29,314.8,1844217390.32,False,0.0,False,0.0,True,0.75,False,0.0,False,0.0,True,False,0.91,366.5,False,False,False,False,False,True,False,17.788999999999998,15.170021,2.663168,64
COLO39,GLOBAL X MSCI COLOMBIA ETF,BDR,COLO (BDR: COLO39),13.12,S,2.0,C,1.0,Fraco,48.97,45.51,41.53,40.21,9523245.11,False,0.0,False,0.0,True,0.75,False,0.0,False,0.0,True,False,1.56,50.57,False,False,False,False,False,True,False,0.0,11.5980425,999.0,65
A2RR34,A2RR34,BDR,ARWR (BDR: A2RR34),13.12,S,0.5,C,1.0,Fraco,88.59,83.52,73.1,69.82,75965124.55,False,0.0,False,0.0,True,0.75,False,0.0,False,0.0,True,False,0.85,90.97,False,False,False,False,False,False,False,-55.206999999999994,999.0,26.861732,66
I1VZ34,I1VZ34,BDR,IVZ (BDR: I1VZ34),13.12,S,2.0,C,2.0,Fraco,33.31,29.66,26.97,26.61,87436355.28,False,0.0,False,0.0,True,0.75,False,0.0,False,0.0,True,False,0.72,33.31,False,False,False,False,False,True,False,-0.57300003,999.0,1.4763108,67
UGPA3,ULTRAPAR PARTICIPACOES S.A.,BR_STOCK,UGPA3,13.12,S,0.5,C,5.0,Forte,33.46,29.71,27.65,25.89,493073238.51,False,0.0,False,0.0,True,0.75,False,0.0,False,0.0,True,False,1.26,34.21,False,False,False,False,False,False,False,19.804001,10.112804,2.1523585,68
METB34,METB34,BDR,MET (BDR: METB34),13.12,S,2.0,C,3.0,OK,96.25,92.71,81.59,80.43,217162137.5,False,0.0,False,0.0,True,0.75,False,0.0,False,0.0,True,False,0.79,100.93,False,False,False,False,False,True,False,13.094,18.438698,2.2369156,69
N1WG34,N1WG34,BDR,NWG (BDR: N1WG34),13.12,S,2.0,C,3.0,OK,18.46,17.95,16.37,16.24,37680808.57,False,0.0,False,0.0,True,0.75,False,0.0,False,0.0,True,False,0.84,19.21,False,False,False,False,False,True,False,14.776,9.049019,1.389459,70
O1MC34,O1MC34,BDR,OMC (BDR: O1MC34),13.12,S,2.0,C,2.0,Fraco,87.89,81.29,77.3,76.67,227362463.64,False,0.0,False,0.0,True,0.75,False,0.0,False,0.0,True,False,1.36,89.57,False,False,False,False,False,True,False,6.0510002,237.54054,2.495599,71
VRSN34,VRSN34,BDR,VRSN (BDR: VRSN34),13.0,S,0.5,C,2.0,Fraco,294.73,274.0,263.68,259.04,171000583.99,False,0.0,False,0.0,False,0.0,False,0.0,True,1.0,True,False,0.94,302.11,False,False,False,False,False,False,False,0.0,32.03587,-11.819933,72
W1AB34,W1AB34,BDR,WAB (BDR: W1AB34),12.95,A,2.0,C,3.0,OK,297.28,282.11,263.89,251.37,186193003.4,False,0.0,False,0.0,True,0.7,False,0.0,False,0.0,True,False,0.69,304.05,False,False,False,False,False,True,False,11.553001,40.06469,4.4827795,73
COCA34,COCA34,BDR,KO (BDR: COCA34),12.95,A,2.0,C,3.0,OK,89.06,85.04,79.9,77.32,1196247385.83,False,0.0,False,0.0,True,0.7,False,0.0,False,0.0,True,False,1.0,92.49,False,False,False,False,False,True,False,42.054,26.744745,10.601119,74
CPRL34,CPRL34,BDR,CP (BDR: CPRL34),12.95,A,3.6,C,2.0,Fraco,93.86,90.66,85.71,82.35,126772666.84,False,0.0,False,0.0,True,0.7,False,0.0,False,0.0,True,False,0.64,96.9,True,False,False,False,False,True,False,8.154,30.180065,2.4574385,75
E1LV34,E1LV34,BDR,ELV (BDR: E1LV34),12.95,A,0.5,C,3.0,OK,399.11,394.75,359.24,354.84,227089989.68,False,0.0,False,0.0,True,0.7,False,0.0,False,0.0,True,False,0.68,410.29,False,False,False,False,False,False,False,11.133,17.64412,1.9281981,76
PHMO34,PHMO34,BDR,PM (BDR: PHMO34),12.95,A,0.5,C,1.0,Fraco,190.48,186.67,177.1,171.49,756746165.27,False,0.0,False,0.0,True,0.7,False,0.0,False,0.0,True,False,0.84,196.66,False,False,False,False,False,False,False,0.0,26.164833,-34.588703,77
E1VE34,E1VE34,BDR,EG (BDR: E1VE34),12.95,A,0.5,C,2.0,Fraco,377.66,368.79,345.16,338.91,98117957.25,False,0.0,False,0.0,True,0.7,False,0.0,False,0.0,True,False,1.06,388.97,False,False,False,False,False,False,False,12.572,7.980981,0.9472095,78
AAPL34,AAPL34,BDR,AAPL (BDR: AAPL34),12.95,A,0.5,C,4.0,Forte,314.58,311.33,286.04,281.9,10144823610.59,False,0.0,False,0.0,True,0.7,False,0.0,False,0.0,True,False,0.82,334.46,False,False,False,False,False,False,False,148.75101,36.117104,42.741844,79
EPOL39,ISHARES MSCI POLAND ETF,BDR,EPOL (BDR: EPOL39),12.95,A,2.0,C,1.0,Fraco,43.58,41.67,39.13,37.84,62788672.08,False,0.0,False,0.0,True,0.7,False,0.0,False,0.0,True,False,5.37,45.06,False,False,False,False,False,True,False,0.0,14.956684,999.0,80
W1EL34,W1EL34,BDR,WELL (BDR: W1EL34),12.95,A,0.5,C,3.0,OK,239.6,233.58,214.08,208.14,566947524.44,False,0.0,False,0.0,True,0.7,False,0.0,False,0.0,True,False,0.96,243.04,False,False,False,False,False,False,False,3.836,107.92793,3.7111037,81
A1EG34,A1EG34,BDR,AEG (BDR: A1EG34),12.95,A,2.0,C,3.0,OK,9.15,9.01,8.07,7.92,34889040.05,False,0.0,False,0.0,True,0.7,False,0.0,False,0.0,True,False,1.01,9.61,False,False,False,False,False,True,False,11.0690005,12.039474,1.3061339,82
H1SB34,H1SB34,BDR,HSBC (BDR: H1SB34),12.95,A,2.0,C,2.0,Fraco,102.85,100.42,91.23,86.69,106260504.42,False,0.0,False,0.0,True,0.7,False,0.0,False,0.0,True,False,1.05,107.4,False,False,False,False,False,True,False,13.104999000000001,14.692857,8.164318,83
S1MF34,S1MF34,BDR,SMFG (BDR: S1MF34),12.95,A,2.0,C,3.0,OK,25.43,25.27,22.79,21.82,26144252.72,False,0.0,False,0.0,True,0.7,False,0.0,False,0.0,True,False,0.91,26.44,False,False,False,False,False,True,False,8.569,16.406452,1.658317,84
I1HG34,I1HG34,BDR,IHG (BDR: I1HG34),12.95,A,0.5,C,1.0,Fraco,163.02,162.18,149.17,145.48,31765588.97,False,0.0,False,0.0,True,0.7,False,0.0,False,0.0,True,False,0.88,166.02,False,False,False,False,False,False,False,0.0,34.611465,-49.169785,85
CNIC34,CNIC34,BDR,CNI (BDR: CNIC34),12.95,A,2.0,C,3.0,OK,126.48,124.78,113.84,109.43,94965233.88,False,0.0,False,0.0,True,0.7,False,0.0,False,0.0,True,False,0.75,130.93,False,False,False,False,False,True,False,22.017999,22.505339,4.84749,86
CSXC34,CSXC34,BDR,CSX (BDR: CSXC34),12.95,A,2.0,C,3.0,OK,51.54,49.73,44.94,42.58,376608919.95,False,0.0,False,0.0,True,0.7,False,0.0,False,0.0,True,False,0.84,52.15,False,False,False,False,False,True,False,24.357,29.965117,6.7797947,87
RSSL39,GLOBAL X RUSSELL 2000 ETF,BDR,RSSL (BDR: RSSL39),12.95,A,2.0,C,1.0,Fraco,117.44,116.36,108.6,105.8,205174.67,False,0.0,False,0.0,True,0.7,False,0.0,False,0.0,True,False,0.14,119.41,False,False,False,False,False,True,False,0.0,18.617752,999.0,88
V1TA34,V1TA34,BDR,VTR (BDR: V1TA34),12.95,A,0.5,C,2.0,Fraco,92.89,91.89,86.35,84.03,142044043.03,False,0.0,False,0.0,True,0.7,False,0.0,False,0.0,True,False,0.53,97.61,False,False,False,False,False,False,False,2.012,168.8909,3.252565,89
E2XE34,E2XE34,BDR,EXEL (BDR: E2XE34),12.95,A,2.0,C,5.0,Forte,55.26,54.46,48.45,47.21,82295510.42,False,0.0,False,0.0,True,0.7,False,0.0,False,0.0,True,False,0.72,56.95,False,False,False,False,False,True,False,44.393003,17.377357,7.459503,90
ENEV3,ENEVA S.A,BR_STOCK,ENEV3,12.95,A,0.5,C,1.0,Fraco,26.38,25.82,24.58,23.44,346614722.97,False,0.0,False,0.0,True,0.7,False,0.0,False,0.0,True,False,1.01,27.67,False,False,False,False,False,False,False,7.1490005,52.3,2.457476,91
BIIB34,BIIB34,BDR,BIIB (BDR: BIIB34),12.95,A,2.0,C,2.0,Fraco,221.5,207.02,194.23,189.32,110147741.5,False,0.0,False,0.0,True,0.7,False,0.0,False,0.0,True,False,0.72,222.85,False,False,False,False,False,True,False,4.575,39.273052,1.7357574,92
FCXO34,FCXO34,BDR,FCX (BDR: FCXO34),12.78,A,2.0,C,2.0,Fraco,78.42,65.42,63.54,59.72,1184409070.86,False,0.0,False,0.0,True,0.65,False,0.0,False,0.0,True,False,0.97,80.24,False,False,False,False,False,True,False,14.754999999999999,38.441177,5.6002283,93
M1SI34,M1SI34,BDR,MSI (BDR: M1SI34),12.78,A,2.0,C,3.0,OK,486.54,434.49,432.48,418.29,254734346.49,False,0.0,False,0.0,True,0.65,False,0.0,False,0.0,True,False,0.49,493.57,False,False,False,False,False,True,False,91.567004,38.400948,30.135645,94
FLRY3,FLEURY S.A.,BR_STOCK,FLRY3,12.78,A,2.0,C,3.0,OK,18.66,16.52,16.07,15.71,58881629.52,False,0.0,False,0.0,True,0.65,False,0.0,False,0.0,True,False,0.73,19.3,False,False,False,False,False,True,False,12.617999999999999,16.155172,2.0420616,95
BMYB34,BMYB34,BDR,BMY (BDR: BMYB34),12.78,A,2.0,C,4.0,Forte,66.95,61.32,58.74,56.68,312420487.01,False,0.0,False,0.0,True,0.65,False,0.0,False,0.0,True,False,0.54,68.64,False,False,False,False,False,True,False,46.598998,14.7466955,6.128146,96
B1DX34,B1DX34,BDR,BDX (BDR: B1DX34),12.78,A,2.0,C,2.0,Fraco,188.13,164.9,159.13,157.38,254655596.56,False,0.0,False,0.0,True,0.65,False,0.0,False,0.0,True,False,0.81,193.07,False,False,False,False,False,True,False,6.607,32.548443,2.0987985,97
DESK3,DESKTOP S.A.,BR_STOCK,DESK3,12.78,A,2.0,C,1.0,Fraco,18.49,18.19,17.22,17.02,20192928.75,False,0.0,False,0.0,True,0.65,False,0.0,False,0.0,True,False,1.77,19.19,False,False,False,False,False,True,False,4.651000000000001,38.541668,1.5030875,98
JTEK39,JTEK39,BDR,JTEK (BDR: JTEK39),12.62,A,0.5,C,0.0,Fraco,102.72,101.39,94.67,93.67,26381577.91,False,0.0,False,0.0,False,0.0,False,0.0,True,0.85,True,False,1.27,105.14,False,False,False,False,False,False,False,0.0,38.375668,999.0,99
CHVX34,CHVX34,BDR,CVX (BDR: CHVX34),12.6,A,2.0,C,4.0,Forte,199.77,185.68,185.29,176.46,1620019866.9,False,0.0,False,0.0,True,0.6,False,0.0,False,0.0,True,False,1.08,208.98,False,False,False,False,False,True,False,12.231,19.22714,2.0637395,100
FDXB34,FDXB34,BDR,FDX (BDR: FDXB34),12.6,A,2.0,C,2.0,Fraco,331.41,319.35,306.69,286.99,270089542.09,False,0.0,False,0.0,True,0.6,False,0.0,False,0.0,True,False,0.55,341.69,False,False,False,False,False,True,False,14.846,17.865768,2.5132902,101
NVDC34,NVDC34,BDR,NVDA (BDR: NVDC34),12.6,A,2.0,C,4.0,Forte,227.98,208.16,199.49,195.57,67755173920.41,False,0.0,False,0.0,True,0.6,False,0.0,False,0.0,True,True,2.71,227.92,False,False,False,False,False,True,False,114.28799999999998,34.96626,28.25031,102
COPH34,COPH34,BDR,COP (BDR: COPH34),12.6,A,2.0,C,4.0,Forte,129.52,116.47,116.28,109.94,848543572.95,False,0.0,False,0.0,True,0.6,False,0.0,False,0.0,True,False,0.95,135.88,False,False,False,False,False,True,False,14.180000000000001,17.132277,2.3810139,103
O1KE34,O1KE34,BDR,OKE (BDR: O1KE34),12.6,A,2.0,C,4.0,Forte,94.72,89.99,86.57,82.42,242061130.8,False,0.0,False,0.0,True,0.6,False,0.0,False,0.0,True,False,0.76,97.9,False,False,False,False,False,True,False,16.277,16.35924,2.6031275,104
FASL34,FASL34,BDR,FAST (BDR: FASL34),12.6,A,2.0,C,4.0,Forte,51.13,48.16,46.04,44.71,287972470.17,False,0.0,False,0.0,True,0.6,False,0.0,False,0.0,True,False,1.01,52.92,False,False,False,False,False,True,False,34.333999999999996,43.705128,14.420473,105
GDBR34,GDBR34,BDR,GD (BDR: GDBR34),12.6,A,2.0,C,4.0,Forte,380.06,375.34,354.87,351.53,225126639.25,False,0.0,False,0.0,True,0.6,False,0.0,False,0.0,True,False,0.77,397.2,False,False,False,False,False,True,False,17.803,23.18853,3.8273916,106
EQIX34,EQIX34,BDR,EQIX (BDR: EQIX34),12.6,A,2.0,C,2.0,Fraco,1076.45,1049.0,1008.18,945.14,552413662.39,False,0.0,False,0.0,True,0.6,False,0.0,False,0.0,True,False,1.03,1103.95,False,False,False,False,False,True,False,10.735,69.225075,7.3852367,107
T1EV34,T1EV34,BDR,TEVA (BDR: T1EV34),12.6,A,2.0,C,0.0,Fraco,37.62,34.18,33.27,32.23,177606836.46,False,0.0,False,0.0,True,0.6,False,0.0,False,0.0,True,False,0.95,38.11,False,False,False,False,False,True,False,9.690999999999999,62.699997,5.654592,108
CBAV3,COMPANHIA BRASILEIRA DE ALUMÍNIO,BR_STOCK,CBAV3,12.6,A,2.0,C,3.0,OK,11.2,10.93,10.56,9.54,75445438.72,False,0.0,False,0.0,True,0.6,False,0.0,False,0.0,True,True,3.55,11.19,False,False,False,False,False,True,False,14.575,12.184782,1.4412446,109
SBUB34,SBUB34,BDR,SBUX (BDR: SBUB34),12.6,A,2.0,C,1.0,Fraco,107.26,104.39,99.58,95.96,688358225.31,False,0.0,False,0.0,True,0.6,False,0.0,False,0.0,True,False,1.1,109.88,False,False,False,False,False,True,False,0.0,62.360466,-15.930492,110
QTOP39,ISHARES NASDAQ TOP 30 STOCKS ETF,BDR,QTOP (BDR: QTOP39),12.5,A,0.5,C,0.0,Fraco,37.36,37.18,34.85,34.12,2900775.07,False,0.0,False,0.0,False,0.0,False,0.0,True,0.8,True,False,0.87,38.26,False,False,False,False,False,False,False,0.0,30.861778,999.0,111
ACWX39,ISHARES MSCI ACWI EX U.S. ETF,BDR,ACWX (BDR: ACWX39),12.25,A,2.0,C,1.0,Fraco,77.96,75.97,73.22,71.41,149756480.64,False,0.0,False,0.0,True,0.5,False,0.0,False,0.0,True,False,1.57,78.43,False,False,False,False,False,True,False,0.0,18.674444,999.0,112
BBAX39,BBAX39,BDR,BBAX (BDR: BBAX39),12.25,A,2.0,C,0.0,Fraco,65.04,62.64,61.37,59.83,9951250.22,False,0.0,False,0.0,True,0.5,False,0.0,False,0.0,True,False,0.86,65.8,False,False,False,False,False,True,False,0.0,20.98254,999.0,113
A1WK34,A1WK34,BDR,AWK (BDR: A1WK34),12.25,A,2.0,C,2.0,Fraco,136.69,132.99,130.18,129.61,323151978.64,False,0.0,False,0.0,True,0.5,False,0.0,False,0.0,True,False,1.1,140.32,False,False,False,False,False,True,False,10.095,23.689775,2.3286994,114
TBIL39,GLOBAL X 1-3 MONTH T-BILL ETF,BDR,TBIL (BDR: TBIL39),12.25,A,2.0,C,0.0,Fraco,49.86,49.68,49.32,49.15,113816221.15,False,0.0,False,0.0,True,0.5,False,0.0,False,0.0,True,True,1.58,49.85,False,False,False,False,False,True,False,0.0,999.0,999.0,115
B1SA34,B1SA34,BDR,BSAC (BDR: B1SA34),12.25,A,2.0,C,4.0,Forte,34.89,33.94,32.68,31.89,7369989.02,False,0.0,False,0.0,True,0.5,False,0.0,False,0.0,True,False,0.74,36.4,False,False,False,False,False,True,False,23.592,13.266159,1.4316782,116
N2LY34,N2LY34,BDR,NLY (BDR: N2LY34),12.25,A,2.0,C,4.0,Forte,23.06,22.72,21.73,21.49,109234110.59,False,0.0,False,0.0,True,0.5,False,0.0,False,0.0,True,False,0.92,23.91,False,False,False,False,False,True,False,19.567,5.5700483,1.1445304,117
MDLZ34,MDLZ34,BDR,MDLZ (BDR: MDLZ34),12.25,A,0.5,C,3.0,OK,62.43,61.31,59.61,58.24,398453171.52,False,0.0,False,0.0,True,0.5,False,0.0,False,0.0,True,False,1.0,65.55,False,False,False,False,False,False,False,13.340001,22.868132,3.0010095,118
BCLO39,GLOBAL X CLOUD COMPUTING ETF,BDR,BCLO (BDR: BCLO39),12.25,A,2.0,C,0.0,Fraco,49.79,49.41,48.68,48.44,54077.37,False,0.0,False,0.0,True,0.5,False,0.0,False,0.0,True,False,0.13,49.84,False,False,False,False,False,True,False,0.0,999.0,999.0,119
ISEN11,ISEN11,ETF,ISEN11,12.25,A,2.0,C,0.0,Fraco,117.9,117.52,114.15,112.53,3263825.74,False,0.0,False,0.0,True,0.5,False,0.0,False,0.0,True,False,0.98,118.89,False,False,False,False,False,True,False,0.0,999.0,999.0,120
ISNN11,ISNN11,ETF,ISNN11,12.25,A,2.0,C,0.0,Fraco,1102.8,1093.08,1065.64,1062.24,6278240.68,False,0.0,False,0.0,True,0.5,False,0.0,False,0.0,True,False,1.22,1107.68,False,False,False,False,False,True,False,0.0,999.0,999.0,121
HGBR11,HGBR11,ETF,HGBR11,12.25,A,2.0,C,0.0,Fraco,55.69,55.09,53.94,53.32,695011.18,False,0.0,False,0.0,True,0.5,False,0.0,False,0.0,True,False,0.87,55.8,False,False,False,False,False,True,False,0.0,999.0,999.0,122
ISTT11,ISTT11,ETF,ISTT11,12.25,A,0.5,C,0.0,Fraco,1136.98,1134.89,1102.98,1087.98,4774178.94,False,0.0,False,0.0,True,0.5,False,0.0,False,0.0,True,False,1.67,1154.19,False,False,False,False,False,False,False,0.0,999.0,999.0,123
C1HT34,C1HT34,BDR,CHT (BDR: C1HT34),12.25,A,2.0,C,3.0,OK,42.98,42.62,41.92,41.48,8333735.95,False,0.0,False,0.0,True,0.5,False,0.0,False,0.0,True,False,1.03,43.65,False,False,False,False,False,True,False,10.92,26.8625,11.593557,124
BPRE11,BPRE11,ETF,BPRE11,12.25,A,0.0,C,0.0,Fraco,110.13,108.51,106.77,105.75,121253.13,False,0.0,False,0.0,True,0.5,False,0.0,False,0.0,True,False,0.8,110.7,False,False,False,False,False,False,False,0.0,999.0,999.0,125
BLFT11,BLFT11,ETF,BLFT11,12.25,A,2.0,C,0.0,Fraco,112.28,110.88,108.01,106.56,1261578.07,False,0.0,False,0.0,True,0.5,False,0.0,False,0.0,True,False,1.37,112.42,False,False,False,False,False,True,False,0.0,999.0,999.0,126
BOL511,BOL511,ETF,BOL511,12.25,A,2.0,C,0.0,Fraco,111.98,110.24,107.88,106.45,1119800.03,False,0.0,False,0.0,True,0.5,False,0.0,False,0.0,True,False,1.17,111.97,False,False,False,False,False,True,False,0.0,999.0,999.0,127
A1PD34,A1PD34,BDR,APD (BDR: A1PD34),12.25,A,2.0,C,1.0,Fraco,305.47,296.83,288.25,278.63,305188663.35,False,0.0,False,0.0,True,0.5,False,0.0,False,0.0,True,False,1.06,311.51,False,False,False,False,False,True,False,0.023,999.0,4.899514,128
CAUT11,CAUT11,ETF,CAUT11,12.25,A,0.5,C,0.0,Fraco,100.0,98.08,95.87,94.64,203000.0,False,0.0,False,0.0,True,0.5,False,0.0,False,0.0,True,False,1.16,100.0,False,False,False,False,False,False,False,0.0,999.0,999.0,129
NCDI11,NCDI11,ETF,NCDI11,12.25,A,0.5,C,0.0,Fraco,112.41,110.98,108.09,106.63,358475.5,False,0.0,False,0.0,True,0.5,False,0.0,False,0.0,True,True,2.17,112.39,False,False,False,False,False,False,False,0.0,999.0,999.0,130
SFIX11,SFIX11,ETF,SFIX11,12.25,A,0.0,C,0.0,Fraco,112.67,111.01,108.74,107.36,116500.78,False,0.0,False,0.0,True,0.5,False,0.0,False,0.0,True,False,0.46,112.96,False,False,False,False,False,False,False,0.0,999.0,999.0,131
D1LR34,D1LR34,BDR,DLR (BDR: D1LR34),12.25,A,0.5,C,2.0,Fraco,192.1,187.49,183.92,176.71,221688017.44,False,0.0,False,0.0,True,0.5,False,0.0,False,0.0,True,False,0.65,201.56,False,False,False,False,False,False,False,2.912,93.70732,2.6618447,132
HYEM39,VANECK EMERGING MARKETS HIGH YIELD BOND ETF,BDR,HYEM (BDR: HYEM39),12.25,A,2.0,C,0.0,Fraco,20.09,19.95,19.68,19.53,1510018.63,False,0.0,False,0.0,True,0.5,False,0.0,False,0.0,True,False,1.03,20.13,False,False,False,False,False,True,False,0.0,59.943256,999.0,133
XB3511,XB3511,ETF,XB3511,12.25,A,2.0,C,0.0,Fraco,53.24,52.1,51.79,51.53,201513.41,False,0.0,False,0.0,True,0.5,False,0.0,False,0.0,True,False,0.68,53.25,False,False,False,False,False,True,False,0.0,999.0,999.0,134
GMCO34,GMCO34,BDR,GM (BDR: GMCO34),12.25,A,0.5,C,1.0,Fraco,86.18,82.47,79.8,79.19,535824841.34,False,0.0,False,0.0,True,0.5,False,0.0,False,0.0,True,False,1.37,90.3,False,False,False,False,False,False,False,3.164,38.473213,1.2190223,135
JEPI39,JPMORGAN EQUITY PREMIUM INCOME ETF,BDR,JEPI (BDR: JEPI39),12.25,A,2.0,C,0.0,Fraco,57.85,56.75,56.0,55.61,279418905.78,False,0.0,False,0.0,True,0.5,False,0.0,False,0.0,True,False,1.16,58.27,False,False,False,False,False,True,False,0.0,26.688812,999.0,136
BINC11,BINC11,ETF,BINC11,12.25,A,2.0,C,0.0,Fraco,103.25,102.3,99.02,96.93,349501.25,False,0.0,False,0.0,True,0.5,False,0.0,False,0.0,True,False,0.32,106.46,False,False,False,False,False,True,False,0.0,999.0,999.0,137
GLFT11,GLFT11,ETF,GLFT11,12.25,A,2.0,C,0.0,Fraco,112.8,111.38,108.53,107.07,674205.62,False,0.0,False,0.0,True,0.5,False,0.0,False,0.0,True,False,0.31,112.74,False,False,False,False,False,True,False,0.0,999.0,999.0,138
VWRA11,VWRA11,ETF,VWRA11,12.25,A,2.0,C,0.0,Fraco,115.23,112.03,106.9,106.33,980607.33,False,0.0,False,0.0,True,0.5,False,0.0,False,0.0,True,False,0.53,117.91,False,False,False,False,False,True,False,0.0,999.0,999.0,139
HYBR11,HYBR11,ETF,HYBR11,12.25,A,2.0,C,0.0,Fraco,55.98,55.22,53.99,53.38,286561.62,False,0.0,False,0.0,True,0.5,False,0.0,False,0.0,True,False,0.94,55.98,False,False,False,False,False,True,False,0.0,999.0,999.0,140
U1MH34,U1MH34,BDR,UMH (BDR: U1MH34),12.25,A,2.0,C,3.0,OK,16.5,15.49,15.09,15.05,14180116.5,False,0.0,False,0.0,True,0.5,False,0.0,False,0.0,True,False,1.23,16.77,False,False,False,False,False,True,False,3.405,137.5,2.5271864,141
ISNT11,ISNT11,ETF,ISNT11,12.25,A,2.0,C,0.0,Fraco,1142.45,1133.53,1104.11,1093.27,10226069.51,False,0.0,False,0.0,True,0.5,False,0.0,False,0.0,True,False,1.42,1146.51,False,False,False,False,False,True,False,0.0,999.0,999.0,142
LILY34,LILY34,BDR,LLY (BDR: LILY34),12.07,A,0.5,C,3.0,OK,1176.1,1184.24,1058.99,1055.61,3112572107.39,False,0.0,False,0.0,True,0.7,False,0.0,True,0.65,False,False,1.06,1292.65,False,False,False,False,False,False,False,102.28600000000002,39.546066,30.948372,143
T1RO34,T1RO34,BDR,TROW (BDR: T1RO34),11.95,A,0.5,C,5.0,Forte,112.36,114.07,102.16,101.76,96520836.04,False,0.0,False,0.0,True,0.7,False,0.0,False,0.0,True,False,0.7,119.88,False,False,False,False,False,False,False,19.399999,11.281124,2.178406,144
GSGI34,GSGI34,BDR,GS (BDR: GSGI34),11.95,A,0.5,C,4.0,Forte,1040.87,1051.61,960.97,936.72,1778187950.95,False,0.0,False,0.0,True,0.7,False,0.0,False,0.0,True,False,0.87,1077.21,False,False,False,False,False,False,False,16.902,16.082663,2.8749423,145
MSBR34,MSBR34,BDR,MS (BDR: MSBR34),11.95,A,0.5,C,4.0,Forte,214.86,216.0,192.7,187.72,842745380.39,False,0.0,False,0.0,True,0.7,False,0.0,False,0.0,True,False,1.02,222.0,False,False,False,False,False,False,False,17.969999,17.369442,3.1689796,146
L1YV34,L1YV34,BDR,LYV (BDR: L1YV34),11.95,A,2.0,C,3.0,OK,180.64,180.75,165.84,159.25,352665638.49,False,0.0,False,0.0,True,0.7,False,0.0,False,0.0,True,False,1.16,189.25,False,False,False,False,False,True,False,17.677,999.0,505.99442,147
G1WW34,G1WW34,BDR,GWW (BDR: G1WW34),11.95,A,0.5,C,4.0,Forte,1321.08,1341.71,1220.36,1162.41,221357515.28,False,0.0,False,0.0,True,0.7,False,0.0,False,0.0,True,False,0.86,1388.69,False,False,False,False,False,False,False,46.091,33.649517,15.062594,148
A1NE34,A1NE34,BDR,ANET (BDR: A1NE34),11.8,A,0.5,C,3.0,OK,201.09,179.87,157.27,150.16,943305933.58,False,0.0,False,0.0,True,0.8,False,0.0,False,0.0,False,False,0.75,214.89,False,False,False,False,False,False,False,31.476,63.636074,17.13884,149
N2ET34,N2ET34,BDR,NET (BDR: N2ET34),11.8,A,0.5,C,1.0,Fraco,308.23,272.58,227.59,220.35,1309884461.23,False,0.0,False,0.0,True,0.8,False,0.0,False,0.0,False,False,1.39,332.22,False,False,False,False,False,False,False,-14.425999000000001,999.0,67.7131,150
Z1BR34,Z1BR34,BDR,ZBRA (BDR: Z1BR34),11.8,A,0.5,C,4.0,Forte,361.11,301.21,254.72,254.05,169361666.46,False,0.0,False,0.0,True,0.8,False,0.0,False,0.0,False,False,0.74,386.23,False,False,False,False,False,False,False,15.286,33.129356,4.9818583,151
N1TA34,N1TA34,BDR,NTAP (BDR: N1TA34),11.8,A,0.5,C,3.0,OK,190.64,175.23,134.24,127.73,408339630.93,False,0.0,False,0.0,True,0.8,False,0.0,False,0.0,False,False,0.95,209.06,False,False,False,False,False,False,False,106.734,29.974842,27.657043,152
T1WL34,T1WL34,BDR,TWLO (BDR: T1WL34),11.8,A,0.5,C,3.0,OK,241.34,209.93,169.72,160.03,492754006.8,False,0.0,False,0.0,True,0.8,False,0.0,False,0.0,False,False,1.0,258.35,False,False,False,False,False,False,False,13.497,33.334255,4.128293,153
D1EL34,D1EL34,BDR,DELL (BDR: D1EL34),11.8,A,0.5,C,2.0,Fraco,472.26,432.13,281.1,242.5,2189356790.91,False,0.0,False,0.0,True,0.8,False,0.0,False,0.0,False,False,0.93,514.0,False,False,False,False,False,False,False,0.0,37.570408,-218.33563,154
E2TS34,E2TS34,BDR,ETSY (BDR: E2TS34),11.8,A,0.5,C,1.0,Fraco,82.94,80.55,65.47,63.28,331744168.23,False,0.0,False,0.0,True,0.8,False,0.0,False,0.0,False,False,1.48,87.97,False,False,False,False,False,False,False,0.0,26.246836,-5.4916244,155
CTGP34,CTGP34,BDR,C (BDR: CTGP34),11.72,A,0.5,C,3.0,OK,132.68,136.03,125.16,121.13,1541549659.62,False,0.0,False,0.0,True,0.6,False,0.0,True,0.65,False,False,1.41,140.88,False,False,False,False,False,False,False,8.529,14.297414,1.1563736,156
S1NA34,S1NA34,BDR,SNA (BDR: S1NA34),11.72,A,0.5,C,4.0,Forte,395.84,401.14,380.14,370.37,82231800.84,False,0.0,False,0.0,True,0.6,False,0.0,True,0.65,False,False,0.81,420.41,False,False,False,False,False,False,False,17.932000000000002,20.195917,3.388867,157
BOAC34,BOAC34,BDR,BAC (BDR: BOAC34),11.62,A,0.5,C,3.0,OK,61.17,61.01,54.56,54.26,2721514449.7,False,0.0,False,0.0,True,0.75,False,0.0,False,0.0,False,False,1.64,65.23,False,False,False,False,False,False,False,11.1990005,14.127021,1.5548269,158
B2RK34,B2RK34,BDR,BRKR (BDR: B2RK34),11.62,A,0.5,C,2.0,Fraco,59.25,58.64,47.54,47.47,144179424.0,False,0.0,False,0.0,True,0.75,False,0.0,False,0.0,False,False,1.34,65.3,False,False,False,False,False,False,False,-2.9979998,999.0,3.7905445,159
G1RM34,G1RM34,BDR,GRMN (BDR: G1RM34),11.62,A,0.5,C,4.0,Forte,289.87,267.3,246.16,234.72,189726578.81,False,0.0,False,0.0,True,0.75,False,0.0,False,0.0,False,False,0.75,314.28,False,False,False,False,False,False,False,21.886998,29.945246,6.193274,160
M1HK34,M1HK34,BDR,MHK (BDR: M1HK34),11.62,A,0.5,C,4.0,Forte,129.8,121.87,113.57,113.2,105247423.87,False,0.0,False,0.0,True,0.75,False,0.0,False,0.0,False,False,0.99,140.3,False,False,False,False,False,False,False,5.5120002,17.192053,1.0304122,161
S1WK34,S1WK34,BDR,SWK (BDR: S1WK34),11.62,A,0.5,C,3.0,OK,99.24,94.02,82.73,80.09,127056870.02,False,0.0,False,0.0,True,0.75,False,0.0,False,0.0,False,False,0.92,104.68,False,False,False,False,False,False,False,6.886,24.264057,1.6728191,162
J2AZ34,J2AZ34,BDR,JAZZ (BDR: J2AZ34),11.62,A,0.5,C,4.0,Forte,251.1,246.57,214.33,202.42,1190286094.63,False,0.0,False,0.0,True,0.75,False,0.0,False,0.0,False,False,6.05,266.38,False,False,False,False,False,False,False,22.114,17.18686,3.388664,163
BBYY34,BBYY34,BDR,BBY (BDR: BBYY34),11.62,A,0.5,C,4.0,Forte,83.56,82.87,69.99,69.97,749292775.99,False,0.0,False,0.0,True,0.75,False,0.0,False,0.0,False,False,2.58,90.26,False,False,False,False,False,False,False,39.104,15.474073,5.7107706,164
N2VC34,N2VC34,BDR,NVCR (BDR: N2VC34),11.62,A,0.5,C,2.0,Fraco,17.99,16.46,14.62,14.16,13724103.09,False,0.0,False,0.0,True,0.75,False,0.0,False,0.0,True,False,0.52,18.61,False,False,False,False,False,False,False,-43.217,999.0,6.1949034,165
A1TT34,A1TT34,BDR,ALL (BDR: A1TT34),11.62,A,0.5,C,5.0,Forte,257.62,252.79,223.97,219.02,373522715.68,False,0.0,False,0.0,True,0.75,False,0.0,False,0.0,False,False,0.97,275.39,False,False,False,False,False,False,False,46.113998,5.159623,2.0644116,166
B1MR34,B1MR34,BDR,BMRN (BDR: B1MR34),11.62,A,0.5,C,2.0,Fraco,65.29,61.42,58.03,57.51,81349643.6,False,0.0,False,0.0,True,0.75,False,0.0,False,0.0,False,False,0.68,70.98,False,False,False,False,False,False,False,1.1820001,176.45946,1.9988366,167
A1SU34,A1SU34,BDR,AIZ (BDR: A1SU34),11.62,A,0.5,C,5.0,Forte,285.41,278.02,247.53,243.16,65289821.62,False,0.0,False,0.0,True,0.75,False,0.0,False,0.0,False,False,0.64,303.94,False,False,False,False,False,False,False,18.341999,13.6625185,2.3113115,168
E1CO34,E1CO34,BDR,EC (BDR: E1CO34),11.62,A,0.5,C,5.0,Forte,16.56,16.18,14.27,13.15,22618226.87,False,0.0,False,0.0,True,0.75,False,0.0,False,0.0,False,False,0.91,18.19,False,False,False,False,False,False,False,15.948,10.54777,0.008435865,169
RYTT34,RYTT34,BDR,RTX (BDR: RYTT34),11.62,A,0.5,C,3.0,OK,212.08,204.93,194.76,190.89,803398917.98,False,0.0,False,0.0,True,0.75,False,0.0,False,0.0,False,False,0.83,226.41,False,False,False,False,False,False,False,12.274000000000001,37.338028,4.306193,170
N1UE34,N1UE34,BDR,NUE (BDR: N1UE34),11.62,A,0.5,C,3.0,OK,252.37,247.08,215.9,201.97,235408712.49,False,0.0,False,0.0,True,0.75,False,0.0,False,0.0,False,False,0.54,280.11,False,False,False,False,False,False,False,14.548999000000002,20.125198,2.5897384,171
TAKP34,TAKP34,BDR,TAK (BDR: TAKP34),11.62,A,2.0,C,2.0,Fraco,18.03,16.97,17.19,16.64,31133267.63,False,0.0,False,0.0,False,0.0,False,0.0,True,0.85,True,False,0.71,18.5,False,False,False,False,False,True,False,-2.262,999.0,1.2031072,172
VBBR3,VIBRA ENERGIA S.A.,BR_STOCK,VBBR3,11.45,A,0.5,C,5.0,Forte,33.61,32.91,31.32,29.49,384259775.98,False,0.0,False,0.0,True,0.7,False,0.0,False,0.0,False,False,1.18,36.63,False,False,False,False,False,False,False,22.621,7.8470583,1.8303056,173
C1AH34,C1AH34,BDR,CAH (BDR: C1AH34),11.28,A,0.5,C,2.0,Fraco,235.13,232.49,217.26,213.97,243015089.6,False,0.0,False,0.0,True,0.65,False,0.0,False,0.0,False,False,0.62,258.3,False,False,False,False,False,False,False,0.0,32.566483,-19.003475,174
DEEC34,DEEC34,BDR,DE (BDR: DEEC34),11.28,A,0.5,C,1.0,Fraco,622.66,609.61,587.52,560.09,502768663.3,False,0.0,False,0.0,True,0.65,False,0.0,False,0.0,False,False,0.57,660.7,False,False,False,False,False,False,False,18.242,34.553825,6.0018888,175
E1IX34,E1IX34,BDR,EIX (BDR: E1IX34),11.25,A,0.5,C,3.0,OK,73.68,74.06,70.69,67.3,248720103.43,False,0.0,False,0.0,True,0.5,False,0.0,False,0.0,True,False,1.09,80.13,False,False,False,False,False,False,False,19.733999999999998,7.6037154,1.625091,176
BEES3,BANESTES S.A. - BCO EST ESPIRITO SANTO,BR_STOCK,BEES3,11.25,A,0.5,C,4.0,Forte,8.6,8.64,8.51,8.25,51600.0,False,0.0,False,0.0,True,0.5,False,0.0,False,0.0,True,False,0.51,8.98,False,False,False,False,False,False,False,18.201,6.858268,1.2050359,177
IFRI11,IFRI11,ETF,IFRI11,11.25,A,0.5,C,0.0,Fraco,100.01,100.41,98.41,97.01,1078507.86,False,0.0,False,0.0,True,0.5,False,0.0,False,0.0,True,False,0.55,102.44,False,False,False,False,False,False,False,0.0,999.0,999.0,178
C1TV34,C1TV34,BDR,CTVA (BDR: C1TV34),11.25,A,0.5,C,1.0,Fraco,82.4,82.41,79.84,76.54,323381030.79,False,0.0,False,0.0,True,0.5,False,0.0,False,0.0,True,False,0.93,90.53,False,False,False,False,False,False,False,4.256,49.939396,2.1845753,179
G1PC34,G1PC34,BDR,GPC (BDR: G1PC34),11.18,A,2.0,C,1.0,Fraco,136.7,125.87,115.64,118.09,172149450.26,True,0.56,False,0.0,False,0.0,False,0.0,False,0.0,True,False,1.12,139.89,False,False,False,False,False,True,False,0.70700003,546.8,4.1637473,180
Q1RV34,Q1RV34,BDR,QRVO (BDR: Q1RV34),11.12,A,0.5,C,2.0,Fraco,96.18,92.14,88.27,87.45,60743729.53,False,0.0,False,0.0,False,0.0,False,0.0,True,0.85,True,False,0.75,99.15,False,False,False,False,False,False,False,11.5559995,22.315546,2.443846,181
S1KM34,S1KM34,BDR,SKM (BDR: S1KM34),11.1,A,0.5,C,3.0,OK,39.47,34.33,33.95,30.58,74983332.17,False,0.0,False,0.0,True,0.6,False,0.0,False,0.0,True,False,0.99,41.01,False,False,False,False,False,False,False,5.189,28.81022,1.6353393,182
CLSC4,CENTRAIS ELET DE SANTA CATARINA S.A.,BR_STOCK,CLSC4,11.1,A,2.0,C,4.0,Forte,148.64,140.11,138.76,132.53,1352623.99,False,0.0,False,0.0,True,0.6,False,0.0,False,0.0,False,False,2.21,157.01,False,False,False,False,False,True,False,21.595,6.9255667,1.3665514,183
GPRK34,GPRK34,BDR,GPRK (BDR: GPRK34),11.1,A,0.5,C,3.0,OK,9.85,9.61,9.36,8.9,2707036.2,False,0.0,False,0.0,True,0.6,False,0.0,False,0.0,True,False,0.95,10.01,False,False,False,False,False,False,False,28.566997999999998,6.93662,1.4553783,184
E1TN34,E1TN34,BDR,ETN (BDR: E1TN34),11.07,A,0.5,C,2.0,Fraco,416.04,416.67,393.17,378.0,662392275.04,False,0.0,False,0.0,True,0.7,False,0.0,True,0.85,False,False,0.95,478.0,False,False,False,False,False,False,False,19.683999999999997,42.409786,7.9782157,185
TELB3,TELEC BRASILEIRAS S.A. TELEBRAS,BR_STOCK,TELB3,11.0,A,0.5,C,3.0,OK,18.98,10.8,12.27,11.93,356823.99,False,0.0,False,0.0,False,0.0,False,0.0,False,0.0,True,True,16.49,14.0,False,False,False,False,False,False,True,8.48,11.251572,1.0413271,186
A1RG34,A1RG34,BDR,ARGX (BDR: A1RG34),11.0,A,2.0,C,4.0,Forte,1058.9,906.27,832.51,840.38,341510082.47,False,0.0,False,0.0,False,0.0,False,0.0,False,0.0,True,False,0.97,1058.69,False,False,False,False,False,True,False,23.635,40.293,196.68994,187
I1QV34,I1QV34,BDR,IQV (BDR: I1QV34),11.0,A,2.0,C,2.0,Fraco,262.38,219.43,191.4,200.53,323286537.8,False,0.0,False,0.0,False,0.0,False,0.0,False,0.0,True,False,1.04,262.51,False,False,False,False,False,True,False,22.817999999999998,32.67497,6.9984794,188
F2NV34,F2NV34,BDR,FNV (BDR: F2NV34),11.0,A,2.0,C,3.0,OK,271.31,223.33,236.32,230.2,137263867.06,False,0.0,False,0.0,False,0.0,False,0.0,False,0.0,True,False,0.61,272.76,False,False,False,False,False,True,False,19.913,35.46536,6.3499975,189
U1RI34,U1RI34,BDR,URI (BDR: U1RI34),10.95,A,0.5,C,3.0,OK,1037.51,1095.49,946.57,919.26,422451250.76,False,0.0,False,0.0,True,0.7,False,0.0,True,0.8,False,False,0.96,1177.15,False,False,False,False,False,False,False,28.895,24.958143,7.0117188,190
M1RN34,M1RN34,BDR,MRNA (BDR: M1RN34),10.8,A,0.5,C,2.0,Fraco,142.77,75.26,58.01,51.2,3557199461.83,False,0.0,False,0.0,True,0.8,False,0.0,False,0.0,False,False,0.49,176.66,False,False,False,False,False,False,False,-38.998002,999.0,8.425494,191
B2YN34,B2YN34,BDR,BYND (BDR: B2YN34),10.8,A,0.5,C,0.0,Fraco,14.0,5.65,2.4,2.06,9066008.0,False,0.0,False,0.0,True,0.8,False,0.0,False,0.0,False,False,0.3,18.15,False,False,False,False,False,False,False,0.0,999.0,4.241139,192
CMIG3,CIA ENERGETICA DE MINAS GERAIS - CEMIG,BR_STOCK,CMIG3,10.75,A,0.5,C,4.0,Forte,16.29,15.86,15.75,15.15,2073717.12,False,0.0,False,0.0,True,0.5,False,0.0,False,0.0,True,False,0.96,16.85,False,False,False,False,False,False,False,15.943999999999999,9.771605,1.5518086,193
H1LT34,H1LT34,BDR,HLT (BDR: H1LT34),10.75,A,0.5,C,2.0,Fraco,325.68,328.4,320.29,311.25,445337101.74,False,0.0,False,0.0,False,0.0,False,0.0,True,0.5,True,False,0.71,335.65,False,False,False,False,False,False,False,0.0,47.753662,-11.661833,194
A1ME34,A1ME34,BDR,AME (BDR: A1ME34),10.75,A,0.5,C,3.0,OK,243.67,241.61,231.66,224.39,185346122.09,False,0.0,False,0.0,True,0.5,False,0.0,False,0.0,False,False,0.55,261.16,False,False,False,False,False,False,False,14.562,35.624268,4.9609103,195
ASML34,ASML34,BDR,ASML (BDR: ASML34),10.7,A,0.5,C,4.0,Forte,1735.01,1770.39,1571.31,1457.06,1648871967.81,False,0.0,False,0.0,True,0.7,False,0.0,True,0.7,False,False,0.86,1896.35,False,False,False,False,False,False,False,53.942,58.45721,1455.5363,196
USBC34,USBC34,BDR,USB (BDR: USBC34),10.62,A,0.5,C,3.0,OK,62.4,62.6,57.18,55.55,375432729.18,False,0.0,False,0.0,True,0.75,False,0.0,False,0.0,False,False,1.01,66.08,False,False,False,False,False,False,False,12.623000000000001,12.45509,1.6036597,197
TASA3,TAURUS ARMAS S.A.,BR_STOCK,TASA3,10.52,A,2.0,C,2.0,Fraco,5.7,5.18,5.21,5.2,132240.0,True,0.67,False,0.0,False,0.0,False,0.0,False,0.0,True,True,2.01,5.45,False,False,False,False,False,True,False,2.085,33.058823,0.6270922,198
QQQQ11,QQQQ11,ETF,QQQQ11,10.5,A,0.0,C,0.0,Fraco,134.84,133.52,119.64,116.11,94253.16,False,0.0,False,0.0,False,0.0,False,0.0,False,0.0,True,False,1.31,140.12,False,False,False,False,False,False,False,0.0,999.0,999.0,199
XPID11,XPID11,ETF,XPID11,10.5,A,2.0,C,0.0,Fraco,49.24,48.33,48.33,47.02,421789.85,False,0.0,False,0.0,False,0.0,False,0.0,False,0.0,True,True,3.56,49.05,False,False,False,False,False,True,False,0.0,999.0,999.0,200
PFIN11,PFIN11,ETF,PFIN11,10.5,A,0.5,C,0.0,Fraco,62.4,62.1,60.47,58.28,388377.61,False,0.0,False,0.0,False,0.0,False,0.0,False,0.0,True,False,0.6,63.5,False,False,False,False,False,False,False,0.0,999.0,999.0,201
A1CR34,A1CR34,BDR,AMCR (BDR: A1CR34),10.5,A,2.0,C,2.0,Fraco,46.52,44.76,42.32,41.97,150979917.17,False,0.0,False,0.0,False,0.0,False,0.0,False,0.0,True,False,0.85,48.94,False,False,False,False,False,True,False,9.396,19.546217,1.8227413,202
ARGT39,GLOBAL X MSCI ARGENTINA ETF,BDR,ARGT (BDR: ARGT39),10.5,A,0.5,C,1.0,Fraco,94.15,93.17,92.39,91.96,12792913.91,False,0.0,False,0.0,False,0.0,False,0.0,False,0.0,True,False,1.1,96.74,False,False,False,False,False,False,False,0.0,15.629402,999.0,203
PNCS34,PNCS34,BDR,PNC (BDR: PNCS34),10.45,A,0.5,C,3.0,OK,243.51,248.06,227.31,220.28,460705081.46,False,0.0,False,0.0,True,0.7,False,0.0,False,0.0,False,False,1.29,258.96,False,False,False,False,False,False,False,12.623000000000001,13.416529,1.6734471,204
L1YG34,L1YG34,BDR,LYG (BDR: L1YG34),10.45,A,0.5,C,3.0,OK,5.92,5.94,5.51,5.37,63021668.65,False,0.0,False,0.0,True,0.7,False,0.0,False,0.0,False,False,1.03,6.25,False,False,False,False,False,False,False,11.3400005,13.454546,1.5242736,205
C1FG34,C1FG34,BDR,CFG (BDR: C1FG34),10.45,A,0.5,C,3.0,OK,70.18,71.07,65.0,62.74,160206483.62,False,0.0,False,0.0,True,0.7,False,0.0,False,0.0,False,False,0.84,75.33,False,False,False,False,False,False,False,8.270001,15.28976,1.2322874,206
I1XC34,I1XC34,BDR,IX (BDR: I1XC34),10.45,A,0.5,C,3.0,OK,38.92,39.57,35.64,33.82,36650300.64,False,0.0,False,0.0,True,0.7,False,0.0,False,0.0,False,False,3.08,42.39,False,False,False,False,False,False,False,14.035,10.9943495,1.44172,207
B2AP34,B2AP34,BDR,BAP (BDR: B2AP34),10.45,A,0.5,C,4.0,Forte,373.2,385.53,346.21,326.76,115817398.99,False,0.0,False,0.0,True,0.7,False,0.0,False,0.0,False,False,1.04,413.25,False,False,False,False,False,False,False,20.41,13.796674,2.663645,208
B1CS34,B1CS34,BDR,BCS (BDR: B1CS34),10.45,A,0.5,C,3.0,OK,26.87,27.24,24.72,24.41,49011123.36,False,0.0,False,0.0,True,0.7,False,0.0,False,0.0,False,False,0.74,28.37,False,False,False,False,False,False,False,10.091999999999999,10.21673,1.0141273,209
N1WL34,N1WL34,BDR,NWL (BDR: N1WL34),10.3,A,0.5,C,2.0,Fraco,5.88,5.62,4.56,4.32,35463339.09,False,0.0,False,0.0,True,0.8,False,0.0,False,0.0,False,False,1.1,7.13,False,False,False,False,False,False,False,-8.5939996,999.0,1.020479,210
H1PE34,H1PE34,BDR,HPE (BDR: H1PE34),10.3,A,0.5,C,2.0,Fraco,54.41,49.5,35.46,32.23,811840344.85,False,0.0,False,0.0,True,0.8,False,0.0,False,0.0,False,False,1.09,63.44,False,False,False,False,False,False,False,6.3149999999999995,50.850464,2.8467534,211
M2RV34,M2RV34,BDR,MRVL (BDR: M2RV34),10.3,A,0.5,C,3.0,OK,241.45,229.99,168.59,147.97,8598881156.47,False,0.0,False,0.0,True,0.8,False,0.0,False,0.0,False,False,1.5,252.52,False,False,False,False,False,False,False,16.028000000000002,82.688354,11.605941,212
B1AX34,B1AX34,BDR,BAX (BDR: B1AX34),10.12,A,0.5,C,2.0,Fraco,25.93,24.05,20.46,20.11,116672554.97,False,0.0,False,0.0,True,0.75,False,0.0,False,0.0,False,False,0.89,30.0,False,False,False,False,False,False,False,-14.371,999.0,2.1601133,213
PDTC3,PADTEC HOLDING S.A.,BR_STOCK,PDTC3,10.12,A,0.5,C,1.0,Fraco,1.75,1.72,1.58,1.52,58975.0,False,0.0,False,0.0,True,0.75,False,0.0,False,0.0,False,False,0.97,2.02,False,False,False,False,False,False,False,13.994001,7.3913045,1.0011779,214
S2CH34,S2CH34,BDR,SQM (BDR: S2CH34),10.12,A,0.5,C,5.0,Forte,80.43,73.02,77.71,74.85,57958662.52,False,0.0,False,0.0,False,0.0,False,0.0,True,0.85,True,False,0.72,84.5,False,False,False,False,False,False,False,21.82,16.549383,3.6401901,215
SIMN34,SIMN34,BDR,SPG (BDR: SIMN34),10.1,A,0.5,C,3.0,OK,214.89,223.17,204.78,198.34,285245414.97,False,0.0,False,0.0,True,0.6,False,0.0,False,0.0,False,False,1.33,235.27,False,False,False,False,False,False,False,120.508,15.154443,15.822841,216
I2NV34,I2NV34,BDR,INVH (BDR: I2NV34),10.1,A,0.5,C,3.0,OK,29.23,29.88,27.74,27.46,183061319.6,False,0.0,False,0.0,True,0.6,False,0.0,False,0.0,False,False,2.23,30.89,False,False,False,False,False,False,False,7.053999599999999,26.816513,1.9065944,217
M1TB34,M1TB34,BDR,MTB (BDR: M1TB34),10.1,A,0.5,C,3.0,OK,238.68,244.08,224.42,217.59,189030735.32,False,0.0,False,0.0,True,0.6,False,0.0,False,0.0,False,False,0.89,255.95,False,False,False,False,False,False,False,10.742,12.635257,1.3559052,218
VLYB34,VLYB34,BDR,VLY (BDR: VLYB34),10.1,A,0.5,C,3.0,OK,13.95,14.55,13.45,12.93,90186860.37,False,0.0,False,0.0,True,0.6,False,0.0,False,0.0,False,False,1.07,15.15,False,False,False,False,False,False,False,8.953,11.822034,1.0346363,219
KMBB34,KMBB34,BDR,KMB (BDR: KMBB34),10.1,A,0.5,C,2.0,Fraco,109.98,109.26,102.3,101.54,367709452.8,False,0.0,False,0.0,True,0.6,False,0.0,False,0.0,True,False,1.26,112.7,False,False,False,False,False,False,False,104.91299999999998,21.735178,20.900799,220
P1SA34,P1SA34,BDR,PSA (BDR: P1SA34),10.1,A,0.5,C,3.0,OK,311.2,322.01,302.75,293.31,218410126.97,False,0.0,False,0.0,True,0.6,False,0.0,False,0.0,False,False,1.11,330.77,False,False,False,False,False,False,False,21.929000000000002,29.723019,11.291318,221
RAPT3,RANDONCORP S.A.,BR_STOCK,RAPT3,10.0,A,2.0,C,1.0,Fraco,8.1,5.56,5.59,5.73,521640.02,False,0.0,False,0.0,False,0.0,False,0.0,False,0.0,True,False,0.81,8.11,False,False,False,False,False,True,False,-1.442,999.0,0.8789904,222
AMZO34,AMZO34,BDR,AMZN (BDR: AMZO34),10.0,A,0.5,C,4.0,Forte,256.26,251.08,240.6,238.59,9168942660.33,False,0.0,False,0.0,False,0.0,False,0.0,True,1.0,False,False,1.15,287.2,False,False,False,False,False,False,False,30.558002000000002,20.59968,5.009383,223
F1SL34,F1SL34,BDR,FSLY (BDR: F1SL34),9.95,A,0.5,C,2.0,Fraco,24.64,21.66,20.95,18.35,103932675.51,False,0.0,False,0.0,True,0.7,False,0.0,False,0.0,False,False,0.88,30.69,False,False,False,False,False,False,False,-8.389000000000001,999.0,3.9556909,224
C1FI34,C1FI34,BDR,CF (BDR: C1FI34),9.78,A,0.5,C,5.0,Forte,125.71,117.13,114.45,105.65,273670668.01,False,0.0,False,0.0,True,0.65,False,0.0,False,0.0,False,False,0.93,132.55,False,False,False,False,False,False,False,29.866999999999997,9.325668,3.3153994,225
REGN34,REGN34,BDR,REGN (BDR: REGN34),9.75,A,2.0,C,3.0,OK,807.71,712.22,720.14,726.1,494099644.03,False,0.0,False,0.0,False,0.0,False,0.0,True,0.5,True,False,0.96,847.0,False,False,False,False,False,True,False,14.043,19.987875,2.555147,226
DTCR39,GLOBAL X DATA CENTER & DIGITAL INFRASTRUCTURE ETF,BDR,DTCR (BDR: DTCR39),9.75,A,0.5,C,0.0,Fraco,28.5,28.79,27.66,26.09,13191852.0,False,0.0,False,0.0,False,0.0,False,0.0,True,0.7,True,False,0.64,29.47,False,False,False,False,False,False,False,0.0,21.755964,999.0,227
C1BL34,C1BL34,BDR,CB (BDR: C1BL34),9.75,A,0.5,C,3.0,OK,338.31,346.49,331.43,323.82,396513526.16,False,0.0,False,0.0,True,0.5,False,0.0,False,0.0,False,False,0.64,359.35,False,False,False,False,False,False,False,14.822,11.988306,1.7309287,228
KHCB34,KHCB34,BDR,KHC (BDR: KHCB34),9.6,A,0.5,C,1.0,Fraco,25.13,25.09,23.55,23.52,458422223.72,False,0.0,False,0.0,True,0.6,False,0.0,False,0.0,False,False,1.45,27.11,False,False,False,False,False,False,False,-8.76,999.0,0.8277611,229
D2AR34,D2AR34,BDR,DAR (BDR: D2AR34),9.6,A,0.5,C,4.0,Forte,61.39,60.42,57.97,52.58,152066773.28,False,0.0,False,0.0,True,0.6,False,0.0,False,0.0,False,False,0.86,69.98,False,False,False,False,False,False,False,12.126000000000001,16.502687,1.84676,230
CMIN3,CSN MINERAÇÃO S.A.,BR_STOCK,CMIN3,9.5,A,2.0,C,3.0,OK,5.99,5.24,5.05,5.12,30363308.84,False,0.0,False,0.0,False,0.0,False,0.0,False,0.0,True,False,0.62,6.17,False,False,False,False,False,True,False,28.136,18.781252,4.4223695,231
WEGE3,WEG S.A.,BR_STOCK,WEGE3,9.5,A,2.0,C,2.0,Fraco,50.42,46.66,47.15,46.69,338141717.72,False,0.0,False,0.0,False,0.0,False,0.0,False,0.0,True,False,0.95,49.96,False,False,False,False,False,True,False,30.791,33.72483,12.105516,232
MMMC34,MMMC34,BDR,MMM (BDR: MMMC34),9.5,A,2.0,C,3.0,OK,178.83,170.06,158.0,159.35,428217380.88,False,0.0,False,0.0,False,0.0,False,0.0,False,0.0,True,False,0.87,183.89,False,False,False,False,False,True,False,81.891996,31.763765,31.242138,233
MSCD34,MSCD34,BDR,MA (BDR: MSCD34),9.5,A,2.0,C,3.0,OK,591.73,545.87,519.75,527.95,1889571938.36,False,0.0,False,0.0,False,0.0,False,0.0,False,0.0,True,False,1.11,601.23,False,False,False,False,False,True,False,241.202,32.53051,92.51563,234
UPSS34,UPSS34,BDR,UPS (BDR: UPSS34),9.5,A,0.5,C,3.0,OK,105.68,106.67,103.62,101.49,296758635.02,False,0.0,False,0.0,False,0.0,False,0.0,False,0.0,True,False,0.63,107.7,False,False,False,False,False,False,False,29.602,19.643122,5.9689355,235
RIOT34,RIOT34,BDR,RIO (BDR: RIOT34),9.5,A,2.0,C,5.0,Forte,104.78,94.63,94.92,89.58,206694369.37,False,0.0,False,0.0,False,0.0,False,0.0,False,0.0,True,False,0.8,106.84,False,False,False,False,False,True,False,19.312,14.197831,2.6023247,236
MCOR34,MCOR34,BDR,MCO (BDR: MCOR34),9.5,A,2.0,C,3.0,OK,509.02,482.12,460.99,470.51,285766875.95,False,0.0,False,0.0,False,0.0,False,0.0,False,0.0,True,False,0.82,520.59,False,False,False,False,False,True,False,76.932,32.31873,29.141811,237
SLBG34,SLBG34,BDR,SLB (BDR: SLBG34),9.5,A,0.5,C,2.0,Fraco,55.01,49.6,51.15,48.15,835313732.13,False,0.0,False,0.0,False,0.0,False,0.0,False,0.0,True,True,1.77,54.9,False,False,False,False,False,False,False,12.909001,26.834146,3.131261,238
BLAK34,BLAK34,BDR,BLK (BDR: BLAK34),9.5,A,2.0,C,3.0,OK,1167.57,1078.58,1046.54,1050.33,820450233.69,False,0.0,False,0.0,False,0.0,False,0.0,False,0.0,True,False,1.38,1186.74,False,False,False,False,False,True,False,12.2779995,27.952356,3.1411283,239
GILD34,GILD34,BDR,GILD (BDR: GILD34),9.5,A,2.0,C,1.0,Fraco,148.86,133.69,136.16,132.53,741286481.2,False,0.0,False,0.0,False,0.0,False,0.0,False,0.0,True,False,0.93,149.62,False,False,False,False,False,True,False,-20.68,999.0,15.61687,240
C1TA34,C1TA34,BDR,CTAS (BDR: C1TA34),9.5,A,0.5,C,4.0,Forte,204.15,193.13,185.12,185.46,261615767.38,False,0.0,False,0.0,False,0.0,False,0.0,False,0.0,True,False,0.71,210.51,False,False,False,False,False,False,False,40.714002,41.4939,15.893343,241
SPYI11,SPYI11,ETF,SPYI11,9.5,A,2.0,C,0.0,Fraco,109.49,106.68,102.64,102.81,455478.39,False,0.0,False,0.0,False,0.0,False,0.0,False,0.0,True,False,0.31,111.45,False,False,False,False,False,True,False,0.0,999.0,999.0,242
M1TD34,M1TD34,BDR,MTD (BDR: M1TD34),9.5,A,2.0,C,2.0,Fraco,1407.43,1336.45,1283.7,1320.87,205477750.69,False,0.0,False,0.0,False,0.0,False,0.0,False,0.0,True,False,0.81,1474.19,False,False,False,False,False,True,False,0.0,31.748928,2199.1096,243
G1PI34,G1PI34,BDR,GPN (BDR: G1PI34),9.5,A,2.0,C,2.0,Fraco,92.74,81.6,74.22,74.85,198465450.23,False,0.0,False,0.0,False,0.0,False,0.0,False,0.0,True,False,0.76,95.88,False,False,False,False,False,True,False,2.428,43.952606,1.0666636,244
EDEN39,ISHARES MSCI DENMARK ETF,BDR,EDEN (BDR: EDEN39),9.5,A,2.0,C,1.0,Fraco,118.49,113.66,110.08,110.38,244681.85,False,0.0,False,0.0,False,0.0,False,0.0,False,0.0,True,False,0.74,120.61,False,False,False,False,False,True,False,0.0,17.268936,999.0,245
TMOS34,TMOS34,BDR,TMO (BDR: TMOS34),9.5,A,2.0,C,3.0,OK,630.7,554.28,516.58,534.37,925173847.91,False,0.0,False,0.0,False,0.0,False,0.0,False,0.0,True,False,0.86,647.0,False,False,False,False,False,True,False,13.514999999999999,33.963383,4.4268036,246
AZEV3,AZEVEDO E TRAVASSOS S.A.,BR_STOCK,AZEV3,9.5,A,0.5,C,2.0,Fraco,14.42,3.6,4.26,4.6,53750550.28,False,0.0,False,0.0,False,0.0,False,0.0,False,0.0,True,True,2.22,12.96,False,False,False,False,False,False,False,-111.209,999.0,2.2058034,247
R1JF34,R1JF34,BDR,RJF (BDR: R1JF34),9.5,A,2.0,C,5.0,Forte,176.11,169.58,158.23,159.02,124673904.95,False,0.0,False,0.0,False,0.0,False,0.0,False,0.0,True,False,0.69,182.73,False,False,False,False,False,True,False,18.416001,15.353967,2.6643772,248
T1CH34,T1CH34,BDR,TECH (BDR: T1CH34),9.5,A,2.0,C,2.0,Fraco,72.47,70.18,60.01,60.45,122031220.48,False,0.0,False,0.0,False,0.0,False,0.0,False,0.0,True,False,0.68,72.54,False,False,False,False,False,True,False,9.032,62.47414,5.4394655,249
VERZ34,VERZ34,BDR,VZ (BDR: VERZ34),9.5,A,2.0,C,2.0,Fraco,49.43,45.66,46.24,44.33,809158428.12,False,0.0,False,0.0,False,0.0,False,0.0,False,0.0,True,False,0.97,50.78,False,False,False,False,False,True,False,15.842,12.872396,1.9762515,250
5PRE11,5PRE11,ETF,5PRE11,9.5,A,2.0,C,0.0,Fraco,51.08,50.23,49.89,49.89,236806.89,False,0.0,False,0.0,False,0.0,False,0.0,False,0.0,True,False,0.35,51.13,False,False,False,False,False,True,False,0.0,999.0,999.0,251
H1IG34,H1IG34,BDR,HIG (BDR: H1IG34),9.5,A,0.5,C,5.0,Forte,137.8,138.16,136.01,135.37,173082040.23,False,0.0,False,0.0,False,0.0,False,0.0,False,0.0,True,False,0.95,146.07,False,False,False,False,False,False,False,22.061001,9.516575,1.9394519,252
N1DA34,N1DA34,BDR,NDAQ (BDR: N1DA34),9.5,A,2.0,C,4.0,Forte,99.35,90.83,88.62,89.7,214571457.25,False,0.0,False,0.0,False,0.0,False,0.0,False,0.0,True,False,0.87,99.67,False,False,False,False,False,True,False,16.521999,28.965014,4.657541,253
COLG34,COLG34,BDR,CL (BDR: COLG34),9.5,A,2.0,C,2.0,Fraco,90.96,91.69,89.32,86.56,291072906.67,False,0.0,False,0.0,False,0.0,False,0.0,False,0.0,True,False,0.83,94.15,False,False,False,False,False,True,False,267.367,35.811024,307.2973,254
D2TC34,D2TC34,BDR,DT (BDR: D2TC34),9.5,A,2.0,C,2.0,Fraco,53.43,45.65,40.49,41.33,470962958.66,False,0.0,False,0.0,False,0.0,False,0.0,False,0.0,True,False,1.13,53.28,False,False,False,False,False,True,False,5.8790002,106.86,6.3298187,255
ALUP4,ALUPAR INVESTIMENTO S/A,BR_STOCK,ALUP4,9.5,A,2.0,C,4.0,Forte,11.0,10.41,10.58,10.49,201300.0,False,0.0,False,0.0,False,0.0,False,0.0,False,0.0,True,False,0.93,10.96,False,False,False,False,False,True,False,15.841,12.952381,1.116012,256
LFIX11,LFIX11,ETF,LFIX11,9.5,A,0.5,C,0.0,Fraco,21.58,21.28,20.79,20.79,3292892.19,False,0.0,False,0.0,False,0.0,False,0.0,False,0.0,True,False,1.02,21.57,False,False,False,False,False,False,False,0.0,999.0,999.0,257
VISA34,VISA34,BDR,V (BDR: VISA34),9.5,A,2.0,C,4.0,Forte,379.66,356.9,330.02,331.55,2520105653.67,False,0.0,False,0.0,False,0.0,False,0.0,False,0.0,True,False,0.84,385.57,False,False,False,False,False,True,False,61.19,32.31149,20.119766,258
S2NW34,S2NW34,BDR,SNOW (BDR: S2NW34),9.5,A,2.0,C,1.0,Fraco,329.11,285.28,212.01,216.94,1338173048.4,False,0.0,False,0.0,False,0.0,False,0.0,False,0.0,True,False,1.18,341.95,False,False,False,False,False,True,False,-54.869,999.0,58.811646,259
H1AS34,H1AS34,BDR,HAS (BDR: H1AS34),9.5,A,2.0,C,3.0,OK,94.18,87.52,90.24,87.78,87372952.42,False,0.0,False,0.0,False,0.0,False,0.0,False,0.0,True,False,0.66,98.2,False,False,False,False,False,True,False,159.56,16.758007,18.866186,260
N1VS34,N1VS34,BDR,NVS (BDR: N1VS34),9.5,A,2.0,C,2.0,Fraco,154.65,154.74,152.39,147.13,188756967.5,False,0.0,False,0.0,False,0.0,False,0.0,False,0.0,True,False,0.87,160.81,False,False,False,False,False,True,False,30.349999999999998,23.361027,7.0758595,261
PFIZ34,PFIZ34,BDR,PFE (BDR: PFIZ34),9.5,A,2.0,C,2.0,Fraco,28.02,25.32,25.71,25.32,872609249.68,False,0.0,False,0.0,False,0.0,False,0.0,False,0.0,True,False,0.92,28.58,False,False,False,False,False,True,False,5.013999999999999,36.868423,1.8744982,262
P1YC34,P1YC34,BDR,PAYC (BDR: P1YC34),9.5,A,2.0,C,3.0,OK,237.04,168.34,142.11,146.45,194034538.42,False,0.0,False,0.0,False,0.0,False,0.0,False,0.0,True,False,1.27,233.46,False,False,False,False,False,True,False,41.089,25.057081,18.04232,263
F2RS34,F2RS34,BDR,FRSH (BDR: F2RS34),9.5,A,2.0,C,3.0,OK,13.69,11.1,9.49,10.14,81517526.89,False,0.0,False,0.0,False,0.0,False,0.0,False,0.0,True,False,0.95,13.27,False,False,False,False,False,True,False,19.695,21.730158,4.0158405,264
S1YF34,S1YF34,BDR,SYF (BDR: S1YF34),9.5,A,2.0,C,4.0,Forte,79.93,76.32,72.78,74.39,252556340.63,False,0.0,False,0.0,False,0.0,False,0.0,False,0.0,True,False,0.9,81.92,False,False,False,False,False,True,False,20.785999999999998,8.197948,1.7110869,265
NEXG11,NEXG11,ETF,NEXG11,9.5,A,0.5,C,0.0,Fraco,128.99,129.51,127.58,126.06,53659.84,False,0.0,False,0.0,False,0.0,False,0.0,False,0.0,True,False,0.22,133.96,False,False,False,False,False,False,False,0.0,999.0,999.0,266
S1YM34,S1YM34,BDR,GEN (BDR: S1YM34),9.5,A,2.0,C,4.0,Forte,30.5,26.77,23.56,24.25,193773667.5,False,0.0,False,0.0,False,0.0,False,0.0,False,0.0,True,False,1.21,29.86,False,False,False,False,False,True,False,41.943999999999996,17.836256,6.878665,267
DBAG34,DBAG34,BDR,DB (BDR: DBAG34),9.5,A,2.0,C,3.0,OK,40.07,36.44,33.49,34.15,67805612.01,False,0.0,False,0.0,False,0.0,False,0.0,False,0.0,True,False,0.91,40.65,False,False,False,False,False,True,False,8.891,10.462141,0.8181944,268
P1DT34,P1DT34,BDR,PRU (BDR: P1DT34),9.5,A,2.0,C,3.0,OK,120.37,116.31,104.08,104.94,160523991.22,False,0.0,False,0.0,False,0.0,False,0.0,False,0.0,True,False,0.88,126.26,False,False,False,False,False,True,False,12.011,10.912965,1.3159362,269
N1EM34,N1EM34,BDR,NEM (BDR: N1EM34),9.5,A,2.0,C,5.0,Forte,132.29,103.91,110.01,107.11,764834596.18,False,0.0,False,0.0,False,0.0,False,0.0,False,0.0,True,False,0.73,135.29,False,False,False,False,False,True,False,25.905,16.661207,3.97506,270
W1BD34,W1BD34,BDR,WBD (BDR: W1BD34),9.5,A,4.49,C,1.0,Fraco,28.88,26.9,27.26,27.12,395702600.82,False,0.0,False,0.0,False,0.0,False,0.0,False,0.0,True,False,0.72,28.98,True,False,False,False,False,True,False,-8.786,999.0,2.2057586,271
P1GR34,P1GR34,BDR,PGR (BDR: P1GR34),9.5,A,0.5,C,5.0,Forte,217.65,216.43,206.93,208.1,320967357.75,False,0.0,False,0.0,False,0.0,False,0.0,False,0.0,True,False,0.54,224.73,False,False,False,False,False,False,False,34.943000000000005,10.915245,3.6831775,272
P1AY34,P1AY34,BDR,PAYX (BDR: P1AY34),9.5,A,2.0,C,2.0,Fraco,126.48,112.42,99.38,101.59,218275521.87,False,0.0,False,0.0,False,0.0,False,0.0,False,0.0,True,False,0.79,127.09,False,False,False,False,False,True,False,0.0,25.812244,12.041128,273
ADPR34,ADPR34,BDR,ADP (BDR: ADPR34),9.5,A,2.0,C,4.0,Forte,284.68,254.18,227.41,233.86,502840804.22,False,0.0,False,0.0,False,0.0,False,0.0,False,0.0,True,False,0.82,285.59,False,False,False,False,False,True,False,72.239,25.998173,18.777124,274
VMRK34,VMRK34,BDR,VMRK (BDR: VMRK34),9.5,A,0.5,C,2.0,Fraco,65.5,67.14,63.87,62.74,281750739.0,False,0.0,False,0.0,False,0.0,False,0.0,False,0.0,True,False,0.62,69.47,False,False,False,False,False,False,False,8.487,25.095787,999.0,275
AZIN11,AZIN11,ETF,AZIN11,9.5,A,2.0,C,0.0,Fraco,95.15,96.67,95.0,93.84,2223084.64,False,0.0,False,0.0,False,0.0,False,0.0,False,0.0,True,False,1.95,98.5,False,False,False,False,False,True,False,0.0,999.0,999.0,276
L2PL34,L2PL34,BDR,LPLA (BDR: L2PL34),9.5,A,2.0,C,3.0,OK,361.22,331.57,319.06,330.54,157917076.47,False,0.0,False,0.0,False,0.0,False,0.0,False,0.0,True,False,0.91,378.7,False,False,False,False,False,True,False,18.591999,28.8976,4.9669986,277
P1LD34,P1LD34,BDR,PLD (BDR: P1LD34),9.5,A,0.5,C,3.0,OK,141.85,142.46,138.96,135.6,406334874.63,False,0.0,False,0.0,False,0.0,False,0.0,False,0.0,True,False,0.99,146.75,False,False,False,False,False,False,False,7.7490000000000006,31.59243,2.4663134,278
TOKY3,TOKY3,BR_STOCK,TOKY3,9.5,A,0.5,C,0.0,Fraco,7.8,1.1,1.36,1.94,160641.0,False,0.0,False,0.0,False,0.0,False,0.0,False,0.0,True,False,0.26,7.2,False,False,False,False,False,False,False,-121.55499999999999,999.0,0.21885522,279
AAGR11,AAGR11,ETF,AAGR11,9.3,B,0.0,C,0.0,Fraco,123.0,125.34,104.66,102.07,111930.0,False,0.0,False,0.0,True,0.8,False,0.0,False,0.0,False,False,2.68,150.97,False,False,False,False,False,False,False,0.0,999.0,999.0,280
LAND3,TERRA SANTA PROPRIEDADES AGRICOLAS S.A.,BR_STOCK,LAND3,9.25,B,0.5,C,1.0,Fraco,8.99,8.59,8.56,8.53,285881.99,False,0.0,False,0.0,True,0.5,False,0.0,False,0.0,False,False,1.05,9.99,False,False,False,False,False,False,False,-2.059,999.0,1.3028117,281
CLOV34,CLOV34,BDR,CLOV (BDR: CLOV34),9.12,B,0.5,C,1.0,Fraco,4.23,4.61,3.27,3.09,14222317.56,False,0.0,False,0.0,True,0.75,False,0.0,False,0.0,False,False,0.99,5.19,False,False,False,False,False,False,False,-5.0970003,999.0,5.949367,282
D1DG34,D1DG34,BDR,DDOG (BDR: D1DG34),9.12,B,0.5,C,3.0,OK,242.93,249.24,184.32,175.39,1095197642.03,False,0.0,False,0.0,True,0.75,False,0.0,False,0.0,False,False,1.26,292.72,False,False,False,False,False,False,False,4.696,485.86,19.967943,283
MUTC34,MUTC34,BDR,MU (BDR: MUTC34),9.12,B,0.5,C,4.0,Forte,935.39,957.17,688.3,584.88,26658306738.78,False,0.0,False,0.0,True,0.75,False,0.0,False,0.0,False,False,1.03,1036.13,False,False,False,False,False,False,False,66.63799999999999,21.16267,10.484673,284
UNHH34,UNHH34,BDR,UNH (BDR: UNHH34),9.12,B,0.5,C,3.0,OK,395.05,412.97,353.77,346.88,1447814749.76,False,0.0,False,0.0,True,0.75,False,0.0,False,0.0,False,False,0.87,427.34,False,False,False,False,False,False,False,14.152999,25.388817,3.6316085,285
L1RC34,L1RC34,BDR,LRCX (BDR: L1RC34),9.12,B,0.5,C,4.0,Forte,318.58,332.65,283.72,256.43,2087399788.02,False,0.0,False,0.0,True,0.75,False,0.0,False,0.0,False,False,0.86,345.28,False,False,False,False,False,False,False,65.06600399999999,55.309025,31.963478,286
ABTC11,ABTC11,ETF,ABTC11,9.0,B,0.0,C,0.0,Fraco,122.09,104.47,,,176420.04,False,0.0,False,0.0,False,0.0,False,0.0,False,0.0,True,False,0.24,125.99,False,False,False,False,False,False,False,0.0,999.0,999.0,287
CSCO34,CSCO34,BDR,CSCO (BDR: CSCO34),9.0,B,0.5,C,4.0,Forte,112.15,115.4,99.08,93.18,1516550862.93,False,0.0,False,0.0,False,0.0,False,0.0,True,1.0,False,False,0.62,124.71,False,False,False,False,False,False,False,27.319,33.67868,8.807131,288
P1HC34,P1HC34,BDR,PH (BDR: P1HC34),9.0,B,0.5,C,4.0,Forte,1011.2,990.36,948.21,930.54,739299452.12,False,0.0,False,0.0,False,0.0,False,0.0,False,0.0,False,False,1.21,1099.94,False,False,False,False,False,False,False,25.075999999999997,35.50562,8.277872,289
DOTZ3,DOTZ S.A.,BR_STOCK,DOTZ3,9.0,B,2.0,C,3.0,OK,9.76,5.49,4.23,4.6,766160.02,False,0.0,False,0.0,False,0.0,False,0.0,False,0.0,True,False,0.41,9.75,False,False,False,False,False,True,False,0.0,4.537037,-0.59723324,290
E2NT34,E2NT34,BDR,ENTG (BDR: E2NT34),8.95,B,0.5,C,3.0,OK,145.31,146.43,136.22,124.44,239915524.57,False,0.0,False,0.0,True,0.7,False,0.0,False,0.0,False,False,0.86,166.2,False,False,False,False,False,False,False,7.671,73.020096,5.338746,291
C2PR34,C2PR34,BDR,CUZ (BDR: C2PR34),8.95,B,0.5,C,3.0,OK,29.49,30.25,26.31,25.93,23065632.81,False,0.0,False,0.0,True,0.7,False,0.0,False,0.0,False,False,0.64,32.63,False,False,False,False,False,False,False,0.15199999,737.25,1.0826389,292
A1MT34,A1MT34,BDR,AMAT (BDR: A1MT34),8.95,B,0.5,C,4.0,Forte,482.36,553.23,444.77,399.65,3028534309.75,False,0.0,False,0.0,True,0.7,False,0.0,False,0.0,False,False,0.76,563.16,False,False,False,False,False,False,False,41.068,41.546944,14.937908,293
T2RE34,T2RE34,BDR,TREX (BDR: T2RE34),8.95,B,0.5,C,3.0,OK,46.07,46.68,42.38,40.76,43259499.36,False,0.0,False,0.0,True,0.7,False,0.0,False,0.0,False,False,0.71,50.96,False,False,False,False,False,False,False,17.740999,27.099998,4.80697,294
B1WA34,B1WA34,BDR,BWA (BDR: B1WA34),8.62,B,0.5,C,3.0,OK,64.8,65.9,60.87,56.86,109795051.57,False,0.0,False,0.0,False,0.0,False,0.0,True,0.85,False,False,0.86,70.98,False,False,False,False,False,False,False,8.056000000000001,31.921185,2.3479111,295
CVSH34,CVSH34,BDR,CVS (BDR: CVSH34),8.6,B,0.5,C,3.0,OK,92.92,101.11,87.69,85.06,402089177.12,False,0.0,False,0.0,True,0.6,False,0.0,False,0.0,False,False,0.64,105.77,False,False,False,False,False,False,False,6.205,24.51715,1.4899381,296
ROST34,ROST34,BDR,ROST (BDR: ROST34),8.6,B,0.5,C,4.0,Forte,229.87,234.44,220.68,210.08,477507101.9,False,0.0,False,0.0,True,0.6,False,0.0,False,0.0,False,False,0.6,257.0,False,False,False,False,False,False,False,42.628,27.795645,11.704175,297
M1GM34,M1GM34,BDR,MGM (BDR: M1GM34),8.6,B,0.5,C,3.0,OK,42.97,45.62,40.76,39.33,80138063.97,False,0.0,False,0.0,True,0.6,False,0.0,False,0.0,False,False,1.03,46.23,False,False,False,False,False,False,False,18.924999,26.042425,4.300441,298
SAUD3,SAUD3,BR_STOCK,SAUD3,8.6,B,0.5,C,3.0,OK,14.0,14.47,13.74,13.11,45893400.0,False,0.0,False,0.0,True,0.6,False,0.0,False,0.0,False,False,0.75,16.29,False,False,False,False,False,False,False,10.538,12.424779,2.1940928,299
GEOO34,GEOO34,BDR,GE (BDR: GEOO34),8.6,B,0.5,C,3.0,OK,342.73,360.19,325.24,319.93,1743403132.65,False,0.0,False,0.0,True,0.6,False,0.0,False,0.0,False,False,1.29,388.84,False,False,False,False,False,False,False,48.231998,40.46399,20.159403,300
ARNC34,ARNC34,BDR,HWM (BDR: ARNC34),8.6,B,0.5,C,4.0,Forte,267.65,277.82,256.57,243.79,639776359.96,False,0.0,False,0.0,True,0.6,False,0.0,False,0.0,False,False,1.14,309.85,False,False,False,False,False,False,False,34.732,57.807774,18.677599,301
CXSE3,CAIXA SEGURIDADE PARTICIPAÇÕES S.A.,BR_STOCK,CXSE3,8.6,B,0.5,C,5.0,Forte,19.21,19.81,18.25,17.49,86083847.9,False,0.0,False,0.0,True,0.6,False,0.0,False,0.0,False,False,0.74,20.31,False,False,False,False,False,False,False,33.348998,12.788079,4.1996517,302
A1FL34,A1FL34,BDR,AFL (BDR: A1FL34),8.6,B,0.5,C,4.0,Forte,116.58,121.01,114.92,113.34,206239116.48,False,0.0,False,0.0,True,0.6,False,0.0,False,0.0,False,False,0.96,127.81,False,False,False,False,False,False,False,16.908,12.576052,1.9316676,303
R1IN34,R1IN34,BDR,O (BDR: R1IN34),8.5,B,0.5,C,3.0,OK,61.8,63.0,62.21,60.6,326414494.37,False,0.0,False,0.0,False,0.0,False,0.0,False,0.0,True,False,1.1,65.71,False,False,False,False,False,False,False,3.225,45.10949,1.4785396,304
A1ON34,A1ON34,BDR,AON (BDR: A1ON34),8.5,B,0.5,C,3.0,OK,349.56,351.37,333.1,336.58,237175060.1,False,0.0,False,0.0,False,0.0,False,0.0,False,0.0,True,False,0.96,369.65,False,False,False,False,False,False,False,44.699,19.29139,7.720988,305
EBAY34,EBAY34,BDR,EBAY (BDR: EBAY34),8.5,B,0.5,C,3.0,OK,102.27,109.68,101.87,97.76,349316264.09,False,0.0,False,0.0,False,0.0,False,0.0,True,0.8,False,False,0.83,115.17,False,False,False,False,False,False,False,46.611000000000004,21.485292,9.950379,306
BISE11,BISE11,ETF,BISE11,8.5,B,0.5,C,0.0,Fraco,105.37,104.58,103.98,,28964211.72,False,0.0,False,0.0,False,0.0,False,0.0,False,0.0,True,False,1.89,105.85,False,False,False,False,False,False,False,0.0,999.0,999.0,307
BOXP34,BOXP34,BDR,BXP (BDR: BOXP34),8.5,B,0.5,C,1.0,Fraco,69.97,68.11,61.11,62.62,57444461.39,False,0.0,False,0.0,False,0.0,False,0.0,False,0.0,True,False,0.67,73.68,False,False,False,False,False,False,False,5.308,37.61828,2.1651812,308
V2EE34,V2EE34,BDR,VEEV (BDR: V2EE34),8.5,B,2.0,C,3.0,OK,282.13,205.18,185.47,198.98,1807955089.71,False,0.0,False,0.0,False,0.0,False,0.0,False,0.0,True,True,4.16,253.49,False,False,False,False,False,True,True,13.934,46.25082,6.2936115,309
S1YY34,S1YY34,BDR,SYY (BDR: S1YY34),8.5,B,2.0,C,3.0,OK,82.45,82.76,80.07,78.42,119273319.89,False,0.0,False,0.0,False,0.0,False,0.0,False,0.0,True,False,0.65,86.44,False,False,False,False,False,True,False,77.69200000000001,22.52732,14.799855,310
MSFT34,MSFT34,BDR,MSFT (BDR: MSFT34),8.5,B,2.0,C,4.0,Forte,505.06,427.27,412.91,429.34,14452728707.04,False,0.0,False,0.0,False,0.0,False,0.0,False,0.0,True,False,1.34,512.76,False,False,False,False,False,True,False,34.039003,28.105732,8.47914,311
BRZP11,BRZP11,ETF,BRZP11,8.5,B,0.5,C,0.0,Fraco,176.0,178.89,178.11,171.78,1426656.0,False,0.0,False,0.0,False,0.0,False,0.0,False,0.0,True,False,1.4,182.24,False,False,False,False,False,False,False,0.0,999.0,999.0,312
E1DI34,E1DI34,BDR,ED (BDR: E1DI34),8.5,B,0.5,C,3.0,OK,106.69,109.06,108.17,105.39,157855113.53,False,0.0,False,0.0,False,0.0,False,0.0,False,0.0,True,False,0.68,111.12,False,False,False,False,False,False,False,8.962,17.547697,1.534865,313
KMIC34,KMIC34,BDR,KMI (BDR: KMIC34),8.5,B,0.5,C,3.0,OK,31.54,31.83,31.77,30.44,258261859.64,False,0.0,False,0.0,False,0.0,False,0.0,False,0.0,True,False,0.66,33.06,False,False,False,False,False,False,False,10.9910004,20.348389,2.2184708,314
T1AM34,T1AM34,BDR,TEAM (BDR: T1AM34),8.5,B,2.0,C,1.0,Fraco,185.62,112.76,93.62,108.17,1125670928.47,False,0.0,False,0.0,False,0.0,False,0.0,False,0.0,True,False,1.44,177.88,False,False,False,False,False,True,False,-4.478,999.0,44.43859,315
BODI11,BODI11,ETF,BODI11,8.5,B,0.5,C,0.0,Fraco,9.73,9.81,9.71,9.71,589530.94,False,0.0,False,0.0,False,0.0,False,0.0,False,0.0,True,False,1.87,9.98,False,False,False,False,False,False,False,0.0,999.0,999.0,316
P2AT34,P2AT34,BDR,PATH (BDR: P2AT34),8.5,B,2.0,C,3.0,OK,18.33,12.99,11.82,12.78,1319999860.89,False,0.0,False,0.0,False,0.0,False,0.0,False,0.0,True,False,1.03,16.94,False,False,False,False,False,True,False,18.181998999999998,30.55,5.013676,317
I1BN34,I1BN34,BDR,IBN (BDR: I1BN34),8.5,B,2.0,C,4.0,Forte,29.86,29.41,28.17,28.68,131895683.66,False,0.0,False,0.0,False,0.0,False,0.0,False,0.0,True,False,0.8,30.67,False,False,False,False,False,True,False,16.073999,18.432098,2.6863048,318
I1CE34,I1CE34,BDR,ICE (BDR: I1CE34),8.5,B,2.0,C,3.0,OK,161.24,144.36,152.58,154.23,502975620.42,False,0.0,False,0.0,False,0.0,False,0.0,False,0.0,True,False,1.04,163.3,False,False,False,False,False,True,False,14.094000000000001,22.74189,3.0959468,319
NBOV11,NBOV11,ETF,NBOV11,8.5,B,0.5,C,0.0,Fraco,122.66,119.38,123.28,121.78,191962.91,False,0.0,False,0.0,False,0.0,False,0.0,False,0.0,True,False,0.94,124.39,False,False,False,False,False,False,False,0.0,999.0,999.0,320
A1DI34,A1DI34,BDR,ADI (BDR: A1DI34),8.25,B,0.5,C,3.0,OK,374.52,384.96,368.26,343.54,1458256496.58,False,0.0,False,0.0,False,0.0,False,0.0,True,0.7,False,False,0.98,396.95,False,False,False,False,False,False,False,12.227,44.585716,5.40909,321
U1DR34,U1DR34,BDR,UDR (BDR: U1DR34),8.0,B,0.5,C,1.0,Fraco,37.08,38.69,37.0,36.48,111483880.67,False,0.0,False,0.0,False,0.0,False,0.0,False,0.0,True,False,1.07,39.33,False,False,False,False,False,False,False,13.739,23.468355,4.114058,322
L1NC34,L1NC34,BDR,LNC (BDR: L1NC34),8.0,B,0.5,C,5.0,Forte,43.51,41.45,37.65,38.62,61375464.69,False,0.0,False,0.0,False,0.0,False,0.0,False,0.0,False,False,0.77,47.67,False,False,False,False,False,False,False,22.587,3.6655433,0.80371654,323
PETR4,PETROLEO BRASILEIRO S.A. PETROBRAS,BR_STOCK,PETR4,8.0,B,0.5,C,5.0,Forte,41.45,39.65,40.47,37.62,3093455006.94,False,0.0,False,0.0,False,0.0,False,0.0,False,0.0,True,False,1.49,43.27,False,False,False,False,False,False,False,30.274,4.190383,1.1442813,324
SHOW3,T4F ENTRETENIMENTO S.A.,BR_STOCK,SHOW3,8.0,B,2.0,C,1.0,Fraco,6.18,5.99,5.63,5.72,126072.0,False,0.0,False,0.0,False,0.0,False,0.0,False,0.0,True,False,1.28,6.23,False,False,False,False,False,True,False,-54.794997,999.0,0.39976445,325
CAON34,CAON34,BDR,COF (BDR: CAON34),8.0,B,2.0,C,2.0,Fraco,216.67,209.38,198.27,205.96,562641501.14,False,0.0,False,0.0,False,0.0,False,0.0,False,0.0,True,False,0.82,227.34,False,False,False,False,False,True,False,9.031,11.931168,1.2907858,326
EXGR34,EXGR34,BDR,EXPE (BDR: EXGR34),8.0,B,0.5,C,3.0,OK,318.92,286.65,250.94,256.35,535926266.28,False,0.0,False,0.0,False,0.0,False,0.0,False,0.0,False,False,1.33,341.51,False,False,False,False,False,False,False,89.48899999999999,20.045256,31.654593,327
BZEQ11,BZEQ11,ETF,BZEQ11,8.0,B,0.0,C,0.0,Fraco,100.8,,,,151200.0,False,0.0,False,0.0,False,0.0,False,0.0,False,0.0,True,False,0.02,101.34,False,False,False,False,False,False,False,0.0,999.0,999.0,328
ITUB3,ITAU UNIBANCO HOLDING S.A.,BR_STOCK,ITUB3,8.0,B,0.5,C,4.0,Forte,42.6,43.87,42.53,40.43,67814937.57,False,0.0,False,0.0,False,0.0,False,0.0,False,0.0,False,False,0.79,46.36,False,False,False,False,False,False,False,21.476,10.076191,2.1418087,329
W1PP34,W1PP34,BDR,WPP (BDR: W1PP34),8.0,B,0.5,C,0.0,Fraco,25.95,21.0,18.61,19.1,6342854.89,False,0.0,False,0.0,False,0.0,False,0.0,False,0.0,False,False,0.68,27.78,False,False,False,False,False,False,False,-6.617000000000001,999.0,8.174413,330
MOOO34,MOOO34,BDR,MO (BDR: MOOO34),8.0,B,0.5,C,2.0,Fraco,67.67,70.03,67.62,64.72,395940948.81,False,0.0,False,0.0,False,0.0,False,0.0,False,0.0,True,False,0.61,70.7,False,False,False,False,False,False,False,0.0,14.246315,-42.34668,331
SMTO3,SAO MARTINHO S.A.,BR_STOCK,SMTO3,8.0,B,2.0,C,1.0,Fraco,18.63,15.46,16.53,15.97,44376658.0,False,0.0,False,0.0,False,0.0,False,0.0,False,0.0,True,False,0.83,19.5,False,False,False,False,False,True,False,11.342,7.702041,0.82578444,332
KLBN3,KLABIN S.A.,BR_STOCK,KLBN3,8.0,B,2.0,C,0.0,Fraco,3.81,3.55,3.66,3.64,1195196.98,False,0.0,False,0.0,False,0.0,False,0.0,False,0.0,True,False,0.45,3.89,False,False,False,False,False,True,False,3.6510002,128.66667,0.5007134,333
D1VN34,D1VN34,BDR,DVN (BDR: D1VN34),8.0,B,0.5,C,4.0,Forte,47.12,44.13,45.08,42.77,303551132.56,False,0.0,False,0.0,False,0.0,False,0.0,False,0.0,False,False,0.61,49.72,False,False,False,False,False,False,False,11.522,10.243478,1.2978928,334
E1MN34,E1MN34,BDR,EMN (BDR: E1MN34),8.0,B,0.5,C,4.0,Forte,72.65,70.58,71.79,69.26,45801612.26,False,0.0,False,0.0,False,0.0,False,0.0,False,0.0,True,False,0.77,75.75,False,False,False,False,False,False,False,7.3340000000000005,18.919271,1.3625026,335
J1CI34,J1CI34,BDR,JCI (BDR: J1CI34),8.0,B,0.5,C,3.0,OK,142.21,145.02,139.62,133.68,274029297.08,False,0.0,False,0.0,False,0.0,False,0.0,False,0.0,False,False,0.69,157.06,False,False,False,False,False,False,False,14.332,40.05916,6.389451,336
I1RM34,I1RM34,BDR,IRM (BDR: I1RM34),8.0,B,0.5,C,1.0,Fraco,122.69,124.24,115.68,108.02,154257403.93,False,0.0,False,0.0,False,0.0,False,0.0,False,0.0,False,False,1.04,130.05,False,False,False,False,False,False,False,0.0,87.01419,-28.512667,337
S1SL34,S1SL34,BDR,SWKS (BDR: S1SL34),8.0,B,0.5,C,1.0,Fraco,67.36,65.18,63.26,63.18,312604897.07,False,0.0,False,0.0,False,0.0,False,0.0,False,0.0,True,False,1.03,70.75,False,False,False,False,False,False,False,5.094,34.901554,1.7666807,338
SCHW34,SCHW34,BDR,SCHW (BDR: SCHW34),8.0,B,0.5,C,4.0,Forte,108.05,102.76,96.41,96.42,1089596328.07,False,0.0,False,0.0,False,0.0,False,0.0,False,0.0,False,False,1.4,114.53,False,False,False,False,False,False,False,20.273,19.68124,4.2500887,339
HPQB34,HPQB34,BDR,HPQ (BDR: HPQB34),8.0,B,0.5,C,3.0,OK,29.63,26.24,22.24,22.3,1209158872.64,False,0.0,False,0.0,False,0.0,False,0.0,False,0.0,False,False,3.1,32.19,False,False,False,False,False,False,False,0.0,11.30916,-78.80319,340
DXCO3,DEXCO S.A.,BR_STOCK,DXCO3,8.0,B,0.5,C,1.0,Fraco,5.13,5.01,5.13,5.07,21839949.49,False,0.0,False,0.0,False,0.0,False,0.0,False,0.0,True,False,2.81,5.39,False,False,False,False,False,False,False,0.73,999.0,0.687123,341
D1OM34,D1OM34,BDR,D (BDR: D1OM34),8.0,B,0.5,C,1.0,Fraco,66.5,69.05,64.88,63.25,237296605.0,False,0.0,False,0.0,False,0.0,False,0.0,False,0.0,False,False,1.13,70.79,False,False,False,False,False,False,False,8.280999999999999,23.01038,2.095148,342
ABUD34,ABUD34,BDR,BUD (BDR: ABUD34),8.0,B,0.5,C,4.0,Forte,79.1,81.26,77.24,73.69,473784944.46,False,0.0,False,0.0,False,0.0,False,0.0,False,0.0,False,False,3.87,86.6,False,False,False,False,False,False,False,11.392,17.047415,9.987616,343
ATTB34,ATTB34,BDR,T (BDR: ATTB34),8.0,B,2.0,C,4.0,Forte,25.43,23.01,24.91,24.65,663512447.56,False,0.0,False,0.0,False,0.0,False,0.0,False,0.0,True,False,0.87,26.02,False,False,False,False,False,True,False,18.339,8.392739,1.5838317,344
EMBJ3,EMBJ3,BR_STOCK,EMBJ3,8.0,B,0.5,C,3.0,OK,97.23,87.58,83.97,84.94,381433303.17,False,0.0,False,0.0,False,0.0,False,0.0,False,0.0,False,False,0.69,102.79,False,False,False,False,False,False,False,12.189999,30.694967,3.8803418,345
SLCE3,SLC AGRICOLA S.A.,BR_STOCK,SLCE3,8.0,B,0.5,C,2.0,Fraco,16.29,13.65,15.72,15.36,37507727.11,False,0.0,False,0.0,False,0.0,False,0.0,False,0.0,True,False,0.62,15.98,False,False,False,False,False,False,False,6.974999599999999,25.82258,1.4647758,346
S1HW34,S1HW34,BDR,SHW (BDR: S1HW34),8.0,B,0.5,C,3.0,OK,345.21,341.01,332.31,332.63,426475185.12,False,0.0,False,0.0,False,0.0,False,0.0,False,0.0,False,False,0.78,371.3,False,False,False,False,False,False,False,65.12400000000001,31.84594,21.612095,347
P2CY34,P2CY34,BDR,PCTY (BDR: P2CY34),8.0,B,2.0,C,4.0,Forte,158.15,129.89,117.42,125.03,94784984.74,False,0.0,False,0.0,False,0.0,False,0.0,False,0.0,True,False,1.06,156.18,False,False,False,False,False,True,False,21.972998999999998,32.07911,7.168759,348
CHPX39,CHPX39,BDR,CHPX (BDR: CHPX39),8.0,B,0.5,C,0.0,Fraco,94.42,95.28,80.6,74.32,2008055.74,False,0.0,False,0.0,False,0.0,False,0.0,False,0.0,True,False,0.15,99.14,False,False,False,False,False,False,False,0.0,36.811577,999.0,349
A1RE34,A1RE34,BDR,ARE (BDR: A1RE34),8.0,B,0.5,C,1.0,Fraco,52.28,50.54,49.16,49.14,74728036.94,False,0.0,False,0.0,False,0.0,False,0.0,False,0.0,True,False,0.59,54.71,False,False,False,False,False,False,False,-4.0760003000000005,999.0,0.573856,350
NOKI34,NOKI34,BDR,NOK (BDR: NOKI34),8.0,B,0.5,C,2.0,Fraco,10.59,11.0,10.55,9.51,727497343.36,False,0.0,False,0.0,False,0.0,False,0.0,False,0.0,True,False,0.95,11.13,False,False,False,False,False,False,False,3.4549999999999996,75.64286,2.3973014,351
LWSA3,LWSA S.A.,BR_STOCK,LWSA3,8.0,B,2.0,C,3.0,OK,4.17,3.86,3.84,3.88,8939646.16,False,0.0,False,0.0,False,0.0,False,0.0,False,0.0,True,False,0.44,4.22,False,False,False,False,False,True,False,-7.797,999.0,0.9656556,352
C1BO34,C1BO34,BDR,CBOE (BDR: C1BO34),8.0,B,0.5,C,4.0,Forte,313.95,278.29,292.52,283.36,261874181.83,False,0.0,False,0.0,False,0.0,False,0.0,False,0.0,True,False,0.87,313.49,False,False,False,False,False,False,False,26.296999999999997,24.469994,5.834743,353
A1ES34,A1ES34,BDR,AES (BDR: A1ES34),8.0,B,2.0,C,2.0,Fraco,14.75,14.62,14.51,14.27,100748680.25,False,0.0,False,0.0,False,0.0,False,0.0,False,0.0,True,False,0.93,14.79,False,False,False,False,False,True,False,9.5740005,5.5243444,2.1284273,354
M1DB34,M1DB34,BDR,MDB (BDR: M1DB34),8.0,B,0.5,C,2.0,Fraco,440.58,362.27,323.5,340.9,789677944.73,False,0.0,False,0.0,False,0.0,False,0.0,False,0.0,False,False,1.36,473.1,False,False,False,False,False,False,False,-0.975,999.0,12.08459,355
PRIO3,PRIO S.A.,BR_STOCK,PRIO3,8.0,B,0.5,C,4.0,Forte,60.76,57.69,59.69,54.8,362494149.99,False,0.0,False,0.0,False,0.0,False,0.0,False,0.0,True,False,0.98,62.98,False,False,False,False,False,False,False,14.224999999999998,12.780334,1.7282449,356
FMSC34,FMSC34,BDR,FMS (BDR: FMSC34),7.6,B,0.5,C,4.0,Forte,23.27,23.94,22.6,22.55,12432253.71,False,0.0,False,0.0,True,0.6,False,0.0,False,0.0,False,False,0.84,26.42,False,False,False,False,False,False,False,8.524,11.994845,0.84485537,357
SSFO34,SSFO34,BDR,CRM (BDR: SSFO34),7.5,B,2.0,C,3.0,OK,252.05,178.87,183.98,199.53,13966081343.25,False,0.0,False,0.0,False,0.0,False,0.0,False,0.0,True,True,4.4,213.17,False,False,False,False,False,True,True,16.908,23.081501,3.9591908,358
DISB34,DISB34,BDR,DIS (BDR: DISB34),7.5,B,2.0,C,2.0,Fraco,106.82,100.44,101.49,103.35,820022741.62,False,0.0,False,0.0,False,0.0,False,0.0,False,0.0,True,False,0.96,111.87,False,False,False,False,False,True,False,8.01,22.024742,1.6795069,359
VINF11,VINF11,ETF,VINF11,7.5,B,0.5,C,0.0,Fraco,86.5,84.15,86.74,86.4,146012.0,False,0.0,False,0.0,False,0.0,False,0.0,False,0.0,True,False,0.43,86.79,False,False,False,False,False,False,False,0.0,999.0,999.0,360
IFRA11,IFRA11,ETF,IFRA11,7.5,B,0.5,C,0.0,Fraco,91.1,90.88,93.99,92.83,2841044.55,False,0.0,False,0.0,False,0.0,False,0.0,False,0.0,True,False,1.25,93.31,False,False,False,False,False,False,False,0.0,999.0,999.0,361
I1RP34,I1RP34,BDR,TT (BDR: I1RP34),7.5,B,0.5,C,4.0,Forte,454.31,473.28,457.7,442.59,379572822.79,False,0.0,False,0.0,False,0.0,False,0.0,True,0.8,False,False,0.91,493.71,False,False,False,False,False,False,False,36.643,33.80283,11.606714,362
LFTX11,LFTX11,ETF,LFTX11,7.5,B,2.0,C,0.0,Fraco,26.44,26.11,25.72,25.72,388615.13,False,0.0,False,0.0,False,0.0,False,0.0,False,0.0,True,False,0.89,26.45,False,False,False,False,False,True,False,0.0,999.0,999.0,363
Y2PF34,Y2PF34,BDR,YPF (BDR: Y2PF34),7.5,B,0.5,C,3.0,OK,50.48,49.33,45.15,42.83,37691598.38,False,0.0,False,0.0,False,0.0,False,0.0,False,0.0,False,False,0.71,53.47,False,False,False,False,False,False,False,7.255000000000001,26.708994,1.8872101,364
Z1OM34,Z1OM34,BDR,ZM (BDR: Z1OM34),7.5,B,0.5,C,5.0,Forte,100.27,94.42,91.63,90.02,446970355.4,False,0.0,False,0.0,False,0.0,False,0.0,False,0.0,False,False,1.2,110.89,False,False,False,False,False,False,False,32.143003,9.31012,2.9512877,365
E1DU34,E1DU34,BDR,EDU (BDR: E1DU34),7.5,B,2.0,C,4.0,Forte,57.94,51.5,53.03,53.26,33560933.04,False,0.0,False,0.0,False,0.0,False,0.0,False,0.0,True,False,0.79,60.49,False,False,False,False,False,True,False,12.483,19.313334,2.2678878,366
CRAA11,CRAA11,ETF,CRAA11,7.5,B,0.5,C,0.0,Fraco,92.2,91.99,94.57,92.43,306841.59,False,0.0,False,0.0,False,0.0,False,0.0,False,0.0,True,False,0.58,92.73,False,False,False,False,False,False,False,0.0,999.0,999.0,367
JURO11,JURO11,ETF,JURO11,7.5,B,0.5,C,0.0,Fraco,96.38,95.85,97.79,96.98,3903100.75,False,0.0,False,0.0,False,0.0,False,0.0,False,0.0,True,False,0.85,96.74,False,False,False,False,False,False,False,0.0,999.0,999.0,368
CPTI11,CPTI11,ETF,CPTI11,7.5,B,2.0,C,0.0,Fraco,82.74,84.03,84.5,82.68,2414766.84,False,0.0,False,0.0,False,0.0,False,0.0,False,0.0,True,False,0.73,85.48,False,False,False,False,False,True,False,0.0,999.0,999.0,369
RURA11,RURA11,ETF,RURA11,7.5,B,0.5,C,0.0,Fraco,8.11,8.08,8.32,8.15,2410275.68,False,0.0,False,0.0,False,0.0,False,0.0,False,0.0,True,False,1.28,8.18,False,False,False,False,False,False,False,0.0,999.0,999.0,370
SNAG11,SNAG11,ETF,SNAG11,7.5,B,0.5,C,0.0,Fraco,9.73,9.71,9.96,9.83,1159144.58,False,0.0,False,0.0,False,0.0,False,0.0,False,0.0,True,False,0.74,9.82,False,False,False,False,False,False,False,0.0,999.0,999.0,371
S1BA34,S1BA34,BDR,SBAC (BDR: S1BA34),7.12,B,0.5,C,1.0,Fraco,186.96,181.78,191.61,190.62,123785285.65,False,0.0,False,0.0,False,0.0,False,0.0,True,0.85,True,False,0.93,188.5,False,False,False,False,False,False,False,0.0,20.146553,-4.283947,372
J1EF34,J1EF34,BDR,JEF (BDR: J1EF34),7.12,B,0.5,C,3.0,OK,52.84,54.42,50.81,52.8,75749469.14,False,0.0,False,0.0,False,0.0,False,0.0,True,0.65,False,False,0.75,56.76,False,False,False,False,False,False,False,0.0,14.759777,1.0170732,373
M1TT34,M1TT34,BDR,MAR (BDR: M1TT34),7.12,B,0.5,C,2.0,Fraco,353.87,367.07,354.67,341.89,513923978.43,False,0.0,False,0.0,False,0.0,False,0.0,True,0.65,False,False,1.09,379.83,False,False,False,False,False,False,False,0.0,36.670467,-20.473848,374
PYPL34,PYPL34,BDR,PYPL (BDR: PYPL34),7.0,B,2.0,C,4.0,Forte,61.47,53.59,48.24,51.16,562487208.76,False,0.0,False,0.0,False,0.0,False,0.0,False,0.0,True,False,0.85,62.73,False,False,False,False,False,True,False,24.497,11.620038,2.6734223,375
KLBN11,KLABIN S.A.,BR_STOCK,KLBN11,7.0,B,2.0,C,0.0,Fraco,18.71,17.6,18.22,18.11,95258218.34,False,0.0,False,0.0,False,0.0,False,0.0,False,0.0,True,False,0.96,18.92,False,False,False,False,False,True,False,3.6510002,28.426626,2.4374108,376
CHME34,CHME34,BDR,CME (BDR: CHME34),7.0,B,0.5,C,4.0,Forte,280.94,253.33,277.73,274.81,578149240.42,False,0.0,False,0.0,False,0.0,False,0.0,False,0.0,True,False,1.16,282.17,False,False,False,False,False,False,False,15.802,23.808474,3.80595,377
DHER34,DHER34,BDR,DHR (BDR: DHER34),7.0,B,2.0,C,3.0,OK,215.68,198.16,194.05,202.45,631179734.09,False,0.0,False,0.0,False,0.0,False,0.0,False,0.0,True,False,0.91,220.67,False,False,False,False,False,True,False,7.605,38.514286,2.883191,378
KLBN4,KLABIN S.A.,BR_STOCK,KLBN4,7.0,B,0.5,C,0.0,Fraco,3.71,3.52,3.65,3.62,7625534.08,False,0.0,False,0.0,False,0.0,False,0.0,False,0.0,True,False,0.59,3.75,False,False,False,False,False,False,False,3.6510002,123.66667,0.5038707,379
V2RN34,V2RN34,BDR,VRNS (BDR: V2RN34),7.0,B,0.5,C,1.0,Fraco,44.78,42.63,31.95,32.27,73334726.26,False,0.0,False,0.0,False,0.0,False,0.0,False,0.0,True,False,1.63,45.94,False,False,False,False,False,False,False,-35.974996999999995,999.0,11.571059,380
GLDI11,GLDI11,ETF,GLDI11,7.0,B,0.5,C,0.0,Fraco,60.35,54.73,58.77,57.71,686300.18,False,0.0,False,0.0,False,0.0,False,0.0,False,0.0,True,False,0.59,62.72,False,False,False,False,False,False,False,0.0,999.0,999.0,381
SPGI34,SPGI34,BDR,SPGI (BDR: SPGI34),7.0,B,0.5,C,3.0,OK,435.39,418.66,411.5,428.85,792507354.02,False,0.0,False,0.0,False,0.0,False,0.0,False,0.0,True,False,1.03,439.2,False,False,False,False,False,False,False,14.255,26.531994,4.074587,382
GOEX39,GLOBAL X GOLD EXPLORERS ETF,BDR,GOEX (BDR: GOEX39),7.0,B,2.0,C,1.0,Fraco,97.19,76.52,83.78,82.63,659436.19,False,0.0,False,0.0,False,0.0,False,0.0,False,0.0,True,False,0.27,97.86,False,False,False,False,False,True,True,0.0,17.607367,999.0,383
C2AC34,C2AC34,BDR,CACI (BDR: C2AC34),7.0,B,0.5,C,1.0,Fraco,633.82,533.32,549.83,559.05,140267536.72,False,0.0,False,0.0,False,0.0,False,0.0,False,0.0,False,False,0.92,683.39,False,False,False,False,False,False,False,12.824,26.212572,3.1386397,384
S1PO34,S1PO34,BDR,SPOT (BDR: S1PO34),7.0,B,2.0,C,3.0,OK,527.25,491.34,487.33,509.93,927308846.25,False,0.0,False,0.0,False,0.0,False,0.0,False,0.0,True,False,1.04,554.97,False,False,False,False,False,True,False,44.484,28.362022,11.066697,385
D2AS34,D2AS34,BDR,DASH (BDR: D2AS34),7.0,B,2.0,C,2.0,Fraco,231.89,197.3,178.45,187.79,797961082.81,False,0.0,False,0.0,False,0.0,False,0.0,False,0.0,True,False,0.78,238.52,False,False,False,False,False,True,False,8.8870004,120.77605,10.126643,386
ALPA4,ALPARGATAS S.A.,BR_STOCK,ALPA4,7.0,B,0.5,C,5.0,Forte,13.6,12.32,12.68,12.35,22060560.62,False,0.0,False,0.0,False,0.0,False,0.0,False,0.0,True,False,1.11,14.03,False,False,False,False,False,False,False,18.084998,14.464646,2.6871834,387
M1CK34,M1CK34,BDR,MCK (BDR: M1CK34),7.0,B,2.0,C,1.0,Fraco,890.51,829.84,843.95,840.56,893406838.83,False,0.0,False,0.0,False,0.0,False,0.0,False,0.0,True,False,1.12,918.0,False,False,False,False,False,True,False,0.0,23.874264,-24.362827,388
PCAR3,CIA BRASILEIRA DE DISTRIBUICAO,BR_STOCK,PCAR3,7.0,B,0.5,C,0.0,Fraco,2.99,2.62,2.59,2.9,11064495.04,False,0.0,False,0.0,False,0.0,False,0.0,False,0.0,True,False,0.87,3.08,False,False,False,False,False,False,False,-129.36399999999998,999.0,3.3493977,389
A2RE34,A2RE34,BDR,ARES (BDR: A2RE34),7.0,B,2.0,C,2.0,Fraco,142.41,128.76,122.36,131.52,282687559.93,False,0.0,False,0.0,False,0.0,False,0.0,False,0.0,True,False,0.97,149.87,False,False,False,False,False,True,False,14.940999999999999,65.0274,12.909981,390
V1NO34,V1NO34,BDR,VNO (BDR: V1NO34),7.0,B,0.5,C,1.0,Fraco,38.72,39.11,33.01,33.25,32095396.21,False,0.0,False,0.0,False,0.0,False,0.0,False,0.0,False,False,0.77,41.6,False,False,False,False,False,False,False,0.603,1290.6667,999.0,391
J1KH34,J1KH34,BDR,JKHY (BDR: J1KH34),7.0,B,2.0,C,3.0,OK,169.64,150.13,152.56,159.05,112268769.44,False,0.0,False,0.0,False,0.0,False,0.0,False,0.0,True,False,0.6,174.99,False,False,False,False,False,True,False,23.572999,24.303724,5.6586275,392
R1OP34,R1OP34,BDR,ROP (BDR: R1OP34),7.0,B,2.0,C,4.0,Forte,422.69,373.14,354.96,375.55,383389976.77,False,0.0,False,0.0,False,0.0,False,0.0,False,0.0,True,False,1.31,418.75,False,False,False,False,False,True,False,13.065999999999999,17.604748,2.2354734,393
DDNB34,DDNB34,BDR,DD (BDR: DDNB34),7.0,B,0.5,C,3.0,OK,138.8,139.26,140.4,135.7,119367725.02,False,0.0,False,0.0,False,0.0,False,0.0,True,1.0,False,False,0.77,149.42,False,False,False,False,False,False,False,1.7919999999999998,59.57082,1.3612782,394
R1EG34,R1EG34,BDR,REG (BDR: R1EG34),7.0,B,0.5,C,3.0,OK,75.46,79.08,77.22,74.87,49356121.6,False,0.0,False,0.0,False,0.0,False,0.0,False,0.0,False,False,0.66,81.26,False,False,False,False,False,False,False,8.1870005,25.493242,2.073248,395
D1OC34,D1OC34,BDR,DOCU (BDR: D1OC34),7.0,B,2.0,C,4.0,Forte,63.8,52.96,49.33,53.7,237631008.36,False,0.0,False,0.0,False,0.0,False,0.0,False,0.0,True,False,1.25,65.25,False,False,False,False,False,True,False,16.440001000000002,41.428574,6.7685127,396
HALI34,HALI34,BDR,HAL (BDR: HALI34),7.0,B,0.5,C,4.0,Forte,35.49,33.85,36.3,34.34,455852107.34,False,0.0,False,0.0,False,0.0,False,0.0,False,0.0,True,False,1.23,36.08,False,False,False,False,False,False,False,14.917,18.581154,2.6884327,397
SNEC34,SNEC34,BDR,SONY (BDR: SNEC34),7.0,B,2.0,C,3.0,OK,24.07,21.94,21.64,22.92,100007503.0,False,0.0,False,0.0,False,0.0,False,0.0,False,0.0,True,False,1.07,24.67,False,False,False,False,False,True,False,13.159999,20.57265,2.6893651,398
ABTT34,ABTT34,BDR,ABT (BDR: ABTT34),7.0,B,2.0,C,2.0,Fraco,111.59,101.73,99.87,105.71,786595429.21,False,0.0,False,0.0,False,0.0,False,0.0,False,0.0,True,False,0.93,117.34,False,False,False,False,False,True,False,10.576,36.11327,3.7779732,399
C1DN34,C1DN34,BDR,CDNS (BDR: C1DN34),7.0,B,0.5,C,4.0,Forte,347.55,349.43,330.36,327.17,943713951.0,False,0.0,False,0.0,False,0.0,False,0.0,False,0.0,True,False,1.25,349.11,False,False,False,False,False,False,False,23.229,69.23306,13.95671,400
MELI34,MELI34,BDR,MELI (BDR: MELI34),7.0,B,2.0,C,2.0,Fraco,1930.75,1815.21,1799.75,1863.12,714404530.5,False,0.0,False,0.0,False,0.0,False,0.0,False,0.0,True,False,0.87,2011.2,False,False,False,False,False,True,False,27.504,52.652035,12.494581,401
A2FY34,A2FY34,BDR,AFYA (BDR: A2FY34),7.0,B,0.5,C,5.0,Forte,14.31,14.2,14.21,14.19,1286340.25,False,0.0,False,0.0,False,0.0,False,0.0,False,0.0,True,False,0.68,14.6,False,False,False,False,False,False,False,16.683,8.517858,1.331314,402
Z2SC34,Z2SC34,BDR,ZS (BDR: Z2SC34),7.0,B,2.0,C,2.0,Fraco,187.3,154.54,153.33,176.5,745831234.35,False,0.0,False,0.0,False,0.0,False,0.0,False,0.0,True,False,1.95,190.97,False,False,False,False,False,True,False,-3.7100002,999.0,12.798087,403
A1TH34,A1TH34,BDR,ATHM (BDR: A1TH34),7.0,B,2.0,C,2.0,Fraco,22.55,21.02,19.16,20.01,22981786.62,False,0.0,False,0.0,False,0.0,False,0.0,False,0.0,True,False,1.04,23.57,False,False,False,False,False,True,False,3.7310000000000003,18.949577,0.7818012,404
A1JG34,A1JG34,BDR,AJG (BDR: A1JG34),7.0,B,2.0,C,2.0,Fraco,260.15,247.85,226.43,232.79,254258897.28,False,0.0,False,0.0,False,0.0,False,0.0,False,0.0,True,False,0.76,272.79,False,False,False,False,False,True,False,6.722,43.07119,2.8113382,405
C1DW34,C1DW34,BDR,CDW (BDR: C1DW34),7.0,B,2.0,C,4.0,Forte,148.97,136.59,127.77,130.17,309034543.28,False,0.0,False,0.0,False,0.0,False,0.0,False,0.0,True,False,1.26,153.77,False,False,False,False,False,True,False,44.009998,17.905048,7.643407,406
EART39,EART39,BDR,EART (BDR: EART39),7.0,B,0.5,C,0.0,Fraco,31.8,28.81,30.95,29.98,253237.73,False,0.0,False,0.0,False,0.0,False,0.0,False,0.0,True,False,0.81,32.0,False,False,False,False,False,False,False,0.0,22.479418,999.0,407
S2HO34,S2HO34,BDR,SHOP (BDR: S2HO34),7.0,B,2.0,C,4.0,Forte,154.33,129.86,122.41,131.47,990010757.1,False,0.0,False,0.0,False,0.0,False,0.0,False,0.0,True,False,1.02,158.87,False,False,False,False,False,True,False,15.543000000000001,104.9864,16.059315,408
N1OW34,N1OW34,BDR,NOW (BDR: N1OW34),7.0,B,2.0,C,2.0,Fraco,138.43,111.09,107.15,119.41,3835486451.71,False,0.0,False,0.0,False,0.0,False,0.0,False,0.0,True,True,1.71,131.18,False,False,False,False,False,True,False,14.244000000000002,86.518745,11.434825,409
T1SS34,T1SS34,BDR,TS (BDR: T1SS34),6.62,B,0.5,C,2.0,Fraco,54.31,55.45,55.76,51.7,64392761.75,False,0.0,False,0.0,False,0.0,False,0.0,True,0.85,False,False,0.76,58.47,False,False,False,False,False,False,False,11.583999500000001,14.521391,3.2325456,410
A1DM34,A1DM34,BDR,ADM (BDR: A1DM34),6.5,B,0.5,C,3.0,OK,79.1,79.61,74.4,70.47,215566954.44,False,0.0,False,0.0,False,0.0,False,0.0,False,0.0,False,False,0.83,83.84,False,False,False,False,False,False,False,7.642,21.61202,1.6173553,411
E1XR34,E1XR34,BDR,EXR (BDR: E1XR34),6.5,B,0.5,C,2.0,Fraco,142.79,147.09,142.17,139.13,143559916.93,False,0.0,False,0.0,False,0.0,False,0.0,False,0.0,False,False,1.36,152.84,False,False,False,False,False,False,False,6.952999999999999,31.590706,2.2754653,412
C2SW34,C2SW34,BDR,COLM (BDR: C2SW34),6.5,B,0.5,C,3.0,OK,56.84,61.02,59.93,58.37,29530255.8,False,0.0,False,0.0,False,0.0,False,0.0,True,0.8,False,False,0.72,63.61,False,False,False,False,False,False,False,12.658,14.840732,1.8167871,413
DVAI34,DVAI34,BDR,DVA (BDR: DVAI34),6.5,B,0.5,C,4.0,Forte,178.88,212.04,177.93,162.33,87625980.31,False,0.0,False,0.0,False,0.0,False,0.0,False,0.0,False,False,0.83,247.49,False,False,False,False,False,False,False,88.47500000000001,15.17218,-14.952771,414
P2EN34,P2EN34,BDR,PENN (BDR: P2EN34),6.5,B,0.5,C,1.0,Fraco,17.33,20.16,17.18,16.48,33930666.8,False,0.0,False,0.0,False,0.0,False,0.0,False,0.0,False,False,0.86,21.13,False,False,False,False,False,False,False,-37.578,999.0,1.1847142,415
BKNG34,BKNG34,BDR,BKNG (BDR: BKNG34),6.5,B,0.5,C,2.0,Fraco,202.56,191.25,178.49,185.38,1097257176.22,False,0.0,False,0.0,False,0.0,False,0.0,False,0.0,False,False,1.17,217.32,False,False,False,False,False,False,False,0.0,22.506666,-14.238718,416
EXXO34,EXXO34,BDR,XOM (BDR: EXXO34),6.5,B,0.5,C,3.0,OK,156.44,149.45,149.67,141.7,2234652509.51,False,0.0,False,0.0,False,0.0,False,0.0,False,0.0,False,False,1.04,168.64,False,False,False,False,False,False,False,12.584000000000001,20.133848,2.4800253,417
EVTC31,EVERTEC INC,BDR,EVTC (BDR: EVTC31),6.5,B,0.5,C,2.0,Fraco,29.47,29.42,27.91,28.22,7131445.13,False,0.0,False,0.0,False,0.0,False,0.0,False,0.0,False,False,0.64,34.41,False,False,False,False,False,False,False,14.845,19.136364,2.745226,418
W1DC34,W1DC34,BDR,WDC (BDR: W1DC34),6.5,B,0.5,C,5.0,Forte,462.0,536.23,425.57,364.06,3496467282.0,False,0.0,False,0.0,False,0.0,False,0.0,False,0.0,False,False,1.05,580.0,False,False,False,False,False,False,False,130.853,17.168339,999.0,419
H1RB34,H1RB34,BDR,HRB (BDR: H1RB34),6.5,B,0.5,C,4.0,Forte,52.51,43.77,36.71,38.04,48146522.48,False,0.0,False,0.0,False,0.0,False,0.0,False,0.0,False,False,0.44,58.67,False,False,False,False,False,False,False,713.542,9.228471,55.5074,420
A1MD34,A1MD34,BDR,AMD (BDR: A1MD34),6.5,B,0.5,C,3.0,OK,476.67,507.01,372.37,334.44,7804748838.14,False,0.0,False,0.0,False,0.0,False,0.0,False,0.0,False,False,0.88,530.13,False,False,False,False,False,False,False,10.196,120.98224,11.572187,421
O2HI34,O2HI34,BDR,OHI (BDR: O2HI34),6.5,B,0.5,C,5.0,Forte,46.29,47.81,45.95,45.15,46142335.81,False,0.0,False,0.0,False,0.0,False,0.0,False,0.0,False,False,0.6,51.69,False,False,False,False,False,False,False,16.529,16.47331,2.5685275,422
U1AL34,U1AL34,BDR,UAL (BDR: U1AL34),6.5,B,0.5,C,3.0,OK,112.39,123.36,108.27,107.9,238096640.25,False,0.0,False,0.0,False,0.0,False,0.0,False,0.0,False,False,0.69,135.37,False,False,False,False,False,False,False,23.252001,10.523408,2.184833,423
K1IM34,K1IM34,BDR,KIM (BDR: K1IM34),6.5,B,0.5,C,2.0,Fraco,23.81,25.04,23.59,22.65,132202950.56,False,0.0,False,0.0,False,0.0,False,0.0,False,0.0,False,False,1.79,26.12,False,False,False,False,False,False,False,5.806,27.686045,1.5545834,424
PETR3,PETROLEO BRASILEIRO S.A. PETROBRAS,BR_STOCK,PETR3,6.5,B,0.5,C,5.0,Forte,45.93,44.46,44.91,41.43,945891612.28,False,0.0,False,0.0,False,0.0,False,0.0,False,0.0,False,False,1.94,48.61,False,False,False,False,False,False,False,30.274,4.6427875,1.2678207,425
GOAU3,METALURGICA GERDAU S.A.,BR_STOCK,GOAU3,6.5,B,0.5,C,4.0,Forte,9.16,9.25,9.04,8.81,799667.99,False,0.0,False,0.0,False,0.0,False,0.0,False,0.0,False,False,1.92,10.37,False,False,False,False,False,False,False,4.168,15.9,0.656121,426
A2ZT34,A2ZT34,BDR,AZTA (BDR: A2ZT34),6.5,B,0.5,C,2.0,Fraco,33.61,28.68,25.97,28.26,16498611.54,False,0.0,False,0.0,False,0.0,False,0.0,False,0.0,False,False,0.64,37.49,False,False,False,False,False,False,False,-7.041,999.0,0.9740335,427
S1TX34,S1TX34,BDR,STX (BDR: S1TX34),6.5,B,0.5,C,3.0,OK,847.2,880.59,673.25,576.35,4145483517.33,False,0.0,False,0.0,False,0.0,False,0.0,False,0.0,False,False,1.26,1013.99,False,False,False,False,False,False,False,371.52898,61.037464,173.60655,428
S2UI34,S2UI34,BDR,SUI (BDR: S2UI34),6.5,B,0.5,C,2.0,Fraco,123.19,121.01,124.59,124.04,175158074.54,False,0.0,False,0.0,False,0.0,False,0.0,False,0.0,True,False,0.46,127.23,False,False,False,False,False,False,False,1.722,157.93591,2.7342744,429
T1TW34,T1TW34,BDR,TTWO (BDR: T1TW34),6.5,B,0.5,C,2.0,Fraco,233.0,241.81,222.73,228.41,977518181.0,False,0.0,False,0.0,False,0.0,False,0.0,True,0.8,False,False,2.15,256.62,False,False,False,False,False,False,False,-9.039,999.0,12.303955,430
GGBR4,GERDAU S.A.,BR_STOCK,GGBR4,6.5,B,0.5,C,3.0,OK,22.88,23.11,21.88,21.29,251110278.79,False,0.0,False,0.0,False,0.0,False,0.0,False,0.0,False,False,0.84,26.17,False,False,False,False,False,False,False,4.1810002,20.843477,0.878859,431
GOAU4,METALURGICA GERDAU S.A.,BR_STOCK,GOAU4,6.5,B,0.5,C,4.0,Forte,9.94,10.17,9.66,9.36,112226571.26,False,0.0,False,0.0,False,0.0,False,0.0,False,0.0,False,False,0.89,11.44,False,False,False,False,False,False,False,4.168,17.416666,0.718707,432
C2GN34,C2GN34,BDR,CGNX (BDR: C2GN34),6.5,B,0.5,C,3.0,OK,62.97,64.4,57.77,52.7,62792551.76,False,0.0,False,0.0,False,0.0,False,0.0,False,0.0,False,False,0.49,72.6,False,False,False,False,False,False,False,11.1490004,60.54808,6.5004644,433
STMN34,STMN34,BDR,STM (BDR: STMN34),6.5,B,0.5,C,2.0,Fraco,51.34,60.93,50.72,44.41,416229347.98,False,0.0,False,0.0,False,0.0,False,0.0,False,0.0,False,False,1.03,57.04,False,False,False,False,False,False,False,2.686,999.0,2.5971267,434
ROCA11,ROCA11,ETF,ROCA11,6.5,B,2.0,C,0.0,Fraco,10.27,10.43,,,365961.2,False,0.0,False,0.0,False,0.0,False,0.0,False,0.0,True,False,3.17,10.7,False,False,False,False,False,True,False,0.0,999.0,999.0,435
H1BA34,H1BA34,BDR,HBAN (BDR: H1BA34),6.5,B,0.5,C,2.0,Fraco,16.86,17.57,16.76,16.75,384557713.86,False,0.0,False,0.0,False,0.0,False,0.0,False,0.0,False,False,1.2,18.16,False,False,False,False,False,False,False,9.002,12.969232,1.1453027,436
H1ST34,H1ST34,BDR,HST (BDR: H1ST34),6.5,B,0.5,C,5.0,Forte,22.34,23.7,21.12,20.07,178338076.58,False,0.0,False,0.0,False,0.0,False,0.0,False,0.0,False,False,0.93,25.71,False,False,False,False,False,False,False,15.558,14.993289,2.3954535,437
BDIF11,BDIF11,ETF,BDIF11,6.5,B,0.5,C,0.0,Fraco,68.83,69.63,70.71,69.26,1757436.44,False,0.0,False,0.0,False,0.0,False,0.0,False,0.0,True,False,0.78,70.88,False,False,False,False,False,False,False,0.0,999.0,999.0,438
CDII11,CDII11,ETF,CDII11,6.5,B,0.5,C,0.0,Fraco,95.76,98.34,98.92,98.91,6805280.31,False,0.0,False,0.0,False,0.0,False,0.0,False,0.0,True,False,0.88,99.29,False,False,False,False,False,False,False,0.0,999.0,999.0,439
X1EL34,X1EL34,BDR,XEL (BDR: X1EL34),6.5,B,0.5,C,1.0,Fraco,77.16,79.18,78.96,78.0,338486738.62,False,0.0,False,0.0,False,0.0,False,0.0,False,0.0,True,False,0.95,80.83,False,False,False,False,False,False,False,9.92,21.139727,2.02302,440
SNFZ11,SNFZ11,ETF,SNFZ11,6.5,B,2.0,C,0.0,Fraco,9.15,9.17,9.24,9.18,220240.49,False,0.0,False,0.0,False,0.0,False,0.0,False,0.0,True,False,1.32,9.55,False,False,False,False,False,True,False,0.0,999.0,999.0,441
DEAI34,DEAI34,BDR,DAL (BDR: DEAI34),6.5,B,0.5,C,4.0,Forte,81.14,87.52,75.62,73.27,382202096.54,False,0.0,False,0.0,False,0.0,False,0.0,False,0.0,False,False,0.97,95.01,False,False,False,False,False,False,False,20.125,13.456053,2.4327645,442
R1LC34,R1LC34,BDR,RL (BDR: R1LC34),6.5,B,0.5,C,3.0,OK,351.9,386.54,367.91,364.55,265275235.7,False,0.0,False,0.0,False,0.0,False,0.0,True,0.8,False,False,1.48,411.19,False,False,False,False,False,False,False,37.537,22.173912,7.706289,443
HOND34,HOND34,BDR,HMC (BDR: HOND34),6.5,B,0.5,C,2.0,Fraco,31.33,29.32,27.65,28.24,24133154.31,False,0.0,False,0.0,False,0.0,False,0.0,False,0.0,False,False,0.89,33.45,False,False,False,False,False,False,False,-0.7620000299999999,999.0,0.5237156,444
T2ER34,T2ER34,BDR,TER (BDR: T2ER34),6.5,B,0.5,C,4.0,Forte,372.06,382.84,349.22,311.04,908907972.46,False,0.0,False,0.0,False,0.0,False,0.0,False,0.0,False,False,1.0,444.17,False,False,False,False,False,False,False,36.464999999999996,51.247932,18.526115,445
RIFF11,RIFF11,ETF,RIFF11,6.5,B,0.5,C,0.0,Fraco,7.28,7.41,7.54,7.42,71999.2,False,0.0,False,0.0,False,0.0,False,0.0,False,0.0,True,False,0.23,7.75,False,False,False,False,False,False,False,0.0,999.0,999.0,446
TPIS3,TPI - TRIUNFO PARTICIP. E INVEST. S.A.,BR_STOCK,TPIS3,6.5,B,0.5,C,0.0,Fraco,8.6,9.19,8.52,7.46,172000.01,False,0.0,False,0.0,False,0.0,False,0.0,False,0.0,False,False,0.96,9.07,False,False,False,False,False,False,False,-66.175,999.0,0.7434302,447
JMBI11,JMBI11,ETF,JMBI11,6.5,B,2.0,C,0.0,Fraco,82.9,82.95,,,1190775.62,False,0.0,False,0.0,False,0.0,False,0.0,False,0.0,True,False,1.1,83.89,False,False,False,False,False,True,False,0.0,999.0,999.0,448
TEXA34,TEXA34,BDR,TXN (BDR: TEXA34),6.5,B,0.5,C,4.0,Forte,266.54,285.85,255.0,234.5,1492605923.13,False,0.0,False,0.0,False,0.0,False,0.0,False,0.0,False,False,1.0,289.62,False,False,False,False,False,False,False,35.176,40.569256,13.514172,449
XBCI11,XBCI11,ETF,XBCI11,6.5,B,0.5,C,0.0,Fraco,99.16,79.8,86.82,86.82,604975.18,False,0.0,False,0.0,False,0.0,False,0.0,False,0.0,True,False,0.49,98.87,False,False,False,False,False,False,False,0.0,999.0,999.0,450
GGBR3,GERDAU S.A.,BR_STOCK,GGBR3,6.5,B,0.5,C,4.0,Forte,19.66,19.77,18.82,18.29,418758.0,False,0.0,False,0.0,False,0.0,False,0.0,False,0.0,False,False,0.58,22.36,False,False,False,False,False,False,False,4.1810002,17.956522,0.75713134,451
N1BI34,N1BI34,BDR,NBIX (BDR: N1BI34),6.5,B,0.5,C,4.0,Forte,155.92,166.55,148.28,147.24,113863229.3,False,0.0,False,0.0,False,0.0,False,0.0,False,0.0,False,False,0.6,186.12,False,False,False,False,False,False,False,22.089,22.79532,4.2889366,452
K1SG34,K1SG34,BDR,KEYS (BDR: K1SG34),6.5,B,0.5,C,4.0,Forte,325.82,330.48,312.16,284.26,432097606.41,False,0.0,False,0.0,False,0.0,False,0.0,False,0.0,False,False,0.74,366.41,False,False,False,False,False,False,False,20.897,44.02973,8.787895,453
SEER3,SER EDUCACIONAL S.A.,BR_STOCK,SEER3,6.5,B,0.5,C,5.0,Forte,11.81,11.58,11.75,11.16,37043247.32,False,0.0,False,0.0,False,0.0,False,0.0,False,0.0,False,False,2.54,12.62,False,False,False,False,False,False,False,19.143999,5.622642,1.0016807,454
DUKB34,DUKB34,BDR,DUK (BDR: DUKB34),6.5,B,0.5,C,3.0,OK,120.84,124.4,124.5,122.32,386628414.16,False,0.0,False,0.0,False,0.0,False,0.0,False,0.0,True,False,0.87,128.17,False,False,False,False,False,False,False,9.8570004,18.198795,1.752676,455
A2RW34,A2RW34,BDR,ARW (BDR: A2RW34),6.5,B,0.5,C,4.0,Forte,208.96,211.89,184.69,166.46,74715322.08,False,0.0,False,0.0,False,0.0,False,0.0,False,0.0,False,False,0.64,230.45,False,False,False,False,False,False,False,12.036,13.343551,1.5205497,456
DEOP34,DEOP34,BDR,DEO (BDR: DEOP34),6.5,B,0.5,C,0.0,Fraco,92.09,86.95,84.3,85.42,55960051.8,False,0.0,False,0.0,False,0.0,False,0.0,False,0.0,False,False,0.62,97.13,False,False,False,False,False,False,False,14.985000000000001,29.516026,84.8823,457
O1UT34,O1UT34,BDR,OUT (BDR: O1UT34),6.5,B,0.5,C,3.0,OK,30.07,31.75,29.58,27.92,28594555.02,False,0.0,False,0.0,False,0.0,False,0.0,False,0.0,False,False,0.66,33.54,False,False,False,False,False,False,False,35.024,21.633093,7.6397357,458
U2ST34,U2ST34,BDR,U (BDR: U2ST34),6.5,B,0.5,C,2.0,Fraco,43.49,34.79,28.11,31.98,490071171.97,False,0.0,False,0.0,False,0.0,False,0.0,False,0.0,False,False,1.11,48.46,False,False,False,False,False,False,False,-17.381,999.0,6.3074694,459
W2YF34,W2YF34,BDR,W (BDR: W2YF34),6.5,B,0.5,C,1.0,Fraco,105.01,94.9,83.01,88.44,241198524.01,False,0.0,False,0.0,False,0.0,False,0.0,False,0.0,False,False,1.08,118.31,False,False,False,False,False,False,False,0.0,999.0,999.0,460
ITLC34,ITLC34,BDR,INTC (BDR: ITLC34),6.5,B,0.5,C,2.0,Fraco,92.09,105.55,83.4,72.53,9207144388.72,False,0.0,False,0.0,False,0.0,False,0.0,False,0.0,False,False,1.04,107.57,False,False,False,False,False,False,False,-10.715,999.0,5.305029,461
R1OK34,R1OK34,BDR,ROK (BDR: R1OK34),6.5,B,0.5,C,3.0,OK,433.0,457.57,424.24,416.72,237530810.0,False,0.0,False,0.0,False,0.0,False,0.0,False,0.0,False,False,0.93,487.85,False,False,False,False,False,False,False,30.629,40.619137,13.761759,462
TEND3,CONSTRUTORA TENDA S.A.,BR_STOCK,TEND3,6.5,B,0.5,C,4.0,Forte,32.06,32.65,30.84,29.09,120250653.15,False,0.0,False,0.0,False,0.0,False,0.0,False,0.0,False,False,1.39,34.68,False,False,False,False,False,False,False,40.6,7.074153,2.659498,463
A1PO34,A1PO34,BDR,APO (BDR: A1PO34),6.5,B,0.5,C,2.0,Fraco,133.44,126.18,122.7,126.59,245513324.81,False,0.0,False,0.0,False,0.0,False,0.0,False,0.0,False,False,0.61,143.72,False,False,False,False,False,False,False,11.411999999999999,47.487545,3.9197488,464
B1PP34,B1PP34,BDR,BP (BDR: B1PP34),6.5,B,0.5,C,3.0,OK,42.34,40.97,41.5,39.66,496887803.85,False,0.0,False,0.0,False,0.0,False,0.0,False,0.0,False,False,1.36,45.44,False,False,False,False,False,False,False,8.868,20.161905,7.4991145,465
KNCA11,KNCA11,ETF,KNCA11,6.5,B,2.0,C,0.0,Fraco,88.45,88.63,90.15,89.64,1582635.8,False,0.0,False,0.0,False,0.0,False,0.0,False,0.0,True,False,0.6,90.27,False,False,False,False,False,True,False,0.0,999.0,999.0,466
FDMO34,FDMO34,BDR,F (BDR: FDMO34),6.5,B,0.5,C,0.0,Fraco,13.95,13.99,13.28,13.19,524882232.47,False,0.0,False,0.0,False,0.0,False,0.0,False,0.0,False,False,0.97,15.21,False,False,False,False,False,False,False,-18.252,999.0,1.5572672,467
VVDI11,VVDI11,ETF,VVDI11,6.5,B,0.5,C,0.0,Fraco,10.0,,,,1531300.0,False,0.0,False,0.0,False,0.0,False,0.0,False,0.0,True,False,5534.82,10.0,False,False,False,False,False,False,False,0.0,999.0,999.0,468
RZAG11,RZAG11,ETF,RZAG11,6.5,B,0.5,C,0.0,Fraco,8.28,8.31,8.51,8.46,1093887.32,False,0.0,False,0.0,False,0.0,False,0.0,False,0.0,True,False,0.75,8.45,False,False,False,False,False,False,False,0.0,999.0,999.0,469
S1BS34,S1BS34,BDR,SBSW (BDR: S1BS34),6.25,C,0.5,C,2.0,Fraco,12.26,9.56,12.14,12.48,55282486.53,False,0.0,False,0.0,False,0.0,False,0.0,True,0.5,True,False,0.83,12.81,False,False,False,False,False,False,False,-10.2510005,999.0,7.02445,470
B3SA3,B3 S.A. - BRASIL. BOLSA. BALCÃO,BR_STOCK,B3SA3,6.0,C,0.5,C,5.0,Forte,15.75,15.0,16.34,15.66,422671725.0,False,0.0,False,0.0,False,0.0,False,0.0,False,0.0,True,False,0.7,16.15,False,False,False,False,False,False,False,27.714001999999997,15.73,4.2036343,471
IBIT39,ISHARES BITCOIN TRUST,BDR,IBIT (BDR: IBIT39),6.0,C,2.0,C,0.0,Fraco,45.29,36.93,39.76,42.73,2741971103.26,False,0.0,False,0.0,False,0.0,False,0.0,False,0.0,True,False,0.88,45.31,False,False,False,False,False,True,False,0.0,999.0,999.0,472
CMCS34,CMCS34,BDR,CMCSA (BDR: CMCS34),6.0,C,0.5,C,1.0,Fraco,26.41,24.3,26.54,26.37,546464466.18,False,0.0,False,0.0,False,0.0,False,0.0,False,0.0,True,False,1.03,27.35,False,False,False,False,False,False,False,11.4879996,8.464744,1.0434198,473
ADBE34,ADBE34,BDR,ADBE (BDR: ADBE34),6.0,C,2.0,C,5.0,Forte,289.15,238.27,248.48,269.37,1881597321.28,False,0.0,False,0.0,False,0.0,False,0.0,False,0.0,True,True,1.64,279.0,False,False,False,False,False,True,False,62.953996999999994,16.551231,10.016627,474
DGCO34,DGCO34,BDR,DG (BDR: DGCO34),6.0,C,2.0,C,4.0,Forte,125.89,120.87,124.08,124.39,805878033.03,False,0.0,False,0.0,False,0.0,False,0.0,False,0.0,True,False,3.15,131.25,False,False,False,False,False,True,False,18.91,17.806223,3.1401846,475
N1VO34,N1VO34,BDR,NVO (BDR: N1VO34),6.0,C,0.5,C,4.0,Forte,46.26,47.35,43.74,45.06,600260116.14,False,0.0,False,0.0,False,0.0,False,0.0,False,0.0,True,False,1.06,50.97,False,False,False,False,False,False,False,59.815,11.282927,5.92824,476
S1NP34,S1NP34,BDR,SNPS (BDR: S1NP34),6.0,C,0.5,C,2.0,Fraco,464.89,417.39,442.19,446.42,1891534728.91,False,0.0,False,0.0,False,0.0,False,0.0,False,0.0,True,True,2.5,425.78,False,False,False,False,False,False,False,3.8240000000000003,80.991295,3.0523822,477
SANB3,BCO SANTANDER (BRASIL) S.A.,BR_STOCK,SANB3,6.0,C,0.5,C,3.0,OK,14.88,13.48,14.34,14.57,2267712.02,False,0.0,False,0.0,False,0.0,False,0.0,False,0.0,True,False,0.34,15.24,False,False,False,False,False,False,False,11.151,8.276836,0.43093306,478
G2DD34,G2DD34,BDR,GDDY (BDR: G2DD34),6.0,C,0.5,C,4.0,Forte,96.98,90.69,88.51,97.07,190072369.32,False,0.0,False,0.0,False,0.0,False,0.0,False,0.0,True,False,1.12,102.01,False,False,False,False,False,False,False,442.861,14.410105,1829.8114,479
CTSH34,CTSH34,BDR,CTSH (BDR: CTSH34),6.0,C,2.0,C,4.0,Forte,63.76,49.69,56.57,62.24,369617347.87,False,0.0,False,0.0,False,0.0,False,0.0,False,0.0,True,False,0.92,63.3,False,False,False,False,False,True,False,14.924000000000001,13.682404,1.992749,480
P1KX34,P1KX34,BDR,PKX (BDR: P1KX34),6.0,C,0.5,C,3.0,OK,61.15,54.44,62.59,60.49,14729812.37,False,0.0,False,0.0,False,0.0,False,0.0,False,0.0,True,False,1.14,59.59,False,False,False,False,False,False,False,2.214,29.82927,1.7642337,481
G1AR34,G1AR34,BDR,IT (BDR: G1AR34),6.0,C,2.0,C,3.0,OK,196.6,156.27,159.15,178.7,235457014.31,False,0.0,False,0.0,False,0.0,False,0.0,False,0.0,True,False,0.83,203.03,False,False,False,False,False,True,False,113.581,17.69577,-75.6736,482
P2LT34,P2LT34,BDR,PLTR (BDR: P2LT34),6.0,C,2.0,C,4.0,Forte,185.93,142.63,142.75,151.41,7551335250.13,False,0.0,False,0.0,False,0.0,False,0.0,False,0.0,True,False,1.33,182.44,False,False,False,False,False,True,False,38.096999999999994,158.91454,45.705505,483
P2TC34,P2TC34,BDR,PTC (BDR: P2TC34),6.0,C,2.0,C,3.0,OK,158.95,132.08,141.48,149.5,150986284.2,False,0.0,False,0.0,False,0.0,False,0.0,False,0.0,True,False,0.86,156.03,False,False,False,False,False,True,False,35.053003,15.417069,5.0719547,484
ALUP11,ALUPAR INVESTIMENTO S/A,BR_STOCK,ALUP11,6.0,C,0.5,C,4.0,Forte,32.8,32.29,33.37,33.08,47835518.89,False,0.0,False,0.0,False,0.0,False,0.0,False,0.0,True,False,1.11,32.92,False,False,False,False,False,False,False,15.841,7.795351,1.1122508,485
S1RP34,S1RP34,BDR,SRPT (BDR: S1RP34),6.0,C,0.5,C,1.0,Fraco,21.59,17.61,18.49,19.06,170806803.36,False,0.0,False,0.0,False,0.0,False,0.0,False,0.0,True,True,3.53,20.19,False,False,False,False,False,False,False,-9.478,999.0,1.4925683,486
C1IC34,C1IC34,BDR,CI (BDR: C1IC34),6.0,C,0.5,C,5.0,Forte,277.67,283.48,279.76,277.33,313613841.33,False,0.0,False,0.0,False,0.0,False,0.0,False,0.0,True,False,0.85,291.95,False,False,False,False,False,False,False,16.758,11.483458,1.7180105,487
C1MG34,C1MG34,BDR,CMG (BDR: C1MG34),6.0,C,2.0,C,2.0,Fraco,37.22,34.13,34.29,34.64,356967503.39,False,0.0,False,0.0,False,0.0,False,0.0,False,0.0,True,False,0.59,39.09,False,False,False,False,False,True,False,49.560001,34.462963,21.45245,488
NATU3,NATURA COSMETICOS S.A.,BR_STOCK,NATU3,6.0,C,0.5,C,1.0,Fraco,8.94,8.24,9.1,8.78,33983620.4,False,0.0,False,0.0,False,0.0,False,0.0,False,0.0,True,False,0.55,8.83,False,False,False,False,False,False,False,-2.478,999.0,0.9729198,489
C2OU34,C2OU34,BDR,COUR (BDR: C2OU34),6.0,C,2.0,C,2.0,Fraco,6.39,5.71,5.82,6.28,33800632.75,False,0.0,False,0.0,False,0.0,False,0.0,False,0.0,True,False,1.31,6.23,False,False,False,False,False,True,False,-15.195,999.0,1.5031757,490
P1RG34,P1RG34,BDR,PRGO (BDR: P1RG34),6.0,C,2.0,C,0.0,Fraco,14.37,11.38,11.4,11.85,39322814.93,False,0.0,False,0.0,False,0.0,False,0.0,False,0.0,True,False,1.12,14.8,False,False,False,False,False,True,False,-48.746,999.0,0.79225934,491
C1CJ34,C1CJ34,BDR,CCJ (BDR: C1CJ34),6.0,C,0.5,C,1.0,Fraco,106.33,96.31,108.42,105.06,199163855.52,False,0.0,False,0.0,False,0.0,False,0.0,False,0.0,True,False,0.68,111.54,False,False,False,False,False,False,False,5.1149998000000005,180.22035,9.008326,492
ULEV34,ULEV34,BDR,UL (BDR: ULEV34),6.0,C,2.0,C,2.0,Fraco,64.42,61.83,61.44,62.11,276442768.08,False,0.0,False,0.0,False,0.0,False,0.0,False,0.0,True,False,1.2,65.63,False,False,False,False,False,True,False,31.868999999999996,21.331125,7.3369284,493
ELCI34,ELCI34,BDR,EL (BDR: ELCI34),6.0,C,2.0,C,1.0,Fraco,106.21,86.27,87.98,91.5,477183788.82,False,0.0,False,0.0,False,0.0,False,0.0,False,0.0,True,False,0.98,105.26,False,False,False,False,False,True,False,4.745,212.42,10.096007,494
VALE3,VALE S.A.,BR_STOCK,VALE3,6.0,C,0.5,C,2.0,Fraco,78.45,73.98,78.62,75.67,1072701723.27,False,0.0,False,0.0,False,0.0,False,0.0,False,0.0,True,False,0.66,78.76,False,False,False,False,False,False,False,4.1149996,30.782103,1.7121894,495
D1TE34,D1TE34,BDR,DTE (BDR: D1TE34),6.0,C,0.5,C,1.0,Fraco,136.24,145.03,143.51,140.13,169328751.87,False,0.0,False,0.0,False,0.0,False,0.0,False,0.0,True,False,1.02,144.07,False,False,False,False,False,False,False,11.03,21.556963,2.3335161,496
CPLE3,CIA PARANAENSE DE ENERGIA - COPEL,BR_STOCK,CPLE3,6.0,C,0.5,C,4.0,Forte,14.65,14.69,14.72,14.12,194632569.93,False,0.0,False,0.0,False,0.0,False,0.0,False,0.0,True,False,0.62,15.12,False,False,False,False,False,False,False,12.764000000000001,13.616821,1.9166008,497
U2TH34,U2TH34,BDR,UTHR (BDR: U2TH34),6.0,C,0.5,C,3.0,OK,527.91,530.79,534.63,522.29,206414911.14,False,0.0,False,0.0,False,0.0,False,0.0,False,0.0,True,False,0.88,541.03,False,False,False,False,False,False,False,19.314999999999998,18.914724,3.5200806,498
BITB39,ISHARES U.S. HOME CONSTRUCTION ETF,BDR,BITB (BDR: BITB39),6.0,C,2.0,C,0.0,Fraco,43.39,35.37,38.1,40.94,56203847.23,False,0.0,False,0.0,False,0.0,False,0.0,False,0.0,True,False,0.73,43.41,False,False,False,False,False,True,False,0.0,999.0,999.0,499
VSOL39,VALOUR SOLANA (SOL) SEK,BDR,VSOL (BDR: VSOL39),6.0,C,2.0,C,0.0,Fraco,14.67,10.4,11.08,12.52,1846864.05,False,0.0,False,0.0,False,0.0,False,0.0,False,0.0,True,True,1.77,13.27,False,False,False,False,False,True,True,0.0,999.0,999.0,500
A1UT34,A1UT34,BDR,ADSK (BDR: A1UT34),6.0,C,2.0,C,4.0,Forte,270.58,224.31,234.28,248.64,1034241670.79,False,0.0,False,0.0,False,0.0,False,0.0,False,0.0,True,True,2.3,260.74,False,False,False,False,False,True,False,50.395999999999994,39.50073,17.902605,501
VPPR11,VPPR11,ETF,VPPR11,6.0,C,0.5,C,0.0,Fraco,20.0,19.92,20.87,19.57,244660.0,False,0.0,False,0.0,False,0.0,False,0.0,False,0.0,True,False,1.49,20.45,False,False,False,False,False,False,False,0.0,999.0,999.0,502
W1IX34,W1IX34,BDR,WIX (BDR: W1IX34),6.0,C,2.0,C,1.0,Fraco,85.76,58.59,68.03,76.56,90445671.37,False,0.0,False,0.0,False,0.0,False,0.0,False,0.0,True,False,0.57,86.31,False,False,False,False,False,True,False,0.0,999.0,-2.1165378,503
BITC11,BITC11,ETF,BITC11,6.0,C,2.0,C,0.0,Fraco,67.35,54.89,59.13,64.58,866120.98,False,0.0,False,0.0,False,0.0,False,0.0,False,0.0,True,False,1.07,70.0,False,False,False,False,False,True,False,0.0,999.0,999.0,504
M1SC34,M1SC34,BDR,MSCI (BDR: M1SC34),6.0,C,0.5,C,2.0,Fraco,569.15,577.87,571.54,569.22,301916444.3,False,0.0,False,0.0,False,0.0,False,0.0,False,0.0,True,False,0.94,583.32,False,False,False,False,False,False,False,0.0,31.13512,-15.384928,505
G1FI34,G1FI34,BDR,GFI (BDR: G1FI34),6.0,C,0.5,C,5.0,Forte,48.0,36.72,42.98,42.98,119832528.0,False,0.0,False,0.0,False,0.0,False,0.0,False,0.0,True,False,0.68,49.1,False,False,False,False,False,False,False,58.677,9.775968,10.182435,506
AETH39,21SHARES ETHEREUM STAKING ETP,BDR,AETH (BDR: AETH39),6.0,C,2.0,C,0.0,Fraco,38.89,31.23,33.5,34.48,148831.65,False,0.0,False,0.0,False,0.0,False,0.0,False,0.0,True,False,5.98,39.04,False,False,False,False,False,True,True,0.0,999.0,999.0,507
A1EP34,A1EP34,BDR,AEP (BDR: A1EP34),6.0,C,0.5,C,1.0,Fraco,122.71,129.59,128.4,125.13,333102918.85,False,0.0,False,0.0,False,0.0,False,0.0,False,0.0,True,False,0.83,129.5,False,False,False,False,False,False,False,10.130999000000001,21.266897,2.0823364,508
QSOL11,QSOL11,ETF,QSOL11,6.0,C,0.5,C,0.0,Fraco,6.71,4.84,5.25,6.2,1154824.56,False,0.0,False,0.0,False,0.0,False,0.0,False,0.0,True,False,1.37,6.11,False,False,False,False,False,False,False,0.0,999.0,999.0,509
BITO39,ISHARES CORE S&P TOTAL US STOCK MARKET ETF,BDR,BITO (BDR: BITO39),6.0,C,2.0,C,0.0,Fraco,10.78,8.82,9.55,10.3,928343500.8,False,0.0,False,0.0,False,0.0,False,0.0,False,0.0,True,False,0.93,10.8,False,False,False,False,False,True,False,0.0,999.0,999.0,510
B1RF34,B1RF34,BDR,BR (BDR: B1RF34),6.0,C,2.0,C,4.0,Forte,183.08,156.04,162.09,176.96,184646617.41,False,0.0,False,0.0,False,0.0,False,0.0,False,0.0,True,False,0.8,186.91,False,False,False,False,False,True,False,40.916002,19.05099,7.3475943,511
ETHA39,ISHARES ETHEREUM TRUST ETF,BDR,ETHA (BDR: ETHA39),6.0,C,2.0,C,0.0,Fraco,18.87,14.29,15.57,17.49,1106412288.34,False,0.0,False,0.0,False,0.0,False,0.0,False,0.0,True,False,1.15,19.12,False,False,False,False,False,True,True,0.0,999.0,999.0,512
BRAP4,BRADESPAR S.A.,BR_STOCK,BRAP4,6.0,C,0.5,C,2.0,Fraco,21.95,21.59,22.8,21.91,24880325.86,False,0.0,False,0.0,False,0.0,False,0.0,False,0.0,True,False,0.63,22.22,False,False,False,False,False,False,False,6.950000000000001,15.964286,1.1488049,513
SAPP34,SAPP34,BDR,SAP (BDR: SAPP34),6.0,C,2.0,C,4.0,Forte,221.17,178.52,181.02,195.28,728255963.28,False,0.0,False,0.0,False,0.0,False,0.0,False,0.0,True,False,1.41,220.27,False,False,False,False,False,True,False,18.320999,28.391527,69.61183,514
TELB4,TELEC BRASILEIRAS S.A. TELEBRAS,BR_STOCK,TELB4,6.0,C,0.5,C,3.0,OK,9.35,7.52,8.07,8.13,463760.02,False,0.0,False,0.0,False,0.0,False,0.0,False,0.0,True,True,10.21,8.0,False,False,False,False,False,False,False,8.48,5.5660377,0.5151339,515
BKCH39,GLOBAL X BLOCKCHAIN ETF,BDR,BKCH (BDR: BKCH39),6.0,C,0.5,C,1.0,Fraco,73.44,70.04,71.44,72.12,5401291.86,False,0.0,False,0.0,False,0.0,False,0.0,False,0.0,True,False,1.46,74.08,False,False,False,False,False,False,False,0.0,14.921673,999.0,516
S2EA34,S2EA34,BDR,SE (BDR: S2EA34),5.5,C,0.5,C,3.0,OK,118.32,108.08,98.33,106.71,331782885.94,False,0.0,False,0.0,False,0.0,False,0.0,False,0.0,False,False,0.72,131.94,False,False,False,False,False,False,False,14.734,45.860466,5.830869,517
M2KS34,M2KS34,BDR,MKSI (BDR: M2KS34),5.5,C,0.5,C,3.0,OK,270.99,333.02,289.73,258.79,214623530.29,False,0.0,False,0.0,False,0.0,False,0.0,False,0.0,False,False,0.61,329.04,False,False,False,False,False,False,False,15.845998999999999,43.15127,6.1308565,518
W1DA34,W1DA34,BDR,WDAY (BDR: W1DA34),5.5,C,0.5,C,3.0,OK,193.57,155.68,143.09,160.96,1452154839.29,False,0.0,False,0.0,False,0.0,False,0.0,False,0.0,False,False,1.39,227.49,False,False,False,False,False,False,False,10.857999999999999,60.490627,7.212266,519
A1KA34,A1KA34,BDR,AKAM (BDR: A1KA34),5.5,C,0.5,C,1.0,Fraco,111.24,117.7,115.93,109.04,338417102.5,False,0.0,False,0.0,False,0.0,False,0.0,False,0.0,False,False,1.04,127.04,False,False,False,False,False,False,False,8.918,40.304348,3.3637738,520
K1LA34,K1LA34,BDR,KLAC (BDR: K1LA34),5.5,C,0.5,C,4.0,Forte,183.77,214.73,183.92,169.41,1203329112.07,False,0.0,False,0.0,False,0.0,False,0.0,False,0.0,False,False,0.73,214.56,False,False,False,False,False,False,False,87.496,50.210384,37.828327,521
R2PD34,R2PD34,BDR,RPD (BDR: R2PD34),5.5,C,0.5,C,0.0,Fraco,13.5,10.55,8.29,9.9,35529489.0,False,0.0,False,0.0,False,0.0,False,0.0,False,0.0,False,False,1.73,14.8,False,False,False,False,False,False,False,14.027999999999999,43.548386,4.6201234,522
COTY34,COTY34,BDR,COTY (BDR: COTY34),5.5,C,0.5,C,2.0,Fraco,2.76,2.5,2.41,2.62,20248698.53,False,0.0,False,0.0,False,0.0,False,0.0,False,0.0,False,False,0.84,3.09,False,False,False,False,False,False,False,-16.093001,999.0,0.81296027,523
N2TN34,N2TN34,BDR,NTNX (BDR: N2TN34),5.5,C,0.5,C,3.0,OK,69.84,57.62,47.51,48.83,559014066.93,False,0.0,False,0.0,False,0.0,False,0.0,False,0.0,False,True,2.85,68.88,False,False,False,False,False,False,True,0.0,13.508703,-25.657604,524
ABEV3,AMBEV S.A.,BR_STOCK,ABEV3,5.5,C,0.5,C,5.0,Forte,15.24,15.71,15.62,15.03,197763381.03,False,0.0,False,0.0,False,0.0,False,0.0,False,0.0,False,False,0.48,16.23,False,False,False,False,False,False,False,18.4,14.679612,2.6456692,525
M2PR34,M2PR34,BDR,MPWR (BDR: M2PR34),5.5,C,0.5,C,4.0,Forte,1311.08,1356.98,1336.54,1238.95,601610015.11,False,0.0,False,0.0,False,0.0,False,0.0,False,0.0,False,False,0.79,1568.21,False,False,False,False,False,False,False,21.979000000000003,79.79793,16.53963,526
L1YB34,L1YB34,BDR,LYB (BDR: L1YB34),5.5,C,0.5,C,2.0,Fraco,63.06,59.31,63.5,58.55,159575225.28,False,0.0,False,0.0,False,0.0,False,0.0,False,0.0,False,False,0.65,68.42,False,False,False,False,False,False,False,-2.2689999999999997,999.0,1.908769,527
S2YN34,S2YN34,BDR,SYNA (BDR: S2YN34),5.5,C,0.5,C,2.0,Fraco,97.59,114.34,102.02,95.29,160572042.63,False,0.0,False,0.0,False,0.0,False,0.0,False,0.0,False,False,2.65,113.36,False,False,False,False,False,False,False,-42.229998,999.0,4.1012816,528
E2ST34,E2ST34,BDR,ESTC (BDR: E2ST34),5.5,C,0.5,C,3.0,OK,83.74,67.44,59.28,63.75,425560137.42,False,0.0,False,0.0,False,0.0,False,0.0,False,0.0,False,False,1.89,88.21,False,False,False,False,False,False,False,33.376998,24.413994,6.87182,529
AVGO34,AVGO34,BDR,AVGO (BDR: AVGO34),5.5,C,0.5,C,4.0,Forte,371.54,386.56,372.92,368.47,7848161465.62,False,0.0,False,0.0,False,0.0,False,0.0,False,0.0,False,False,0.98,432.73,False,False,False,False,False,False,False,37.280998,61.820297,20.159523,530
C2RS34,C2RS34,BDR,CRSP (BDR: C2RS34),5.5,C,0.5,C,2.0,Fraco,59.37,53.41,52.58,53.14,70403735.12,False,0.0,False,0.0,False,0.0,False,0.0,False,0.0,False,False,0.68,62.53,False,False,False,False,False,False,False,-26.095000000000002,999.0,3.285738,531
EUCA4,EUCATEX S.A. INDUSTRIA E COMERCIO,BR_STOCK,EUCA4,5.5,C,0.5,C,3.0,OK,21.12,22.52,22.34,21.03,1218624.05,False,0.0,False,0.0,False,0.0,False,0.0,False,0.0,False,False,0.53,23.59,False,False,False,False,False,False,False,13.953,5.0209794,0.7171156,532
CSMG3,CIA SANEAMENTO DE MINAS GERAIS-COPASA MG,BR_STOCK,CSMG3,5.5,C,0.5,C,2.0,Fraco,55.1,60.74,56.43,52.51,203159204.37,False,0.0,False,0.0,False,0.0,False,0.0,False,0.0,False,False,0.68,65.39,False,False,False,False,False,False,False,14.97,16.187683,2.364127,533
BSCZ39,ISHARES MSCI EAFE SMALL-CAP ETF,BDR,BSCZ (BDR: BSCZ39),5.5,C,2.0,C,0.0,Fraco,20.08,20.1,20.17,20.16,2970517.94,False,0.0,False,0.0,False,0.0,False,0.0,False,0.0,True,False,0.51,20.14,False,False,False,False,False,True,False,0.0,999.0,999.0,534
GOGL34,GOGL34,BDR,GOOGL (BDR: GOGL34),5.5,C,0.5,C,5.0,Forte,340.65,350.12,341.54,334.04,7931723413.14,False,0.0,False,0.0,False,0.0,False,0.0,False,0.0,False,False,1.17,384.48,False,False,False,False,False,False,False,48.676,17.08375,6.6930604,535
V1RT34,V1RT34,BDR,VRT (BDR: V1RT34),5.5,C,0.5,C,4.0,Forte,269.28,290.52,282.58,254.66,1239319725.26,False,0.0,False,0.0,False,0.0,False,0.0,False,0.0,False,False,1.1,300.3,False,False,False,False,False,False,False,43.943,60.785557,21.78817,536
CATP34,CATP34,BDR,CAT (BDR: CATP34),5.5,C,0.5,C,3.0,OK,817.0,896.27,822.83,763.96,1476138443.0,False,0.0,False,0.0,False,0.0,False,0.0,False,0.0,False,False,0.73,935.0,False,False,False,False,False,False,False,56.972003,35.124676,19.363401,537
GOGL35,GOGL35,BDR,GOOG (BDR: GOGL35),5.5,C,0.5,C,5.0,Forte,337.71,348.39,339.93,333.0,5738111515.21,False,0.0,False,0.0,False,0.0,False,0.0,False,0.0,False,False,1.19,381.81,False,False,False,False,False,False,False,48.676,16.936308,6.6352954,538
A2XO34,A2XO34,BDR,AXON (BDR: A2XO34),5.5,C,0.5,C,2.0,Fraco,611.2,553.72,483.61,506.23,319655772.78,False,0.0,False,0.0,False,0.0,False,0.0,False,0.0,False,False,0.82,651.61,False,False,False,False,False,False,False,6.221,251.52263,13.512259,539
A1GN34,A1GN34,BDR,ALLE (BDR: A1GN34),5.5,C,0.5,C,3.0,OK,159.72,149.96,147.19,150.65,162789979.36,False,0.0,False,0.0,False,0.0,False,0.0,False,0.0,False,False,0.92,170.87,False,False,False,False,False,False,False,33.73,20.988173,6.4126554,540
PLCA11,PLCA11,ETF,PLCA11,5.5,C,0.0,C,0.0,Fraco,70.8,71.74,73.38,71.41,58976.4,False,0.0,False,0.0,False,0.0,False,0.0,False,0.0,True,False,0.72,73.81,False,False,False,False,False,False,False,0.0,999.0,999.0,541
MACY34,MACY34,BDR,M (BDR: MACY34),5.5,C,0.5,C,3.0,OK,22.51,23.97,21.18,21.26,149946584.84,False,0.0,False,0.0,False,0.0,False,0.0,False,0.0,False,False,1.24,26.59,False,False,False,False,False,False,False,14.363000000000001,9.301653,1.2241014,542
DUOL34,DUOL34,BDR,DUOL (BDR: DUOL34),5.5,C,0.5,C,4.0,Forte,142.86,131.88,116.57,132.36,134253399.87,False,0.0,False,0.0,False,0.0,False,0.0,False,0.0,False,False,0.78,151.0,False,False,False,False,False,False,False,34.42,16.866587,4.7348533,543
P2IN34,P2IN34,BDR,PINS (BDR: P2IN34),5.5,C,0.5,C,2.0,Fraco,22.88,22.7,20.66,22.09,172070498.01,False,0.0,False,0.0,False,0.0,False,0.0,False,0.0,False,False,0.9,25.73,False,False,False,False,False,False,False,6.461,67.29411,4.4713697,544
XRXB34,XRXB34,BDR,XRX (BDR: XRXB34),5.5,C,0.5,C,1.0,Fraco,2.97,2.95,2.37,2.41,4322315.29,False,0.0,False,0.0,False,0.0,False,0.0,False,0.0,False,False,0.86,3.78,False,False,False,False,False,False,False,-97.113,999.0,1.2068266,545
JHSF3,JHSF PARTICIPACOES S.A.,BR_STOCK,JHSF3,5.5,C,0.5,C,5.0,Forte,10.4,10.71,10.42,9.63,22253919.18,False,0.0,False,0.0,False,0.0,False,0.0,False,0.0,False,False,0.55,11.35,False,False,False,False,False,False,False,29.331000000000003,3.3419354,0.9147903,546
H1EI34,H1EI34,BDR,HEI (BDR: H1EI34),5.5,C,0.5,C,4.0,Forte,337.01,353.12,321.31,322.35,242766845.58,False,0.0,False,0.0,False,0.0,False,0.0,False,0.0,False,False,1.3,376.86,False,False,False,False,False,False,False,17.728001,56.262108,10.907179,547
J2BL34,J2BL34,BDR,JBL (BDR: J2BL34),5.5,C,0.5,C,3.0,OK,312.22,335.5,312.41,289.84,279706346.95,False,0.0,False,0.0,False,0.0,False,0.0,False,0.0,False,False,1.03,376.89,False,False,False,False,False,False,False,65.876,39.076347,24.738134,548
G2EV34,G2EV34,BDR,GEV (BDR: G2EV34),5.5,C,0.5,C,4.0,Forte,953.83,1034.39,956.72,875.19,1498398281.09,False,0.0,False,0.0,False,0.0,False,0.0,False,0.0,False,False,0.76,1099.66,False,False,False,False,False,False,False,82.577,27.346043,21.245796,549
B2HI34,B2HI34,BDR,BILL (BDR: B2HI34),5.5,C,0.5,C,2.0,Fraco,48.87,43.39,41.11,43.78,71457272.61,False,0.0,False,0.0,False,0.0,False,0.0,False,0.0,False,False,0.5,52.6,False,False,False,False,False,False,False,-0.302,999.0,1.2743156,550
MBRF3,MBRF3,BR_STOCK,MBRF3,5.5,C,0.5,C,1.0,Fraco,18.56,16.49,17.69,18.23,84574205.57,False,0.0,False,0.0,False,0.0,False,0.0,False,0.0,False,False,0.62,19.61,False,False,False,False,False,False,False,0.906,67.0,2.3012757,551
K1SS34,K1SS34,BDR,KSS (BDR: K1SS34),5.5,C,0.5,C,1.0,Fraco,18.15,18.2,16.0,17.04,91138408.08,False,0.0,False,0.0,False,0.0,False,0.0,False,0.0,False,False,0.97,20.55,False,False,False,False,False,False,False,6.671,7.7896996,0.49206996,552
Q1UA34,Q1UA34,BDR,PWR (BDR: Q1UA34),5.5,C,0.5,C,4.0,Forte,621.83,664.23,629.12,582.5,595547127.76,False,0.0,False,0.0,False,0.0,False,0.0,False,0.0,False,False,0.79,724.8,False,False,False,False,False,False,False,15.337,70.98516,9.695491,553
TOST34,TOST34,BDR,TOST (BDR: TOST34),5.5,C,0.5,C,3.0,OK,35.17,31.26,28.53,30.2,539822473.06,False,0.0,False,0.0,False,0.0,False,0.0,False,0.0,False,False,1.96,37.2,False,False,False,False,False,False,False,25.162000000000003,44.518982,10.250655,554
I1PC34,I1PC34,BDR,IP (BDR: I1PC34),5.5,C,0.5,C,1.0,Fraco,39.88,39.14,37.28,37.47,159865365.08,False,0.0,False,0.0,False,0.0,False,0.0,False,0.0,False,False,1.22,43.52,False,False,False,False,False,False,False,-16.479,999.0,1.4608594,555
I2ND34,I2ND34,BDR,INDI (BDR: I2ND34),5.5,C,0.5,C,1.0,Fraco,4.04,3.92,3.78,3.82,15936482.81,False,0.0,False,0.0,False,0.0,False,0.0,False,0.0,False,False,0.44,5.14,False,False,False,False,False,False,False,-42.861,999.0,2.6030927,556
WFCO34,WFCO34,BDR,WFC (BDR: WFCO34),5.5,C,0.5,C,3.0,OK,84.97,85.79,82.56,84.03,921077192.39,False,0.0,False,0.0,False,0.0,False,0.0,False,0.0,False,False,1.02,89.66,False,False,False,False,False,False,False,12.575,12.35029,1.5973606,557
G1LW34,G1LW34,BDR,GLW (BDR: G1LW34),5.5,C,0.5,C,4.0,Forte,152.8,171.65,159.94,141.69,1214578039.46,False,0.0,False,0.0,False,0.0,False,0.0,False,0.0,False,False,0.88,176.94,False,False,False,False,False,False,False,16.813,70.41475,11.022145,558
SIVR39,ABRDN PHYSICAL SILVER SHARES ETF,BDR,SIVR (BDR: SIVR39),5.0,C,0.5,C,0.0,Fraco,65.95,58.48,69.66,68.2,68788286.97,False,0.0,False,0.0,False,0.0,False,0.0,False,0.0,True,False,0.84,66.45,False,False,False,False,False,False,False,0.0,999.0,999.0,559
DEFT31,DEFI TECHNOLOGIES INC,BDR,DEFT (BDR: DEFT31),5.0,C,0.5,C,2.0,Fraco,0.65,0.49,0.63,0.75,1904666.32,False,0.0,False,0.0,False,0.0,False,0.0,False,0.0,True,False,0.83,0.67,False,False,False,False,False,False,False,22.288,10.8550005,1.8142061,560
CPTR11,CPTR11,ETF,CPTR11,5.0,C,0.5,C,0.0,Fraco,7.35,7.72,7.81,7.59,120628.2,False,0.0,False,0.0,False,0.0,False,0.0,False,0.0,False,False,0.46,8.0,False,False,False,False,False,False,False,0.0,999.0,999.0,561
COIN11,COIN11,ETF,COIN11,5.0,C,2.0,C,0.0,Fraco,44.2,38.1,40.83,44.33,1445649.42,False,0.0,False,0.0,False,0.0,False,0.0,False,0.0,True,False,0.53,44.27,False,False,False,False,False,True,False,0.0,999.0,999.0,562
BCDI11,BCDI11,ETF,BCDI11,5.0,C,0.5,C,0.0,Fraco,91.4,,,,2546769.64,False,0.0,False,0.0,False,0.0,False,0.0,False,0.0,False,False,1.73,100.0,False,False,False,False,False,False,False,0.0,999.0,999.0,563
BODB11,BODB11,ETF,BODB11,5.0,C,0.5,C,0.0,Fraco,7.17,7.44,7.48,7.31,1212977.59,False,0.0,False,0.0,False,0.0,False,0.0,False,0.0,False,False,1.29,7.59,False,False,False,False,False,False,False,0.0,999.0,999.0,564
DIVS11,DIVS11,ETF,DIVS11,5.0,C,0.5,C,0.0,Fraco,92.14,95.05,97.61,96.2,1754529.87,False,0.0,False,0.0,False,0.0,False,0.0,False,0.0,True,False,0.85,95.0,False,False,False,False,False,False,False,0.0,999.0,999.0,565
DIVD11,DIVD11,ETF,DIVD11,5.0,C,0.5,C,0.0,Fraco,61.3,61.27,62.98,61.34,984477.99,False,0.0,False,0.0,False,0.0,False,0.0,False,0.0,True,False,0.76,64.22,False,False,False,False,False,False,False,0.0,999.0,999.0,566
COWC34,COWC34,BDR,COST (BDR: COWC34),5.0,C,0.5,C,4.0,Forte,934.66,945.44,977.62,957.3,2087937848.67,False,0.0,False,0.0,False,0.0,False,0.0,False,0.0,True,False,1.32,978.7,False,False,False,False,False,False,False,29.152,46.99145,25.072697,567
V1RS34,V1RS34,BDR,VRSK (BDR: V1RS34),5.0,C,0.5,C,1.0,Fraco,191.02,188.68,186.53,194.64,172008738.35,False,0.0,False,0.0,False,0.0,False,0.0,False,0.0,True,False,0.8,209.48,False,False,False,False,False,False,False,0.0,29.297546,-21.431618,568
VIGT11,VIGT11,ETF,VIGT11,5.0,C,0.5,C,0.0,Fraco,49.1,49.27,,,340508.49,False,0.0,False,0.0,False,0.0,False,0.0,False,0.0,False,False,1.14,51.97,False,False,False,False,False,False,False,0.0,999.0,999.0,569
SANB11,BCO SANTANDER (BRASIL) S.A.,BR_STOCK,SANB11,5.0,C,0.5,C,3.0,OK,29.73,27.46,29.17,29.74,78267196.79,False,0.0,False,0.0,False,0.0,False,0.0,False,0.0,True,False,0.46,30.33,False,False,False,False,False,False,False,11.151,14.403714,0.8668667,570
BRAP3,BRADESPAR S.A.,BR_STOCK,BRAP3,5.0,C,0.5,C,2.0,Fraco,18.82,18.61,19.62,18.99,333113.99,False,0.0,False,0.0,False,0.0,False,0.0,False,0.0,True,False,0.5,19.21,False,False,False,False,False,False,False,6.950000000000001,13.571429,0.9766127,571
OIAG11,OIAG11,ETF,OIAG11,5.0,C,0.5,C,0.0,Fraco,7.91,8.0,8.33,8.15,51699.76,False,0.0,False,0.0,False,0.0,False,0.0,False,0.0,True,False,0.54,8.15,False,False,False,False,False,False,False,0.0,999.0,999.0,572
BIDB11,BIDB11,ETF,BIDB11,5.0,C,0.0,C,0.0,Fraco,73.57,76.45,76.48,75.1,103733.7,False,0.0,False,0.0,False,0.0,False,0.0,False,0.0,False,False,0.32,77.8,False,False,False,False,False,False,False,0.0,999.0,999.0,573
BRSR3,BCO ESTADO DO RIO GRANDE DO SUL S.A.,BR_STOCK,BRSR3,5.0,C,0.5,C,1.0,Fraco,17.33,17.55,17.92,17.2,109179.0,False,0.0,False,0.0,False,0.0,False,0.0,False,0.0,True,False,1.39,18.02,False,False,False,False,False,False,False,14.481,4.2394013,0.5869963,574
K1TC34,K1TC34,BDR,KT (BDR: K1TC34),5.0,C,0.5,C,2.0,Fraco,19.6,18.27,20.21,19.82,30044252.58,False,0.0,False,0.0,False,0.0,False,0.0,False,0.0,True,False,1.06,19.69,False,False,False,False,False,False,False,7.151000000000001,10.155441,0.7006195,575
HSHY34,HSHY34,BDR,HSY (BDR: HSHY34),5.0,C,0.5,C,3.0,OK,181.32,177.79,192.55,189.61,190321276.45,False,0.0,False,0.0,False,0.0,False,0.0,False,0.0,True,False,1.03,190.46,False,False,False,False,False,False,False,32.808998,24.770493,7.9845,576
CURY3,CURY CONSTRUTORA E INCORPORADORA S.A.,BR_STOCK,CURY3,5.0,C,0.5,C,5.0,Forte,31.99,31.6,32.64,32.46,95595716.32,False,0.0,False,0.0,False,0.0,False,0.0,False,0.0,True,False,0.7,32.78,False,False,False,False,False,False,False,68.527,8.999999,6.1139026,577
T1OW34,T1OW34,BDR,AMT (BDR: T1OW34),5.0,C,0.5,C,3.0,OK,174.16,171.15,176.07,175.39,383991633.43,False,0.0,False,0.0,False,0.0,False,0.0,False,0.0,True,False,1.24,180.98,False,False,False,False,False,False,False,33.914003,23.923077,21.81636,578
W1MG34,W1MG34,BDR,WMG (BDR: W1MG34),5.0,C,0.5,C,2.0,Fraco,28.19,27.12,28.13,28.34,42922123.0,False,0.0,False,0.0,False,0.0,False,0.0,False,0.0,True,False,0.8,28.76,False,False,False,False,False,False,False,70.074,22.552,17.262707,579
M2ST34,M2ST34,BDR,MSTR (BDR: M2ST34),5.0,C,0.5,C,2.0,Fraco,137.4,100.02,130.18,141.6,6033058134.8,False,0.0,False,0.0,False,0.0,False,0.0,False,0.0,True,False,1.42,128.66,False,False,False,False,False,False,False,-63.562,999.0,1.6531113,580
H2UB34,H2UB34,BDR,HUBS (BDR: H2UB34),5.0,C,2.0,C,2.0,Fraco,255.83,214.34,228.3,264.65,393322766.36,False,0.0,False,0.0,False,0.0,False,0.0,False,0.0,True,False,0.99,257.97,False,False,False,False,False,True,False,7.892,90.719864,7.6680756,581
S2GM34,S2GM34,BDR,SGML (BDR: S2GM34),5.0,C,0.5,C,1.0,Fraco,12.61,11.45,13.86,13.27,12990128.1,False,0.0,False,0.0,False,0.0,False,0.0,False,0.0,True,False,0.54,12.78,False,False,False,False,False,False,False,-31.643,999.0,19.4,582
SUIN11,SUIN11,ETF,SUIN11,5.0,C,0.5,C,0.0,Fraco,87.5,85.04,86.32,88.74,54687.5,False,0.0,False,0.0,False,0.0,False,0.0,False,0.0,True,False,0.32,89.0,False,False,False,False,False,False,False,0.0,999.0,999.0,583
OURO11,OURO11,ETF,OURO11,5.0,C,0.0,C,0.0,Fraco,103.83,94.13,101.06,101.1,145258.17,False,0.0,False,0.0,False,0.0,False,0.0,False,0.0,True,False,0.37,109.21,False,False,False,False,False,False,False,0.0,999.0,999.0,584
C2OI34,C2OI34,BDR,COIN (BDR: C2OI34),5.0,C,0.5,C,1.0,Fraco,190.72,160.11,176.2,196.07,1751863720.65,False,0.0,False,0.0,False,0.0,False,0.0,False,0.0,True,False,0.8,191.84,False,False,False,False,False,False,False,-7.8469999999999995,999.0,3.8463247,585
M1KT34,M1KT34,BDR,MKTX (BDR: M1KT34),5.0,C,0.5,C,4.0,Forte,162.46,134.82,150.86,155.73,143676705.66,False,0.0,False,0.0,False,0.0,False,0.0,False,0.0,True,False,0.78,163.15,False,False,False,False,False,False,False,23.14,19.180637,4.6146855,586
DEXP3,DEXXOS PARTICIPACOES S.A.,BR_STOCK,DEXP3,5.0,C,2.0,C,3.0,OK,7.15,7.13,7.24,7.25,677105.01,False,0.0,False,0.0,False,0.0,False,0.0,False,0.0,True,False,1.19,7.42,False,False,False,False,False,True,False,13.833,5.730159,0.79462904,587
ISAE4,ISA ENERGIA BRASIL S.A,BR_STOCK,ISAE4,5.0,C,0.5,C,4.0,Forte,26.75,27.3,28.07,27.52,62715375.0,False,0.0,False,0.0,False,0.0,False,0.0,False,0.0,True,False,0.79,27.2,False,False,False,False,False,False,False,13.186,6.2412176,0.79240006,588
TAEE11,TRANSMISSORA ALIANÇA DE ENERGIA ELÉTRICA S.A.,BR_STOCK,TAEE11,5.0,C,0.5,C,2.0,Fraco,38.94,39.12,39.91,39.82,34134802.8,False,0.0,False,0.0,False,0.0,False,0.0,False,0.0,True,False,0.33,39.88,False,False,False,False,False,False,False,20.858999,39.090908,1.6750346,589
T1SO34,T1SO34,BDR,SO (BDR: T1SO34),5.0,C,0.5,C,2.0,Fraco,89.05,93.47,92.81,91.04,596441336.69,False,0.0,False,0.0,False,0.0,False,0.0,False,0.0,False,False,1.3,96.51,False,False,False,False,False,False,False,11.4829995,21.457832,2.5888135,590
NUIF11,NUIF11,ETF,NUIF11,5.0,C,0.5,C,0.0,Fraco,82.16,84.75,,,253217.13,False,0.0,False,0.0,False,0.0,False,0.0,False,0.0,False,False,2.17,86.5,False,False,False,False,False,False,False,0.0,999.0,999.0,591
L2RN34,L2RN34,BDR,LRN (BDR: L2RN34),5.0,C,0.5,C,4.0,Forte,85.3,85.56,87.95,82.39,26591167.05,False,0.0,False,0.0,False,0.0,False,0.0,False,0.0,True,False,0.5,92.77,False,False,False,False,False,False,False,21.735,11.946779,2.146506,592
GROP31,BRAZIL POTASH CORP.,BDR,GRO (BDR: GROP31),5.0,C,0.5,C,1.0,Fraco,2.57,2.22,2.66,2.54,566178.7,False,0.0,False,0.0,False,0.0,False,0.0,False,0.0,True,False,0.81,2.63,False,False,False,False,False,False,False,-15.839,999.0,0.9462444,593
S2TA34,S2TA34,BDR,STAG (BDR: S2TA34),5.0,C,0.5,C,3.0,OK,37.07,38.51,37.86,37.68,54405043.65,False,0.0,False,0.0,False,0.0,False,0.0,False,0.0,True,False,1.09,39.08,False,False,False,False,False,False,False,6.9759995,28.515385,1.9683534,594
TAEE3,TRANSMISSORA ALIANÇA DE ENERGIA ELÉTRICA S.A.,BR_STOCK,TAEE3,5.0,C,0.5,C,3.0,OK,12.9,12.92,13.17,13.14,869459.97,False,0.0,False,0.0,False,0.0,False,0.0,False,0.0,True,False,0.42,13.38,False,False,False,False,False,False,False,20.858999,8.120253,0.5553151,595
GMAT3,GRUPO MATEUS S.A.,BR_STOCK,GMAT3,5.0,C,2.0,C,3.0,OK,4.6,3.89,4.43,4.57,41832859.13,False,0.0,False,0.0,False,0.0,False,0.0,False,0.0,True,False,1.02,4.64,False,False,False,False,False,True,False,14.265998999999999,6.611111,1.0078341,596
G1MI34,G1MI34,BDR,GIS (BDR: G1MI34),5.0,C,2.0,C,1.0,Fraco,40.44,36.88,37.32,39.03,345502484.79,False,0.0,False,0.0,False,0.0,False,0.0,False,0.0,True,False,1.12,41.07,False,False,False,False,False,True,False,-1.028,999.0,3.9057367,597
M1AA34,M1AA34,BDR,MAA (BDR: M1AA34),5.0,C,0.5,C,2.0,Fraco,128.79,133.82,129.78,129.83,97842659.43,False,0.0,False,0.0,False,0.0,False,0.0,False,0.0,False,False,1.05,137.0,False,False,False,False,False,False,False,7.049999999999999,37.65789,2.7496316,598
HYPE3,HYPERA S.A.,BR_STOCK,HYPE3,5.0,C,0.5,C,4.0,Forte,22.01,20.97,22.0,22.42,61396895.64,False,0.0,False,0.0,False,0.0,False,0.0,False,0.0,True,False,0.89,22.33,False,False,False,False,False,False,False,13.163,8.0188675,1.031253,599
BOTZ39,GLOBAL X ROBOTICS & ARTIFICIAL INTELLIGENCE ETF,BDR,BOTZ (BDR: BOTZ39),4.62,C,0.5,C,0.0,Fraco,36.14,36.3,37.07,36.85,22682764.66,False,0.0,False,0.0,False,0.0,False,0.0,True,0.85,False,False,1.0,38.15,False,False,False,False,False,False,False,0.0,35.017086,999.0,600
K2RC34,K2RC34,BDR,KRC (BDR: K2RC34),4.5,C,0.5,C,1.0,Fraco,36.69,37.97,33.77,34.86,27496659.05,False,0.0,False,0.0,False,0.0,False,0.0,False,0.0,False,False,0.72,39.88,False,False,False,False,False,False,False,3.431,25.657343,0.81653094,601
T2ND34,T2ND34,BDR,TNDM (BDR: T2ND34),4.5,C,0.5,C,1.0,Fraco,21.4,18.44,19.27,19.69,22002773.41,False,0.0,False,0.0,False,0.0,False,0.0,False,0.0,False,False,0.66,24.81,False,False,False,False,False,False,False,-48.026,999.0,11.413333,602
AUAU3,UNIÃO PET PARTICIPAÇÕES S.A.,BR_STOCK,AUAU3,4.5,C,0.5,C,3.0,OK,3.28,3.27,3.27,3.29,6474391.94,False,0.0,False,0.0,False,0.0,False,0.0,False,0.0,False,False,0.35,3.78,False,False,False,False,False,False,False,9.104,999.0,0.9083402,603
SPCX34,SPCX34,BDR,SPCX (BDR: SPCX34),4.5,C,0.5,C,2.0,Fraco,140.87,138.57,,,7743024229.76,False,0.0,False,0.0,False,0.0,False,0.0,False,0.0,False,False,0.63,149.8,False,False,False,False,False,False,False,0.0,999.0,14.588856,604
C1MI34,C1MI34,BDR,CMI (BDR: C1MI34),4.5,C,0.5,C,4.0,Forte,573.87,649.41,621.57,593.45,544385128.64,False,0.0,False,0.0,False,0.0,False,0.0,False,0.0,False,False,1.18,658.56,False,False,False,False,False,False,False,21.114,29.368984,6.14942,605
RIGG34,RIGG34,BDR,RIG (BDR: RIGG34),4.5,C,0.5,C,1.0,Fraco,5.74,5.35,5.94,5.5,254030618.05,False,0.0,False,0.0,False,0.0,False,0.0,False,0.0,False,False,1.13,6.14,False,False,False,False,False,False,False,-18.698,999.0,0.76604825,606
PPLI34,PPLI34,BDR,PPLI (BDR: PPLI34),4.5,C,0.5,C,3.0,OK,39.32,42.82,41.05,40.11,29907302.93,False,0.0,False,0.0,False,0.0,False,0.0,False,0.0,False,False,0.84,47.6,False,False,False,False,False,False,False,9.043,6.6531305,0.57601595,607
R1CL34,R1CL34,BDR,RCL (BDR: R1CL34),4.5,C,0.5,C,3.0,OK,284.8,302.63,290.51,285.77,381340918.06,False,0.0,False,0.0,False,0.0,False,0.0,False,0.0,False,False,0.9,334.0,False,False,False,False,False,False,False,44.669998,17.601976,7.441277,608
B1NT34,B1NT34,BDR,BNTX (BDR: B1NT34),4.5,C,0.5,C,1.0,Fraco,111.4,95.07,97.12,97.76,172639478.76,False,0.0,False,0.0,False,0.0,False,0.0,False,0.0,False,False,0.68,120.33,False,False,False,False,False,False,False,-9.300999000000001,999.0,1.3506433,609
COCE5,CIA ENERGETICA DO CEARA - COELCE,BR_STOCK,COCE5,4.5,C,0.5,C,2.0,Fraco,31.01,31.74,31.46,31.37,316302.0,False,0.0,False,0.0,False,0.0,False,0.0,False,0.0,False,False,1.81,36.0,False,False,False,False,False,False,False,7.79,13.008439,0.47501656,610
USIM5,USINAS SID DE MINAS GERAIS S.A.-USIMINAS,BR_STOCK,USIM5,4.5,C,0.5,C,2.0,Fraco,7.13,7.86,7.82,7.32,75566593.21,False,0.0,False,0.0,False,0.0,False,0.0,False,0.0,False,False,1.05,8.72,False,False,False,False,False,False,False,-8.073,999.0,0.42531738,611
N1XP34,N1XP34,BDR,NXPI (BDR: N1XP34),4.5,C,0.5,C,5.0,Forte,225.86,259.7,249.9,241.71,579039993.88,False,0.0,False,0.0,False,0.0,False,0.0,False,0.0,False,False,0.88,251.72,False,False,False,False,False,False,False,27.921000000000003,19.27133,4.99834,612
REME11,REME11,ETF,REME11,4.5,C,0.5,C,0.0,Fraco,79.1,75.52,,,174494.6,False,0.0,False,0.0,False,0.0,False,0.0,False,0.0,False,False,0.3,93.0,False,False,False,False,False,False,False,0.0,999.0,999.0,613
BOEI34,BOEI34,BDR,BA (BDR: BOEI34),4.5,C,0.5,C,2.0,Fraco,209.89,220.8,222.69,219.8,934477082.75,False,0.0,False,0.0,False,0.0,False,0.0,True,0.8,False,False,0.86,241.09,False,False,False,False,False,False,False,173.537,75.5,27.201918,614
MDTC34,MDTC34,BDR,MDT (BDR: MDTC34),4.5,C,0.5,C,3.0,OK,89.97,85.14,85.96,88.7,698992684.23,False,0.0,False,0.0,False,0.0,False,0.0,False,0.0,False,False,1.15,94.72,False,False,False,False,False,False,False,9.8409995,24.120644,2.3285367,615
AALL34,AALL34,BDR,AAL (BDR: AALL34),4.5,C,0.5,C,1.0,Fraco,13.72,15.65,13.67,13.92,898132661.84,False,0.0,False,0.0,False,0.0,False,0.0,False,0.0,False,False,1.07,17.11,False,False,False,False,False,False,False,0.0,999.0,-2.2862856,616
M2PM34,M2PM34,BDR,MP (BDR: M2PM34),4.5,C,0.5,C,2.0,Fraco,59.03,51.89,57.35,57.81,258062980.44,False,0.0,False,0.0,False,0.0,False,0.0,False,0.0,False,False,0.66,62.47,False,False,False,False,False,False,False,-3.585,999.0,5.3697805,617
T1AL34,T1AL34,BDR,TAL (BDR: T1AL34),4.5,C,0.5,C,5.0,Forte,11.72,10.8,10.9,10.98,29719424.32,False,0.0,False,0.0,False,0.0,False,0.0,False,0.0,False,False,0.57,12.58,False,False,False,False,False,False,False,23.712,7.3250003,1.7184751,618
O2NS34,O2NS34,BDR,ON (BDR: O2NS34),4.5,C,0.5,C,3.0,OK,74.8,89.08,85.34,77.59,478874930.34,False,0.0,False,0.0,False,0.0,False,0.0,False,0.0,False,False,0.98,86.7,False,False,False,False,False,False,False,8.312,48.888893,4.0338674,619
D1OW34,D1OW34,BDR,DOW (BDR: D1OW34),4.5,C,0.5,C,1.0,Fraco,30.33,30.03,33.38,30.89,193963867.79,False,0.0,False,0.0,False,0.0,False,0.0,False,0.0,False,False,0.76,33.4,False,False,False,False,False,False,False,-5.54,999.0,1.3813992,620
PSSA3,PORTO SEGURO S.A.,BR_STOCK,PSSA3,4.5,C,0.5,C,5.0,Forte,48.54,52.05,50.1,48.92,56388919.06,False,0.0,False,0.0,False,0.0,False,0.0,False,0.0,False,False,0.62,55.29,False,False,False,False,False,False,False,24.169001,8.510564,1.9214563,621
U1BE34,U1BE34,BDR,UBER (BDR: U1BE34),4.5,C,0.5,C,5.0,Forte,76.95,73.53,73.87,76.82,1103599619.43,False,0.0,False,0.0,False,0.0,False,0.0,False,0.0,False,False,0.97,82.36,False,False,False,False,False,False,False,37.16,16.875,5.7468257,622
KDOL11,KDOL11,ETF,KDOL11,4.5,C,0.0,C,0.0,Fraco,84.86,85.45,85.54,86.65,102850.32,False,0.0,False,0.0,False,0.0,False,0.0,False,0.0,True,False,2.94,88.01,False,False,False,False,False,False,False,0.0,999.0,999.0,623
BRAV3,BRAVA ENERGIA S.A.,BR_STOCK,BRAV3,4.5,C,0.5,C,1.0,Fraco,17.72,19.16,19.15,18.12,91456460.46,False,0.0,False,0.0,False,0.0,False,0.0,False,0.0,False,False,1.07,21.1,False,False,False,False,False,False,False,0.44400003,175.0,0.6618759,624
SKHY34,SKHY34,BDR,SKHY (BDR: SKHY34),4.5,C,0.5,C,5.0,Forte,161.61,155.41,,,2144350251.63,False,0.0,False,0.0,False,0.0,False,0.0,False,0.0,False,False,0.63,178.43,False,False,False,False,False,False,False,92.679,9.806433,6.160725,625
BEEM39,ISHARES MSCI EMERGING MARKETS ETF,BDR,BEEM (BDR: BEEM39),4.5,C,0.5,C,2.0,Fraco,1.56,1.2,1.43,1.52,2336940.75,False,0.0,False,0.0,False,0.0,False,0.0,False,0.0,False,False,0.34,1.75,False,False,False,False,False,False,False,-72.694,999.0,1.7142856,626
CLXC34,CLXC34,BDR,CLX (BDR: CLXC34),4.5,C,0.5,C,1.0,Fraco,103.63,98.76,101.63,101.25,152997877.12,False,0.0,False,0.0,False,0.0,False,0.0,False,0.0,False,False,0.66,109.42,False,False,False,False,False,False,False,163.76,21.544699,139.28763,627
A1DC34,A1DC34,BDR,ADC (BDR: A1DC34),4.5,C,0.5,C,3.0,OK,73.2,76.5,75.69,74.46,66166794.84,False,0.0,False,0.0,False,0.0,False,0.0,False,0.0,False,False,0.5,79.94,False,False,False,False,False,False,False,3.7049998,39.354836,1.4327656,628
B2UR34,B2UR34,BDR,BURL (BDR: B2UR34),4.5,C,0.5,C,3.0,OK,290.0,340.59,323.15,312.9,1146191940.0,False,0.0,False,0.0,False,0.0,False,0.0,False,0.0,False,False,3.45,376.45,False,False,False,False,False,False,False,39.141,29.80473,9.947177,629
M1CH34,M1CH34,BDR,MCHP (BDR: M1CH34),4.5,C,0.5,C,2.0,Fraco,75.49,82.18,80.44,75.97,567655946.76,False,0.0,False,0.0,False,0.0,False,0.0,False,0.0,False,False,0.93,85.46,False,False,False,False,False,False,False,7.19,111.0147,6.354377,630
A2MB34,A2MB34,BDR,AMBA (BDR: A2MB34),4.5,C,0.5,C,2.0,Fraco,71.16,73.97,67.84,69.85,51037448.99,False,0.0,False,0.0,False,0.0,False,0.0,False,0.0,False,False,0.81,91.34,False,False,False,False,False,False,False,-11.816,999.0,5.152042,631
S2FM34,S2FM34,BDR,SFM (BDR: S2FM34),4.5,C,0.5,C,4.0,Forte,81.04,81.59,78.8,79.18,119552316.39,False,0.0,False,0.0,False,0.0,False,0.0,False,0.0,False,False,0.99,93.32,False,False,False,False,False,False,False,35.197,15.49522,5.179599,632
C1BR34,C1BR34,BDR,CBRE (BDR: C1BR34),4.5,C,0.5,C,2.0,Fraco,147.22,143.07,142.85,147.37,195939516.22,False,0.0,False,0.0,False,0.0,False,0.0,False,0.0,False,False,1.13,156.55,False,False,False,False,False,False,False,15.798001000000001,33.61187,5.081107,633
KNDI11,KNDI11,ETF,KNDI11,4.5,C,0.5,C,0.0,Fraco,96.55,99.46,99.42,97.79,800689.18,False,0.0,False,0.0,False,0.0,False,0.0,False,0.0,False,False,0.51,102.99,False,False,False,False,False,False,False,0.0,999.0,999.0,634
LMTB34,LMTB34,BDR,LMT (BDR: LMTB34),4.5,C,0.5,C,3.0,OK,565.89,550.49,573.01,550.56,463618975.86,False,0.0,False,0.0,False,0.0,False,0.0,False,0.0,False,False,0.78,612.75,False,False,False,False,False,False,False,89.165,20.88926,14.844184,635
C2PT34,C2PT34,BDR,CPT (BDR: C2PT34),4.5,C,0.5,C,0.0,Fraco,105.79,111.63,106.51,105.79,69421302.82,False,0.0,False,0.0,False,0.0,False,0.0,False,0.0,False,False,0.83,115.35,False,False,False,False,False,False,False,7.885000000000001,34.914192,2.8532515,636
AIGB34,AIGB34,BDR,AIG (BDR: AIGB34),4.5,C,0.5,C,3.0,OK,76.63,77.77,76.43,76.78,324772717.95,False,0.0,False,0.0,False,0.0,False,0.0,False,0.0,False,False,1.71,81.04,False,False,False,False,False,False,False,7.22,13.983576,0.99023074,637
ITSA3,ITAUSA S.A.,BR_STOCK,ITSA3,4.5,C,0.5,C,5.0,Forte,13.21,13.41,13.45,12.9,1027738.0,False,0.0,False,0.0,False,0.0,False,0.0,False,0.0,False,False,0.5,14.15,False,False,False,False,False,False,False,18.924999,8.216049,1.5903931,638
A1RC34,A1RC34,BDR,ARCO (BDR: A1RC34),4.12,C,0.5,C,4.0,Forte,7.94,8.17,8.31,8.05,7847467.3,False,0.0,False,0.0,False,0.0,False,0.0,True,0.65,False,False,0.83,8.55,False,False,False,False,False,False,False,36.361,6.4552846,2.0126743,639
NEXT34,NEXT34,BDR,NEE (BDR: NEXT34),4.12,C,0.5,C,3.0,OK,83.47,87.01,89.18,87.18,721183732.0,False,0.0,False,0.0,False,0.0,False,0.0,True,0.65,False,False,0.87,89.22,False,False,False,False,False,False,False,11.677,18.757305,3.0476851,640
ORCL34,ORCL34,BDR,ORCL (BDR: ORCL34),4.0,C,0.5,C,3.0,OK,151.94,142.04,160.2,170.17,4566693519.38,False,0.0,False,0.0,False,0.0,False,0.0,False,0.0,True,False,1.54,159.26,False,False,False,False,False,False,False,53.376000000000005,26.017122,11.651841,641
XPBR31,XP INC.,BDR,XP (BDR: XPBR31),4.0,C,0.5,C,4.0,Forte,17.68,16.44,17.97,17.84,64973488.4,False,0.0,False,0.0,False,0.0,False,0.0,False,0.0,True,False,0.66,18.33,False,False,False,False,False,False,False,22.563,9.020408,1.9464676,642
XPIE11,XPIE11,ETF,XPIE11,4.0,C,0.5,C,0.0,Fraco,44.33,42.83,47.06,46.91,1412398.19,False,0.0,False,0.0,False,0.0,False,0.0,False,0.0,True,False,1.22,44.42,False,False,False,False,False,False,False,0.0,999.0,999.0,643
ALOS3,ALLOS S.A,BR_STOCK,ALOS3,4.0,C,0.5,C,4.0,Forte,26.43,26.6,27.94,27.39,87163498.01,False,0.0,False,0.0,False,0.0,False,0.0,False,0.0,True,False,0.78,27.62,False,False,False,False,False,False,False,7.585999999999999,13.794737,1.0198443,644
ACNB34,ACNB34,BDR,ACN (BDR: ACNB34),4.0,C,0.5,C,5.0,Forte,187.38,154.38,182.01,201.46,923336897.52,False,0.0,False,0.0,False,0.0,False,0.0,False,0.0,True,False,0.86,188.45,False,False,False,False,False,False,False,24.406,14.966454,3.5950963,645
EGAF11,EGAF11,ETF,EGAF11,4.0,C,0.5,C,0.0,Fraco,83.6,84.88,87.72,86.56,1234604.78,False,0.0,False,0.0,False,0.0,False,0.0,False,0.0,True,False,2.12,86.42,False,False,False,False,False,False,False,0.0,999.0,999.0,646
CEBR5,CIA ENERGETICA DE BRASILIA,BR_STOCK,CEBR5,4.0,C,0.5,C,3.0,OK,23.4,23.76,25.65,25.06,175500.0,False,0.0,False,0.0,False,0.0,False,0.0,False,0.0,True,False,1.79,24.58,False,False,False,False,False,False,False,15.949,10.275109,1.854216,647
CEBR3,CIA ENERGETICA DE BRASILIA,BR_STOCK,CEBR3,4.0,C,0.5,C,3.0,OK,23.46,24.23,27.35,26.55,279173.99,False,0.0,False,0.0,False,0.0,False,0.0,False,0.0,True,False,1.92,24.49,False,False,False,False,False,False,False,15.949,10.183406,1.7686764,648
YUMR34,YUMR34,BDR,YUM (BDR: YUMR34),4.0,C,0.5,C,3.0,OK,150.75,153.21,155.28,153.94,292001091.75,False,0.0,False,0.0,False,0.0,False,0.0,False,0.0,True,False,0.73,166.16,False,False,False,False,False,False,False,0.0,18.986145,-5.700726,649
QCOM34,QCOM34,BDR,QCOM (BDR: QCOM34),4.0,C,0.5,C,3.0,OK,164.78,174.49,166.35,167.08,2480097994.33,False,0.0,False,0.0,False,0.0,False,0.0,False,0.0,True,False,1.65,168.87,False,False,False,False,False,False,False,33.754003,18.853548,6.2972445,650
C1PB34,C1PB34,BDR,CPB (BDR: C1PB34),4.0,C,2.0,C,3.0,OK,23.28,22.45,22.46,23.7,80542400.38,False,0.0,False,0.0,False,0.0,False,0.0,False,0.0,True,False,0.58,24.26,False,False,False,False,False,True,False,15.389,11.411765,1.7222757,651
AAZQ11,AAZQ11,ETF,AAZQ11,4.0,C,0.5,C,0.0,Fraco,6.49,6.56,6.88,6.83,324999.72,False,0.0,False,0.0,False,0.0,False,0.0,False,0.0,True,False,1.04,6.73,False,False,False,False,False,False,False,0.0,999.0,999.0,652
PICE11,PICE11,ETF,PICE11,4.0,C,0.5,C,0.0,Fraco,31.0,31.58,32.32,32.08,585311.0,False,0.0,False,0.0,False,0.0,False,0.0,False,0.0,True,False,11.33,31.5,False,False,False,False,False,False,False,0.0,999.0,999.0,653
XPCA11,XPCA11,ETF,XPCA11,4.0,C,0.5,C,0.0,Fraco,7.36,7.5,7.77,7.66,514912.97,False,0.0,False,0.0,False,0.0,False,0.0,False,0.0,True,False,0.9,7.63,False,False,False,False,False,False,False,0.0,999.0,999.0,654
E1RI34,E1RI34,BDR,ERIC (BDR: E1RI34),4.0,C,0.5,C,3.0,OK,10.08,10.39,11.24,10.79,207224860.19,False,0.0,False,0.0,False,0.0,False,0.0,False,0.0,True,False,2.89,10.39,False,False,False,False,False,False,False,26.077,12.923078,0.32736838,655
RECV3,PETRORECÔNCAVO S.A.,BR_STOCK,RECV3,4.0,C,0.5,C,3.0,OK,10.37,9.98,11.05,10.66,19141982.79,False,0.0,False,0.0,False,0.0,False,0.0,False,0.0,True,False,0.96,10.75,False,False,False,False,False,False,False,11.251999999999999,6.270588,0.7056331,656
U1LT34,U1LT34,BDR,ULTA (BDR: U1LT34),4.0,C,0.5,C,4.0,Forte,540.1,496.12,544.32,555.67,625711222.72,False,0.0,False,0.0,False,0.0,False,0.0,False,0.0,True,False,1.84,566.73,False,False,False,False,False,False,False,47.449002,20.251217,8.508862,657
EGIE3,ENGIE BRASIL ENERGIA S.A.,BR_STOCK,EGIE3,4.0,C,0.5,C,4.0,Forte,28.84,30.24,31.84,31.32,43926204.23,False,0.0,False,0.0,False,0.0,False,0.0,False,0.0,True,False,0.38,30.09,False,False,False,False,False,False,False,28.59,8.386628,2.1950848,658
N1GG34,N1GG34,BDR,NGG (BDR: N1GG34),4.0,C,0.5,C,3.0,OK,79.43,81.53,83.7,81.54,47822976.29,False,0.0,False,0.0,False,0.0,False,0.0,False,0.0,True,False,0.77,82.34,False,False,False,False,False,False,False,8.405999999999999,17.769575,8.873643,659
MDNE3,MOURA DUBEUX ENGENHARIA S/A,BR_STOCK,MDNE3,4.0,C,0.5,C,5.0,Forte,24.6,25.81,28.61,27.46,29352720.46,False,0.0,False,0.0,False,0.0,False,0.0,False,0.0,True,False,1.2,25.86,False,False,False,False,False,False,False,28.023002,4.1570945,1.200605,660
AXIA7,AXIA7,BR_STOCK,AXIA7,4.0,C,0.5,C,2.0,Fraco,53.0,51.49,54.38,53.82,63790800.0,False,0.0,False,0.0,False,0.0,False,0.0,False,0.0,True,False,0.62,54.31,False,False,False,False,False,False,False,10.005999000000001,999.0,1.2227618,661
N1IC34,N1IC34,BDR,NICE (BDR: N1IC34),4.0,C,0.5,C,3.0,OK,105.09,97.14,102.91,105.21,47997754.03,False,0.0,False,0.0,False,0.0,False,0.0,False,0.0,True,False,1.08,106.78,False,False,False,False,False,False,False,11.331,15.296943,40.902508,662
PFRM3,PROFARMA DISTRIB PROD FARMACEUTICOS S.A.,BR_STOCK,PFRM3,4.0,C,0.5,C,3.0,OK,7.46,6.79,7.51,7.67,1133174.01,False,0.0,False,0.0,False,0.0,False,0.0,False,0.0,True,False,1.04,7.5,False,False,False,False,False,False,False,9.751,5.857143,0.6271244,663
SANB4,BCO SANTANDER (BRASIL) S.A.,BR_STOCK,SANB4,4.0,C,0.5,C,3.0,OK,14.8,13.95,14.83,15.15,2261440.03,False,0.0,False,0.0,False,0.0,False,0.0,False,0.0,True,False,0.38,15.11,False,False,False,False,False,False,False,11.151,8.322034,0.43328628,664
PSKY34,PSKY34,BDR,PSKY (BDR: PSKY34),4.0,C,0.5,C,1.0,Fraco,10.8,9.43,10.17,11.08,91044088.01,False,0.0,False,0.0,False,0.0,False,0.0,False,0.0,True,False,0.86,10.77,False,False,False,False,False,False,False,-0.8959999999999999,360.0,1.0285715,665
VGIA11,VGIA11,ETF,VGIA11,4.0,C,0.5,C,0.0,Fraco,8.41,8.75,9.08,8.98,1032436.81,False,0.0,False,0.0,False,0.0,False,0.0,False,0.0,True,False,0.59,8.5,False,False,False,False,False,False,False,0.0,999.0,999.0,666
KDIF11,KDIF11,ETF,KDIF11,4.0,C,0.5,C,0.0,Fraco,112.19,117.06,120.45,119.47,5483061.99,False,0.0,False,0.0,False,0.0,False,0.0,False,0.0,True,False,0.96,118.0,False,False,False,False,False,False,False,0.0,999.0,999.0,667
FGAA11,FGAA11,ETF,FGAA11,4.0,C,0.5,C,0.0,Fraco,7.9,8.05,8.4,8.3,393988.8,False,0.0,False,0.0,False,0.0,False,0.0,False,0.0,True,False,0.5,8.13,False,False,False,False,False,False,False,0.0,999.0,999.0,668
O2LE34,O2LE34,BDR,OLED (BDR: O2LE34),3.62,C,0.5,C,1.0,Fraco,84.85,84.31,94.14,99.98,63728882.3,False,0.0,False,0.0,False,0.0,False,0.0,True,0.85,False,False,1.02,94.41,False,False,False,False,False,False,False,11.5159996,20.495169,2.3294442,669
ROXO34,ROXO34,BDR,NU (BDR: ROXO34),3.5,C,0.5,C,3.0,OK,14.88,13.94,14.43,15.0,709536333.3,False,0.0,False,0.0,False,0.0,False,0.0,False,0.0,False,False,0.6,16.22,False,False,False,False,False,False,False,31.628,20.383562,5.7473927,670
B1TI34,B1TI34,BDR,BTI (BDR: B1TI34),3.5,C,0.5,C,3.0,OK,56.28,59.39,59.11,57.94,156480908.61,False,0.0,False,0.0,False,0.0,False,0.0,False,0.0,False,False,0.58,62.39,False,False,False,False,False,False,False,13.424,14.212121,9.6038685,671
SNID11,SNID11,ETF,SNID11,3.5,C,0.5,C,0.0,Fraco,10.09,10.48,10.53,10.39,55666.53,False,0.0,False,0.0,False,0.0,False,0.0,False,0.0,False,False,0.44,10.8,False,False,False,False,False,False,False,0.0,999.0,999.0,672
AXPB34,AXPB34,BDR,AXP (BDR: AXPB34),3.5,C,0.5,C,3.0,OK,334.16,342.57,327.24,336.7,676922956.62,False,0.0,False,0.0,False,0.0,False,0.0,False,0.0,False,False,0.85,352.49,False,False,False,False,False,False,False,34.377,20.289011,6.5798955,673
BDIV11,BDIV11,ETF,BDIV11,3.5,C,0.5,C,0.0,Fraco,35.1,36.31,35.88,35.88,201649.49,False,0.0,False,0.0,False,0.0,False,0.0,False,0.0,False,False,0.27,41.99,False,False,False,False,False,False,False,0.0,999.0,999.0,674
ASAI3,SENDAS DISTRIBUIDORA S.A.,BR_STOCK,ASAI3,3.5,C,0.5,C,3.0,OK,8.37,8.36,8.65,8.54,211424523.11,False,0.0,False,0.0,False,0.0,False,0.0,False,0.0,False,False,2.42,9.05,False,False,False,False,False,False,False,16.157,22.16216,1.7295928,675
A1AP34,A1AP34,BDR,AAP (BDR: A1AP34),3.5,C,0.5,C,1.0,Fraco,43.67,55.12,54.43,52.15,45919396.1,False,0.0,False,0.0,False,0.0,False,0.0,False,0.0,False,False,0.29,60.28,False,False,False,False,False,False,False,4.888,24.396648,1.1609112,676
IRBR3,IRB - BRASIL RESSEGUROS S.A.,BR_STOCK,IRBR3,3.5,C,0.5,C,2.0,Fraco,53.4,53.65,54.0,53.02,56678761.62,False,0.0,False,0.0,False,0.0,False,0.0,False,0.0,False,False,1.51,57.24,False,False,False,False,False,False,False,4.567,18.785713,0.8460478,677
SHLD39,GLOBAL X DEFENSE TECH ETF,BDR,SHLD (BDR: SHLD39),3.5,C,0.5,C,0.0,Fraco,66.88,63.95,68.42,67.95,34011220.68,False,0.0,False,0.0,False,0.0,False,0.0,False,0.0,False,False,0.66,71.14,False,False,False,False,False,False,False,0.0,30.720474,999.0,678
ITSA4,ITAUSA S.A.,BR_STOCK,ITSA4,3.5,C,0.5,C,5.0,Forte,12.9,13.28,13.4,12.84,282401631.65,False,0.0,False,0.0,False,0.0,False,0.0,False,0.0,False,False,0.9,14.15,False,False,False,False,False,False,False,18.924999,7.925926,1.5342335,679
BPAC11,BCO BTG PACTUAL S.A.,BR_STOCK,BPAC11,3.5,C,0.5,C,3.0,OK,54.07,53.66,55.69,54.79,551881672.89,False,0.0,False,0.0,False,0.0,False,0.0,False,0.0,False,False,0.8,57.81,False,False,False,False,False,False,False,24.406,87.52443,3.2200854,680
JDCO34,JDCO34,BDR,JD (BDR: JDCO34),3.5,C,0.5,C,3.0,OK,28.49,29.28,28.78,28.7,124302353.33,False,0.0,False,0.0,False,0.0,False,0.0,False,0.0,False,False,0.44,33.49,False,False,False,False,False,False,False,6.787,18.993334,1.1704792,681
USIM3,USINAS SID DE MINAS GERAIS S.A.-USIMINAS,BR_STOCK,USIM3,3.5,C,0.5,C,2.0,Fraco,6.71,7.06,7.37,6.97,11135245.06,False,0.0,False,0.0,False,0.0,False,0.0,False,0.0,False,False,1.69,7.7,False,False,False,False,False,False,False,-8.073,999.0,0.39447147,682
W1MC34,W1MC34,BDR,WM (BDR: W1MC34),3.5,C,0.5,C,3.0,OK,217.76,228.15,226.85,223.64,495541176.3,False,0.0,False,0.0,False,0.0,False,0.0,False,0.0,False,False,1.16,231.56,False,False,False,False,False,False,False,29.841,30.757061,8.775337,683
R2AR34,R2AR34,BDR,RARE (BDR: R2AR34),3.5,C,0.5,C,1.0,Fraco,26.26,28.45,24.96,26.32,29474014.18,False,0.0,False,0.0,False,0.0,False,0.0,False,0.0,False,False,0.53,28.5,False,False,False,False,False,False,False,0.0,999.0,-8.871621,684
D2OC34,D2OC34,BDR,DOCS (BDR: D2OC34),3.5,C,0.5,C,3.0,OK,25.59,22.55,24.11,29.58,63114690.17,False,0.0,False,0.0,False,0.0,False,0.0,False,0.0,False,False,0.76,40.0,False,False,False,False,False,False,False,17.206,30.464287,5.023557,685
NETE34,NETE34,BDR,NTES (BDR: NETE34),3.5,C,0.5,C,4.0,Forte,122.69,126.81,120.4,124.44,64880681.71,False,0.0,False,0.0,False,0.0,False,0.0,False,0.0,False,False,0.51,133.67,False,False,False,False,False,False,False,20.372999,16.358667,15.811937,686
H1RL34,H1RL34,BDR,HRL (BDR: H1RL34),3.5,C,0.5,C,1.0,Fraco,21.28,24.71,23.13,23.0,394823259.46,False,0.0,False,0.0,False,0.0,False,0.0,False,0.0,False,False,4.2,25.48,False,False,False,False,False,False,False,5.831,25.035294,1.4731742,687
OFSA3,OUROFINO S.A.,BR_STOCK,OFSA3,3.5,C,0.5,C,4.0,Forte,24.54,26.72,27.55,26.29,51534.0,False,0.0,False,0.0,False,0.0,False,0.0,False,0.0,False,False,0.47,29.0,False,False,False,False,False,False,False,31.807000000000002,5.7585425,1.6436931,688
T1DG34,T1DG34,BDR,TDG (BDR: T1DG34),3.5,C,0.5,C,2.0,Fraco,1186.48,1260.1,1250.43,1273.88,269058065.17,False,0.0,False,0.0,False,0.0,False,0.0,True,0.8,False,False,0.59,1359.27,False,False,False,False,False,False,False,0.0,36.008495,-7.063474,689
W1YC34,W1YC34,BDR,WY (BDR: W1YC34),3.5,C,0.5,C,2.0,Fraco,23.7,24.31,24.33,24.0,98321538.77,False,0.0,False,0.0,False,0.0,False,0.0,False,0.0,False,False,0.96,26.0,False,False,False,False,False,False,False,4.974,35.909092,1.8104042,690
E2NO34,E2NO34,BDR,ENOV (BDR: E2NO34),3.5,C,0.5,C,2.0,Fraco,24.83,25.5,24.15,25.0,12076244.27,False,0.0,False,0.0,False,0.0,False,0.0,False,0.0,False,False,0.64,31.67,False,False,False,False,False,False,False,-54.142,999.0,0.9693539,691
A1LB34,A1LB34,BDR,ALB (BDR: A1LB34),3.5,C,0.5,C,2.0,Fraco,135.77,130.34,161.04,155.37,150523451.79,False,0.0,False,0.0,False,0.0,False,0.0,False,0.0,False,False,0.55,144.06,False,False,False,False,False,False,False,2.648,502.85184,1.9925154,692
S2NA34,S2NA34,BDR,SNAP (BDR: S2NA34),3.5,C,0.5,C,1.0,Fraco,5.33,4.89,5.27,5.93,162767601.63,False,0.0,False,0.0,False,0.0,False,0.0,False,0.0,False,False,0.75,6.0,False,False,False,False,False,False,False,-15.576,999.0,4.6509595,693
TPRY34,TPRY34,BDR,TPR (BDR: TPRY34),3.5,C,0.5,C,3.0,OK,123.24,143.69,143.31,137.29,479145403.89,False,0.0,False,0.0,False,0.0,False,0.0,False,0.0,False,False,0.88,164.8,False,False,False,False,False,False,False,197.135,16.951857,35.68037,694
E2NP34,E2NP34,BDR,ENPH (BDR: E2NP34),3.5,C,0.5,C,1.0,Fraco,39.25,41.91,43.43,40.55,155597479.75,False,0.0,False,0.0,False,0.0,False,0.0,False,0.0,False,False,1.1,43.28,False,False,False,False,False,False,False,12.995999999999999,38.861385,4.388417,695
H1II34,H1II34,BDR,HII (BDR: H1II34),3.5,C,0.5,C,4.0,Forte,297.29,296.5,349.47,347.09,96166480.09,False,0.0,False,0.0,False,0.0,False,0.0,False,0.0,False,False,0.78,334.53,False,False,False,False,False,False,False,12.968001000000001,17.716925,2.2052846,696
ENGI11,ENERGISA S.A.,BR_STOCK,ENGI11,3.5,C,0.5,C,1.0,Fraco,47.57,47.42,49.84,49.24,303358645.05,False,0.0,False,0.0,False,0.0,False,0.0,False,0.0,False,False,1.39,50.8,False,False,False,False,False,False,False,9.408,34.420288,0.9306062,697
MATD3,HOSPITAL MATER DEI S/A,BR_STOCK,MATD3,3.5,C,0.5,C,3.0,OK,5.01,4.83,5.32,5.21,283566.01,False,0.0,False,0.0,False,0.0,False,0.0,False,0.0,False,False,0.33,5.29,False,False,False,False,False,False,False,9.517000000000001,12.02381,1.1194857,698
C1RR34,C1RR34,BDR,CARR (BDR: C1RR34),3.5,C,0.5,C,2.0,Fraco,58.84,66.29,63.43,60.93,337004629.87,False,0.0,False,0.0,False,0.0,False,0.0,False,0.0,False,False,1.14,66.14,False,False,False,False,False,False,False,8.966000000000001,42.028572,3.6925006,699
KOPA11,KOPA11,ETF,KOPA11,3.5,C,0.0,C,0.0,Fraco,220.55,256.5,254.31,243.91,193201.8,False,0.0,False,0.0,False,0.0,False,0.0,False,0.0,False,False,1.43,267.69,False,False,False,False,False,False,False,0.0,999.0,999.0,700
ONCO3,ONCOCLINICAS DO BRASIL SERVICOS MEDICOS  S.A.,BR_STOCK,ONCO3,3.5,C,0.5,C,0.0,Fraco,1.92,0.96,1.53,1.7,127722237.15,False,0.0,False,0.0,False,0.0,False,0.0,False,0.0,False,False,1.34,1.82,False,False,False,False,False,False,False,-273.51,999.0,98.57143,701
JBSS32,JBS N.V.,BDR,JBS (BDR: JBSS32),3.5,C,0.5,C,2.0,Fraco,13.62,12.85,13.95,13.76,78015304.86,False,0.0,False,0.0,False,0.0,False,0.0,False,0.0,False,False,1.06,14.35,False,False,False,False,False,False,False,13.378,12.7289715,1.771592,702
U1AI34,U1AI34,BDR,UA (BDR: U1AI34),3.5,C,0.5,C,1.0,Fraco,4.96,6.11,6.11,5.75,10886337.04,False,0.0,False,0.0,False,0.0,False,0.0,False,0.0,False,False,0.94,6.81,False,False,False,False,False,False,False,-29.825002,999.0,1.4917293,703
BABA34,BABA34,BDR,BABA (BDR: BABA34),3.12,C,0.5,C,2.0,Fraco,116.31,114.85,129.28,135.86,1666216781.77,False,0.0,False,0.0,False,0.0,False,0.0,True,0.65,False,False,0.86,132.57,False,False,False,False,False,False,False,6.36,26.37415,1.7395194,704
PGCO34,PGCO34,BDR,PG (BDR: PGCO34),3.0,C,0.5,C,3.0,OK,143.14,146.65,147.13,145.77,1115101676.43,False,0.0,False,0.0,False,0.0,False,0.0,False,0.0,True,False,0.77,148.5,False,False,False,False,False,False,False,30.290001999999998,21.589743,6.237852,705
JALL3,JALLES MACHADO S.A.,BR_STOCK,JALL3,3.0,C,0.5,C,0.0,Fraco,2.56,2.1,2.74,2.78,2447871.95,False,0.0,False,0.0,False,0.0,False,0.0,False,0.0,True,False,0.67,2.6,False,False,False,False,False,False,False,-2.579,999.0,0.4080361,706
TMCO34,TMCO34,BDR,TM (BDR: TMCO34),3.0,C,0.5,C,3.0,OK,192.0,181.85,199.82,202.44,59607360.0,False,0.0,False,0.0,False,0.0,False,0.0,False,0.0,True,False,1.03,198.0,False,False,False,False,False,False,False,12.404,8.695652,15.518918,707
MOTV3,MOTIVA INFRAESTRUTURA DE MOBILIDADE S.A.,BR_STOCK,MOTV3,3.0,C,0.5,C,4.0,Forte,15.1,14.48,15.31,15.36,285773547.22,False,0.0,False,0.0,False,0.0,False,0.0,False,0.0,True,False,1.49,15.29,False,False,False,False,False,False,False,21.971,8.976191,1.7082012,708
LKFT34,LKFT34,BDR,LKFT (BDR: LKFT34),3.0,C,2.0,C,3.0,OK,29.44,28.7,29.91,30.48,4603827.28,False,0.0,False,0.0,False,0.0,False,0.0,False,0.0,True,False,0.55,29.91,False,False,False,False,False,True,False,20.121,2.798479,10.302673,709
SUZB3,SUZANO S.A.,BR_STOCK,SUZB3,3.0,C,2.0,C,2.0,Fraco,46.15,42.11,46.46,47.11,365461862.08,False,0.0,False,0.0,False,0.0,False,0.0,False,0.0,True,False,0.82,46.98,False,False,False,False,False,True,False,17.604999,7.062405,1.3089226,710
BEEF3,MINERVA S.A.,BR_STOCK,BEEF3,3.0,C,0.5,C,3.0,OK,4.1,3.57,4.21,4.61,42255009.02,False,0.0,False,0.0,False,0.0,False,0.0,False,0.0,True,False,0.42,4.1,False,False,False,False,False,False,False,23.22,10.179487,2.4921532,711
ANIM3,ANIMA HOLDING S.A.,BR_STOCK,ANIM3,3.0,C,0.5,C,3.0,OK,2.73,2.39,3.53,3.54,31155306.22,False,0.0,False,0.0,False,0.0,False,0.0,False,0.0,True,False,1.16,2.76,False,False,False,False,False,False,False,9.607001,6.780488,0.4345108,712
CYRE3,CYRELA BRAZIL REALTY S.A.EMPREEND E PART,BR_STOCK,CYRE3,3.0,C,0.5,C,5.0,Forte,24.09,22.0,24.88,26.12,311746282.97,False,0.0,False,0.0,False,0.0,False,0.0,False,0.0,True,False,1.55,25.03,False,False,False,False,False,False,False,20.593001,5.12931,0.92863554,713
P2EG34,P2EG34,BDR,PEGA (BDR: P2EG34),3.0,C,0.5,C,3.0,OK,35.89,31.25,36.99,42.04,88290080.41,False,0.0,False,0.0,False,0.0,False,0.0,False,0.0,True,False,1.46,34.56,False,False,False,False,False,False,False,54.693000000000005,20.392046,10.524926,714
CVCB3,CVC BRASIL OPERADORA E AGÊNCIA DE VIAGENS S.A.,BR_STOCK,CVCB3,3.0,C,0.5,C,0.0,Fraco,1.78,1.36,1.82,1.88,21188051.66,False,0.0,False,0.0,False,0.0,False,0.0,False,0.0,True,False,0.71,1.74,False,False,False,False,False,False,False,-33.345002,59.333332,2.8709676,715
RDOR3,REDE DOR SÃO LUIZ S.A.,BR_STOCK,RDOR3,3.0,C,0.5,C,4.0,Forte,35.3,34.42,37.03,38.06,198227145.72,False,0.0,False,0.0,False,0.0,False,0.0,False,0.0,True,False,0.52,36.07,False,False,False,False,False,False,False,19.779,16.050001,3.9281344,716
H1CA34,H1CA34,BDR,HCA (BDR: H1CA34),3.0,C,0.5,C,3.0,OK,419.34,399.68,444.48,452.67,408659406.63,False,0.0,False,0.0,False,0.0,False,0.0,False,0.0,True,False,0.78,436.5,False,False,False,False,False,False,False,0.0,14.062374,-13.761034,717
TOTS3,TOTVS S.A.,BR_STOCK,TOTS3,3.0,C,0.5,C,4.0,Forte,32.6,29.77,33.4,35.99,99384355.35,False,0.0,False,0.0,False,0.0,False,0.0,False,0.0,True,False,0.92,32.88,False,False,False,False,False,False,False,17.014000000000003,22.822369,3.643142,718
BLAU3,BLAU FARMACÊUTICA S.A.,BR_STOCK,BLAU3,3.0,C,0.5,C,3.0,OK,9.07,9.38,10.0,9.88,989536.97,False,0.0,False,0.0,False,0.0,False,0.0,False,0.0,True,False,0.38,9.32,False,False,False,False,False,False,False,10.276,8.980198,0.89766425,719
MRVE3,MRV ENGENHARIA E PARTICIPACOES S.A.,BR_STOCK,MRVE3,3.0,C,0.5,C,1.0,Fraco,5.51,4.85,6.69,7.07,85790703.56,False,0.0,False,0.0,False,0.0,False,0.0,False,0.0,True,False,1.08,5.5,False,False,False,False,False,False,False,-10.0389995,999.0,0.6724858,720
CSNA3,CIA SIDERURGICA NACIONAL,BR_STOCK,CSNA3,3.0,C,0.5,C,1.0,Fraco,5.27,4.91,6.49,7.13,93485056.66,False,0.0,False,0.0,False,0.0,False,0.0,False,0.0,True,False,1.1,5.62,False,False,False,False,False,False,False,-12.293999999999999,999.0,0.5852861,721
KEPL3,KEPLER WEBER S.A.,BR_STOCK,KEPL3,3.0,C,0.5,C,3.0,OK,6.52,6.33,7.61,8.13,8942179.97,False,0.0,False,0.0,False,0.0,False,0.0,False,0.0,True,False,0.86,6.53,False,False,False,False,False,False,False,18.312,8.111112,1.42702,722
E2PA34,E2PA34,BDR,EPAM (BDR: E2PA34),3.0,C,0.5,C,4.0,Forte,112.77,93.86,119.83,140.18,110114037.68,False,0.0,False,0.0,False,0.0,False,0.0,False,0.0,True,False,0.77,113.0,False,False,False,False,False,False,False,11.1770004,15.301221,1.6532282,723
AXIA3,AXIA3,BR_STOCK,AXIA3,3.0,C,0.5,C,3.0,OK,53.41,52.28,55.98,56.43,529431964.49,False,0.0,False,0.0,False,0.0,False,0.0,False,0.0,True,False,0.76,55.09,False,False,False,False,False,False,False,10.005999000000001,10.057361,1.233786,724
U1HS34,U1HS34,BDR,UHS (BDR: U1HS34),3.0,C,0.5,C,5.0,Forte,172.58,160.12,175.81,187.42,98440323.36,False,0.0,False,0.0,False,0.0,False,0.0,False,0.0,True,False,0.89,179.94,False,False,False,False,False,False,False,20.948,7.0440817,1.3536749,725
K1RC34,K1RC34,BDR,KR (BDR: K1RC34),3.0,C,0.5,C,2.0,Fraco,56.93,57.36,63.85,63.53,289322246.65,False,0.0,False,0.0,False,0.0,False,0.0,False,0.0,True,False,0.88,59.2,False,False,False,False,False,False,False,13.779001,33.292397,6.1532645,726
A1ZN34,A1ZN34,BDR,AZN (BDR: A1ZN34),3.0,C,0.5,C,4.0,Forte,164.52,171.15,184.56,183.67,410503733.86,False,0.0,False,0.0,False,0.0,False,0.0,False,0.0,True,False,0.72,171.89,False,False,False,False,False,False,False,21.965,24.628744,5.07355,727
A1TM34,A1TM34,BDR,ATO (BDR: A1TM34),3.0,C,0.5,C,4.0,Forte,167.22,172.34,175.92,173.79,137522063.44,False,0.0,False,0.0,False,0.0,False,0.0,False,0.0,True,False,0.78,176.36,False,False,False,False,False,False,False,9.792,19.93087,1.8519913,728
G1LO34,G1LO34,BDR,GLOB (BDR: G1LO34),3.0,C,0.5,C,2.0,Fraco,40.17,34.35,42.36,48.28,37066544.45,False,0.0,False,0.0,False,0.0,False,0.0,False,0.0,True,False,0.4,41.65,False,False,False,False,False,False,False,5.48,15.691406,0.81455946,729
LIGT3,LIGHT S.A.,BR_STOCK,LIGT3,3.0,C,0.5,C,3.0,OK,3.34,3.15,3.99,4.26,9988269.74,False,0.0,False,0.0,False,0.0,False,0.0,False,0.0,True,False,0.81,3.43,False,False,False,False,False,False,False,32.412,2.3133333,0.13822499,730
LOGN3,LOG-IN LOGISTICA INTERMODAL S.A.,BR_STOCK,LOGN3,3.0,C,0.5,C,2.0,Fraco,28.0,27.65,30.06,31.08,229600.0,False,0.0,False,0.0,False,0.0,False,0.0,False,0.0,True,False,0.52,29.1,False,False,False,False,False,False,False,12.189999,21.705427,2.461755,731
VIVA3,VIVARA PARTICIPAÇOES S.A,BR_STOCK,VIVA3,3.0,C,0.5,C,5.0,Forte,22.7,22.09,24.86,26.65,49304401.66,False,0.0,False,0.0,False,0.0,False,0.0,False,0.0,True,False,0.72,23.37,False,False,False,False,False,False,False,19.703,9.076305,1.7531612,732
YDUQ3,YDUQS PARTICIPACOES S.A.,BR_STOCK,YDUQ3,3.0,C,0.5,C,1.0,Fraco,8.62,8.27,10.31,10.83,32603425.57,False,0.0,False,0.0,False,0.0,False,0.0,False,0.0,True,False,0.67,8.93,False,False,False,False,False,False,False,3.7510000000000003,21.095238,0.77386665,733
IBMB34,IBMB34,BDR,IBM (BDR: IBMB34),3.0,C,0.5,C,2.0,Fraco,238.79,243.03,249.04,261.03,1310689379.56,False,0.0,False,0.0,False,0.0,False,0.0,False,0.0,True,False,1.14,241.8,False,False,False,False,False,False,False,34.460998,21.206926,6.530026,734
A1OS34,A1OS34,BDR,AOS (BDR: A1OS34),3.0,C,0.5,C,3.0,OK,61.95,61.01,64.07,64.7,64724183.75,False,0.0,False,0.0,False,0.0,False,0.0,False,0.0,True,False,0.93,64.38,False,False,False,False,False,False,False,27.133000000000003,17.256268,4.571281,735
RAIL3,RUMO S.A.,BR_STOCK,RAIL3,3.0,C,0.5,C,2.0,Fraco,14.59,13.65,14.84,14.93,287404036.01,False,0.0,False,0.0,False,0.0,False,0.0,False,0.0,True,False,1.33,14.69,False,False,False,False,False,False,False,8.81,22.439394,1.8994486,736
AMBP3,AMBIPAR PARTICIPACOES E EMPREENDIMENTOS S/A,BR_STOCK,AMBP3,3.0,C,0.5,C,1.0,Fraco,0.17,0.16,0.2,0.22,819825.01,False,0.0,False,0.0,False,0.0,False,0.0,False,0.0,True,False,1.05,0.17,False,False,False,False,False,False,False,-1.345,999.0,0.24390243,737
GGPS3,GPS PARTICIPACOES E EMPREENDIMENTOS S.A.,BR_STOCK,GGPS3,3.0,C,0.5,C,4.0,Forte,12.5,11.86,14.61,15.14,48958750.0,False,0.0,False,0.0,False,0.0,False,0.0,False,0.0,True,False,0.93,12.54,False,False,False,False,False,False,False,22.337,9.857143,2.0779655,738
NFLX34,NFLX34,BDR,NFLX (BDR: NFLX34),3.0,C,0.5,C,4.0,Forte,79.84,74.55,84.38,87.84,2160329303.47,False,0.0,False,0.0,False,0.0,False,0.0,False,0.0,True,False,0.93,82.46,False,False,False,False,False,False,False,49.541000000000004,25.106916,11.0261,739
P2AX34,P2AX34,BDR,PAX (BDR: P2AX34),3.0,C,0.5,C,2.0,Fraco,11.65,11.05,11.83,12.68,10941504.89,False,0.0,False,0.0,False,0.0,False,0.0,False,0.0,True,False,0.85,11.85,False,False,False,False,False,False,False,12.885,25.88889,3.3390656,740
PEPB34,PEPB34,BDR,PEP (BDR: PEPB34),3.0,C,0.5,C,4.0,Forte,139.72,139.82,148.75,147.16,871780153.22,False,0.0,False,0.0,False,0.0,False,0.0,False,0.0,True,False,0.93,145.9,False,False,False,False,False,False,False,51.507999999999996,18.287958,8.636953,741
C1HK34,C1HK34,BDR,CHKP (BDR: C1HK34),3.0,C,0.5,C,5.0,Forte,133.23,130.57,140.56,152.76,162668362.35,False,0.0,False,0.0,False,0.0,False,0.0,False,0.0,True,False,1.48,135.5,False,False,False,False,False,False,False,37.639,13.664615,5.0086465,742
AGRO3,BRASILAGRO - CIA BRAS DE PROP AGRICOLAS,BR_STOCK,AGRO3,3.0,C,0.5,C,1.0,Fraco,18.97,18.62,19.68,19.73,1468277.95,False,0.0,False,0.0,False,0.0,False,0.0,False,0.0,True,False,0.58,19.11,False,False,False,False,False,False,False,-0.70200004,999.0,0.9253745,743
HBRE3,HBR REALTY EMPREENDIMENTOS IMOBILIARIOS S/A,BR_STOCK,HBRE3,3.0,C,0.5,C,3.0,OK,2.59,2.3,2.82,3.08,2500385.92,False,0.0,False,0.0,False,0.0,False,0.0,False,0.0,True,True,1.91,2.46,False,False,False,False,False,False,False,3.977,7.857143,0.15881266,744
HBOR3,HELBOR EMPREENDIMENTOS S.A.,BR_STOCK,HBOR3,3.0,C,0.5,C,1.0,Fraco,2.05,1.99,2.38,2.47,1362019.97,False,0.0,False,0.0,False,0.0,False,0.0,False,0.0,True,False,1.35,2.09,False,False,False,False,False,False,False,2.323,74.0,0.20340848,745
RBIF11,RBIF11,ETF,RBIF11,2.5,C,0.5,C,0.0,Fraco,67.06,72.3,73.45,71.75,133181.16,False,0.0,False,0.0,False,0.0,False,0.0,False,0.0,False,False,0.52,75.99,False,False,False,False,False,False,False,0.0,999.0,999.0,746
A1LG34,A1LG34,BDR,ALGN (BDR: A1LG34),2.5,C,0.5,C,2.0,Fraco,158.84,173.28,174.62,169.96,127258951.75,False,0.0,False,0.0,False,0.0,False,0.0,False,0.0,False,False,0.97,187.96,False,False,False,False,False,False,False,10.155,27.576387,2.6737587,747
COPN11,COPN11,ETF,COPN11,2.5,C,0.5,C,0.0,Fraco,37.9,38.6,40.61,39.89,207502.51,False,0.0,False,0.0,False,0.0,False,0.0,False,0.0,False,False,0.73,42.5,False,False,False,False,False,False,False,0.0,999.0,999.0,748
UNIP3,UNIPAR CARBOCLORO S.A.,BR_STOCK,UNIP3,2.5,C,0.5,C,1.0,Fraco,55.03,57.75,59.71,58.42,990539.98,False,0.0,False,0.0,False,0.0,False,0.0,False,0.0,False,False,3.81,60.17,False,False,False,False,False,False,False,10.7650004,24.0,3.2121823,749
NOCG34,NOCG34,BDR,NOC (BDR: NOCG34),2.5,C,0.5,C,4.0,Forte,545.13,541.94,608.81,601.06,441470263.67,False,0.0,False,0.0,False,0.0,False,0.0,False,0.0,False,False,1.19,594.51,False,False,False,False,False,False,False,26.958,17.327719,4.330278,750
AMOB3,AUTOMOB PARTICIPAÇÕES S.A.,BR_STOCK,AMOB3,2.5,C,0.5,C,1.0,Fraco,11.77,12.56,13.13,13.09,184789.01,False,0.0,False,0.0,False,0.0,False,0.0,False,0.0,False,False,0.43,13.89,False,False,False,False,False,False,False,0.0,999.0,0.23881507,751
BMEB4,BCO MERCANTIL DO BRASIL S.A.,BR_STOCK,BMEB4,2.5,C,0.5,C,4.0,Forte,57.86,59.52,68.76,67.12,1932524.02,False,0.0,False,0.0,False,0.0,False,0.0,False,0.0,False,False,0.81,65.58,False,False,False,False,False,False,False,32.414,7.266749,2.3021894,752
ORVR3,ORIZON VALORIZACAO DE RESIDUOS S.A.,BR_STOCK,ORVR3,2.5,C,0.5,C,2.0,Fraco,16.42,17.92,18.47,17.93,27094642.13,False,0.0,False,0.0,False,0.0,False,0.0,False,0.0,False,False,0.56,18.14,False,False,False,False,False,False,False,2.3599999,95.47058,1.0686067,753
G1DS34,G1DS34,BDR,GDS (BDR: G1DS34),2.5,C,0.5,C,2.0,Fraco,33.51,32.12,38.45,37.77,50723749.36,False,0.0,False,0.0,False,0.0,False,0.0,False,0.0,False,False,0.74,36.07,False,False,False,False,False,False,False,12.767000000000001,14.827433,1.4955313,754
ITUB4,ITAU UNIBANCO HOLDING S.A.,BR_STOCK,ITUB4,2.5,C,0.5,C,4.0,Forte,39.45,41.33,42.29,41.1,790428105.29,False,0.0,False,0.0,False,0.0,False,0.0,False,0.0,False,False,0.72,43.86,False,False,False,False,False,False,False,21.476,9.309524,1.9788449,755
E2EF34,E2EF34,BDR,EEFT (BDR: E2EF34),2.5,C,0.5,C,3.0,OK,68.53,73.86,71.56,72.26,35099489.18,False,0.0,False,0.0,False,0.0,False,0.0,False,0.0,False,False,0.9,80.04,False,False,False,False,False,False,False,22.371,10.877777,2.0838654,756
Z1TO34,Z1TO34,BDR,ZTO (BDR: Z1TO34),2.5,C,0.5,C,5.0,Forte,21.19,23.07,23.56,22.81,30922419.45,False,0.0,False,0.0,False,0.0,False,0.0,False,0.0,False,False,0.77,24.77,False,False,False,False,False,False,False,16.277,11.094241,1.7145529,757
C1NS34,C1NS34,BDR,CE (BDR: C1NS34),2.5,C,0.5,C,1.0,Fraco,44.87,46.17,53.35,50.51,45073484.38,False,0.0,False,0.0,False,0.0,False,0.0,False,0.0,False,False,0.85,47.84,False,False,False,False,False,False,False,-22.25,999.0,1.1817534,758
IAAG11,IAAG11,ETF,IAAG11,2.5,C,0.5,C,0.0,Fraco,7.41,7.91,8.05,7.89,235178.58,False,0.0,False,0.0,False,0.0,False,0.0,False,0.0,False,False,0.81,8.15,False,False,False,False,False,False,False,0.0,999.0,999.0,759
FSLR34,FSLR34,BDR,FSLR (BDR: FSLR34),2.5,C,0.5,C,4.0,Forte,210.1,225.08,223.87,232.33,307906811.44,False,0.0,False,0.0,False,0.0,False,0.0,False,0.0,False,False,0.84,269.7,False,False,False,False,False,False,False,18.509,12.945164,2.1878352,760
C2RN34,C2RN34,BDR,CRNC (BDR: C2RN34),2.5,C,0.5,C,1.0,Fraco,8.41,9.31,9.08,9.56,5900127.9,False,0.0,False,0.0,False,0.0,False,0.0,False,0.0,False,False,0.94,9.59,False,False,False,False,False,False,False,-9.561,999.0,2.2847052,761
BBDC4,BCO BRADESCO S.A.,BR_STOCK,BBDC4,2.5,C,0.5,C,3.0,OK,16.99,17.65,18.46,18.28,590059294.05,False,0.0,False,0.0,False,0.0,False,0.0,False,0.0,False,False,0.9,18.83,False,False,False,False,False,False,False,13.763,7.7305937,0.9872296,762
IGTI3,IGUATEMI S.A.,BR_STOCK,IGTI3,2.5,C,0.5,C,2.0,Fraco,3.08,3.26,3.29,3.2,51128.0,False,0.0,False,0.0,False,0.0,False,0.0,False,0.0,False,False,0.38,3.3,False,False,False,False,False,False,False,13.514999999999999,5.9615383,0.18611911,763
C1OO34,C1OO34,BDR,COO (BDR: C1OO34),2.5,C,0.5,C,2.0,Fraco,70.96,72.28,71.47,73.43,107850683.41,False,0.0,False,0.0,False,0.0,False,0.0,False,0.0,False,False,1.07,78.11,False,False,False,False,False,False,False,2.8529999999999998,60.135593,1.6786525,764
STZB34,STZB34,BDR,STZ (BDR: STZB34),2.5,C,0.5,C,3.0,OK,131.43,133.98,144.96,143.32,173470767.29,False,0.0,False,0.0,False,0.0,False,0.0,False,0.0,False,False,0.8,139.26,False,False,False,False,False,False,False,23.69,12.517142,2.729765,765
BMEB3,BCO MERCANTIL DO BRASIL S.A.,BR_STOCK,BMEB3,2.5,C,0.5,C,4.0,Forte,49.01,49.5,56.26,54.34,838070.97,False,0.0,False,0.0,False,0.0,False,0.0,False,0.0,False,False,2.55,52.64,False,False,False,False,False,False,False,32.414,6.0669975,1.9220943,766
C2EM34,C2EM34,BDR,CX (BDR: C2EM34),2.5,C,0.5,C,2.0,Fraco,10.93,11.89,12.03,11.84,36142844.09,False,0.0,False,0.0,False,0.0,False,0.0,False,0.0,False,False,0.53,12.12,False,False,False,False,False,False,False,4.0149998,31.228573,1.2724098,767
BIOM3,BIOMM S.A.,BR_STOCK,BIOM3,2.5,C,0.5,C,2.0,Fraco,6.44,6.15,6.71,6.89,75348.0,False,0.0,False,0.0,False,0.0,False,0.0,False,0.0,False,False,0.25,6.79,False,False,False,False,False,False,False,10.769,27.652174,2.6767678,768
UTLL11,UTLL11,ETF,UTLL11,2.5,C,0.5,C,0.0,Fraco,117.14,120.93,125.0,121.81,16930595.53,False,0.0,False,0.0,False,0.0,False,0.0,False,0.0,False,False,1.68,125.86,False,False,False,False,False,False,False,0.0,999.0,999.0,769
BBDC3,BCO BRADESCO S.A.,BR_STOCK,BBDC3,2.5,C,0.5,C,3.0,OK,14.92,15.41,16.01,15.79,106749616.55,False,0.0,False,0.0,False,0.0,False,0.0,False,0.0,False,False,1.27,16.59,False,False,False,False,False,False,False,13.763,6.83105,0.8723541,770
PDGR3,PDG REALTY S.A. EMPREEND E PARTICIPACOES,BR_STOCK,PDGR3,2.5,C,0.5,C,0.0,Fraco,1.34,1.3,1.66,1.6,125022.0,False,0.0,False,0.0,False,0.0,False,0.0,False,0.0,False,False,1.53,2.08,False,False,False,False,False,False,False,0.0,999.0,-0.0012979038,771
SAPR3,CIA SANEAMENTO DO PARANA - SANEPAR,BR_STOCK,SAPR3,2.5,C,0.5,C,2.0,Fraco,7.27,7.94,9.18,8.92,829507.0,False,0.0,False,0.0,False,0.0,False,0.0,False,0.0,False,False,0.73,8.1,False,False,False,False,False,False,False,3.8120000000000003,26.178572,0.1794194,772
PINE4,BCO PINE S.A.,BR_STOCK,PINE4,2.5,C,0.5,C,4.0,Forte,10.71,11.92,12.77,12.34,10259109.04,False,0.0,False,0.0,False,0.0,False,0.0,False,0.0,False,False,0.73,13.92,False,False,False,False,False,False,False,40.772000000000006,4.4897118,1.5400903,773
BRSR6,BCO ESTADO DO RIO GRANDE DO SUL S.A.,BR_STOCK,BRSR6,2.5,C,0.5,C,1.0,Fraco,13.85,13.86,15.52,15.15,10696355.29,False,0.0,False,0.0,False,0.0,False,0.0,False,0.0,False,False,0.63,14.58,False,False,False,False,False,False,False,14.481,3.4413965,0.4765029,774
PASS3,COMPASS GAS E ENERGIA S.A.,BR_STOCK,PASS3,2.5,C,0.5,C,2.0,Fraco,23.16,23.96,24.7,,54708551.64,False,0.0,False,0.0,False,0.0,False,0.0,False,0.0,False,False,1.29,25.4,False,False,False,False,False,False,False,17.363999999999997,14.018633,3.0262804,775
ORBX39,ORBX39,BDR,ORBX (BDR: ORBX39),2.5,C,0.5,C,0.0,Fraco,43.11,45.86,52.4,,193693.23,False,0.0,False,0.0,False,0.0,False,0.0,False,0.0,False,False,0.15,49.17,False,False,False,False,False,False,False,0.0,999.0,999.0,776
G1SK34,G1SK34,BDR,GSK (BDR: G1SK34),2.5,C,0.5,C,3.0,OK,50.27,51.4,52.66,51.31,123970848.13,False,0.0,False,0.0,False,0.0,False,0.0,False,0.0,False,False,0.84,52.95,False,False,False,False,False,False,False,33.383,15.660436,4.2124734,777
A1LK34,A1LK34,BDR,ALK (BDR: A1LK34),2.5,C,0.5,C,1.0,Fraco,42.2,47.51,45.43,45.89,72942743.52,False,0.0,False,0.0,False,0.0,False,0.0,False,0.0,False,False,0.68,53.62,False,False,False,False,False,False,False,-4.598,999.0,1.2828697,778
DMVF3,D1000 VAREJO FARMA PARTICIPAÇÕES S.A.,BR_STOCK,DMVF3,2.5,C,0.5,C,2.0,Fraco,6.15,6.62,6.7,6.51,189420.0,False,0.0,False,0.0,False,0.0,False,0.0,False,0.0,False,False,0.67,7.1,False,False,False,False,False,False,False,2.3810001,14.5348835,0.34225947,779
D2KN34,D2KN34,BDR,DKNG (BDR: D2KN34),2.5,C,0.5,C,0.0,Fraco,24.22,24.9,24.8,26.93,179229932.52,False,0.0,False,0.0,False,0.0,False,0.0,False,0.0,False,False,0.92,26.63,False,False,False,False,False,False,False,-21.139,999.0,21.09756,780
BBGO11,BBGO11,ETF,BBGO11,2.5,C,0.5,C,0.0,Fraco,63.41,64.75,69.04,67.11,152501.05,False,0.0,False,0.0,False,0.0,False,0.0,False,0.0,False,False,0.77,67.0,False,False,False,False,False,False,False,0.0,999.0,999.0,781
T1RI34,T1RI34,BDR,TRIP (BDR: T1RI34),2.5,C,0.5,C,0.0,Fraco,9.79,12.73,11.54,12.31,33650794.85,False,0.0,False,0.0,False,0.0,False,0.0,False,0.0,False,False,1.23,14.59,False,False,False,False,False,False,False,-0.233,999.0,1.7148362,782
RCSL4,RECRUSUL S.A.,BR_STOCK,RCSL4,2.5,C,0.5,C,1.0,Fraco,0.57,0.56,0.88,0.99,3677354.95,False,0.0,False,0.0,False,0.0,False,0.0,False,0.0,False,False,0.88,0.8,False,False,False,False,False,False,False,0.0,8.166667,-2.752809,783
IGTI11,IGUATEMI S.A.,BR_STOCK,IGTI11,2.5,C,0.5,C,1.0,Fraco,24.5,24.65,26.39,26.16,45511200.0,False,0.0,False,0.0,False,0.0,False,0.0,False,0.0,False,False,0.78,25.93,False,False,False,False,False,False,False,13.514999999999999,148.34355,1.451729,784
A1PL34,A1PL34,BDR,APLD (BDR: A1PL34),2.5,C,0.5,C,1.0,Fraco,27.44,31.54,33.49,32.22,436758180.42,False,0.0,False,0.0,False,0.0,False,0.0,False,0.0,False,False,1.03,33.04,False,False,False,False,False,False,False,-8.376,999.0,4.5993967,785
TSNF34,TSNF34,BDR,TSN (BDR: TSNF34),2.5,C,0.5,C,2.0,Fraco,55.35,57.92,61.1,59.91,123134429.46,False,0.0,False,0.0,False,0.0,False,0.0,False,0.0,False,False,0.78,60.91,False,False,False,False,False,False,False,3.263,34.166664,1.0770577,786
MULT3,MULTIPLAN - EMPREEND IMOBILIARIOS S.A.,BR_STOCK,MULT3,2.5,C,0.5,C,5.0,Forte,27.42,28.29,30.25,29.67,89666142.25,False,0.0,False,0.0,False,0.0,False,0.0,False,0.0,False,False,0.87,29.33,False,False,False,False,False,False,False,21.898999999999997,9.792857,1.9930222,787
CPFE3,CPFL ENERGIA S.A.,BR_STOCK,CPFE3,2.5,C,0.5,C,4.0,Forte,44.55,44.9,45.79,45.82,46104794.21,False,0.0,False,0.0,False,0.0,False,0.0,False,0.0,False,False,0.54,47.07,False,False,False,False,False,False,False,27.276,8.456814,2.2348466,788
EQTL3,EQUATORIAL S.A.,BR_STOCK,EQTL3,2.5,C,0.5,C,1.0,Fraco,36.83,38.08,39.97,39.64,302974644.06,False,0.0,False,0.0,False,0.0,False,0.0,False,0.0,False,False,0.51,40.05,False,False,False,False,False,False,False,5.0029997,65.553566,1.7633778,789
B1BW34,B1BW34,BDR,BBWI (BDR: B1BW34),2.5,C,0.5,C,2.0,Fraco,18.65,20.1,19.73,19.71,143277372.52,False,0.0,False,0.0,False,0.0,False,0.0,False,0.0,False,False,0.98,21.34,False,False,False,False,False,False,False,0.0,4.8950133,-2.926408,790
XRAY34,XRAY34,BDR,XRAY (BDR: XRAY34),2.5,C,0.5,C,0.0,Fraco,11.04,12.05,11.82,11.7,39265338.58,False,0.0,False,0.0,False,0.0,False,0.0,False,0.0,False,False,1.07,14.37,False,False,False,False,False,False,False,-33.031,999.0,1.6778116,791
T2DH34,T2DH34,BDR,TDOC (BDR: T2DH34),2.5,C,0.5,C,1.0,Fraco,6.36,7.94,6.55,6.71,15763928.13,False,0.0,False,0.0,False,0.0,False,0.0,False,0.0,False,False,0.72,7.66,False,False,False,False,False,False,False,-12.985,999.0,0.8818636,792
WALM34,WALM34,BDR,WMT (BDR: WALM34),2.5,C,0.5,C,3.0,OK,102.63,112.06,120.32,118.03,3048768981.97,False,0.0,False,0.0,False,0.0,False,0.0,False,0.0,False,False,0.92,116.59,False,False,False,False,False,False,False,22.313999000000003,37.05054,8.662222,793
S2ED34,S2ED34,BDR,SEDG (BDR: S2ED34),2.5,C,0.5,C,2.0,Fraco,33.51,44.28,45.38,42.25,87368909.61,False,0.0,False,0.0,False,0.0,False,0.0,False,0.0,False,False,0.9,49.64,False,False,False,False,False,False,False,-58.424,999.0,5.0022388,794
V2TX34,V2TX34,BDR,VTEX (BDR: V2TX34),2.5,C,0.5,C,3.0,OK,3.53,3.97,3.76,3.77,2622574.65,False,0.0,False,0.0,False,0.0,False,0.0,False,0.0,False,False,1.05,4.6,False,False,False,False,False,False,False,12.762,20.764706,2.6070902,795
W1RB34,W1RB34,BDR,WRB (BDR: W1RB34),2.5,C,0.5,C,5.0,Forte,68.34,71.05,68.4,68.86,111782638.57,False,0.0,False,0.0,False,0.0,False,0.0,False,0.0,False,False,1.12,75.08,False,False,False,False,False,False,False,20.207000999999998,14.061728,999.0,796
K2CG34,K2CG34,BDR,KC (BDR: K2CG34),2.5,C,0.5,C,1.0,Fraco,10.59,10.45,12.85,12.54,13762128.8,False,0.0,False,0.0,False,0.0,False,0.0,False,0.0,False,False,0.74,13.14,False,False,False,False,False,False,False,-7.614,999.0,2.433117,797
TJXC34,TJXC34,BDR,TJX (BDR: TJXC34),2.5,C,0.5,C,3.0,OK,134.22,153.25,155.03,154.19,944383471.51,False,0.0,False,0.0,False,0.0,False,0.0,False,0.0,False,False,0.86,161.99,False,False,False,False,False,False,False,62.171,24.855555,14.257489,798
VAMO3,VAMOS LOCAÇÃO DE CAMINHÕES. MÁQUINAS E EQUIP. S.A.,BR_STOCK,VAMO3,2.5,C,0.5,C,2.0,Fraco,3.05,2.97,3.53,3.51,41282359.35,False,0.0,False,0.0,False,0.0,False,0.0,False,0.0,False,False,0.7,3.45,False,False,False,False,False,False,False,10.700999999999999,10.821428,1.2402782,799
HONB34,HONB34,BDR,HON (BDR: HONB34),2.5,C,0.5,C,4.0,Forte,220.39,231.73,235.19,227.8,495054782.76,False,0.0,False,0.0,False,0.0,False,0.0,False,0.0,False,False,0.84,250.41,False,False,False,False,False,False,False,46.577,8.470023,3.7681878,800
SBSP3,CIA SANEAMENTO BASICO EST SAO PAULO,BR_STOCK,SBSP3,2.5,C,0.5,C,3.0,OK,25.06,27.68,29.27,28.45,632055788.53,False,0.0,False,0.0,False,0.0,False,0.0,False,0.0,False,False,0.77,28.73,False,False,False,False,False,False,False,18.792,10.537814,1.9561657,801
CMIG4,CIA ENERGETICA DE MINAS GERAIS - CEMIG,BR_STOCK,CMIG4,2.5,C,0.5,C,4.0,Forte,10.5,10.82,11.23,11.0,136413900.0,False,0.0,False,0.0,False,0.0,False,0.0,False,0.0,False,False,0.7,11.46,False,False,False,False,False,False,False,15.943999999999999,6.4197526,1.0195079,802
MDIA3,M.DIAS BRANCO S.A. IND COM DE ALIMENTOS,BR_STOCK,MDIA3,2.0,C,0.5,C,2.0,Fraco,17.35,17.37,20.7,21.64,11341695.25,False,0.0,False,0.0,False,0.0,False,0.0,False,0.0,True,False,0.7,17.86,False,False,False,False,False,False,False,7.809000000000001,8.932292,0.69820464,803
LAVV3,LAVVI EMPREENDIMENTOS IMOBILIÁRIOS S.A.,BR_STOCK,LAVV3,2.0,C,0.5,C,4.0,Forte,10.25,10.48,13.21,13.63,3712550.0,False,0.0,False,0.0,False,0.0,False,0.0,False,0.0,True,False,0.7,10.72,False,False,False,False,False,False,False,23.990999,5.4648647,1.3625337,804
EZTC3,EZ TEC EMPREEND. E PARTICIPACOES S.A.,BR_STOCK,EZTC3,2.0,C,0.5,C,2.0,Fraco,11.55,11.79,13.32,13.59,38116155.63,False,0.0,False,0.0,False,0.0,False,0.0,False,0.0,True,False,1.12,11.76,False,False,False,False,False,False,False,10.551,7.17683,0.62390673,805
P2CF34,P2CF34,BDR,PAC (BDR: P2CF34),2.0,C,0.5,C,3.0,OK,214.85,226.16,243.79,245.07,25989545.84,False,0.0,False,0.0,False,0.0,False,0.0,False,0.0,True,False,1.13,225.86,False,False,False,False,False,False,False,28.030002,19.729109,603.0511,806
TSLA34,TSLA34,BDR,TSLA (BDR: TSLA34),2.0,C,0.5,C,2.0,Fraco,354.81,361.43,387.77,401.41,10643651688.89,False,0.0,False,0.0,False,0.0,False,0.0,False,0.0,True,False,0.84,366.5,False,False,False,False,False,False,False,4.6669997,331.5981,16.131393,807
F2IC34,F2IC34,BDR,FICO (BDR: F2IC34),2.0,C,0.5,C,2.0,Fraco,1157.06,1170.43,1193.7,1324.66,211695708.32,False,0.0,False,0.0,False,0.0,False,0.0,False,0.0,True,False,0.74,1238.6,False,False,False,False,False,False,False,0.0,33.46038,-6.099131,808
F2VR34,F2VR34,BDR,FVRR (BDR: F2VR34),2.0,C,0.5,C,3.0,OK,9.39,10.1,11.06,13.27,5097333.52,False,0.0,False,0.0,False,0.0,False,0.0,False,0.0,True,False,0.94,9.79,False,False,False,False,False,False,False,7.132,11.592593,0.7798356,809
A1LN34,A1LN34,BDR,ALNY (BDR: A1LN34),2.0,C,0.5,C,2.0,Fraco,236.56,262.84,297.66,327.08,305098525.65,False,0.0,False,0.0,False,0.0,False,0.0,False,0.0,True,False,0.79,244.03,False,False,False,False,False,False,False,96.555,41.212543,23.36395,810
WUNI34,WUNI34,BDR,WU (BDR: WUNI34),2.0,C,0.5,C,2.0,Fraco,7.21,7.59,8.29,8.35,45965372.49,False,0.0,False,0.0,False,0.0,False,0.0,False,0.0,True,False,0.82,8.16,False,False,False,False,False,False,False,43.974999999999994,5.814516,2.457396,811
C1CI34,C1CI34,BDR,CCI (BDR: C1CI34),2.0,C,0.5,C,0.0,Fraco,75.03,77.22,83.13,83.93,136177196.88,False,0.0,False,0.0,False,0.0,False,0.0,False,0.0,True,False,0.82,79.15,False,False,False,False,False,False,False,0.0,30.624489,-9.774622,812
BPAC3,BCO BTG PACTUAL S.A.,BR_STOCK,BPAC3,2.0,C,0.5,C,4.0,Forte,21.99,22.1,29.24,30.01,74766.0,False,0.0,False,0.0,False,0.0,False,0.0,False,0.0,True,False,0.27,23.14,False,False,False,False,False,False,False,24.406,13.917721,1.3176345,813
MGLU3,MAGAZINE LUIZA S.A.,BR_STOCK,MGLU3,1.5,C,0.5,C,1.0,Fraco,4.71,4.58,7.09,7.56,89870097.73,False,0.0,False,0.0,False,0.0,False,0.0,False,0.0,False,False,0.69,5.27,False,False,False,False,False,False,False,0.796,44.0,0.33620453,814
C1MS34,C1MS34,BDR,CMS (BDR: C1MS34),1.5,C,0.5,C,0.0,Fraco,68.35,72.74,73.53,72.65,130262999.14,False,0.0,False,0.0,False,0.0,False,0.0,False,0.0,False,False,0.55,73.86,False,False,False,False,False,False,False,9.158,20.587349,2.2444422,815
N1IS34,N1IS34,BDR,NI (BDR: N1IS34),1.5,C,0.5,C,1.0,Fraco,40.96,44.76,45.61,44.6,152052978.36,False,0.0,False,0.0,False,0.0,False,0.0,False,0.0,False,False,0.7,45.02,False,False,False,False,False,False,False,8.5489996,21.787233,2.051282,816
P1PL34,P1PL34,BDR,TSCO (BDR: P1PL34),1.5,C,0.5,C,3.0,OK,34.7,31.98,38.64,41.86,264028974.61,False,0.0,False,0.0,False,0.0,False,0.0,False,0.0,False,False,0.87,36.64,False,False,False,False,False,False,False,39.513,18.072918,6.9054728,817
L1DO34,L1DO34,BDR,LDOS (BDR: L1DO34),1.5,C,0.5,C,3.0,OK,139.86,119.21,142.84,154.17,122630647.14,False,0.0,False,0.0,False,0.0,False,0.0,False,0.0,False,False,0.76,147.33,False,False,False,False,False,False,False,27.781,13.058824,3.321617,818
D2PZ34,D2PZ34,BDR,DPZ (BDR: D2PZ34),1.5,C,0.5,C,3.0,OK,332.05,327.91,348.23,363.74,261593587.34,False,0.0,False,0.0,False,0.0,False,0.0,False,0.0,False,False,1.08,372.16,False,False,False,False,False,False,False,0.0,18.82398,-2.7572906,819
B1SX34,B1SX34,BDR,BSX (BDR: B1SX34),1.5,C,0.5,C,5.0,Forte,46.67,46.54,59.04,68.42,757763212.35,False,0.0,False,0.0,False,0.0,False,0.0,False,0.0,False,False,0.77,52.99,False,False,False,False,False,False,False,15.338999000000001,18.894735,2.7083333,820
SCAR3,SAO CARLOS EMPREEND E PARTICIPACOES S.A.,BR_STOCK,SCAR3,1.5,C,0.5,C,1.0,Fraco,12.56,12.56,13.69,14.05,77872.0,False,0.0,False,0.0,False,0.0,False,0.0,False,0.0,False,False,0.22,13.5,False,False,False,False,False,False,False,-10.737000400000001,999.0,0.6946286,821
T1SC34,T1SC34,BDR,TSCO (BDR: T1SC34),1.5,C,0.5,C,3.0,OK,34.7,31.98,38.64,41.86,264028974.61,False,0.0,False,0.0,False,0.0,False,0.0,False,0.0,False,False,0.87,36.64,False,False,False,False,False,False,False,39.513,18.072918,6.9054728,822
V1MC34,V1MC34,BDR,VMC (BDR: V1MC34),1.5,C,0.5,C,3.0,OK,273.85,286.63,286.56,287.96,320044942.08,False,0.0,False,0.0,False,0.0,False,0.0,False,0.0,False,False,1.58,289.01,False,False,False,False,False,False,False,13.234000000000002,32.255596,4.186349,823
VIVT3,TELEFÔNICA BRASIL S.A,BR_STOCK,VIVT3,1.5,C,0.5,C,4.0,Forte,29.95,32.71,35.41,34.48,106108538.53,False,0.0,False,0.0,False,0.0,False,0.0,False,0.0,False,False,0.6,33.81,False,False,False,False,False,False,False,9.872,14.266991,1.3666589,824
BRFT11,BRFT11,ETF,BRFT11,1.5,C,0.5,C,0.0,Fraco,65.0,75.87,81.13,79.85,268645.0,False,0.0,False,0.0,False,0.0,False,0.0,False,0.0,False,False,1.46,78.35,False,False,False,False,False,False,False,0.0,999.0,999.0,825
VCRA11,VCRA11,ETF,VCRA11,1.5,C,0.5,C,0.0,Fraco,51.56,56.51,59.48,58.71,259810.85,False,0.0,False,0.0,False,0.0,False,0.0,False,0.0,False,False,0.5,57.44,False,False,False,False,False,False,False,0.0,999.0,999.0,826
S2TW34,S2TW34,BDR,STWD (BDR: S2TW34),1.5,C,0.5,C,1.0,Fraco,15.94,16.39,16.77,16.8,48639442.24,False,0.0,False,0.0,False,0.0,False,0.0,False,0.0,False,False,0.87,16.87,False,False,False,False,False,False,False,3.689,27.016949,0.8865899,827
AZTE3,AZEVEDO & TRAVASSOS ENERGIA S.A.,BR_STOCK,AZTE3,1.5,C,0.5,C,3.0,OK,1.49,1.46,2.47,2.85,3070145.02,False,0.0,False,0.0,False,0.0,False,0.0,False,0.0,False,False,1.09,1.98,False,False,False,False,False,False,False,-3.94,4.967742,0.21055509,828
C1PR34,C1PR34,BDR,CPRT (BDR: C1PR34),1.5,C,0.5,C,4.0,Forte,32.76,29.71,33.04,34.7,252748726.93,False,0.0,False,0.0,False,0.0,False,0.0,False,0.0,False,False,0.63,34.63,False,False,False,False,False,False,False,17.607,20.347824,3.45679,829
E1XC34,E1XC34,BDR,EXC (BDR: E1XC34),1.5,C,0.5,C,2.0,Fraco,43.96,46.07,46.18,45.55,232375720.28,False,0.0,False,0.0,False,0.0,False,0.0,False,0.0,False,False,1.03,46.71,False,False,False,False,False,False,False,9.711,16.161764,1.5279804,830
POMO3,MARCOPOLO S.A.,BR_STOCK,POMO3,1.5,C,0.5,C,4.0,Forte,4.11,4.69,5.41,5.36,11728707.38,False,0.0,False,0.0,False,0.0,False,0.0,False,0.0,False,False,1.57,4.84,False,False,False,False,False,False,False,28.32,4.2916665,1.206089,831
F1IS34,F1IS34,BDR,FISV (BDR: F1IS34),1.5,C,0.5,C,1.0,Fraco,52.58,51.58,56.28,58.62,214719901.88,False,0.0,False,0.0,False,0.0,False,0.0,False,0.0,False,False,0.73,56.63,False,False,False,False,False,False,False,0.0,10.072798,1.0377563,832
LJQQ3,LOJAS QUERO-QUERO S/A,BR_STOCK,LJQQ3,1.5,C,0.5,C,1.0,Fraco,1.22,1.19,1.69,1.83,2048868.05,False,0.0,False,0.0,False,0.0,False,0.0,False,0.0,False,False,0.6,1.34,False,False,False,False,False,False,False,-50.551,999.0,0.6029637,833
RENT4,LOCALIZA RENT A CAR S.A.,BR_STOCK,RENT4,1.5,C,0.5,C,2.0,Fraco,34.3,36.75,41.6,41.47,1845339.96,False,0.0,False,0.0,False,0.0,False,0.0,False,0.0,False,False,0.54,39.0,False,False,False,False,False,False,False,13.011000000000001,10.834921,1.3910173,834
CGRA4,GRAZZIOTIN S.A.,BR_STOCK,CGRA4,1.5,C,0.5,C,2.0,Fraco,22.36,24.21,24.77,24.74,53664.0,False,0.0,False,0.0,False,0.0,False,0.0,False,0.0,False,False,0.32,24.85,False,False,False,False,False,False,False,7.728,6.904908,0.56996,835
W1HR34,W1HR34,BDR,WHR (BDR: W1HR34),1.5,C,0.5,C,1.0,Fraco,39.75,39.37,52.13,57.91,67871376.0,False,0.0,False,0.0,False,0.0,False,0.0,False,0.0,False,False,0.9,47.1,False,False,False,False,False,False,False,5.933,13.075658,0.6831657,836
BAER39,ISHARES US AEROSPACE & DEFENSE ETF,BDR,BAER (BDR: BAER39),1.5,C,0.5,C,0.0,Fraco,1.15,1.67,2.03,2.01,695409.59,False,0.0,False,0.0,False,0.0,False,0.0,False,0.0,False,False,0.46,2.07,False,False,False,False,False,False,False,-32.422000000000004,999.0,-0.17440097,837
A2LC34,A2LC34,BDR,ALC (BDR: A2LC34),1.5,C,0.5,C,2.0,Fraco,72.23,69.68,72.97,74.4,51753519.71,False,0.0,False,0.0,False,0.0,False,0.0,False,0.0,False,False,0.57,76.2,False,False,False,False,False,False,False,2.9409999,55.13741,1.6168604,838
P1UK34,P1UK34,BDR,PUK (BDR: P1UK34),1.5,C,0.5,C,5.0,Forte,27.73,28.13,29.29,29.39,54959444.86,False,0.0,False,0.0,False,0.0,False,0.0,False,0.0,False,False,1.95,31.0,False,False,False,False,False,False,False,20.577998,9.764085,6.9796124,839
RAPT4,RANDONCORP S.A.,BR_STOCK,RAPT4,1.5,C,0.5,C,1.0,Fraco,4.76,4.72,5.32,5.51,6378400.31,False,0.0,False,0.0,False,0.0,False,0.0,False,0.0,False,False,0.59,5.24,False,False,False,False,False,False,False,-1.442,999.0,0.5407225,840
SAPR11,CIA SANEAMENTO DO PARANA - SANEPAR,BR_STOCK,SAPR11,1.5,C,0.5,C,2.0,Fraco,33.26,35.64,40.16,39.62,55554175.2,False,0.0,False,0.0,False,0.0,False,0.0,False,0.0,False,False,0.97,36.76,False,False,False,False,False,False,False,3.8120000000000003,41.236095,0.8330212,841
AMER3,AMERICANAS S.A,BR_STOCK,AMER3,1.5,C,0.5,C,1.0,Fraco,4.8,4.13,5.01,5.14,10644960.42,False,0.0,False,0.0,False,0.0,False,0.0,False,0.0,False,False,1.36,4.9,False,False,False,False,False,False,False,0.0,3.1948054,0.23710844,842
SAPR4,CIA SANEAMENTO DO PARANA - SANEPAR,BR_STOCK,SAPR4,1.5,C,0.5,C,2.0,Fraco,6.53,6.93,7.74,7.66,7563699.24,False,0.0,False,0.0,False,0.0,False,0.0,False,0.0,False,False,0.7,7.18,False,False,False,False,False,False,False,3.8120000000000003,23.464287,0.16081657,843
AZUL3,AZUL S.A.,BR_STOCK,AZUL3,1.5,C,0.5,C,1.0,Fraco,18.9,21.94,1449187.27,1393090.49,1271969.97,False,0.0,False,0.0,False,0.0,False,0.0,False,0.0,False,False,0.69,22.8,False,False,False,False,False,False,False,0.0,999.0,-1.3619789,844
BRKM5,BRASKEM S.A.,BR_STOCK,BRKM5,1.5,C,0.5,C,1.0,Fraco,3.52,6.0,8.69,8.46,78774783.57,False,0.0,False,0.0,False,0.0,False,0.0,False,0.0,False,False,2.02,6.27,False,False,False,False,False,False,False,0.0,999.0,-0.2672239,845
ALLD3,ALLIED TECNOLOGIA S.A.,BR_STOCK,ALLD3,1.5,C,0.5,C,5.0,Forte,5.2,4.75,6.12,6.53,2363399.91,False,0.0,False,0.0,False,0.0,False,0.0,False,0.0,False,False,0.73,5.51,False,False,False,False,False,False,False,23.627001,1.3891891,0.31333822,846
COGN3,COGNA EDUCAÇÃO S.A.,BR_STOCK,COGN3,1.5,C,0.5,C,4.0,Forte,2.23,2.22,2.82,2.94,65591882.56,False,0.0,False,0.0,False,0.0,False,0.0,False,0.0,False,False,0.98,2.39,False,False,False,False,False,False,False,4.926,6.194444,0.32469425,847
AZEV4,AZEVEDO E TRAVASSOS S.A.,BR_STOCK,AZEV4,1.5,C,0.5,C,2.0,Fraco,1.77,1.63,2.69,3.21,13855913.85,False,0.0,False,0.0,False,0.0,False,0.0,False,0.0,False,False,1.01,2.82,False,False,False,False,False,False,False,-111.209,999.0,0.49435788,848
LREN3,LOJAS RENNER S.A.,BR_STOCK,LREN3,1.5,C,0.5,C,4.0,Forte,10.8,13.23,14.15,14.04,203402883.59,False,0.0,False,0.0,False,0.0,False,0.0,False,0.0,False,False,1.01,14.17,False,False,False,False,False,False,False,14.456000999999999,7.0866666,0.9856282,849
W1SO34,W1SO34,BDR,WSO (BDR: W1SO34),1.5,C,0.5,C,3.0,OK,313.05,355.24,380.03,370.91,203886952.65,False,0.0,False,0.0,False,0.0,False,0.0,False,0.0,False,False,1.45,336.44,False,False,False,False,False,False,False,16.744,26.848198,4.034253,850
I1PG34,I1PG34,BDR,IPGP (BDR: I1PG34),1.5,C,0.5,C,2.0,Fraco,77.25,95.05,109.24,101.56,43187153.25,False,0.0,False,0.0,False,0.0,False,0.0,False,0.0,False,False,0.79,99.95,False,False,False,False,False,False,False,1.302,118.84616,1.5446292,851
C2HP34,C2HP34,BDR,CHPT (BDR: C2HP34),1.5,C,0.5,C,1.0,Fraco,5.83,5.96,6.13,6.55,1597472.45,False,0.0,False,0.0,False,0.0,False,0.0,False,0.0,False,False,0.86,6.55,False,False,False,False,False,False,False,-376.815,999.0,-16.609686,852
T1LK34,T1LK34,BDR,TLK (BDR: T1LK34),1.5,C,0.5,C,5.0,Forte,14.54,14.49,16.19,17.08,6026495.56,False,0.0,False,0.0,False,0.0,False,0.0,False,0.0,False,False,0.76,15.38,False,False,False,False,False,False,False,17.683001,14.54,999.0,853
I1FO34,I1FO34,BDR,INFY (BDR: I1FO34),1.5,C,0.5,C,5.0,Forte,11.9,11.55,12.86,14.03,210769437.44,False,0.0,False,0.0,False,0.0,False,0.0,False,0.0,False,False,1.23,12.72,False,False,False,False,False,False,False,32.0,14.691358,10.021052,854
MOSC34,MOSC34,BDR,MOS (BDR: MOSC34),1.5,C,0.5,C,1.0,Fraco,23.76,22.36,24.19,24.26,134493148.66,False,0.0,False,0.0,False,0.0,False,0.0,False,0.0,False,False,0.65,25.2,False,False,False,False,False,False,False,-5.0729999999999995,999.0,0.6588653,855
U2PW34,U2PW34,BDR,UPWK (BDR: U2PW34),1.5,C,0.5,C,3.0,OK,8.92,8.85,10.89,13.1,24416653.77,False,0.0,False,0.0,False,0.0,False,0.0,False,0.0,False,False,0.99,9.91,False,False,False,False,False,False,False,16.695,11.435898,1.9751993,856
RADL3,RAIA DROGASIL S.A.,BR_STOCK,RADL3,1.5,C,0.5,C,3.0,OK,19.31,18.03,20.88,21.38,186246875.85,False,0.0,False,0.0,False,0.0,False,0.0,False,0.0,False,False,0.91,20.84,False,False,False,False,False,False,False,19.993,22.823528,4.652278,857
BBAS3,BCO BRASIL S.A.,BR_STOCK,BBAS3,1.5,C,0.5,C,2.0,Fraco,19.52,19.9,21.97,21.86,713442352.73,False,0.0,False,0.0,False,0.0,False,0.0,False,0.0,False,False,0.92,21.59,False,False,False,False,False,False,False,10.5459996,9.288371,0.62647045,858
A2SO34,A2SO34,BDR,ASO (BDR: A2SO34),1.5,C,0.5,C,5.0,Forte,42.63,47.67,52.65,52.18,84117560.74,False,0.0,False,0.0,False,0.0,False,0.0,False,0.0,False,False,0.99,50.71,False,False,False,False,False,False,False,18.847998999999998,7.5318027,1.276462,859
RGTI34,RGTI34,BDR,RGTI (BDR: RGTI34),1.5,C,0.5,C,2.0,Fraco,16.44,17.04,17.78,19.67,248198896.7,False,0.0,False,0.0,False,0.0,False,0.0,False,0.0,False,False,0.87,19.36,False,False,False,False,False,False,False,-43.765,999.0,10.204843,860
CHCM34,CHCM34,BDR,CHTR (BDR: CHCM34),1.5,C,0.5,C,3.0,OK,148.32,140.51,177.18,183.81,295896338.13,False,0.0,False,0.0,False,0.0,False,0.0,False,0.0,False,False,0.64,159.29,False,False,False,False,False,False,False,27.201998,3.859485,1.0436106,861
M1CB34,M1CB34,BDR,TAP (BDR: M1CB34),1.5,C,0.5,C,1.0,Fraco,41.66,40.99,42.91,43.66,99421464.66,False,0.0,False,0.0,False,0.0,False,0.0,False,0.0,False,False,1.03,44.5,False,False,False,False,False,False,False,-19.466,999.0,0.7694296,862
S2RE34,S2RE34,BDR,ASR (BDR: S2RE34),1.5,C,0.5,C,5.0,Forte,260.05,280.42,309.1,308.9,8844300.08,False,0.0,False,0.0,False,0.0,False,0.0,False,0.0,False,False,0.79,285.08,False,False,False,False,False,False,False,22.775999,13.516111,3.1840901,863
QUAL3,QUALICORP CONSULTORIA E CORRETORA DE SEGUROS S.A.,BR_STOCK,QUAL3,1.5,C,0.5,C,2.0,Fraco,1.64,1.64,1.87,1.97,3881879.97,False,0.0,False,0.0,False,0.0,False,0.0,False,0.0,False,False,0.83,1.73,False,False,False,False,False,False,False,2.096,22.285713,0.340537,864
POMO4,MARCOPOLO S.A.,BR_STOCK,POMO4,1.5,C,0.5,C,4.0,Forte,4.41,5.04,5.72,5.69,99086081.57,False,0.0,False,0.0,False,0.0,False,0.0,False,0.0,False,False,1.61,5.22,False,False,False,False,False,False,False,28.32,4.6875,1.3173302,865
INTU34,INTU34,BDR,INTU (BDR: INTU34),1.5,C,0.5,C,3.0,OK,348.0,305.09,366.45,433.72,1651226940.0,False,0.0,False,0.0,False,0.0,False,0.0,False,0.0,False,False,0.99,372.98,False,False,False,False,False,False,False,23.596,21.142164,4.626737,866
R2HH34,R2HH34,BDR,RH (BDR: R2HH34),1.5,C,0.5,C,0.0,Fraco,144.8,168.81,157.93,162.86,97440410.85,False,0.0,False,0.0,False,0.0,False,0.0,False,0.0,False,False,1.01,200.99,False,False,False,False,False,False,False,0.0,27.899807,48.074368,867
C1GP34,C1GP34,BDR,CSGP (BDR: C1GP34),1.5,C,0.5,C,3.0,OK,31.34,30.06,37.7,44.82,169986625.17,False,0.0,False,0.0,False,0.0,False,0.0,False,0.0,False,False,0.99,33.82,False,False,False,False,False,False,False,0.894,174.1111,1.5993876,868
B1AM34,B1AM34,BDR,BN (BDR: B1AM34),1.5,C,0.5,C,2.0,Fraco,41.43,43.09,43.79,44.33,109937323.05,False,0.0,False,0.0,False,0.0,False,0.0,False,0.0,False,False,0.74,45.62,False,False,False,False,False,False,False,2.26,76.72222,2.177661,869
HOME34,HOME34,BDR,HD (BDR: HOME34),1.5,C,0.5,C,3.0,OK,328.61,340.43,339.33,342.23,1014725289.29,False,0.0,False,0.0,False,0.0,False,0.0,False,0.0,False,False,0.77,358.36,False,False,False,False,False,False,False,104.29599,22.97972,19.736336,870
H1HH34,H1HH34,BDR,HHH (BDR: H1HH34),1.5,C,0.5,C,2.0,Fraco,64.92,68.4,68.39,72.21,35783253.79,False,0.0,False,0.0,False,0.0,False,0.0,False,0.0,False,False,1.34,69.64,False,False,False,False,False,False,False,7.4910000000000005,12.830039,0.96972233,871
RENT3,LOCALIZA RENT A CAR S.A.,BR_STOCK,RENT3,1.5,C,0.5,C,2.0,Fraco,35.4,37.99,43.21,43.05,485072060.91,False,0.0,False,0.0,False,0.0,False,0.0,False,0.0,False,False,1.3,40.19,False,False,False,False,False,False,False,13.011000000000001,11.130158,1.4289209,872
QUBT34,QUBT34,BDR,QUBT (BDR: QUBT34),1.5,C,0.5,C,2.0,Fraco,8.65,8.74,8.94,9.61,64491326.41,False,0.0,False,0.0,False,0.0,False,0.0,False,0.0,False,False,0.94,9.35,False,False,False,False,False,False,False,-1.5070000000000001,999.0,1.2297412,873
ALUP3,ALUPAR INVESTIMENTO S/A,BR_STOCK,ALUP3,1.5,C,0.5,C,4.0,Forte,10.88,11.45,12.18,12.08,399296.0,False,0.0,False,0.0,False,0.0,False,0.0,False,0.0,False,False,2.69,11.89,False,False,False,False,False,False,False,15.841,12.928572,1.1139604,874
M1NS34,M1NS34,BDR,MNST (BDR: M1NS34),1.5,C,0.5,C,4.0,Forte,46.7,77.9,79.83,78.68,341863853.09,False,0.0,False,0.0,False,0.0,False,0.0,False,0.0,False,False,0.71,97.73,False,False,False,False,False,False,False,25.704,43.240738,9.769875,875
ETER3,ETERNIT S.A.,BR_STOCK,ETER3,1.5,C,0.5,C,3.0,OK,3.66,3.69,3.8,3.82,193980.0,False,0.0,False,0.0,False,0.0,False,0.0,False,0.0,False,False,0.46,3.93,False,False,False,False,False,False,False,3.422,7.5714283,0.27139723,876
MNPR3,MINUPAR PARTICIPACOES S.A.,BR_STOCK,MNPR3,1.5,C,0.5,C,4.0,Forte,3.92,3.98,4.04,4.18,125440.0,False,0.0,False,0.0,False,0.0,False,0.0,False,0.0,False,False,2.74,4.25,False,False,False,False,False,False,False,23.339,6.47541,1.4799551,877
CRIP34,CRIP34,BDR,TCOM (BDR: CRIP34),1.5,C,0.5,C,4.0,Forte,44.61,44.26,49.81,55.14,91551409.07,False,0.0,False,0.0,False,0.0,False,0.0,False,0.0,False,False,1.02,47.48,False,False,False,False,False,False,False,20.143999,6.628529,1.1837022,878
MOVI3,MOVIDA PARTICIPACOES SA,BR_STOCK,MOVI3,1.5,C,0.5,C,3.0,OK,7.19,8.2,10.71,10.53,37622394.3,False,0.0,False,0.0,False,0.0,False,0.0,False,0.0,False,False,1.05,8.09,False,False,False,False,False,False,False,13.204001000000002,5.9586773,0.7410834,879
AURE3,AUREN ENERGIA S.A.,BR_STOCK,AURE3,1.5,C,0.5,C,1.0,Fraco,10.85,11.23,11.96,11.94,44279936.56,False,0.0,False,0.0,False,0.0,False,0.0,False,0.0,False,False,1.42,11.57,False,False,False,False,False,False,False,-7.6799995999999995,999.0,0.9858388,880
TIMS3,TIM S.A.,BR_STOCK,TIMS3,1.5,C,0.5,C,5.0,Forte,18.74,20.71,23.58,23.31,121305892.52,False,0.0,False,0.0,False,0.0,False,0.0,False,0.0,False,False,0.86,20.31,False,False,False,False,False,False,False,17.254,10.183333,1.7930158,881
U2PS34,U2PS34,BDR,UPST (BDR: U2PS34),1.5,C,0.5,C,2.0,Fraco,30.46,30.71,30.85,34.35,86554615.58,False,0.0,False,0.0,False,0.0,False,0.0,False,0.0,False,False,0.66,34.69,False,False,False,False,False,False,False,7.941,58.576923,3.7164469,882
Z2LL34,Z2LL34,BDR,Z (BDR: Z2LL34),1.5,C,0.5,C,2.0,Fraco,35.43,33.31,40.45,47.9,153575304.48,False,0.0,False,0.0,False,0.0,False,0.0,False,0.0,False,False,1.34,37.58,False,False,False,False,False,False,False,1.2150001000000001,154.04347,1.8413805,883
GRND3,GRENDENE S.A.,BR_STOCK,GRND3,1.5,C,0.5,C,3.0,OK,3.48,3.64,4.1,4.07,6878916.04,False,0.0,False,0.0,False,0.0,False,0.0,False,0.0,False,False,0.55,3.73,False,False,False,False,False,False,False,17.924,5.453125,0.99828374,884
VFCO34,VFCO34,BDR,VFC (BDR: VFCO34),1.5,C,0.5,C,2.0,Fraco,13.64,15.88,17.44,17.51,60628219.29,False,0.0,False,0.0,False,0.0,False,0.0,False,0.0,False,False,0.78,15.42,False,False,False,False,False,False,False,22.092,19.768116,1.4427755,885
RNEW4,RENOVA ENERGIA S.A.,BR_STOCK,RNEW4,1.5,C,0.5,C,1.0,Fraco,0.78,0.8,0.95,0.94,53196.0,False,0.0,False,0.0,False,0.0,False,0.0,False,0.0,False,False,1.32,0.87,False,False,False,False,False,False,False,-11.82,999.0,0.24911031,886
ORLY34,ORLY34,BDR,ORLY (BDR: ORLY34),1.5,C,0.5,C,2.0,Fraco,87.83,88.92,91.42,92.49,357584043.05,False,0.0,False,0.0,False,0.0,False,0.0,False,0.0,False,False,0.9,94.12,False,False,False,False,False,False,False,0.0,27.88254,-39.052914,887
S1RE34,S1RE34,BDR,SRE (BDR: S1RE34),1.5,C,0.5,C,2.0,Fraco,84.75,89.67,91.11,90.42,214789722.0,False,0.0,False,0.0,False,0.0,False,0.0,False,0.0,False,False,0.71,89.98,False,False,False,False,False,False,False,6.679,24.565218,1.6951357,888
N1RG34,N1RG34,BDR,NRG (BDR: N1RG34),0.5,C,0.5,C,2.0,Fraco,114.41,130.39,143.59,147.37,231463793.69,False,0.0,False,0.0,False,0.0,False,0.0,False,0.0,False,False,0.82,140.72,False,False,False,False,False,False,False,23.772,29.794273,5.722217,889
Q2SC34,Q2SC34,BDR,QS (BDR: Q2SC34),0.5,C,0.5,C,1.0,Fraco,5.9,6.24,7.11,8.28,110833230.49,False,0.0,False,0.0,False,0.0,False,0.0,False,0.0,False,False,1.06,6.53,False,False,False,False,False,False,False,-39.075002,999.0,3.4849381,890
AZZA3,AZZAS 2154 S.A.,BR_STOCK,AZZA3,0.5,C,0.5,C,2.0,Fraco,14.89,17.09,21.14,22.12,41815587.96,False,0.0,False,0.0,False,0.0,False,0.0,False,0.0,False,False,0.92,17.25,False,False,False,False,False,False,False,3.9579999999999997,2.963928,0.3718977,891
SBFG3,GRUPO SBF SA,BR_STOCK,SBFG3,0.5,C,0.5,C,4.0,Forte,8.31,9.5,10.96,11.43,12262236.62,False,0.0,False,0.0,False,0.0,False,0.0,False,0.0,False,False,0.63,9.83,False,False,False,False,False,False,False,13.703999999999999,4.627778,0.56158566,892
TTEN3,TRÊS TENTOS AGROINDUSTRIAL S/A,BR_STOCK,TTEN3,0.5,C,0.5,C,1.0,Fraco,11.16,13.38,15.08,15.29,19033379.74,False,0.0,False,0.0,False,0.0,False,0.0,False,0.0,False,False,0.62,12.93,False,False,False,False,False,False,False,12.1350005,999.0,1.1246625,893
PTBL3,PBG S/A,BR_STOCK,PTBL3,0.5,C,0.5,C,0.0,Fraco,1.38,1.62,2.31,2.56,1515929.99,False,0.0,False,0.0,False,0.0,False,0.0,False,0.0,False,False,1.61,1.8,False,False,False,False,False,False,False,-440.308,999.0,-1.9945726,894
R1OL34,R1OL34,BDR,ROL (BDR: R1OL34),0.5,C,0.5,C,4.0,Forte,35.94,40.37,50.14,52.51,98347577.96,False,0.0,False,0.0,False,0.0,False,0.0,False,0.0,False,False,0.64,38.38,False,False,False,False,False,False,False,37.008998,32.672726,12.096937,895
TFCO4,TRACK & FIELD CO S.A.,BR_STOCK,TFCO4,0.5,C,0.5,C,5.0,Forte,12.82,14.33,15.27,15.52,12845639.69,False,0.0,False,0.0,False,0.0,False,0.0,False,0.0,False,False,1.37,15.2,False,False,False,False,False,False,False,25.722,13.563829,3.1575036,896
EVEN3,EVEN CONSTRUTORA E INCORPORADORA S.A.,BR_STOCK,EVEN3,0.5,C,0.5,C,2.0,Fraco,4.51,5.02,6.16,6.5,2493579.13,False,0.0,False,0.0,False,0.0,False,0.0,False,0.0,False,False,0.46,5.02,False,False,False,False,False,False,False,11.129999999999999,3.5853658,0.45468602,897
FESA4,CIA FERRO LIGAS DA BAHIA - FERBASA,BR_STOCK,FESA4,0.5,C,0.5,C,2.0,Fraco,5.2,5.72,6.88,6.91,13321359.51,False,0.0,False,0.0,False,0.0,False,0.0,False,0.0,False,False,1.74,6.21,False,False,False,False,False,False,False,4.439,12.853659,0.5441404,898
F1NI34,F1NI34,BDR,FIS (BDR: F1NI34),0.5,C,0.5,C,3.0,OK,40.55,41.51,44.84,49.63,167810373.19,False,0.0,False,0.0,False,0.0,False,0.0,False,0.0,False,False,0.8,46.42,False,False,False,False,False,False,False,22.348000000000003,6.2288785,1.3046556,899
P2OD34,P2OD34,BDR,PODD (BDR: P2OD34),0.5,C,0.5,C,4.0,Forte,143.41,154.05,186.76,215.64,191902949.12,False,0.0,False,0.0,False,0.0,False,0.0,False,0.0,False,False,0.95,172.11,False,False,False,False,False,False,False,26.016000000000002,26.906193,6.993222,900
S1NN34,S1NN34,BDR,SNN (BDR: S1NN34),0.5,C,0.5,C,4.0,Forte,29.13,30.24,31.72,31.91,32223634.2,False,0.0,False,0.0,False,0.0,False,0.0,False,0.0,False,False,0.87,32.92,False,False,False,False,False,False,False,11.851,19.816326,11.965987,901
T1MU34,T1MU34,BDR,TMUS (BDR: T1MU34),0.5,C,0.5,C,4.0,Forte,177.75,181.2,192.62,194.31,696773423.25,False,0.0,False,0.0,False,0.0,False,0.0,False,0.0,False,False,1.02,187.48,False,False,False,False,False,False,False,17.994,18.593096,3.3955452,902
CEAB3,CEA MODAS S.A.,BR_STOCK,CEAB3,0.5,C,0.5,C,4.0,Forte,7.85,9.47,11.09,11.76,69437959.16,False,0.0,False,0.0,False,0.0,False,0.0,False,0.0,False,False,0.85,10.01,False,False,False,False,False,False,False,15.493000000000002,4.376344,0.64215845,903
R1YA34,R1YA34,BDR,RYAAY (BDR: R1YA34),0.5,C,0.5,C,4.0,Forte,55.45,60.68,61.1,62.82,81532627.57,False,0.0,False,0.0,False,0.0,False,0.0,False,0.0,False,False,1.15,61.73,False,False,False,False,False,False,False,22.408001,13.297362,2.603173,904
RAIZ4,RAIZEN S.A.,BR_STOCK,RAIZ4,0.5,C,0.5,C,1.0,Fraco,0.23,0.31,0.48,0.57,1366361.02,False,0.0,False,0.0,False,0.0,False,0.0,False,0.0,False,False,0.39,0.31,False,False,False,False,False,False,False,-839.7500000000001,999.0,-0.21316034,905
M2PT34,M2PT34,BDR,MPT (BDR: M2PT34),0.5,C,0.5,C,1.0,Fraco,4.03,4.49,4.82,4.86,26074181.96,False,0.0,False,0.0,False,0.0,False,0.0,False,0.0,False,False,0.9,4.78,False,False,False,False,False,False,False,-0.622,999.0,0.5346246,906
H1DB34,H1DB34,BDR,HDB (BDR: H1DB34),0.5,C,0.5,C,3.0,OK,22.46,24.5,26.54,28.74,275716253.56,False,0.0,False,0.0,False,0.0,False,0.0,False,0.0,False,False,1.43,24.4,False,False,False,False,False,False,False,13.838000000000001,15.706294,9.097776,907
AZOI34,AZOI34,BDR,AZO (BDR: AZOI34),0.5,C,0.5,C,2.0,Fraco,2932.33,3045.57,3340.73,3406.45,619997210.07,False,0.0,False,0.0,False,0.0,False,0.0,False,0.0,False,False,0.79,3160.0,False,False,False,False,False,False,False,0.0,20.1604,-17.237745,908
SYNE3,SYN PROP E TECH S.A.,BR_STOCK,SYNE3,0.5,C,0.5,C,3.0,OK,3.6,4.0,4.19,4.34,803879.98,False,0.0,False,0.0,False,0.0,False,0.0,False,0.0,False,False,0.5,4.12,False,False,False,False,False,False,False,4.381,10.166666,0.80634505,909
AERI3,AERIS IND. E COM. DE EQUIP. GERACAO DE ENERGIA S/A,BR_STOCK,AERI3,0.5,C,0.5,C,0.0,Fraco,2.02,2.12,2.47,2.77,106454.0,False,0.0,False,0.0,False,0.0,False,0.0,False,0.0,False,False,0.74,2.4,False,False,False,False,False,False,False,0.0,999.0,-0.1807282,910
X1YL34,X1YL34,BDR,XYL (BDR: X1YL34),0.5,C,0.5,C,3.0,OK,112.65,117.57,119.62,124.41,237111693.66,False,0.0,False,0.0,False,0.0,False,0.0,False,0.0,False,False,1.31,123.53,False,False,False,False,False,False,False,9.182999,26.82143,2.3901973,911
D2KS34,D2KS34,BDR,DKS (BDR: D2KS34),0.5,C,0.5,C,3.0,OK,131.77,206.98,207.94,208.21,887583510.36,False,0.0,False,0.0,False,0.0,False,0.0,False,0.0,False,False,0.96,216.02,False,False,False,False,False,False,False,18.475,14.54415,2.044277,912
T1EL34,T1EL34,BDR,TEL (BDR: T1EL34),0.5,C,0.5,C,5.0,Forte,203.0,205.02,210.95,215.65,355294051.0,False,0.0,False,0.0,False,0.0,False,0.0,False,0.0,False,False,0.88,221.12,False,False,False,False,False,False,False,23.290001,19.882467,4.4434714,913
L1EN34,L1EN34,BDR,LEN (BDR: L1EN34),0.5,C,0.5,C,2.0,Fraco,85.11,86.22,92.91,98.52,173801089.61,False,0.0,False,0.0,False,0.0,False,0.0,False,0.0,False,False,0.85,89.65,False,False,False,False,False,False,False,7.367999999999999,13.340125,0.9482903,914
PLPL3,PLANO & PLANO DESENVOLVIMENTO IMOBILIÁRIO S.A.,BR_STOCK,PLPL3,0.5,C,0.5,C,3.0,OK,7.12,7.59,10.94,11.8,14931351.76,False,0.0,False,0.0,False,0.0,False,0.0,False,0.0,False,False,1.71,7.56,False,False,False,False,False,False,False,31.768,4.763158,1.4356533,915
I1QY34,I1QY34,BDR,IQ (BDR: I1QY34),0.5,C,0.5,C,0.0,Fraco,0.92,1.16,1.32,1.5,18920911.13,False,0.0,False,0.0,False,0.0,False,0.0,False,0.0,False,False,2.73,1.39,False,False,False,False,False,False,False,-6.7329995,999.0,0.45134842,916
ECOR3,ECORODOVIAS INFRAESTRUTURA E LOGÍSTICA S.A.,BR_STOCK,ECOR3,0.5,C,0.5,C,2.0,Fraco,6.95,6.95,8.31,8.7,29796039.18,False,0.0,False,0.0,False,0.0,False,0.0,False,0.0,False,False,0.84,7.32,False,False,False,False,False,False,False,12.307,8.810126,1.1768684,917
ARTE11,ARTE11,ETF,ARTE11,0.5,C,0.5,C,0.0,Fraco,6.8,7.23,7.89,7.89,58418.8,False,0.0,False,0.0,False,0.0,False,0.0,False,0.0,False,False,3.22,7.78,False,False,False,False,False,False,False,0.0,999.0,999.0,918
RSUL4,METALURGICA RIOSULENSE S.A.,BR_STOCK,RSUL4,0.5,C,0.5,C,3.0,OK,39.51,46.86,58.09,59.86,130382.99,False,0.0,False,0.0,False,0.0,False,0.0,False,0.0,False,False,0.79,43.74,False,False,False,False,False,False,False,22.056,3.9194028,0.8323472,919
AALR3,ALLIANÇA SAÚDE E PARTICIPAÇÕES S.A.,BR_STOCK,AALR3,0.5,C,0.5,C,0.0,Fraco,2.96,3.14,3.57,3.86,173752.0,False,0.0,False,0.0,False,0.0,False,0.0,False,0.0,False,False,1.59,3.38,False,False,False,False,False,False,False,-307.42699999999996,999.0,-1.6245884,920
W1BO34,W1BO34,BDR,WB (BDR: W1BO34),0.5,C,0.5,C,3.0,OK,6.98,7.61,8.3,8.64,5778637.32,False,0.0,False,0.0,False,0.0,False,0.0,False,0.0,False,False,0.52,8.29,False,False,False,False,False,False,False,8.517,5.7685947,0.4327877,921
L1MN34,L1MN34,BDR,LUMN (BDR: L1MN34),0.5,C,0.5,C,0.0,Fraco,6.14,6.67,7.68,7.81,61719444.44,False,0.0,False,0.0,False,0.0,False,0.0,False,0.0,False,False,0.91,6.87,False,False,False,False,False,False,False,0.0,999.0,-4.2520776,922
B1IL34,B1IL34,BDR,BILI (BDR: B1IL34),0.5,C,0.5,C,2.0,Fraco,16.76,17.6,22.13,23.31,112691576.44,False,0.0,False,0.0,False,0.0,False,0.0,False,0.0,False,False,2.42,19.47,False,False,False,False,False,False,False,9.361,33.53,3.0213797,923
F1MC34,F1MC34,BDR,FMC (BDR: F1MC34),0.5,C,0.5,C,0.0,Fraco,10.66,10.98,13.32,13.42,27742905.44,False,0.0,False,0.0,False,0.0,False,0.0,False,0.0,False,False,1.02,11.85,False,False,False,False,False,False,False,-88.376,999.0,0.81554586,924
A1IV34,A1IV34,BDR,AIV (BDR: A1IV34),0.5,C,0.5,C,0.0,Fraco,2.51,2.73,2.88,2.91,2678262.86,False,0.0,False,0.0,False,0.0,False,0.0,False,0.0,False,False,1.22,2.74,False,False,False,False,False,False,False,9.6499994,22.818182,0.9721146,925
GFSA3,GAFISA S.A.,BR_STOCK,GFSA3,0.5,C,0.5,C,0.0,Fraco,0.21,0.55,1.51,2.41,668324.98,False,0.0,False,0.0,False,0.0,False,0.0,False,0.0,False,False,1.42,0.31,False,False,False,False,False,False,False,-34.651002,999.0,0.0035175236,926
ESPA3,MPM CORPÓREOS S.A.,BR_STOCK,ESPA3,0.5,C,0.5,C,1.0,Fraco,7.03,7.37,9.1,9.35,113886.0,False,0.0,False,0.0,False,0.0,False,0.0,False,0.0,False,False,0.11,8.2,False,False,False,False,False,False,False,0.56800004,34.899998,0.28897905,927
IFCM3,INFRACOMMERCE CXAAS S.A.,BR_STOCK,IFCM3,0.5,C,0.5,C,0.0,Fraco,1.77,2.02,3.17,4.24,97881.0,False,0.0,False,0.0,False,0.0,False,0.0,False,0.0,False,False,0.67,2.35,False,False,False,False,False,False,False,0.0,999.0,0.3058945,928
CSUD3,CSU DIGITAL S.A.,BR_STOCK,CSUD3,0.5,C,0.5,C,4.0,Forte,13.43,14.23,16.55,16.67,885037.02,False,0.0,False,0.0,False,0.0,False,0.0,False,0.0,False,False,1.08,14.79,False,False,False,False,False,False,False,19.944,5.7521005,1.152648,929
SIMH3,SIMPAR S.A.,BR_STOCK,SIMH3,0.5,C,0.5,C,1.0,Fraco,6.46,7.28,9.76,10.07,14015616.08,False,0.0,False,0.0,False,0.0,False,0.0,False,0.0,False,False,0.78,7.9,False,False,False,False,False,False,False,-0.23100001,999.0,0.6550306,930
VULC3,VULCABRAS S.A.,BR_STOCK,VULC3,0.5,C,0.5,C,4.0,Forte,13.37,14.02,15.81,16.71,21147328.82,False,0.0,False,0.0,False,0.0,False,0.0,False,0.0,False,False,1.25,14.46,False,False,False,False,False,False,False,37.129003,4.427632,1.6871396,931
VVEO3,CM HOSPITALAR S.A.,BR_STOCK,VVEO3,0.5,C,0.5,C,2.0,Fraco,0.67,0.71,1.17,1.25,494527.01,False,0.0,False,0.0,False,0.0,False,0.0,False,0.0,False,False,0.95,0.74,False,False,False,False,False,False,False,3.1510000000000002,4.0,0.12090681,932
I1DX34,I1DX34,BDR,IDXX (BDR: I1DX34),0.5,C,0.5,C,4.0,Forte,545.08,558.92,580.5,611.82,179622943.43,False,0.0,False,0.0,False,0.0,False,0.0,False,0.0,False,False,0.66,624.15,False,False,False,False,False,False,False,74.211,38.33193,26.660799,933
I1SR34,I1SR34,BDR,ISRG (BDR: I1SR34),0.5,C,0.5,C,3.0,OK,367.07,384.8,438.29,469.58,655961444.49,False,0.0,False,0.0,False,0.0,False,0.0,False,0.0,False,False,0.81,405.34,False,False,False,False,False,False,False,17.423001,42.191956,7.1500645,934
PGMN3,EMPREENDIMENTOS PAGUE MENOS S.A.,BR_STOCK,PGMN3,0.5,C,0.5,C,3.0,OK,3.45,3.48,4.98,5.13,10664985.15,False,0.0,False,0.0,False,0.0,False,0.0,False,0.0,False,False,0.87,3.69,False,False,False,False,False,False,False,10.585,6.86,0.7227139,935
N1CL34,N1CL34,BDR,NCLH (BDR: N1CL34),0.5,C,0.5,C,4.0,Forte,16.65,19.31,19.65,19.93,222514374.45,False,0.0,False,0.0,False,0.0,False,0.0,False,0.0,False,False,0.96,20.61,False,False,False,False,False,False,False,36.730000000000004,10.090909,2.9716222,936
APTV34,APTV34,BDR,APTV (BDR: APTV34),0.5,C,0.5,C,2.0,Fraco,45.44,55.26,63.66,67.42,216989852.64,False,0.0,False,0.0,False,0.0,False,0.0,False,0.0,False,False,1.38,58.72,False,False,False,False,False,False,False,5.158,20.561085,1.0816987,937
BSLI3,BRB BCO DE BRASILIA S.A.,BR_STOCK,BSLI3,0.5,C,0.5,C,4.0,Forte,2.67,2.96,3.84,4.69,86508.0,False,0.0,False,0.0,False,0.0,False,0.0,False,0.0,False,False,0.8,3.03,False,False,False,False,False,False,False,25.134,1.3267328,0.3269888,938
VSTE3,VESTE S.A. ESTILO,BR_STOCK,VSTE3,0.5,C,0.5,C,1.0,Fraco,2.42,3.01,3.51,3.68,93896.0,False,0.0,False,0.0,False,0.0,False,0.0,False,0.0,False,False,0.63,3.15,False,False,False,False,False,False,False,0.0,6.0731707,0.26433122,939
CRPG5,TRONOX PIGMENTOS DO BRASIL S.A.,BR_STOCK,CRPG5,0.5,C,0.5,C,2.0,Fraco,9.5,12.2,15.89,16.72,134900.0,False,0.0,False,0.0,False,0.0,False,0.0,False,0.0,False,False,1.59,12.15,False,False,False,False,False,False,False,-21.663,999.0,0.5152041,940
BSLI4,BRB BCO DE BRASILIA S.A.,BR_STOCK,BSLI4,0.5,C,0.5,C,4.0,Forte,2.72,2.99,3.9,4.81,126480.0,False,0.0,False,0.0,False,0.0,False,0.0,False,0.0,False,False,3.41,3.05,False,False,False,False,False,False,False,25.134,1.3366337,0.329429,941
L1UL34,L1UL34,BDR,LULU (BDR: L1UL34),0.5,C,0.5,C,4.0,Forte,115.0,117.63,141.46,154.34,331985680.0,False,0.0,False,0.0,False,0.0,False,0.0,False,0.0,False,False,0.93,128.86,False,False,False,False,False,False,False,32.027,9.319286,2.7268631,942
INBR32,INTER CO INC,BDR,INTR (BDR: INBR32),0.5,C,0.5,C,4.0,Forte,5.38,5.47,6.99,7.38,13386709.96,False,0.0,False,0.0,False,0.0,False,0.0,False,0.0,False,False,0.55,5.86,False,False,False,False,False,False,False,16.198999,8.151515,1.162122,943
C1RH34,C1RH34,BDR,CRH (BDR: C1RH34),0.5,C,0.5,C,5.0,Forte,95.58,101.57,108.15,111.16,394986078.01,False,0.0,False,0.0,False,0.0,False,0.0,False,0.0,False,False,1.05,101.87,False,False,False,False,False,False,False,15.812000000000001,16.886927,2.6480856,944
GPRO34,GPRO34,BDR,GPRO (BDR: GPRO34),0.5,C,0.5,C,0.0,Fraco,0.61,0.7,0.9,1.07,4199785.33,False,0.0,False,0.0,False,0.0,False,0.0,False,0.0,False,False,1.05,0.79,False,False,False,False,False,False,False,-497.152,999.0,-3.3616664,945
S1YK34,S1YK34,BDR,SYK (BDR: S1YK34),0.5,C,0.5,C,4.0,Forte,322.12,327.94,332.13,338.54,697850421.02,False,0.0,False,0.0,False,0.0,False,0.0,False,0.0,False,False,0.92,351.49,False,False,False,False,False,False,False,16.508,33.345757,5.1507883,946
P2LN34,P2LN34,BDR,PLNT (BDR: P2LN34),0.5,C,0.5,C,3.0,OK,51.7,52.68,64.94,75.36,85224659.46,False,0.0,False,0.0,False,0.0,False,0.0,False,0.0,False,False,0.9,57.4,False,False,False,False,False,False,False,0.0,17.585033,-8.483755,947
MKLC34,MKLC34,BDR,MKL (BDR: MKLC34),0.5,C,0.5,C,4.0,Forte,1805.82,1901.26,1920.56,1966.16,112233515.48,False,0.0,False,0.0,False,0.0,False,0.0,False,0.0,False,False,1.09,1974.0,False,False,False,False,False,False,False,12.4639995,9.966444,1.1790946,948
DIRR3,DIRECIONAL ENGENHARIA S.A.,BR_STOCK,DIRR3,0.5,C,0.5,C,4.0,Forte,11.01,12.17,13.43,13.86,98842277.05,False,0.0,False,0.0,False,0.0,False,0.0,False,0.0,False,False,0.89,12.27,False,False,False,False,False,False,False,41.882000000000005,6.7300615,2.4513967,949
HAPV3,HAPVIDA PARTICIPACOES E INVESTIMENTOS SA,BR_STOCK,HAPV3,0.5,C,0.5,C,2.0,Fraco,6.38,9.8,10.9,12.43,55264198.99,False,0.0,False,0.0,False,0.0,False,0.0,False,0.0,False,False,0.52,12.2,False,False,False,False,False,False,False,-0.358,999.0,0.0644463,950
STOC34,STOC34,BDR,STNE (BDR: STOC34),0.5,C,0.5,C,3.0,OK,9.56,10.63,11.54,11.82,38138799.51,False,0.0,False,0.0,False,0.0,False,0.0,False,0.0,False,False,0.64,11.55,False,False,False,False,False,False,False,33.967999999999996,3.6212122,0.9664863,951
M1LM34,M1LM34,BDR,MLM (BDR: M1LM34),0.5,C,0.5,C,2.0,Fraco,528.59,563.86,595.47,602.78,272139818.02,False,0.0,False,0.0,False,0.0,False,0.0,False,0.0,False,False,0.89,577.09,False,False,False,False,False,False,False,8.894,34.368664,2.749207,952
JGPX11,JGPX11,ETF,JGPX11,0.5,C,0.5,C,0.0,Fraco,56.25,60.06,63.45,63.54,193387.5,False,0.0,False,0.0,False,0.0,False,0.0,False,0.0,False,False,1.05,62.44,False,False,False,False,False,False,False,0.0,999.0,999.0,953
SMFT3,SMARTFIT ESCOLA DE GINÁSTICA E DANÇA S.A.,BR_STOCK,SMFT3,0.5,C,0.5,C,2.0,Fraco,17.3,19.11,19.3,20.33,94708845.82,False,0.0,False,0.0,False,0.0,False,0.0,False,0.0,False,False,0.53,20.51,False,False,False,False,False,False,False,11.691,15.481818,1.7266552,954
BHIA3,GRUPO CASAS BAHIA S.A.,BR_STOCK,BHIA3,0.5,C,0.5,C,1.0,Fraco,0.36,0.85,1.94,2.26,2051820.08,False,0.0,False,0.0,False,0.0,False,0.0,False,0.0,False,False,0.59,0.85,False,False,False,False,False,False,False,0.0,999.0,-0.04378622,955
PMAM3,PARANAPANEMA S.A.,BR_STOCK,PMAM3,0.5,C,0.5,C,1.0,Fraco,0.14,0.23,0.45,0.52,433930.0,False,0.0,False,0.0,False,0.0,False,0.0,False,0.0,False,False,0.28,0.31,False,False,False,False,False,False,False,0.0,999.0,-0.0023967023,956
LOWC34,LOWC34,BDR,LOW (BDR: LOWC34),0.5,C,0.5,C,2.0,Fraco,206.74,214.56,232.11,234.87,632722411.57,False,0.0,False,0.0,False,0.0,False,0.0,False,0.0,False,False,0.94,225.79,False,False,False,False,False,False,False,0.0,17.490694,-15.594781,957
M1TA34,M1TA34,BDR,META (BDR: M1TA34),0.5,C,0.5,C,3.0,OK,571.1,591.94,617.1,622.26,8657978427.88,False,0.0,False,0.0,False,0.0,False,0.0,False,0.0,False,False,0.93,612.43,False,False,False,False,False,False,False,29.848000000000003,21.502258,5.5706205,958
R2BL34,R2BL34,BDR,RBLX (BDR: R2BL34),0.5,C,0.5,C,1.0,Fraco,38.15,46.14,52.91,61.77,437453935.8,False,0.0,False,0.0,False,0.0,False,0.0,False,0.0,False,False,1.12,50.92,False,False,False,False,False,False,False,-432.27500000000003,999.0,179.10799,959
T2TD34,T2TD34,BDR,TTD (BDR: T2TD34),0.5,C,0.5,C,4.0,Forte,13.42,17.03,21.64,25.89,275870257.99,False,0.0,False,0.0,False,0.0,False,0.0,False,0.0,False,False,1.16,19.55,False,False,False,False,False,False,False,15.440999999999999,15.9761915,2.5763102,960
NIKE34,NIKE34,BDR,NKE (BDR: NIKE34),0.5,C,0.5,C,4.0,Forte,38.44,42.02,47.91,51.63,1396890022.58,False,0.0,False,0.0,False,0.0,False,0.0,False,0.0,False,False,1.22,43.21,False,False,False,False,False,False,False,22.138001,18.304762,3.8347962,961
P1DD34,P1DD34,BDR,PDD (BDR: P1DD34),0.5,C,0.5,C,4.0,Forte,84.69,84.89,94.01,99.58,705541654.71,False,0.0,False,0.0,False,0.0,False,0.0,False,0.0,False,False,1.21,93.19,False,False,False,False,False,False,False,22.745001000000002,9.145788,1.7880182,962
S2MP34,S2MP34,BDR,SMPL (BDR: S2MP34),0.5,C,0.5,C,1.0,Fraco,10.21,11.6,13.32,14.92,22927422.94,False,0.0,False,0.0,False,0.0,False,0.0,False,0.0,False,False,1.41,11.6,False,False,False,False,False,False,False,-12.197,999.0,0.63673216,963
C1CL34,C1CL34,BDR,CCL (BDR: C1CL34),0.5,C,0.5,C,3.0,OK,24.95,27.42,27.49,27.58,390544856.94,False,0.0,False,0.0,False,0.0,False,0.0,False,0.0,False,False,0.93,30.06,False,False,False,False,False,False,False,26.689,11.238739,2.6396532,964
C1AB34,C1AB34,BDR,CABO (BDR: C1AB34),0.5,C,0.5,C,0.0,Fraco,22.49,38.71,68.87,79.69,7202849.74,False,0.0,False,0.0,False,0.0,False,0.0,False,0.0,False,False,1.05,45.57,False,False,False,False,False,False,False,-126.20599999999999,999.0,0.39093328,965
V1IP34,V1IP34,BDR,VIPS (BDR: V1IP34),0.5,C,0.5,C,4.0,Forte,13.47,14.23,14.87,15.72,42108365.78,False,0.0,False,0.0,False,0.0,False,0.0,False,0.0,False,False,0.97,15.75,False,False,False,False,False,False,False,23.507,4.3592234,1.062926,966
Z1TS34,Z1TS34,BDR,ZTS (BDR: Z1TS34),0.5,C,0.5,C,3.0,OK,75.02,75.45,97.31,103.29,297867121.73,False,0.0,False,0.0,False,0.0,False,0.0,False,0.0,False,False,0.81,80.17,False,False,False,False,False,False,False,64.911,12.238173,999.0,967
A1PP34,A1PP34,BDR,APP (BDR: A1PP34),0.5,C,0.5,C,3.0,OK,312.63,411.62,447.95,493.99,1254629540.95,False,0.0,False,0.0,False,0.0,False,0.0,False,0.0,False,False,0.8,437.79,False,False,False,False,False,False,False,203.68599999999998,24.048462,33.13865,968
MCDC34,MCDC34,BDR,MCD (BDR: MCDC34),0.5,C,0.5,C,2.0,Fraco,260.06,271.01,292.0,295.05,1545064296.54,False,0.0,False,0.0,False,0.0,False,0.0,False,0.0,False,False,1.53,278.37,False,False,False,False,False,False,False,0.0,21.125914,-179.84785,969
PAGS34,PAGS34,BDR,PAGS (BDR: PAGS34),0.5,C,0.5,C,3.0,OK,8.93,9.08,9.68,9.68,11931534.15,False,0.0,False,0.0,False,0.0,False,0.0,False,0.0,False,False,0.51,9.85,False,False,False,False,False,False,False,14.535,6.158621,0.8442955,970
BIDU34,BIDU34,BDR,BIDU (BDR: BIDU34),0.5,C,0.5,C,1.0,Fraco,96.94,107.17,121.44,123.55,371939013.61,False,0.0,False,0.0,False,0.0,False,0.0,False,0.0,False,False,0.9,114.45,False,False,False,False,False,False,False,-1.39,999.0,0.81413203,971
V1ST34,V1ST34,BDR,VST (BDR: V1ST34),0.5,C,0.5,C,1.0,Fraco,139.81,152.3,155.35,158.54,411013710.44,False,0.0,False,0.0,False,0.0,False,0.0,False,0.0,False,False,0.73,156.99,False,False,False,False,False,False,False,42.962002999999996,23.616554,15.626468,972
B2MB34,B2MB34,BDR,BMBL (BDR: B2MB34),0.5,C,0.5,C,1.0,Fraco,2.71,2.92,3.23,3.32,4635750.46,False,0.0,False,0.0,False,0.0,False,0.0,False,0.0,False,False,0.69,3.21,False,False,False,False,False,False,False,-76.91799999999999,999.0,0.6923863,973
CSAN3,COSAN S.A.,BR_STOCK,CSAN3,0.5,C,0.5,C,1.0,Fraco,3.71,3.72,4.69,4.95,128475817.32,False,0.0,False,0.0,False,0.0,False,0.0,False,0.0,False,False,0.91,4.19,False,False,False,False,False,False,False,-27.222002,999.0,2.9444444,974
