ticker,name,category,display,technical_score,technical_tier,technical_score_weekly,technical_tier_weekly,fundamental_score,fundamental_tag,price,sma50,sma150,sma200,volume_financeiro,vcp,vcp_conf,wedge_or_trend,wedge_or_trend_conf,rasb_trend,rasb_trend_conf,wedge,wedge_conf,cup_handle,cup_handle_conf,pre_breakout,breakout,breakout_vol_ratio,breakout_resistance,vcp_weekly,wedge_or_trend_weekly,rasb_trend_weekly,wedge_weekly,cup_handle_weekly,pre_breakout_weekly,breakout_weekly,roe,pl,pvp,rank
E1QN34,E1QN34,BDR,EQNR (BDR: E1QN34),16.77,S,2.0,C,5.0,Forte,42.87,36.56,34.88,31.81,71744057.83,False,0.0,False,0.0,True,0.65,False,0.0,True,1.0,True,False,0.67,42.62,False,False,False,False,False,True,False,21.270001,11.613821,4.8385453,1
OXYP34,OXYP34,BDR,OXY (BDR: OXYP34),16.6,S,2.0,C,4.0,Forte,61.49,54.7,54.47,51.08,439435875.54,False,0.0,False,0.0,True,0.6,False,0.0,True,1.0,True,False,0.83,60.83,False,False,False,False,False,True,False,10.629,18.146017,1.8379693,2
F1AN34,F1AN34,BDR,FANG (BDR: F1AN34),16.6,S,2.0,C,3.0,OK,211.01,191.15,185.34,175.69,308909136.51,False,0.0,False,0.0,True,0.6,False,0.0,True,1.0,True,False,1.02,213.75,False,False,False,False,False,True,False,3.4930002,40.11787,1.5621508,3
JNJB34,JNJB34,BDR,JNJ (BDR: JNJB34),16.25,S,2.0,C,3.0,OK,268.57,254.22,239.78,229.99,969001328.36,False,0.0,False,0.0,True,0.75,False,0.0,True,0.65,True,False,0.56,276.47,False,False,False,False,False,True,False,25.741999999999997,31.088272,7.5861583,4
R1KU34,R1KU34,BDR,ROKU (BDR: R1KU34),16.13,S,2.0,C,3.0,OK,157.2,143.3,118.59,115.04,137103234.94,True,0.44,False,0.0,True,0.8,False,0.0,False,0.0,True,False,0.38,159.69,False,False,False,False,False,True,False,13.122,66.29536,8.257738,5
E1OG34,E1OG34,BDR,EOG (BDR: E1OG34),16.1,S,2.0,C,5.0,Forte,152.41,138.25,131.85,124.95,258164866.64,False,0.0,False,0.0,True,0.6,False,0.0,True,0.8,True,False,0.61,151.53,False,False,False,False,False,True,False,22.506999999999998,11.835926,2.633938,6
FMXB34,FMXB34,BDR,KOF (BDR: FMXB34),15.89,S,2.0,C,4.0,Forte,113.22,106.41,103.86,100.35,9549509.6,True,0.6,False,0.0,True,0.6,False,0.0,False,0.0,True,False,0.71,114.07,False,False,False,False,False,True,False,17.065,999.0,2.842232,7
C2CA34,C2CA34,BDR,KOF (BDR: C2CA34),15.89,S,2.0,C,4.0,Forte,113.22,106.41,103.86,100.35,9549509.6,True,0.6,False,0.0,True,0.6,False,0.0,False,0.0,True,False,0.71,114.07,False,False,False,False,False,True,False,17.065,999.0,2.842232,8
B2YN34,B2YN34,BDR,BYND (BDR: B2YN34),15.3,S,3.59,C,0.0,Fraco,14.89,1.96,1.17,1.14,37108918.42,False,0.0,False,0.0,True,0.8,False,0.0,False,0.0,True,False,0.06,14.34,True,False,False,False,False,True,False,0.0,999.0,4.3865495,9
FNAM11,FNAM11,ETF,FNAM11,15.3,S,0.5,C,0.0,Fraco,0.36,0.01,0.0,0.0,3436560.14,False,0.0,False,0.0,True,0.8,False,0.0,False,0.0,True,False,0.15,0.0,False,False,False,False,False,False,False,0.0,999.0,999.0,10
T1EC34,T1EC34,BDR,FTI (BDR: T1EC34),15.1,S,2.0,C,4.0,Forte,77.49,71.13,68.12,62.41,108424547.44,False,0.0,False,0.0,True,0.6,False,0.0,True,1.0,True,False,0.42,80.55,False,False,False,False,False,True,False,35.814,27.138113,9.318645,11
TXSA34,TXSA34,BDR,TX (BDR: TXSA34),14.88,S,2.0,C,4.0,Forte,54.08,47.91,44.03,42.17,27245472.83,False,0.0,False,0.0,True,0.75,False,0.0,True,0.7,True,False,0.8,55.66,False,False,False,False,False,True,False,4.4320002,15.0638895,0.8728191,12
E1CO34,E1CO34,BDR,EC (BDR: E1CO34),14.8,S,2.0,C,5.0,Forte,17.63,16.09,14.1,12.96,16796734.88,False,0.0,False,0.0,True,0.8,False,0.0,False,0.0,True,False,0.53,18.18,False,False,False,False,False,True,False,15.948,11.529411,0.00898603,13
TGTB34,TGTB34,BDR,TGT (BDR: TGTB34),14.8,S,2.0,C,4.0,Forte,158.76,139.29,124.68,116.55,688828816.73,False,0.0,False,0.0,True,0.8,False,0.0,False,0.0,True,False,0.9,161.98,False,False,False,False,False,True,False,26.408002000000003,16.418049,4.384454,14
R1HI34,R1HI34,BDR,RHI (BDR: R1HI34),14.8,S,2.0,C,1.0,Fraco,43.99,36.87,29.56,28.62,58281533.33,False,0.0,False,0.0,True,0.8,False,0.0,False,0.0,True,False,0.81,45.32,False,False,False,False,False,True,False,9.110999999999999,38.143482,3.5816936,15
AIRB34,AIRB34,BDR,ABNB (BDR: AIRB34),14.8,S,2.0,C,4.0,Forte,185.29,152.44,138.82,135.87,711088333.68,False,0.0,False,0.0,True,0.8,False,0.0,False,0.0,True,False,0.56,189.2,False,False,False,False,False,True,False,34.542,42.237442,13.9950075,16
M1PC34,M1PC34,BDR,MPC (BDR: M1PC34),14.8,S,2.0,C,4.0,Forte,358.93,294.82,246.77,230.35,819876144.66,False,0.0,False,0.0,True,0.8,False,0.0,False,0.0,True,False,0.87,366.24,False,False,False,False,False,True,False,42.099,12.433379,6.2670302,17
S2EI34,S2EI34,BDR,SEIC (BDR: S2EI34),14.8,S,2.0,C,4.0,Forte,107.75,97.51,88.25,86.65,50503610.25,False,0.0,False,0.0,True,0.8,False,0.0,False,0.0,True,False,0.94,108.04,False,False,False,False,False,True,False,27.587998000000002,18.977072,5.164387,18
I1LM34,I1LM34,BDR,ILMN (BDR: I1LM34),14.8,S,2.0,C,3.0,OK,213.05,186.4,151.7,146.47,564950232.39,False,0.0,False,0.0,True,0.8,False,0.0,False,0.0,True,True,1.63,207.0,False,False,False,False,False,True,False,32.339,39.857944,11.345571,19
Z2DV34,Z2DV34,BDR,ZD (BDR: Z2DV34),14.8,S,2.0,C,2.0,Fraco,55.46,51.69,44.35,41.75,14378206.51,False,0.0,False,0.0,True,0.8,False,0.0,False,0.0,True,False,0.35,58.06,False,False,False,False,False,True,False,-1.456,999.0,0.8656927,20
M1TC34,M1TC34,BDR,MTCH (BDR: M1TC34),14.75,S,2.0,C,2.0,Fraco,40.42,37.74,34.44,33.88,79856000.31,False,0.0,False,0.0,True,0.75,False,0.0,True,0.65,True,False,0.63,41.4,False,False,False,False,False,True,False,0.0,14.308511,-39.136757,21
I1NC34,I1NC34,BDR,INCY (BDR: I1NC34),14.62,S,2.0,C,5.0,Forte,127.17,115.75,103.92,103.52,96778657.67,False,0.0,False,0.0,True,0.75,False,0.0,False,0.0,True,False,0.55,132.6,False,False,False,False,False,True,False,30.667,16.20637,4.0300303,22
C2OL34,C2OL34,BDR,CIB (BDR: C2OL34),14.62,S,2.0,C,4.0,Forte,98.63,85.24,75.37,71.96,10971107.74,False,0.0,False,0.0,True,0.75,False,0.0,False,0.0,True,False,0.36,100.74,False,False,False,False,False,True,False,19.218999,9.807157,0.0022223482,23
BILB34,BILB34,BDR,BBVA (BDR: BILB34),14.62,S,2.0,C,4.0,Forte,28.58,26.11,23.59,23.06,42238338.05,False,0.0,False,0.0,True,0.75,False,0.0,False,0.0,True,False,0.81,29.11,False,False,False,False,False,True,False,18.924,13.073059,2.422457,24
UPAC34,UPAC34,BDR,UNP (BDR: UPAC34),14.62,S,2.0,C,3.0,OK,304.38,285.41,263.64,254.36,812929898.78,False,0.0,False,0.0,True,0.75,False,0.0,False,0.0,True,False,1.23,315.99,False,False,False,False,False,True,False,39.696,24.636951,9.294973,25
AMGN34,AMGN34,BDR,AMGN (BDR: AMGN34),14.62,S,2.0,C,3.0,OK,434.2,376.94,357.94,349.44,702560602.27,False,0.0,False,0.0,True,0.75,False,0.0,False,0.0,True,False,0.69,443.2,False,False,False,False,False,True,False,91.473,26.93975,20.061518,26
COLO39,GLOBAL X MSCI COLOMBIA ETF,BDR,COLO (BDR: COLO39),14.62,S,2.0,C,1.0,Fraco,49.12,44.83,41.23,39.83,6010667.02,False,0.0,False,0.0,True,0.75,False,0.0,False,0.0,True,False,0.95,49.86,False,False,False,False,False,True,False,0.0,11.634752,999.0,27
MILS3,MILLS LOCAÇÃO. SERVIÇOS E LOGÍSTICA S.A,BR_STOCK,MILS3,14.62,S,2.0,C,5.0,Forte,15.61,15.47,14.05,13.52,8560523.81,False,0.0,False,0.0,True,0.75,False,0.0,False,0.0,True,False,0.9,15.94,False,False,False,False,False,True,False,26.255,8.308511,1.8869293,28
UGPA3,ULTRAPAR PARTICIPACOES S.A.,BR_STOCK,UGPA3,14.62,S,2.0,C,0.0,Fraco,34.14,29.66,28.09,26.31,327887382.14,False,0.0,False,0.0,True,0.75,False,0.0,False,0.0,True,False,0.82,34.31,False,False,False,False,False,True,False,0.0,0.0,0.0,29
Q1UE34,Q1UE34,BDR,DGX (BDR: Q1UE34),14.62,S,2.0,C,3.0,OK,241.73,218.2,202.42,196.57,203032809.55,False,0.0,False,0.0,True,0.75,False,0.0,False,0.0,True,False,1.21,242.39,False,False,False,False,False,True,False,14.602,25.5965,3.5326443,30
EPOL39,ISHARES MSCI POLAND ETF,BDR,EPOL (BDR: EPOL39),14.45,S,2.0,C,1.0,Fraco,44.13,41.23,38.85,37.54,9577294.64,False,0.0,False,0.0,True,0.7,False,0.0,False,0.0,True,False,0.63,44.75,False,False,False,False,False,True,False,0.0,15.154023,999.0,31
COCA34,COCA34,BDR,KO (BDR: COCA34),14.45,S,2.0,C,3.0,OK,90.82,84.14,79.22,76.74,920822601.33,False,0.0,False,0.0,True,0.7,False,0.0,False,0.0,True,False,0.8,90.92,False,False,False,False,False,True,False,42.054,27.187689,10.776693,32
D2AR34,D2AR34,BDR,DAR (BDR: D2AR34),14.45,S,2.0,C,4.0,Forte,68.09,59.82,57.24,51.82,107274631.7,False,0.0,False,0.0,True,0.7,False,0.0,False,0.0,True,False,0.8,68.77,False,False,False,False,False,True,False,12.126000000000001,18.228495,2.039889,33
UBSG34,UBSG34,BDR,UBS (BDR: UBSG34),14.45,S,2.0,C,2.0,Fraco,53.19,51.77,45.52,44.41,68755494.62,False,0.0,False,0.0,True,0.7,False,0.0,False,0.0,True,False,0.85,54.22,False,False,False,False,False,True,False,10.671999999999999,33.670887,1.8267976,34
CNIC34,CNIC34,BDR,CNI (BDR: CNIC34),14.45,S,2.0,C,3.0,OK,128.48,123.85,112.85,108.6,93311808.9,False,0.0,False,0.0,True,0.7,False,0.0,False,0.0,True,False,0.61,131.55,False,False,False,False,False,True,False,22.017999,22.814947,4.922511,35
CPRL34,CPRL34,BDR,CP (BDR: CPRL34),14.45,S,3.63,C,2.0,Fraco,95.05,90.11,84.94,81.73,119475477.59,False,0.0,False,0.0,True,0.7,False,0.0,False,0.0,True,False,0.57,95.86,True,False,False,False,False,True,False,8.154,30.593548,2.4936929,36
CSXC34,CSXC34,BDR,CSX (BDR: CSXC34),14.45,S,2.0,C,3.0,OK,51.05,49.29,44.42,42.17,239790575.97,False,0.0,False,0.0,True,0.7,False,0.0,False,0.0,True,False,0.52,53.6,False,False,False,False,False,True,False,24.357,29.63372,6.7048144,37
DESK3,DESKTOP S.A.,BR_STOCK,DESK3,14.45,S,2.0,C,1.0,Fraco,18.93,18.08,17.19,16.93,3816288.06,False,0.0,False,0.0,True,0.7,False,0.0,False,0.0,True,False,0.35,19.19,False,False,False,False,False,True,False,4.651000000000001,39.458336,1.5489042,38
BCAT39,GLOBAL X S&P 500 CATHOLIC VALUES ETF,BDR,BCAT (BDR: BCAT39),14.45,S,2.0,C,1.0,Fraco,15.74,15.44,14.35,13.85,7494884.21,False,0.0,False,0.0,True,0.7,False,0.0,False,0.0,True,False,0.73,16.04,False,False,False,False,False,True,False,0.0,7.4283023,999.0,39
RIOT34,RIOT34,BDR,RIO (BDR: RIOT34),14.35,S,0.5,C,5.0,Forte,102.16,94.27,94.16,88.6,250254822.73,False,0.0,False,0.0,True,0.6,False,0.0,True,0.7,True,False,1.07,100.98,False,False,False,False,False,False,False,19.312,13.842818,2.5372543,40
A1PA34,A1PA34,BDR,APA (BDR: A1PA34),14.28,S,2.0,C,5.0,Forte,44.4,35.9,34.81,32.14,220611183.14,False,0.0,False,0.0,True,0.65,False,0.0,False,0.0,True,False,0.81,45.0,False,False,False,False,False,True,False,26.659,9.364979,2.2170613,41
B1DX34,B1DX34,BDR,BDX (BDR: B1DX34),14.28,S,2.0,C,2.0,Fraco,187.84,160.53,158.12,156.05,279706527.67,False,0.0,False,0.0,True,0.65,False,0.0,False,0.0,True,False,0.82,187.96,False,False,False,False,False,True,False,6.607,32.458477,2.0929973,42
FCXO34,FCXO34,BDR,FCX (BDR: FCXO34),14.28,S,2.0,C,2.0,Fraco,70.93,64.31,62.91,58.75,942338883.4,False,0.0,False,0.0,True,0.65,False,0.0,False,0.0,True,False,1.2,71.22,False,False,False,False,False,True,False,14.754999999999999,34.931374,5.0889096,43
A1PD34,A1PD34,BDR,APD (BDR: A1PD34),14.25,S,2.0,C,1.0,Fraco,300.05,294.1,286.75,277.05,285110798.95,False,0.0,False,0.0,True,0.5,False,0.0,True,0.8,True,False,1.3,311.51,False,False,False,False,False,True,False,0.023,999.0,4.818676,44
CLSC4,CENTRAIS ELET DE SANTA CATARINA S.A.,BR_STOCK,CLSC4,14.1,S,2.0,C,4.0,Forte,151.78,139.25,138.89,132.17,667831.99,False,0.0,False,0.0,True,0.6,False,0.0,False,0.0,True,False,1.11,157.01,False,False,False,False,False,True,False,21.595,7.0203514,1.4135901,45
T1EV34,T1EV34,BDR,TEVA (BDR: T1EV34),14.1,S,2.0,C,0.0,Fraco,36.83,33.81,33.08,31.86,117652452.71,False,0.0,False,0.0,True,0.6,False,0.0,False,0.0,True,False,0.58,37.83,False,False,False,False,False,True,False,9.690999999999999,61.299995,5.528333,46
CBAV3,COMPANHIA BRASILEIRA DE ALUMÍNIO,BR_STOCK,CBAV3,14.1,S,3.65,C,3.0,OK,11.14,10.89,10.48,9.4,16873758.52,False,0.0,False,0.0,True,0.6,False,0.0,False,0.0,True,False,0.64,11.18,True,False,False,False,False,True,False,14.575,12.119565,1.4335304,47
FIXA11,FIXA11,ETF,FIXA11,14.1,S,2.0,C,0.0,Fraco,19.5,19.24,19.05,17.51,196638.0,False,0.0,False,0.0,True,0.6,False,0.0,False,0.0,True,False,0.52,19.57,False,False,False,False,False,True,False,0.0,999.0,999.0,48
PPEI11,PPEI11,ETF,PPEI11,14.04,S,2.0,C,0.0,Fraco,84.2,83.08,80.31,78.17,51362.0,True,0.6,False,0.0,True,0.5,False,0.0,False,0.0,True,False,0.3,85.04,False,False,False,False,False,True,False,0.0,999.0,999.0,49
HYBR11,HYBR11,ETF,HYBR11,14.01,S,0.5,C,0.0,Fraco,55.76,55.09,53.87,53.25,396676.63,True,0.59,False,0.0,True,0.5,False,0.0,False,0.0,True,False,1.2,55.9,False,False,False,False,False,False,False,0.0,999.0,999.0,50
ARMT34,ARMT34,BDR,MT (BDR: ARMT34),13.95,S,0.5,C,2.0,Fraco,70.84,67.41,61.86,57.15,163970505.92,False,0.0,False,0.0,True,0.7,False,0.0,True,1.0,False,False,1.75,75.51,False,False,False,False,False,False,False,3.2840000000000003,29.873947,1.9559295,51
N1TA34,N1TA34,BDR,NTAP (BDR: N1TA34),13.93,S,0.5,C,3.0,OK,192.87,172.27,131.22,125.8,315527526.18,False,0.0,False,0.0,True,0.8,False,0.0,True,0.85,False,False,0.65,209.06,False,False,False,False,False,False,False,106.734,30.316036,27.971855,52
JPME39,JPME39,BDR,JPME (BDR: JPME39),13.75,S,2.0,C,1.0,Fraco,127.8,125.32,119.85,116.77,1055615.61,False,0.0,False,0.0,True,0.5,False,0.0,False,0.0,True,False,0.87,129.9,False,False,False,False,False,True,False,0.0,18.59476,999.0,53
VCRI11,VCRI11,ETF,VCRI11,13.75,S,0.5,C,1.0,Fraco,7.36,7.22,7.2,7.01,81350.08,False,0.0,False,0.0,True,0.5,False,0.0,False,0.0,True,False,0.28,7.49,False,False,False,False,False,False,False,0.0,5.84127,999.0,54
ISNT11,ISNT11,ETF,ISNT11,13.75,S,2.0,C,0.0,Fraco,1139.73,1131.38,1101.38,1091.93,3660812.7,False,0.0,False,0.0,True,0.5,False,0.0,False,0.0,True,False,0.59,1150.0,False,False,False,False,False,True,False,0.0,999.0,999.0,55
XB3511,XB3511,ETF,XB3511,13.75,S,0.5,C,0.0,Fraco,52.67,51.97,51.66,51.48,82639.23,False,0.0,False,0.0,True,0.5,False,0.0,False,0.0,True,False,0.24,52.93,False,False,False,False,False,False,False,0.0,999.0,999.0,56
ACWX39,ISHARES MSCI ACWI EX U.S. ETF,BDR,ACWX (BDR: ACWX39),13.75,S,2.0,C,1.0,Fraco,77.26,75.72,72.92,71.07,77343442.94,False,0.0,False,0.0,True,0.5,False,0.0,False,0.0,True,False,0.67,78.43,False,False,False,False,False,True,False,0.0,18.516348,999.0,57
ISNN11,ISNN11,ETF,ISNN11,13.75,S,0.5,C,0.0,Fraco,1101.75,1090.3,1063.09,1060.82,7160273.25,False,0.0,False,0.0,True,0.5,False,0.0,False,0.0,True,False,1.0,1110.0,False,False,False,False,False,False,False,0.0,999.0,999.0,58
AIEC11,AIEC11,ETF,AIEC11,13.75,S,0.5,C,1.0,Fraco,61.2,59.74,58.54,56.52,460713.61,False,0.0,False,0.0,True,0.5,False,0.0,False,0.0,True,False,1.12,61.1,False,False,False,False,False,False,False,0.0,10.524055,999.0,59
N2LY34,N2LY34,BDR,NLY (BDR: N2LY34),13.75,S,2.0,C,4.0,Forte,23.33,22.55,21.7,21.4,80004006.22,False,0.0,False,0.0,True,0.5,False,0.0,False,0.0,True,False,0.56,23.91,False,False,False,False,False,True,False,19.567,5.6280193,1.1564423,60
U1RI34,U1RI34,BDR,URI (BDR: U1RI34),13.62,S,0.5,C,3.0,OK,1096.03,1095.77,941.88,913.68,367081797.2,False,0.0,False,0.0,True,0.75,False,0.0,True,0.8,False,False,0.82,1177.15,False,False,False,False,False,False,False,28.895,26.38917,7.410183,61
S2LA34,S2LA34,BDR,SLAB (BDR: S2LA34),13.45,S,2.0,C,1.0,Fraco,218.18,218.3,207.65,188.95,44809436.65,False,0.0,False,0.0,True,0.7,False,0.0,False,0.0,True,False,0.91,219.75,False,False,False,False,False,True,False,-3.628,999.0,6.6469584,62
U1DR34,U1DR34,BDR,UDR (BDR: U1DR34),13.38,S,0.5,C,1.0,Fraco,37.7,38.78,36.96,36.36,49371118.62,False,0.0,False,0.0,True,0.5,False,0.0,True,0.85,True,False,0.51,39.76,False,False,False,False,False,False,False,13.739,23.851267,4.1811833,63
R2NG34,R2NG34,BDR,RNG (BDR: R2NG34),13.3,S,2.0,C,2.0,Fraco,65.87,47.17,40.2,37.25,43900841.82,False,0.0,False,0.0,True,0.8,False,0.0,False,0.0,True,False,0.42,68.45,False,False,False,False,False,True,False,0.0,52.424,-8.992726,64
VLOE34,VLOE34,BDR,VLO (BDR: VLOE34),13.3,S,2.0,C,5.0,Forte,342.03,290.55,246.87,227.93,576782630.47,False,0.0,False,0.0,True,0.8,False,0.0,False,0.0,True,False,0.67,351.0,False,False,False,False,False,True,False,27.637,14.232083,3.9337788,65
CASH3,MÉLIUZ S.A.,BR_STOCK,CASH3,13.3,S,2.0,C,2.0,Fraco,5.35,4.49,4.08,4.08,18000074.68,False,0.0,False,0.0,True,0.8,False,0.0,False,0.0,True,False,1.45,5.5,False,False,False,False,False,True,False,-20.842,999.0,1.4131294,66
H1FC34,H1FC34,BDR,DINO (BDR: H1FC34),13.3,S,2.0,C,5.0,Forte,92.67,80.64,66.56,62.27,109348188.42,False,0.0,False,0.0,True,0.8,False,0.0,False,0.0,True,False,0.46,96.77,False,False,False,False,False,True,False,19.504999,8.837941,1.6025652,67
K1MX34,K1MX34,BDR,KMX (BDR: K1MX34),13.3,S,2.0,C,1.0,Fraco,61.14,55.36,46.81,44.79,122855815.29,False,0.0,False,0.0,True,0.8,False,0.0,False,0.0,True,False,1.16,61.15,False,False,False,False,False,True,False,3.588,37.89441,1.4150199,68
J2WA34,J2WA34,BDR,WLY (BDR: J2WA34),13.3,S,0.5,C,5.0,Forte,52.23,49.68,40.74,38.7,10872980.15,False,0.0,False,0.0,True,0.8,False,0.0,False,0.0,False,False,0.49,57.45,False,False,False,False,False,False,False,27.694000000000003,12.526443,3.1241007,69
VBBR3,VIBRA ENERGIA S.A.,BR_STOCK,VBBR3,13.22,S,0.5,C,0.0,Fraco,34.28,32.34,31.02,29.17,233984987.67,False,0.0,False,0.0,True,0.6,False,0.0,True,0.85,False,False,0.67,36.63,False,False,False,False,False,False,False,0.0,0.0,0.0,70
ABBV34,ABBV34,BDR,ABBV (BDR: ABBV34),13.12,S,2.0,C,2.0,Fraco,262.08,246.34,224.17,223.35,973982530.58,False,0.0,False,0.0,True,0.75,False,0.0,False,0.0,True,False,0.81,267.47,False,False,False,False,False,True,False,0.0,73.98305,-77.969635,71
A2RR34,A2RR34,BDR,ARWR (BDR: A2RR34),13.12,S,0.5,C,1.0,Fraco,87.58,82.18,72.38,68.6,58301567.74,False,0.0,False,0.0,True,0.75,False,0.0,False,0.0,True,False,0.65,90.97,False,False,False,False,False,False,False,-55.206999999999994,999.0,26.522135,72
M1HK34,M1HK34,BDR,MHK (BDR: M1HK34),13.12,S,0.5,C,4.0,Forte,133.45,119.38,113.23,112.61,89429914.05,False,0.0,False,0.0,True,0.75,False,0.0,False,0.0,True,False,0.74,140.3,False,False,False,False,False,False,False,5.5120002,17.369791,1.0589906,73
JPMC34,JPMC34,BDR,JPM (BDR: JPMC34),13.12,S,2.0,C,4.0,Forte,352.83,342.65,314.57,313.61,1308647125.86,False,0.0,False,0.0,True,0.75,False,0.0,False,0.0,True,False,0.71,366.5,False,False,False,False,False,True,False,17.788999999999998,15.087655,2.6464396,74
VRTX34,VRTX34,BDR,VRTX (BDR: VRTX34),13.12,S,2.0,C,4.0,Forte,540.72,488.62,464.55,459.36,289139189.93,False,0.0,False,0.0,True,0.75,False,0.0,False,0.0,True,False,0.42,553.69,False,False,False,False,False,True,False,23.542999000000002,31.465347,6.759926,75
D1EX34,D1EX34,BDR,DXCM (BDR: D1EX34),13.12,S,2.0,C,4.0,Forte,90.33,77.28,70.81,69.16,370328257.09,False,0.0,False,0.0,True,0.75,False,0.0,False,0.0,True,False,0.78,91.96,False,False,False,False,False,True,False,38.491002,35.66008,12.9887705,76
LILY34,LILY34,BDR,LLY (BDR: LILY34),13.12,S,2.0,C,3.0,OK,1246.72,1175.74,1053.35,1047.93,2015590877.44,False,0.0,False,0.0,True,0.75,False,0.0,False,0.0,True,False,0.61,1292.65,False,False,False,False,False,True,False,102.28600000000002,41.759636,32.77959,77
INGG34,INGG34,BDR,ING (BDR: INGG34),13.12,S,2.0,C,4.0,Forte,34.54,32.66,29.36,28.45,53771604.16,False,0.0,False,0.0,True,0.75,False,0.0,False,0.0,True,False,0.87,35.98,False,False,False,False,False,True,False,17.124,12.926966,1.6969981,78
BOAC34,BOAC34,BDR,BAC (BDR: BOAC34),13.12,S,0.5,C,3.0,OK,62.01,60.38,54.22,54.02,1261827254.53,False,0.0,False,0.0,True,0.75,False,0.0,False,0.0,True,False,0.81,65.23,False,False,False,False,False,False,False,11.1990005,14.297922,1.5736363,79
MRCK34,MRCK34,BDR,MRK (BDR: MRCK34),13.12,S,2.0,C,1.0,Fraco,148.94,127.27,119.19,113.87,1790144890.24,False,0.0,False,0.0,True,0.75,False,0.0,False,0.0,True,False,1.15,153.5,False,False,False,False,False,True,False,6.961,119.343994,8.782526,80
PETR3,PETROLEO BRASILEIRO S.A. PETROBRAS,BR_STOCK,PETR3,13.12,S,0.5,C,0.0,Fraco,49.41,45.28,45.74,42.17,409905358.73,False,0.0,False,0.0,False,0.0,False,0.0,True,0.85,True,False,0.7,49.06,False,False,False,False,False,False,False,0.0,0.0,0.0,81
N1WG34,N1WG34,BDR,NWG (BDR: N1WG34),13.12,S,0.5,C,3.0,OK,18.35,17.69,16.29,16.14,41062868.87,False,0.0,False,0.0,True,0.75,False,0.0,False,0.0,True,False,0.86,19.21,False,False,False,False,False,False,False,14.776,9.069307,1.3901477,82
S1JM34,S1JM34,BDR,SJM (BDR: S1JM34),13.12,S,2.0,C,1.0,Fraco,123.61,115.1,105.14,103.52,69837301.75,False,0.0,False,0.0,True,0.75,False,0.0,False,0.0,True,False,0.57,126.46,False,False,False,False,False,True,False,-2.386,999.0,2.3670995,83
A1MP34,A1MP34,BDR,AMP (BDR: A1MP34),13.12,S,2.0,C,5.0,Forte,548.95,513.49,481.43,479.17,133634623.64,False,0.0,False,0.0,True,0.75,False,0.0,False,0.0,True,False,0.64,572.56,False,False,False,False,False,True,False,63.432,13.225527,7.601912,84
FDXB34,FDXB34,BDR,FDX (BDR: FDXB34),12.95,A,2.0,C,2.0,Fraco,326.95,319.44,303.84,283.79,419469463.56,False,0.0,False,0.0,True,0.7,False,0.0,False,0.0,True,False,0.8,341.69,False,False,False,False,False,True,False,14.846,17.577358,2.4727178,85
E1LV34,E1LV34,BDR,ELV (BDR: E1LV34),12.95,A,0.5,C,3.0,OK,397.76,394.85,358.21,352.61,139649561.83,False,0.0,False,0.0,True,0.7,False,0.0,False,0.0,True,False,0.4,404.72,False,False,False,False,False,False,False,11.133,17.539177,1.9141874,86
USTK11,USTK11,ETF,USTK11,12.95,A,2.0,C,0.0,Fraco,22.02,21.49,19.31,19.08,209696.46,False,0.0,False,0.0,True,0.7,False,0.0,False,0.0,True,False,1.5,23.15,False,False,False,False,False,True,False,0.0,35.598297,999.0,87
W1AB34,W1AB34,BDR,WAB (BDR: W1AB34),12.95,A,2.0,C,3.0,OK,292.85,278.79,261.62,249.03,157628858.59,False,0.0,False,0.0,True,0.7,False,0.0,False,0.0,True,False,0.52,306.32,False,False,False,False,False,True,False,11.553001,39.409706,4.4773474,88
HAGA4,HAGA S.A. INDUSTRIA E COMERCIO,BR_STOCK,HAGA4,12.95,A,0.5,C,3.0,OK,1.61,1.57,1.48,1.4,64561.0,False,0.0,False,0.0,True,0.7,False,0.0,False,0.0,True,False,4.63,1.65,False,False,False,False,False,False,False,0.0,7.227273,-0.39288363,89
SVAL11,SVAL11,ETF,SVAL11,12.95,A,0.5,C,1.0,Fraco,156.92,153.28,144.04,141.62,245893.64,False,0.0,False,0.0,True,0.7,False,0.0,False,0.0,True,False,0.4,161.94,False,False,False,False,False,False,False,0.0,17.871655,999.0,90
SPXR11,SPXR11,ETF,SPXR11,12.95,A,0.5,C,0.0,Fraco,74.84,73.07,68.4,66.96,6205358.3,False,0.0,False,0.0,True,0.7,False,0.0,False,0.0,True,False,0.46,77.2,False,False,False,False,False,False,False,0.0,999.0,999.0,91
P1SA34,P1SA34,BDR,PSA (BDR: P1SA34),12.95,A,2.0,C,3.0,OK,323.31,322.18,301.56,292.03,98637030.61,False,0.0,False,0.0,True,0.7,False,0.0,False,0.0,True,False,0.41,335.55,False,False,False,False,False,True,False,21.929000000000002,30.85511,11.721381,92
BIIB34,BIIB34,BDR,BIIB (BDR: BIIB34),12.95,A,2.0,C,2.0,Fraco,214.51,204.83,192.54,187.66,104187790.05,False,0.0,False,0.0,True,0.7,False,0.0,False,0.0,True,False,0.62,222.15,False,False,False,False,False,True,False,4.575,38.072823,1.6797273,93
A1SN34,A1SN34,BDR,ASND (BDR: A1SN34),12.95,A,0.5,C,4.0,Forte,254.38,251.26,236.58,229.31,114210771.45,False,0.0,False,0.0,True,0.7,False,0.0,False,0.0,True,False,0.77,261.61,False,False,False,False,False,False,False,118.784,19.646107,10.058039,94
E1SS34,E1SS34,BDR,ESS (BDR: E1SS34),12.95,A,2.0,C,1.0,Fraco,288.37,287.83,265.59,261.81,59416330.53,False,0.0,False,0.0,True,0.7,False,0.0,False,0.0,True,False,0.65,297.89,False,False,False,False,False,True,False,7.71,44.948517,3.478618,95
L1YV34,L1YV34,BDR,LYV (BDR: L1YV34),12.95,A,2.0,C,3.0,OK,182.38,179.68,164.46,158.24,202109873.81,False,0.0,False,0.0,True,0.7,False,0.0,False,0.0,True,False,0.64,189.25,False,False,False,False,False,True,False,17.677,999.0,509.81796,96
W1EL34,W1EL34,BDR,WELL (BDR: W1EL34),12.95,A,0.5,C,3.0,OK,236.96,230.71,212.24,206.71,224291413.87,False,0.0,False,0.0,True,0.7,False,0.0,False,0.0,False,False,0.33,254.24,False,False,False,False,False,False,False,3.836,105.95089,3.6759443,97
JQUA39,JQUA39,BDR,JQUA (BDR: JQUA39),12.95,A,2.0,C,0.0,Fraco,74.32,72.31,67.34,66.14,25585169.04,False,0.0,False,0.0,True,0.7,False,0.0,False,0.0,True,False,0.71,75.64,False,False,False,False,False,True,False,0.0,25.388447,999.0,98
H1SB34,H1SB34,BDR,HSBC (BDR: H1SB34),12.95,A,2.0,C,2.0,Fraco,102.32,99.13,90.44,85.79,63796929.09,False,0.0,False,0.0,True,0.7,False,0.0,False,0.0,True,False,0.63,107.4,False,False,False,False,False,True,False,13.104999000000001,14.622857,8.125422,99
I2NV34,I2NV34,BDR,INVH (BDR: I2NV34),12.95,A,2.0,C,3.0,OK,30.32,29.79,27.61,27.38,55877606.72,False,0.0,False,0.0,True,0.7,False,0.0,False,0.0,True,False,0.55,30.89,False,False,False,False,False,True,False,7.053999599999999,27.775229,1.974757,100
RSSL39,GLOBAL X RUSSELL 2000 ETF,BDR,RSSL (BDR: RSSL39),12.95,A,2.0,C,1.0,Fraco,116.57,115.97,108.09,105.16,524354.34,False,0.0,False,0.0,True,0.7,False,0.0,False,0.0,True,False,0.8,119.41,False,False,False,False,False,True,False,0.0,18.464933,999.0,101
GDBR34,GDBR34,BDR,GD (BDR: GDBR34),12.95,A,2.0,C,4.0,Forte,386.32,372.73,354.21,350.46,223183249.35,False,0.0,False,0.0,True,0.7,False,0.0,False,0.0,True,False,0.81,400.0,False,False,False,False,False,True,False,17.803,23.534147,3.8868074,102
BBMC39,BBMC39,BDR,BBMC (BDR: BBMC39),12.95,A,2.0,C,0.0,Fraco,127.73,125.75,118.43,115.33,292757.17,False,0.0,False,0.0,True,0.7,False,0.0,False,0.0,True,False,0.23,130.07,False,False,False,False,False,True,False,0.0,21.934155,999.0,103
B1MR34,B1MR34,BDR,BMRN (BDR: B1MR34),12.78,A,2.0,C,2.0,Fraco,67.79,60.41,57.71,57.17,53418791.88,False,0.0,False,0.0,True,0.65,False,0.0,False,0.0,True,False,0.27,70.98,False,False,False,False,False,True,False,1.1820001,182.91891,2.0720057,104
FLRY3,FLEURY S.A.,BR_STOCK,FLRY3,12.78,A,0.5,C,3.0,OK,18.12,16.14,15.96,15.58,40217341.86,False,0.0,False,0.0,True,0.65,False,0.0,False,0.0,False,False,0.41,19.3,False,False,False,False,False,False,False,12.617999999999999,15.61207,1.9734118,105
FASL34,FASL34,BDR,FAST (BDR: FASL34),12.78,A,2.0,C,4.0,Forte,50.78,47.66,45.78,44.44,164879799.34,False,0.0,False,0.0,True,0.65,False,0.0,False,0.0,True,False,0.43,52.92,False,False,False,False,False,True,False,34.333999999999996,43.29915,14.28652,106
BDIV11,BDIV11,ETF,BDIV11,12.78,A,0.5,C,0.0,Fraco,41.02,36.25,35.93,35.88,253790.74,False,0.0,False,0.0,True,0.65,False,0.0,False,0.0,True,False,0.3,41.99,False,False,False,False,False,False,False,0.0,999.0,999.0,107
SCHW34,SCHW34,BDR,SCHW (BDR: SCHW34),12.78,A,2.0,C,3.0,OK,109.96,100.7,96.09,95.96,504986314.57,False,0.0,False,0.0,True,0.65,False,0.0,False,0.0,True,False,0.75,112.2,False,False,False,False,False,True,False,20.273,20.007286,4.320497,108
C1NC34,C1NC34,BDR,CNC (BDR: C1NC34),12.62,A,0.5,C,2.0,Fraco,64.21,64.97,51.77,48.71,159544919.65,False,0.0,False,0.0,True,0.75,False,0.0,True,0.8,False,False,0.73,68.38,False,False,False,False,False,False,False,-20.358999,999.0,1.4044402,109
U1MH34,U1MH34,BDR,UMH (BDR: U1MH34),12.6,A,2.0,C,3.0,OK,16.6,15.34,15.06,14.99,9123393.41,False,0.0,False,0.0,True,0.6,False,0.0,False,0.0,True,False,0.74,16.64,False,False,False,False,False,True,False,3.405,138.45833,2.5448003,110
IWMI11,IWMI11,ETF,IWMI11,12.6,A,0.5,C,0.0,Fraco,83.1,82.7,78.01,77.2,175756.5,False,0.0,False,0.0,True,0.6,False,0.0,False,0.0,True,False,1.48,86.39,False,False,False,False,False,False,False,0.0,999.0,999.0,111
O1KE34,O1KE34,BDR,OKE (BDR: O1KE34),12.6,A,2.0,C,4.0,Forte,94.91,89.42,85.87,81.68,174740705.94,False,0.0,False,0.0,True,0.6,False,0.0,False,0.0,True,False,0.51,97.9,False,False,False,False,False,True,False,16.277,16.333334,2.6649947,112
SPXB11,SPXB11,ETF,SPXB11,12.6,A,2.0,C,0.0,Fraco,17.5,17.04,16.21,16.19,91805.0,False,0.0,False,0.0,True,0.6,False,0.0,False,0.0,True,False,0.29,18.01,False,False,False,False,False,True,False,0.0,26.711504,999.0,113
IMAB11,IMAB11,ETF,IMAB11,12.6,A,0.5,C,0.0,Fraco,115.49,113.55,112.22,104.72,2221219.13,False,0.0,False,0.0,True,0.6,False,0.0,False,0.0,True,False,0.21,115.25,False,False,False,False,False,False,False,0.0,999.0,999.0,114
BMYB34,BMYB34,BDR,BMY (BDR: BMYB34),12.6,A,2.0,C,4.0,Forte,65.65,60.16,58.29,56.11,448417280.37,False,0.0,False,0.0,True,0.6,False,0.0,False,0.0,True,False,0.74,68.64,False,False,False,False,False,True,False,46.598998,14.42511,5.994508,115
IVVB11,IVVB11,ETF,IVVB11,12.6,A,0.5,C,0.0,Fraco,448.7,436.11,415.06,414.88,39384643.57,False,0.0,False,0.0,True,0.6,False,0.0,False,0.0,True,False,0.62,461.49,False,False,False,False,False,False,False,0.0,26.295088,999.0,116
N1WS34,N1WS34,BDR,NWS (BDR: N1WS34),12.6,A,2.0,C,2.0,Fraco,33.78,30.99,29.53,29.52,14667301.04,False,0.0,False,0.0,True,0.6,False,0.0,False,0.0,True,False,0.39,35.31,False,False,False,False,False,True,False,7.979,32.796116,2.1652458,117
GPUS11,GPUS11,ETF,GPUS11,12.6,A,0.5,C,0.0,Fraco,120.47,116.85,111.18,111.09,732337.14,False,0.0,False,0.0,True,0.6,False,0.0,False,0.0,True,False,0.69,123.95,False,False,False,False,False,False,False,0.0,27.05627,999.0,118
V1OD34,V1OD34,BDR,VOD (BDR: V1OD34),12.6,A,2.0,C,0.0,Fraco,16.02,15.05,14.89,14.24,26783165.93,False,0.0,False,0.0,True,0.6,False,0.0,False,0.0,True,False,0.44,16.44,False,False,False,False,False,True,False,0.10899999,999.0,1.2665796,119
NASD11,NASD11,ETF,NASD11,12.6,A,0.5,C,0.0,Fraco,21.12,20.98,19.53,19.41,14767653.71,False,0.0,False,0.0,True,0.6,False,0.0,False,0.0,True,False,0.8,21.99,False,False,False,False,False,False,False,0.0,31.12192,999.0,120
B5P211,B5P211,ETF,B5P211,12.6,A,0.5,C,0.0,Fraco,110.53,108.77,106.44,98.37,28648380.91,False,0.0,False,0.0,True,0.6,False,0.0,False,0.0,True,False,1.85,110.69,False,False,False,False,False,False,False,0.0,999.0,999.0,121
Z1OM34,Z1OM34,BDR,ZM (BDR: Z1OM34),12.6,A,0.5,C,5.0,Forte,106.98,93.36,90.88,89.49,145197325.8,False,0.0,False,0.0,True,0.6,False,0.0,False,0.0,True,False,0.5,110.89,False,False,False,False,False,False,False,21.948,15.655376,3.1287713,122
MDLZ34,MDLZ34,BDR,MDLZ (BDR: MDLZ34),12.6,A,2.0,C,3.0,OK,64.22,61.19,59.38,58.03,216865084.2,False,0.0,False,0.0,True,0.6,False,0.0,False,0.0,True,False,0.55,66.65,False,False,False,False,False,True,False,13.340001,39.109756,3.0832093,123
BTRA11,BTRA11,ETF,BTRA11,12.6,A,2.0,C,1.0,Fraco,69.17,65.12,63.38,61.28,277925.05,False,0.0,False,0.0,True,0.6,False,0.0,False,0.0,True,False,0.94,71.12,False,False,False,False,False,True,False,0.0,6.206463,999.0,124
EQIX34,EQIX34,BDR,EQIX (BDR: EQIX34),12.6,A,2.0,C,2.0,Fraco,1083.18,1047.43,998.62,938.6,286461889.29,False,0.0,False,0.0,True,0.6,False,0.0,False,0.0,True,False,0.44,1103.95,False,False,False,False,False,True,False,10.735,69.80077,7.427499,125
BLCA11,BLCA11,ETF,BLCA11,12.6,A,2.0,C,0.0,Fraco,104.86,91.53,90.23,88.71,59455.62,False,0.0,False,0.0,True,0.6,False,0.0,False,0.0,True,False,0.29,105.0,False,False,False,False,False,True,False,0.0,205.60785,999.0,126
IMBB11,IMBB11,ETF,IMBB11,12.6,A,0.5,C,0.0,Fraco,151.49,148.97,147.29,137.38,275257.34,False,0.0,False,0.0,True,0.6,False,0.0,False,0.0,True,False,0.04,150.85,False,False,False,False,False,False,False,0.0,999.0,999.0,127
IRFM11,IRFM11,ETF,IRFM11,12.6,A,0.5,C,0.0,Fraco,103.02,101.84,100.27,91.92,3078443.54,False,0.0,False,0.0,True,0.6,False,0.0,False,0.0,True,False,0.24,103.63,False,False,False,False,False,False,False,0.0,999.0,999.0,128
E1MR34,E1MR34,BDR,EMR (BDR: E1MR34),12.53,A,0.5,C,3.0,OK,155.13,147.08,142.83,140.43,198093891.24,False,0.0,False,0.0,True,0.65,False,0.0,True,0.5,False,False,0.5,165.79,False,False,False,False,False,False,False,12.8,33.857765,4.235117,129
H1OG34,H1OG34,BDR,HOG (BDR: H1OG34),12.3,A,2.0,C,2.0,Fraco,27.62,25.86,22.76,22.64,20657882.47,False,0.0,False,0.0,True,0.8,False,0.0,False,0.0,True,False,0.41,28.18,False,False,False,False,False,True,False,6.093,15.35,0.92783505,130
B5MB11,B5MB11,ETF,B5MB11,12.25,A,0.5,C,0.0,Fraco,131.09,129.34,128.93,121.66,398775.77,False,0.0,False,0.0,True,0.5,False,0.0,False,0.0,True,False,0.17,131.13,False,False,False,False,False,False,False,0.0,999.0,999.0,131
EDEN39,ISHARES MSCI DENMARK ETF,BDR,EDEN (BDR: EDEN39),12.25,A,2.0,C,1.0,Fraco,117.16,112.58,110.07,110.0,138248.8,False,0.0,False,0.0,True,0.5,False,0.0,False,0.0,True,False,0.05,117.32,False,False,False,False,False,True,False,0.0,17.0751,999.0,132
BCLO39,GLOBAL X CLOUD COMPUTING ETF,BDR,BCLO (BDR: BCLO39),12.25,A,2.0,C,0.0,Fraco,49.72,49.35,48.62,48.37,246735.44,False,0.0,False,0.0,True,0.5,False,0.0,False,0.0,True,False,0.38,49.73,False,False,False,False,False,True,False,0.0,999.0,999.0,133
AFHF11,AFHF11,ETF,AFHF11,12.25,A,2.0,C,0.0,Fraco,9.98,9.81,9.47,9.32,56317.14,False,0.0,False,0.0,True,0.5,False,0.0,False,0.0,True,False,0.41,10.02,False,False,False,False,False,True,False,0.0,999.0,999.0,134
GOAT11,GOAT11,ETF,GOAT11,12.25,A,2.0,C,0.0,Fraco,57.73,56.62,55.44,54.98,207250.7,False,0.0,False,0.0,True,0.5,False,0.0,False,0.0,True,False,0.75,58.68,False,False,False,False,False,True,False,0.0,26.277864,999.0,135
GLFT11,GLFT11,ETF,GLFT11,12.25,A,2.0,C,0.0,Fraco,112.51,111.09,108.24,106.78,416061.99,False,0.0,False,0.0,True,0.5,False,0.0,False,0.0,True,False,0.31,112.47,False,False,False,False,False,True,False,0.0,999.0,999.0,136
LFTS11,LFTS11,ETF,LFTS11,12.25,A,0.5,C,0.0,Fraco,158.44,156.41,152.34,150.34,16978430.66,False,0.0,False,0.0,True,0.5,False,0.0,False,0.0,True,False,0.43,158.56,False,False,False,False,False,False,False,0.0,999.0,999.0,137
XPID11,XPID11,ETF,XPID11,12.25,A,2.0,C,0.0,Fraco,48.55,48.25,48.16,46.91,197792.7,False,0.0,False,0.0,True,0.5,False,0.0,False,0.0,True,False,2.32,49.24,False,False,False,False,False,True,False,0.0,999.0,999.0,138
LFTB11,LFTB11,ETF,LFTB11,12.25,A,0.5,C,0.0,Fraco,125.42,123.81,120.9,119.36,45231217.3,False,0.0,False,0.0,True,0.5,False,0.0,False,0.0,True,False,0.76,125.44,False,False,False,False,False,False,False,0.0,999.0,999.0,139
NCDI11,NCDI11,ETF,NCDI11,12.25,A,0.5,C,0.0,Fraco,112.13,110.69,107.8,106.35,159785.25,False,0.0,False,0.0,True,0.5,False,0.0,False,0.0,True,False,0.72,112.32,False,False,False,False,False,False,False,0.0,999.0,999.0,140
T10R11,T10R11,ETF,T10R11,12.25,A,2.0,C,0.0,Fraco,55.29,54.87,54.09,53.65,223703.34,False,0.0,False,0.0,True,0.5,False,0.0,False,0.0,True,False,2.6,55.39,False,False,False,False,False,True,False,0.0,999.0,999.0,141
ALUG11,ALUG11,ETF,ALUG11,12.25,A,2.0,C,0.0,Fraco,43.83,43.0,41.46,41.28,195131.17,False,0.0,False,0.0,True,0.5,False,0.0,False,0.0,True,False,0.74,44.49,False,False,False,False,False,True,False,0.0,31.841724,999.0,142
IDKA11,IDKA11,ETF,IDKA11,12.25,A,0.5,C,0.0,Fraco,60.42,59.75,58.96,58.47,2553953.32,False,0.0,False,0.0,True,0.5,False,0.0,False,0.0,True,False,1.24,60.75,False,False,False,False,False,False,False,0.0,999.0,999.0,143
ACWI11,ACWI11,ETF,ACWI11,12.25,A,2.0,C,0.0,Fraco,17.52,17.02,16.28,16.2,284805.13,False,0.0,False,0.0,True,0.5,False,0.0,False,0.0,True,False,0.25,17.94,False,False,False,False,False,True,False,0.0,23.04622,999.0,144
SNME11,SNME11,ETF,SNME11,12.25,A,0.5,C,1.0,Fraco,9.28,9.19,9.0,8.86,75353.6,False,0.0,False,0.0,True,0.5,False,0.0,False,0.0,True,False,0.3,9.5,False,False,False,False,False,False,False,0.0,4.818653,999.0,145
IB5M11,IB5M11,ETF,IB5M11,12.25,A,2.0,C,0.0,Fraco,124.01,122.41,122.06,121.11,2781792.37,False,0.0,False,0.0,True,0.5,False,0.0,False,0.0,True,False,1.02,124.0,False,False,False,False,False,True,False,0.0,999.0,999.0,146
PACG11,PACG11,ETF,PACG11,12.25,A,0.5,C,0.0,Fraco,117.08,115.05,113.68,112.63,987686.9,False,0.0,False,0.0,True,0.5,False,0.0,False,0.0,True,False,1.2,117.36,False,False,False,False,False,False,False,0.0,999.0,999.0,147
SFIX11,SFIX11,ETF,SFIX11,12.25,A,0.5,C,0.0,Fraco,112.33,110.71,108.46,107.09,235443.68,False,0.0,False,0.0,True,0.5,False,0.0,False,0.0,True,False,0.87,112.91,False,False,False,False,False,False,False,0.0,999.0,999.0,148
TBIL39,GLOBAL X 1-3 MONTH T-BILL ETF,BDR,TBIL (BDR: TBIL39),12.25,A,2.0,C,0.0,Fraco,49.97,49.79,49.44,49.26,67296149.75,False,0.0,False,0.0,True,0.5,False,0.0,False,0.0,True,False,0.93,49.97,False,False,False,False,False,True,False,0.0,999.0,999.0,149
HYEM39,VANECK EMERGING MARKETS HIGH YIELD BOND ETF,BDR,HYEM (BDR: HYEM39),12.25,A,2.0,C,0.0,Fraco,20.01,19.93,19.65,19.5,968025.45,False,0.0,False,0.0,True,0.5,False,0.0,False,0.0,True,False,0.3,20.08,False,False,False,False,False,True,False,0.0,59.719536,999.0,150
DEBB11,DEBB11,ETF,DEBB11,12.25,A,0.5,C,0.0,Fraco,17.01,16.77,16.3,16.13,4333416.63,False,0.0,False,0.0,True,0.5,False,0.0,False,0.0,True,False,0.53,17.02,False,False,False,False,False,False,False,0.0,999.0,999.0,151
B1SA34,B1SA34,BDR,BSAC (BDR: B1SA34),12.25,A,2.0,C,4.0,Forte,34.64,33.64,32.57,31.69,3998287.29,False,0.0,False,0.0,True,0.5,False,0.0,False,0.0,True,False,0.43,36.25,False,False,False,False,False,True,False,23.592,13.249043,1.4189577,152
PACC11,PACC11,ETF,PACC11,12.25,A,0.5,C,0.0,Fraco,121.1,119.14,116.57,115.2,22319093.02,False,0.0,False,0.0,True,0.5,False,0.0,False,0.0,True,False,119.34,121.15,False,False,False,False,False,False,False,0.0,999.0,999.0,153
ISEN11,ISEN11,ETF,ISEN11,12.25,A,0.5,C,0.0,Fraco,118.38,117.28,113.89,112.22,3852203.49,False,0.0,False,0.0,True,0.5,False,0.0,False,0.0,True,False,1.02,118.89,False,False,False,False,False,False,False,0.0,999.0,999.0,154
BLFT11,BLFT11,ETF,BLFT11,12.25,A,2.0,C,0.0,Fraco,112.02,110.59,107.72,106.28,120197.46,False,0.0,False,0.0,True,0.5,False,0.0,False,0.0,True,False,0.15,112.0,False,False,False,False,False,True,False,0.0,999.0,999.0,155
BBAX39,BBAX39,BDR,BBAX (BDR: BBAX39),12.25,A,2.0,C,0.0,Fraco,64.51,62.1,61.07,59.54,7119750.02,False,0.0,False,0.0,True,0.5,False,0.0,False,0.0,True,False,0.65,65.46,False,False,False,False,False,True,False,0.0,20.811558,999.0,156
CAUT11,CAUT11,ETF,CAUT11,12.25,A,2.0,C,0.0,Fraco,100.0,97.73,95.59,94.34,82200.0,False,0.0,False,0.0,True,0.5,False,0.0,False,0.0,True,False,0.38,100.0,False,False,False,False,False,True,False,0.0,999.0,999.0,157
MARG11,MARG11,ETF,MARG11,12.25,A,2.0,C,0.0,Fraco,122.57,120.89,117.33,115.86,112274.12,False,0.0,False,0.0,True,0.5,False,0.0,False,0.0,True,False,0.27,122.94,False,False,False,False,False,True,False,0.0,999.0,999.0,158
ENDD11,ENDD11,ETF,ENDD11,12.25,A,0.5,C,0.0,Fraco,108.65,107.98,104.14,101.93,156999.25,False,0.0,False,0.0,True,0.5,False,0.0,False,0.0,True,False,0.7,109.69,False,False,False,False,False,False,False,0.0,999.0,999.0,159
WRLD11,WRLD11,ETF,WRLD11,12.25,A,0.5,C,0.0,Fraco,150.21,145.97,139.74,139.01,4723053.24,False,0.0,False,0.0,True,0.5,False,0.0,False,0.0,True,False,0.74,154.02,False,False,False,False,False,False,False,0.0,23.067024,999.0,160
C1HT34,C1HT34,BDR,CHT (BDR: C1HT34),12.25,A,2.0,C,3.0,OK,43.31,42.73,41.84,41.42,7288856.68,False,0.0,False,0.0,True,0.5,False,0.0,False,0.0,True,False,0.97,43.49,False,False,False,False,False,True,False,10.92,27.08,11.702347,161
BBJP39,JPMORGAN BETABUILDERS JAPAN ETF,BDR,BBJP (BDR: BBJP39),12.25,A,2.0,C,1.0,Fraco,76.11,75.64,73.25,71.37,82896729.36,False,0.0,False,0.0,True,0.5,False,0.0,False,0.0,True,False,0.53,79.72,False,False,False,False,False,True,False,0.0,19.304317,999.0,162
EWJV39,ISHARES MSCI JAPAN VALUE ETF,BDR,EWJV (BDR: EWJV39),12.25,A,2.0,C,1.0,Fraco,46.53,45.87,44.19,42.8,2758437.92,False,0.0,False,0.0,True,0.5,False,0.0,False,0.0,True,False,0.59,48.36,False,False,False,False,False,True,False,0.0,15.04835,999.0,163
HGBR11,HGBR11,ETF,HGBR11,12.25,A,2.0,C,0.0,Fraco,55.52,54.99,53.82,53.2,589844.48,False,0.0,False,0.0,True,0.5,False,0.0,False,0.0,True,False,0.94,55.8,False,False,False,False,False,True,False,0.0,999.0,999.0,164
JEPI39,JPMORGAN EQUITY PREMIUM INCOME ETF,BDR,JEPI (BDR: JEPI39),12.25,A,2.0,C,0.0,Fraco,57.74,56.47,55.91,55.49,240364898.85,False,0.0,False,0.0,True,0.5,False,0.0,False,0.0,True,False,1.0,58.15,False,False,False,False,False,True,False,0.0,26.61546,999.0,165
ALZC11,ALZC11,ETF,ALZC11,12.25,A,2.0,C,0.0,Fraco,7.27,7.25,7.25,7.14,97876.01,False,0.0,False,0.0,True,0.5,False,0.0,False,0.0,True,False,0.41,7.41,False,False,False,False,False,True,False,0.0,20.194443,999.0,166
VWRA11,VWRA11,ETF,VWRA11,12.25,A,2.0,C,0.0,Fraco,115.07,111.63,106.63,106.05,1396144.31,False,0.0,False,0.0,True,0.5,False,0.0,False,0.0,True,False,0.95,117.91,False,False,False,False,False,True,False,0.0,999.0,999.0,167
BINC11,BINC11,ETF,BINC11,12.25,A,0.5,C,0.0,Fraco,102.49,102.02,98.73,96.57,963610.96,False,0.0,False,0.0,True,0.5,False,0.0,False,0.0,True,False,0.77,106.46,False,False,False,False,False,False,False,0.0,999.0,999.0,168
LFIN11,LFIN11,ETF,LFIN11,12.25,A,2.0,C,0.0,Fraco,113.16,111.64,108.68,107.35,1210925.2,False,0.0,False,0.0,True,0.5,False,0.0,False,0.0,True,False,0.78,113.54,False,False,False,False,False,True,False,0.0,999.0,999.0,169
LLFT11,LLFT11,ETF,LLFT11,12.25,A,2.0,C,0.0,Fraco,117.82,116.3,113.24,113.09,2041584.95,False,0.0,False,0.0,True,0.5,False,0.0,False,0.0,True,False,0.02,118.04,False,False,False,False,False,True,False,0.0,999.0,999.0,170
NTNS11,NTNS11,ETF,NTNS11,12.25,A,0.5,C,0.0,Fraco,67.12,66.03,64.66,63.83,1387773.18,False,0.0,False,0.0,True,0.5,False,0.0,False,0.0,True,False,1.22,67.21,False,False,False,False,False,False,False,0.0,999.0,999.0,171
TSMC34,TSMC34,BDR,TSM (BDR: TSMC34),12.2,A,0.5,C,4.0,Forte,414.88,424.27,387.72,364.67,3453531275.37,False,0.0,False,0.0,True,0.7,False,0.0,True,0.7,True,False,0.86,436.04,False,False,False,False,False,False,False,39.969003,31.074308,86.77441,172
CMDB11,CMDB11,ETF,CMDB11,12.12,A,0.5,C,1.0,Fraco,16.59,16.09,16.69,16.02,53303.67,False,0.0,False,0.0,False,0.0,False,0.0,True,0.85,True,False,0.3,16.97,False,False,False,False,False,False,False,0.0,10.641768,999.0,173
SEQR11,SEQR11,ETF,SEQR11,12.0,A,2.0,C,1.0,Fraco,52.49,52.39,51.95,50.66,56689.2,False,0.0,False,0.0,False,0.0,False,0.0,False,0.0,True,False,0.91,54.79,False,False,False,False,False,True,False,0.0,5.076402,999.0,174
BKNG34,BKNG34,BDR,BKNG (BDR: BKNG34),12.0,A,2.0,C,2.0,Fraco,210.1,187.08,178.31,185.06,475863697.72,False,0.0,False,0.0,False,0.0,False,0.0,True,1.0,True,False,0.46,216.42,False,False,False,False,False,True,False,0.0,23.293007,-14.752565,175
EMBJ3,EMBJ3,BR_STOCK,EMBJ3,12.0,A,2.0,C,0.0,Fraco,97.71,85.67,83.91,84.64,541889883.92,False,0.0,False,0.0,False,0.0,False,0.0,True,1.0,True,False,0.98,102.79,False,False,False,False,False,True,False,0.0,0.0,0.0,176
DEEC34,DEEC34,BDR,DE (BDR: DEEC34),12.0,A,2.0,C,1.0,Fraco,620.96,603.12,583.47,555.8,1646845978.01,False,0.0,False,0.0,False,0.0,False,0.0,False,0.0,True,False,2.73,643.99,False,False,False,False,False,True,False,18.349001,35.177906,6.115516,177
EXGR34,EXGR34,BDR,EXPE (BDR: EXGR34),12.0,A,2.0,C,3.0,OK,325.06,277.03,249.61,254.03,191842934.18,False,0.0,False,0.0,False,0.0,False,0.0,True,1.0,True,False,0.39,335.0,False,False,False,False,False,True,False,89.48899999999999,20.40088,32.175686,178
SIMN34,SIMN34,BDR,SPG (BDR: SIMN34),11.95,A,0.5,C,3.0,OK,220.67,222.94,203.53,197.27,114156782.78,False,0.0,False,0.0,True,0.7,False,0.0,False,0.0,False,False,0.42,238.5,False,False,False,False,False,False,False,120.508,15.519407,14.800781,179
I1HG34,I1HG34,BDR,IHG (BDR: I1HG34),11.95,A,0.5,C,1.0,Fraco,159.79,163.14,148.89,145.09,21444745.34,False,0.0,False,0.0,True,0.7,False,0.0,False,0.0,True,False,0.55,163.35,False,False,False,False,False,False,False,0.0,34.003193,-48.2031,180
S1TT34,S1TT34,BDR,STT (BDR: S1TT34),11.8,A,0.5,C,1.0,Fraco,183.63,179.23,151.0,143.77,130613328.0,False,0.0,False,0.0,True,0.8,False,0.0,False,0.0,False,False,0.52,195.18,False,False,False,False,False,False,False,12.437,16.157547,2.104002,181
F2IV34,F2IV34,BDR,FIVN (BDR: F2IV34),11.8,A,0.5,C,2.0,Fraco,32.43,25.62,20.71,20.59,38563388.97,False,0.0,False,0.0,True,0.8,False,0.0,False,0.0,False,False,0.41,34.58,False,False,False,False,False,False,False,7.9169996000000005,47.5,3.0753117,182
M2RV34,M2RV34,BDR,MRVL (BDR: M2RV34),11.8,A,0.5,C,3.0,OK,250.26,234.12,163.34,144.27,6008935462.46,False,0.0,False,0.0,True,0.8,False,0.0,False,0.0,True,False,1.08,245.49,False,False,False,False,False,False,False,16.028000000000002,85.962326,12.065468,183
HIWP34,HIWP34,BDR,HIW (BDR: HIWP34),11.8,A,0.5,C,2.0,Fraco,31.47,31.02,25.86,25.74,14882724.82,False,0.0,False,0.0,True,0.8,False,0.0,False,0.0,False,False,0.5,34.88,False,False,False,False,False,False,False,6.815,20.847681,1.4683521,184
B2RK34,B2RK34,BDR,BRKR (BDR: B2RK34),11.8,A,0.5,C,2.0,Fraco,59.93,58.37,47.28,47.01,68463193.33,False,0.0,False,0.0,True,0.8,False,0.0,False,0.0,False,False,0.61,65.3,False,False,False,False,False,False,False,-2.9979998,999.0,3.8334079,185
S1NA34,S1NA34,BDR,SNA (BDR: S1NA34),11.72,A,0.5,C,5.0,Forte,391.54,399.93,378.96,368.79,68843696.62,False,0.0,False,0.0,True,0.6,False,0.0,True,0.65,False,False,0.62,420.41,False,False,False,False,False,False,False,17.932000000000002,19.940111,3.3493571,186
E1TN34,E1TN34,BDR,ETN (BDR: E1TN34),11.7,A,0.5,C,2.0,Fraco,416.11,414.65,390.51,377.05,512947029.04,False,0.0,False,0.0,True,0.7,False,0.0,True,0.7,False,False,0.73,478.0,False,False,False,False,False,False,False,19.683999999999997,42.90186,7.9638333,187
J2AZ34,J2AZ34,BDR,JAZZ (BDR: J2AZ34),11.62,A,0.5,C,4.0,Forte,247.84,244.25,211.52,199.46,72646126.21,False,0.0,False,0.0,True,0.75,False,0.0,False,0.0,False,False,0.42,265.05,False,False,False,False,False,False,False,22.114,17.034246,3.3562753,188
A1TT34,A1TT34,BDR,ALL (BDR: A1TT34),11.62,A,0.5,C,5.0,Forte,255.31,249.17,221.77,217.4,333920456.43,False,0.0,False,0.0,True,0.75,False,0.0,False,0.0,False,False,0.7,277.22,False,False,False,False,False,False,False,46.113998,5.097297,2.0402913,189
NMRH34,NMRH34,BDR,NMR (BDR: NMRH34),11.62,A,0.5,C,3.0,OK,9.45,9.42,8.72,8.52,4876747.14,False,0.0,False,0.0,True,0.75,False,0.0,False,0.0,False,False,0.86,10.05,False,False,False,False,False,False,False,11.158,11.255953,1.1481389,190
Y2PF34,Y2PF34,BDR,YPF (BDR: Y2PF34),11.62,A,0.5,C,3.0,OK,50.83,49.67,44.62,42.48,35790889.46,False,0.0,False,0.0,True,0.75,False,0.0,False,0.0,True,False,0.58,53.57,False,False,False,False,False,False,False,7.255000000000001,25.69192,1.9017904,191
X1YZ34,X1YZ34,BDR,XYZ (BDR: X1YZ34),11.62,A,0.5,C,2.0,Fraco,80.16,78.14,68.79,67.89,141853066.32,False,0.0,False,0.0,True,0.75,False,0.0,False,0.0,False,False,0.35,86.75,False,False,False,False,False,False,False,1.6119999999999999,143.01785,2.1824076,192
TAKP34,TAKP34,BDR,TAK (BDR: TAKP34),11.62,A,2.0,C,2.0,Fraco,18.12,16.73,17.12,16.52,33118784.52,False,0.0,False,0.0,False,0.0,False,0.0,True,0.85,True,False,0.58,18.5,False,False,False,False,False,True,False,-2.262,999.0,1.2624298,193
TRVC34,TRVC34,BDR,TRV (BDR: TRVC34),11.62,A,0.5,C,5.0,Forte,365.18,350.2,313.87,306.1,314353510.94,False,0.0,False,0.0,True,0.75,False,0.0,False,0.0,False,False,0.51,398.7,False,False,False,False,False,False,False,26.511000000000003,9.799462,2.2959101,194
S1WK34,S1WK34,BDR,SWK (BDR: S1WK34),11.62,A,2.0,C,3.0,OK,98.82,92.37,82.14,79.25,99452052.41,False,0.0,False,0.0,True,0.75,False,0.0,False,0.0,False,False,0.58,104.68,False,False,False,False,False,True,False,6.886,24.171148,1.7118615,195
G1RM34,G1RM34,BDR,GRMN (BDR: G1RM34),11.62,A,0.5,C,4.0,Forte,293.45,261.81,243.32,232.53,191181509.15,False,0.0,False,0.0,True,0.75,False,0.0,False,0.0,False,False,0.87,314.28,False,False,False,False,False,False,False,21.886998,30.21804,6.2626057,196
AMZO34,AMZO34,BDR,AMZN (BDR: AMZO34),11.5,A,0.5,C,4.0,Forte,260.39,249.32,239.78,238.3,5217048044.34,False,0.0,False,0.0,False,0.0,False,0.0,True,1.0,False,False,0.6,287.2,False,False,False,False,False,False,False,30.558002000000002,20.909164,5.084643,197
L1YG34,L1YG34,BDR,LYG (BDR: L1YG34),11.45,A,0.5,C,3.0,OK,5.91,5.87,5.48,5.34,68931368.88,False,0.0,False,0.0,True,0.7,False,0.0,False,0.0,False,False,1.01,6.25,False,False,False,False,False,False,False,11.3400005,13.755814,1.53311,198
A1SU34,A1SU34,BDR,AIZ (BDR: A1SU34),11.45,A,0.5,C,5.0,Forte,282.51,275.35,245.8,241.37,80484841.7,False,0.0,False,0.0,True,0.7,False,0.0,False,0.0,False,False,0.77,303.94,False,False,False,False,False,False,False,18.341999,13.492344,2.2836156,199
A1EG34,A1EG34,BDR,AEG (BDR: A1EG34),11.45,A,2.0,C,2.0,Fraco,9.02,8.94,8.01,7.87,34056549.04,False,0.0,False,0.0,True,0.7,False,0.0,False,0.0,False,False,0.93,9.61,False,False,False,False,False,True,False,10.421,12.8857155,1.5646689,200
TECN3,TECHNOS S.A.,BR_STOCK,TECN3,11.45,A,0.5,C,4.0,Forte,9.38,9.24,8.7,8.17,143514.0,False,0.0,False,0.0,True,0.7,False,0.0,False,0.0,False,False,0.14,10.2,False,False,False,False,False,False,False,26.499,5.07027,1.2835249,201
BCSA34,BCSA34,BDR,SAN (BDR: BCSA34),11.45,A,0.5,C,3.0,OK,14.2,13.85,12.56,12.17,301492941.3,False,0.0,False,0.0,True,0.7,False,0.0,False,0.0,False,False,0.9,15.0,False,False,False,False,False,False,False,13.109000000000002,13.946079,1.6136727,202
COLD34,COLD34,BDR,COLD (BDR: COLD34),11.45,A,0.5,C,1.0,Fraco,15.12,14.93,13.36,12.86,21770471.36,False,0.0,False,0.0,True,0.7,False,0.0,False,0.0,True,False,0.39,15.53,False,False,False,False,False,False,False,-16.457,999.0,1.7762147,203
V1TA34,V1TA34,BDR,VTR (BDR: V1TA34),11.45,A,0.5,C,2.0,Fraco,92.62,90.91,85.79,83.54,110150020.5,False,0.0,False,0.0,True,0.7,False,0.0,False,0.0,False,False,0.37,101.6,False,False,False,False,False,False,False,2.012,168.52727,3.2455618,204
AAPL34,AAPL34,BDR,AAPL (BDR: AAPL34),11.45,A,0.5,C,4.0,Forte,311.54,309.64,284.01,280.82,7219577065.46,False,0.0,False,0.0,True,0.7,False,0.0,False,0.0,False,False,0.56,344.27,False,False,False,False,False,False,False,148.75101,35.74053,42.296192,205
E1IX34,E1IX34,BDR,EIX (BDR: E1IX34),11.45,A,0.5,C,3.0,OK,74.92,73.83,70.22,66.81,198158075.84,False,0.0,False,0.0,True,0.7,False,0.0,False,0.0,False,False,0.78,81.62,False,False,False,False,False,False,False,19.733999999999998,7.703819,1.6464853,206
PHMO34,PHMO34,BDR,PM (BDR: PHMO34),11.45,A,0.5,C,1.0,Fraco,191.79,185.64,176.3,170.33,390171808.64,False,0.0,False,0.0,True,0.7,False,0.0,False,0.0,False,False,0.44,207.76,False,False,False,False,False,False,False,0.0,26.34388,-34.777557,207
A1DM34,A1DM34,BDR,ADM (BDR: A1DM34),11.45,A,0.5,C,3.0,OK,81.97,79.58,73.92,69.89,186381963.43,False,0.0,False,0.0,True,0.7,False,0.0,False,0.0,False,False,0.62,87.9,False,False,False,False,False,False,False,7.642,22.32787,1.6709265,208
M1UF34,M1UF34,BDR,MUFG (BDR: M1UF34),11.45,A,0.5,C,3.0,OK,21.6,21.58,19.32,18.45,46333714.73,False,0.0,False,0.0,True,0.7,False,0.0,False,0.0,False,False,0.8,23.25,False,False,False,False,False,False,False,9.458999,16.225563,1.707436,209
RYTT34,RYTT34,BDR,RTX (BDR: RYTT34),11.28,A,0.5,C,3.0,OK,212.91,202.12,194.28,189.96,605200304.88,False,0.0,False,0.0,True,0.65,False,0.0,False,0.0,False,False,0.64,226.41,False,False,False,False,False,False,False,12.274000000000001,37.35325,4.3155327,210
A1PH34,A1PH34,BDR,APH (BDR: A1PH34),11.28,A,0.5,C,3.0,OK,153.27,160.73,146.62,144.2,569504128.72,False,0.0,False,0.0,True,0.65,False,0.0,True,1.0,False,False,0.68,176.33,False,False,False,False,False,False,False,38.115,38.393486,12.188892,211
HPQB34,HPQB34,BDR,HPQ (BDR: HPQB34),11.27,A,0.5,C,3.0,OK,29.5,25.75,21.9,22.2,230897927.19,True,0.51,False,0.0,False,0.0,False,0.0,True,0.7,False,False,0.6,32.19,False,False,False,False,False,False,False,0.0,10.912963,-187.67516,212
H1LT34,H1LT34,BDR,HLT (BDR: H1LT34),11.25,A,0.5,C,2.0,Fraco,329.61,330.43,319.39,309.73,543070032.15,False,0.0,False,0.0,True,0.5,False,0.0,False,0.0,True,False,0.82,335.8,False,False,False,False,False,False,False,0.0,48.473526,-11.802915,213
PORD11,PORD11,ETF,PORD11,11.25,A,0.5,C,1.0,Fraco,8.14,8.3,8.07,7.89,1379974.26,False,0.0,False,0.0,True,0.5,False,0.0,False,0.0,True,False,1.24,8.5,False,False,False,False,False,False,False,12.647,0.995086,0.81513536,214
M1AA34,M1AA34,BDR,MAA (BDR: M1AA34),11.25,A,0.5,C,2.0,Fraco,132.39,134.34,129.81,129.64,67421460.65,False,0.0,False,0.0,True,0.5,False,0.0,False,0.0,True,False,0.64,137.82,False,False,False,False,False,False,False,7.049999999999999,38.61696,2.819659,215
EXES11,EXES11,ETF,EXES11,11.25,A,2.0,C,1.0,Fraco,9.5,9.53,9.13,8.98,139460.0,False,0.0,False,0.0,True,0.5,False,0.0,False,0.0,True,False,1.91,9.68,False,False,False,False,False,True,False,0.0,5.135135,999.0,216
KNCR11,KNCR11,ETF,KNCR11,11.25,A,0.5,C,2.0,Fraco,106.09,106.81,103.59,102.07,20180226.92,False,0.0,False,0.0,True,0.5,False,0.0,False,0.0,True,False,1.03,107.6,False,False,False,False,False,False,False,15.479000000000001,8.767768,1.0517707,217
BBRC11,BBRC11,ETF,BBRC11,11.25,A,2.0,C,0.0,Fraco,102.39,102.94,100.68,97.96,54573.87,False,0.0,False,0.0,True,0.5,False,0.0,False,0.0,True,False,0.92,105.0,False,False,False,False,False,True,False,0.0,999.0,999.0,218
KNSC11,KNSC11,ETF,KNSC11,11.25,A,0.5,C,1.0,Fraco,8.97,9.05,8.81,8.61,4137313.95,False,0.0,False,0.0,True,0.5,False,0.0,False,0.0,True,False,0.73,9.17,False,False,False,False,False,False,False,0.0,8.625001,999.0,219
A1WK34,A1WK34,BDR,AWK (BDR: A1WK34),11.25,A,2.0,C,2.0,Fraco,137.43,131.82,129.92,129.32,157363584.47,False,0.0,False,0.0,True,0.5,False,0.0,False,0.0,True,False,0.52,140.32,False,False,False,False,False,True,False,10.095,23.783361,2.337899,220
HTMX11,HTMX11,ETF,HTMX11,11.25,A,0.5,C,0.0,Fraco,134.0,136.85,133.03,132.87,192558.0,False,0.0,False,0.0,True,0.5,False,0.0,False,0.0,True,False,0.52,140.64,False,False,False,False,False,False,False,0.0,999.0,999.0,221
KNUQ11,KNUQ11,ETF,KNUQ11,11.25,A,0.5,C,1.0,Fraco,102.56,104.34,101.87,100.34,3941278.15,False,0.0,False,0.0,True,0.5,False,0.0,False,0.0,True,False,1.09,105.5,False,False,False,False,False,False,False,0.0,7.3174033,999.0,222
IFRI11,IFRI11,ETF,IFRI11,11.25,A,0.5,C,0.0,Fraco,99.95,100.21,98.3,96.76,1235282.01,False,0.0,False,0.0,True,0.5,False,0.0,False,0.0,True,False,0.77,102.44,False,False,False,False,False,False,False,0.0,999.0,999.0,223
PFIN11,PFIN11,ETF,PFIN11,11.25,A,0.5,C,0.0,Fraco,61.7,62.21,60.21,57.99,278267.0,False,0.0,False,0.0,True,0.5,False,0.0,False,0.0,True,False,0.23,63.76,False,False,False,False,False,False,False,0.0,999.0,999.0,224
Q1RV34,Q1RV34,BDR,QRVO (BDR: Q1RV34),11.12,A,0.5,C,2.0,Fraco,96.26,92.3,87.72,87.24,49366268.28,False,0.0,False,0.0,False,0.0,False,0.0,True,0.85,True,False,0.49,99.15,False,False,False,False,False,False,False,11.5559995,22.345707,2.447149,225
QTOP39,ISHARES NASDAQ TOP 30 STOCKS ETF,BDR,QTOP (BDR: QTOP39),11.12,A,0.5,C,0.0,Fraco,36.75,37.27,34.67,33.99,3590181.0,False,0.0,False,0.0,False,0.0,False,0.0,True,0.65,True,False,0.88,38.26,False,False,False,False,False,False,False,0.0,30.373667,999.0,226
D1LR34,D1LR34,BDR,DLR (BDR: D1LR34),11.1,A,0.5,C,2.0,Fraco,194.44,186.74,182.81,176.06,176099449.21,False,0.0,False,0.0,True,0.6,False,0.0,False,0.0,False,False,0.45,207.47,False,False,False,False,False,False,False,2.912,245.8481,2.6912205,227
S1KM34,S1KM34,BDR,SKM (BDR: S1KM34),11.1,A,0.5,C,3.0,OK,38.27,34.13,33.36,30.08,47900569.53,False,0.0,False,0.0,True,0.6,False,0.0,False,0.0,True,False,0.65,40.15,False,False,False,False,False,False,False,5.189,28.61194,1.6140296,228
E1VE34,E1VE34,BDR,EG (BDR: E1VE34),11.1,A,0.5,C,2.0,Fraco,369.78,364.91,343.2,337.42,64054400.73,False,0.0,False,0.0,True,0.6,False,0.0,False,0.0,False,False,0.66,401.07,False,False,False,False,False,False,False,12.572,7.7897906,0.9243231,229
SAUD3,SAUD3,BR_STOCK,SAUD3,11.1,A,0.5,C,3.0,OK,13.79,14.35,13.64,13.06,30689644.92,False,0.0,False,0.0,True,0.6,False,0.0,True,1.0,False,False,0.55,16.09,False,False,False,False,False,False,False,10.538,12.20354,2.155024,230
I1QV34,I1QV34,BDR,IQV (BDR: I1QV34),11.0,A,2.0,C,2.0,Fraco,257.08,210.77,190.31,199.07,355431826.6,False,0.0,False,0.0,False,0.0,False,0.0,False,0.0,True,False,1.27,251.36,False,False,False,False,False,True,False,22.817999999999998,31.821117,6.832573,231
D1VN34,D1VN34,BDR,DVN (BDR: D1VN34),11.0,A,2.0,C,4.0,Forte,49.37,43.8,44.71,42.39,376860271.85,False,0.0,False,0.0,False,0.0,False,0.0,False,0.0,True,False,0.65,48.91,False,False,False,False,False,True,False,11.522,10.716195,1.3577881,232
CXCO11,CXCO11,ETF,CXCO11,11.0,A,0.5,C,1.0,Fraco,70.33,68.56,68.8,66.62,176809.62,False,0.0,False,0.0,False,0.0,False,0.0,False,0.0,True,False,0.63,71.15,False,False,False,False,False,False,False,0.0,8.422754,999.0,233
B1PP34,B1PP34,BDR,BP (BDR: B1PP34),11.0,A,2.0,C,3.0,OK,45.28,40.82,41.19,39.43,403375547.44,False,0.0,False,0.0,False,0.0,False,0.0,False,0.0,True,False,1.27,44.67,False,False,False,False,False,True,False,8.868,21.602873,7.9968123,234
LFIX11,LFIX11,ETF,LFIX11,11.0,A,0.5,C,0.0,Fraco,21.49,21.22,20.76,20.76,1132114.68,False,0.0,False,0.0,False,0.0,False,0.0,False,0.0,True,False,0.25,21.53,False,False,False,False,False,False,False,0.0,999.0,999.0,235
A1RG34,A1RG34,BDR,ARGX (BDR: A1RG34),11.0,A,2.0,C,4.0,Forte,1036.66,891.6,824.83,835.32,227869278.77,False,0.0,False,0.0,False,0.0,False,0.0,False,0.0,True,False,0.69,1035.09,False,False,False,False,False,True,False,23.635,39.577583,192.83006,236
N1EM34,N1EM34,BDR,NEM (BDR: N1EM34),11.0,A,2.0,C,5.0,Forte,127.62,100.76,109.5,105.82,924404514.57,False,0.0,False,0.0,False,0.0,False,0.0,False,0.0,True,False,0.94,126.6,False,False,False,False,False,True,False,25.905,16.100883,3.8365386,237
MIDW11,MIDW11,ETF,MIDW11,11.0,A,0.5,C,0.0,Fraco,10.98,10.77,10.43,10.43,2999999.39,False,0.0,False,0.0,False,0.0,False,0.0,False,0.0,True,False,0.45,11.0,False,False,False,False,False,False,False,0.0,999.0,999.0,238
EXXO34,EXXO34,BDR,XOM (BDR: EXXO34),11.0,A,2.0,C,3.0,OK,166.82,147.82,148.6,140.47,1328290153.73,False,0.0,False,0.0,False,0.0,False,0.0,False,0.0,True,False,0.56,168.21,False,False,False,False,False,True,False,12.584000000000001,21.373394,2.636097,239
HTEK11,HTEK11,ETF,HTEK11,11.0,A,2.0,C,0.0,Fraco,72.74,61.74,57.78,57.91,61538.04,False,0.0,False,0.0,False,0.0,False,0.0,False,0.0,True,True,1.65,66.27,False,False,False,False,False,True,False,0.0,38.589367,999.0,240
F2NV34,F2NV34,BDR,FNV (BDR: F2NV34),11.0,A,0.5,C,3.0,OK,258.15,217.96,235.63,228.15,210320221.18,False,0.0,False,0.0,False,0.0,False,0.0,False,0.0,True,False,0.94,252.02,False,False,False,False,False,False,False,19.913,33.720627,6.144879,241
COPH34,COPH34,BDR,COP (BDR: COPH34),11.0,A,2.0,C,4.0,Forte,134.95,114.7,115.06,108.76,803477552.5,False,0.0,False,0.0,False,0.0,False,0.0,False,0.0,True,False,0.87,132.38,False,False,False,False,False,True,False,14.180000000000001,17.843914,2.479916,242
CHVX34,CHVX34,BDR,CVX (BDR: CHVX34),11.0,A,2.0,C,4.0,Forte,206.43,183.84,183.96,175.12,1149411693.69,False,0.0,False,0.0,False,0.0,False,0.0,False,0.0,True,False,0.7,207.68,False,False,False,False,False,True,False,12.231,19.811838,2.126498,243
PETR4,PETROLEO BRASILEIRO S.A. PETROBRAS,BR_STOCK,PETR4,11.0,A,0.5,C,0.0,Fraco,44.31,40.49,41.39,38.46,1806970718.0,False,0.0,False,0.0,False,0.0,False,0.0,False,0.0,True,False,0.78,43.97,False,False,False,False,False,False,False,0.0,0.0,0.0,244
H1UM34,H1UM34,BDR,HUM (BDR: H1UM34),10.8,A,0.5,C,3.0,OK,380.72,382.77,276.71,270.78,341884657.5,False,0.0,False,0.0,True,0.8,False,0.0,False,0.0,True,False,0.89,399.61,False,False,False,False,False,False,False,6.893000000000001,35.97826,2.3790474,245
M1RN34,M1RN34,BDR,MRNA (BDR: M1RN34),10.8,A,2.0,C,2.0,Fraco,133.08,65.62,54.61,48.12,12205284249.89,False,0.0,False,0.0,True,0.8,False,0.0,False,0.0,False,False,3.64,176.66,False,False,False,False,False,True,True,-38.998002,999.0,7.8678083,246
GMCO34,GMCO34,BDR,GM (BDR: GMCO34),10.75,A,0.5,C,1.0,Fraco,85.92,81.97,79.57,78.73,268976936.19,False,0.0,False,0.0,True,0.5,False,0.0,False,0.0,False,False,0.73,91.85,False,False,False,False,False,False,False,3.164,38.464287,1.2187395,247
ISTT11,ISTT11,ETF,ISTT11,10.75,A,0.5,C,0.0,Fraco,1143.01,1132.78,1100.34,1085.18,4151412.36,False,0.0,False,0.0,True,0.5,False,0.0,False,0.0,False,False,1.56,1206.28,False,False,False,False,False,False,False,0.0,999.0,999.0,248
HLOG11,HLOG11,ETF,HLOG11,10.75,A,0.5,C,1.0,Fraco,9.18,9.13,8.99,8.88,57815.64,False,0.0,False,0.0,True,0.5,False,0.0,False,0.0,False,False,0.8,9.96,False,False,False,False,False,False,False,0.0,5.2485876,999.0,249
E1XR34,E1XR34,BDR,EXR (BDR: E1XR34),10.75,A,0.5,C,2.0,Fraco,147.62,147.37,142.11,138.7,56993275.33,False,0.0,False,0.0,True,0.5,False,0.0,False,0.0,False,False,0.5,158.88,False,False,False,False,False,False,False,6.952999999999999,32.504414,2.3464592,250
B1WA34,B1WA34,BDR,BWA (BDR: B1WA34),10.7,A,0.5,C,3.0,OK,64.82,66.7,60.27,56.33,92976122.24,False,0.0,False,0.0,True,0.7,False,0.0,True,0.7,False,False,0.64,70.98,False,False,False,False,False,False,False,8.056000000000001,31.931034,2.3486357,251
LFTX11,LFTX11,ETF,LFTX11,10.65,A,2.0,C,0.0,Fraco,26.37,26.04,25.69,25.69,81140.49,True,0.55,False,0.0,False,0.0,False,0.0,False,0.0,True,False,0.27,26.41,False,False,False,False,False,True,False,0.0,999.0,999.0,252
VHFA11,VHFA11,ETF,VHFA11,10.62,A,0.5,C,0.0,Fraco,10.59,10.6,9.62,9.52,106524.81,False,0.0,False,0.0,True,0.75,False,0.0,False,0.0,False,False,37.82,11.22,False,False,False,False,False,False,False,0.0,999.0,999.0,253
E2LS34,E2LS34,BDR,ELS (BDR: E2LS34),10.5,A,2.0,C,3.0,OK,65.47,64.56,63.86,62.92,33826320.06,False,0.0,False,0.0,False,0.0,False,0.0,False,0.0,True,False,0.47,67.78,False,False,False,False,False,True,False,22.877,31.632853,7.224184,254
A1CR34,A1CR34,BDR,AMCR (BDR: A1CR34),10.5,A,2.0,C,1.0,Fraco,47.9,44.04,42.11,41.76,154170849.11,False,0.0,False,0.0,False,0.0,False,0.0,False,0.0,True,False,0.84,48.0,False,False,False,False,False,True,False,9.396,20.088236,1.8732859,255
N1VS34,N1VS34,BDR,NVS (BDR: N1VS34),10.5,A,2.0,C,2.0,Fraco,156.24,154.11,151.8,146.23,181055606.63,False,0.0,False,0.0,False,0.0,False,0.0,False,0.0,True,False,0.77,160.81,False,False,False,False,False,True,False,30.349999999999998,23.603476,7.1492953,256
R1IN34,R1IN34,BDR,O (BDR: R1IN34),10.5,A,0.5,C,3.0,OK,63.37,62.92,62.11,60.4,163175271.18,False,0.0,False,0.0,False,0.0,False,0.0,False,0.0,True,False,0.42,66.29,False,False,False,False,False,False,False,3.225,46.116787,1.5115556,257
S1YY34,S1YY34,BDR,SYY (BDR: S1YY34),10.5,A,2.0,C,3.0,OK,83.39,82.3,79.84,78.13,180838969.66,False,0.0,False,0.0,False,0.0,False,0.0,False,0.0,True,False,0.76,86.65,False,False,False,False,False,True,False,77.69200000000001,22.693989,14.909351,258
MCCI11,MCCI11,ETF,MCCI11,10.5,A,0.5,C,1.0,Fraco,92.92,92.23,90.68,88.21,10403415.91,False,0.0,False,0.0,False,0.0,False,0.0,False,0.0,True,False,2.96,94.29,False,False,False,False,False,False,False,0.0,8.872015,999.0,259
AREA11,AREA11,ETF,AREA11,10.5,A,0.5,C,0.0,Fraco,104.0,103.23,103.04,102.3,207792.0,False,0.0,False,0.0,False,0.0,False,0.0,False,0.0,True,False,0.57,104.33,False,False,False,False,False,False,False,0.0,999.0,999.0,260
E2XE34,E2XE34,BDR,EXEL (BDR: E2XE34),10.45,A,0.5,C,5.0,Forte,53.77,54.21,48.09,46.82,65812598.61,False,0.0,False,0.0,True,0.7,False,0.0,False,0.0,False,False,0.44,56.95,False,False,False,False,False,False,False,44.393003,16.883648,7.24757,261
M1TB34,M1TB34,BDR,MTB (BDR: M1TB34),10.45,A,0.5,C,3.0,OK,238.75,242.8,223.46,216.06,193064471.25,False,0.0,False,0.0,True,0.7,False,0.0,False,0.0,False,False,1.04,255.95,False,False,False,False,False,False,False,10.742,12.622882,1.3538601,262
C1FG34,C1FG34,BDR,CFG (BDR: C1FG34),10.45,A,0.5,C,3.0,OK,69.79,70.63,64.63,62.19,104563148.03,False,0.0,False,0.0,True,0.7,False,0.0,False,0.0,False,False,0.53,75.33,False,False,False,False,False,False,False,8.270001,15.183006,1.2236836,263
G1WW34,G1WW34,BDR,GWW (BDR: G1WW34),10.45,A,0.5,C,4.0,Forte,1301.15,1341.24,1211.49,1153.22,239578151.7,False,0.0,False,0.0,True,0.7,False,0.0,False,0.0,False,False,0.81,1415.44,False,False,False,False,False,False,False,46.091,33.166794,14.827605,264
USBC34,USBC34,BDR,USB (BDR: USBC34),10.45,A,0.5,C,3.0,OK,61.98,62.11,56.9,55.13,214676839.47,False,0.0,False,0.0,True,0.7,False,0.0,False,0.0,False,False,0.67,66.08,False,False,False,False,False,False,False,12.623000000000001,12.333333,1.5879829,265
IBKR34,IBKR34,BDR,IBKR (BDR: IBKR34),10.45,A,0.5,C,3.0,OK,89.84,91.63,81.11,77.46,199024340.69,False,0.0,False,0.0,True,0.7,False,0.0,False,0.0,False,False,0.52,94.6,False,False,False,False,False,False,False,24.018998,35.654762,6.8572083,266
H1ST34,H1ST34,BDR,HST (BDR: H1ST34),10.45,A,0.5,C,5.0,Forte,23.17,23.78,20.95,19.89,114946796.23,False,0.0,False,0.0,True,0.7,False,0.0,False,0.0,False,False,0.46,25.71,False,False,False,False,False,False,False,15.558,15.496644,2.475874,267
MSBR34,MSBR34,BDR,MS (BDR: MSBR34),10.45,A,0.5,C,4.0,Forte,207.9,215.85,191.64,186.38,673868745.02,False,0.0,False,0.0,True,0.7,False,0.0,False,0.0,False,False,0.85,222.0,False,False,False,False,False,False,False,17.969999,16.760098,3.0602794,268
T1RO34,T1RO34,BDR,TROW (BDR: T1RO34),10.45,A,0.5,C,5.0,Forte,112.27,113.6,101.86,101.4,76636959.22,False,0.0,False,0.0,True,0.7,False,0.0,False,0.0,False,False,0.46,122.0,False,False,False,False,False,False,False,19.399999,11.275377,2.17511,269
S1MF34,S1MF34,BDR,SMFG (BDR: S1MF34),10.45,A,0.5,C,3.0,OK,24.56,25.14,22.65,21.6,25154842.65,False,0.0,False,0.0,True,0.7,False,0.0,False,0.0,False,False,0.8,26.54,False,False,False,False,False,False,False,8.569,15.832259,1.6002792,270
D1EL34,D1EL34,BDR,DELL (BDR: D1EL34),10.3,A,0.5,C,2.0,Fraco,435.51,426.22,269.87,234.97,1241539306.05,False,0.0,False,0.0,True,0.8,False,0.0,False,0.0,False,False,0.5,514.0,False,False,False,False,False,False,False,0.0,34.604298,-200.9385,271
N2ET34,N2ET34,BDR,NET (BDR: N2ET34),10.3,A,0.5,C,1.0,Fraco,279.21,266.55,223.89,218.97,617509472.61,False,0.0,False,0.0,True,0.8,False,0.0,False,0.0,False,False,0.46,332.22,False,False,False,False,False,False,False,-14.425999000000001,999.0,61.23462,272
H1PE34,H1PE34,BDR,HPE (BDR: H1PE34),10.3,A,0.5,C,2.0,Fraco,52.96,48.87,34.37,31.47,463504376.15,False,0.0,False,0.0,True,0.8,False,0.0,False,0.0,False,False,0.53,63.44,False,False,False,False,False,False,False,6.3149999999999995,49.47663,2.7698424,273
T1WL34,T1WL34,BDR,TWLO (BDR: T1WL34),10.3,A,0.5,C,3.0,OK,221.21,207.38,166.15,157.59,260352795.92,False,0.0,False,0.0,True,0.8,False,0.0,False,0.0,False,False,0.34,258.35,False,False,False,False,False,False,False,13.497,30.412172,4.2966294,274
MUTC34,MUTC34,BDR,MU (BDR: MUTC34),10.3,A,0.5,C,4.0,Forte,969.72,962.95,669.38,567.26,21464632275.96,False,0.0,False,0.0,True,0.8,False,0.0,False,0.0,False,False,0.68,1036.13,False,False,False,False,False,False,False,66.63799999999999,22.028713,10.921146,275
A1NE34,A1NE34,BDR,ANET (BDR: A1NE34),10.3,A,0.5,C,3.0,OK,184.07,176.62,155.15,148.91,529621502.88,False,0.0,False,0.0,True,0.8,False,0.0,False,0.0,False,False,0.41,214.89,False,False,False,False,False,False,False,31.476,58.34762,15.664792,276
P2AN34,P2AN34,BDR,PANW (BDR: P2AN34),10.3,A,0.5,C,2.0,Fraco,349.51,333.94,235.7,225.31,1239162574.9,False,0.0,False,0.0,True,0.8,False,0.0,False,0.0,False,False,0.68,398.88,False,False,False,False,False,False,False,4.8309997000000005,303.9652,10.271508,277
N2VC34,N2VC34,BDR,NVCR (BDR: N2VC34),10.12,A,0.5,C,2.0,Fraco,17.84,16.44,14.47,14.0,11981647.38,False,0.0,False,0.0,True,0.75,False,0.0,False,0.0,False,False,0.48,21.45,False,False,False,False,False,False,False,-43.217,999.0,6.119146,278
B1AX34,B1AX34,BDR,BAX (BDR: B1AX34),10.12,A,0.5,C,2.0,Fraco,26.39,23.48,20.25,19.9,59828767.62,False,0.0,False,0.0,True,0.75,False,0.0,False,0.0,False,False,0.34,30.0,False,False,False,False,False,False,False,-14.371,999.0,2.1996837,279
BRZP11,BRZP11,ETF,BRZP11,10.12,A,0.5,C,0.0,Fraco,176.0,178.95,178.07,170.88,160688.0,False,0.0,False,0.0,False,0.0,False,0.0,True,0.65,True,False,0.09,182.24,False,False,False,False,False,False,False,0.0,999.0,999.0,280
KLBN11,KLABIN S.A.,BR_STOCK,KLBN11,10.12,A,0.5,C,0.0,Fraco,18.29,17.45,18.22,18.07,114413100.73,False,0.0,False,0.0,False,0.0,False,0.0,True,0.85,True,False,1.27,18.73,False,False,False,False,False,False,False,0.0,0.0,0.0,281
PDTC3,PADTEC HOLDING S.A.,BR_STOCK,PDTC3,10.12,A,0.5,C,1.0,Fraco,1.86,1.68,1.57,1.5,53010.0,False,0.0,False,0.0,True,0.75,False,0.0,False,0.0,False,False,0.6,2.08,False,False,False,False,False,False,False,13.994001,8.086956,1.028761,282
N1WL34,N1WL34,BDR,NWL (BDR: N1WL34),10.12,A,0.5,C,2.0,Fraco,5.78,5.49,4.5,4.24,29758246.32,False,0.0,False,0.0,True,0.75,False,0.0,False,0.0,False,False,0.77,7.13,False,False,False,False,False,False,False,-8.5939996,999.0,1.0048594,283
R1FC34,R1FC34,BDR,RF (BDR: R1FC34),10.1,A,0.5,C,3.0,OK,30.27,30.61,28.51,27.84,151395421.76,False,0.0,False,0.0,True,0.6,False,0.0,False,0.0,False,False,0.71,32.29,False,False,False,False,False,False,False,11.866999400000001,12.291057,1.4757906,284
K1IM34,K1IM34,BDR,KIM (BDR: K1IM34),10.1,A,0.5,C,2.0,Fraco,24.17,25.19,23.47,22.55,45880557.62,False,0.0,False,0.0,True,0.6,False,0.0,False,0.0,False,False,0.55,26.65,False,False,False,False,False,False,False,5.806,28.093023,1.5774354,285
B1CS34,B1CS34,BDR,BCS (BDR: B1CS34),10.1,A,0.5,C,3.0,OK,26.53,27.02,24.66,24.26,52377728.08,False,0.0,False,0.0,True,0.6,False,0.0,False,0.0,False,False,0.81,28.37,False,False,False,False,False,False,False,10.091999999999999,10.118321,1.0049826,286
D1OM34,D1OM34,BDR,D (BDR: D1OM34),10.1,A,0.5,C,1.0,Fraco,67.53,69.14,64.64,63.03,149744463.32,False,0.0,False,0.0,True,0.6,False,0.0,False,0.0,False,False,0.63,71.93,False,False,False,False,False,False,False,8.280999999999999,23.35121,2.1261816,287
C2PT34,C2PT34,BDR,CPT (BDR: C2PT34),10.1,A,0.5,C,0.0,Fraco,108.08,112.17,106.45,105.55,79059224.38,False,0.0,False,0.0,True,0.6,False,0.0,False,0.0,False,False,1.02,116.84,False,False,False,False,False,False,False,7.885000000000001,35.49671,2.9104297,288
VLYB34,VLYB34,BDR,VLY (BDR: VLYB34),10.1,A,0.5,C,3.0,OK,14.12,14.57,13.38,12.84,56064476.19,False,0.0,False,0.0,True,0.6,False,0.0,False,0.0,False,False,0.75,15.15,False,False,False,False,False,False,False,8.953,11.966103,1.0545182,289
5PRE11,5PRE11,ETF,5PRE11,10.0,A,0.5,C,0.0,Fraco,50.36,50.08,49.85,49.85,143374.92,False,0.0,False,0.0,False,0.0,False,0.0,False,0.0,True,False,0.17,51.05,False,False,False,False,False,False,False,0.0,999.0,999.0,290
REGN34,REGN34,BDR,REGN (BDR: REGN34),10.0,A,2.0,C,3.0,OK,827.26,690.89,717.34,721.52,301958003.84,False,0.0,False,0.0,False,0.0,False,0.0,False,0.0,True,False,0.48,844.92,False,False,False,False,False,True,False,14.043,19.700668,2.615031,291
BISE11,BISE11,ETF,BISE11,10.0,A,0.5,C,0.0,Fraco,105.42,104.6,103.88,,3629715.96,False,0.0,False,0.0,False,0.0,False,0.0,False,0.0,True,False,0.21,105.46,False,False,False,False,False,False,False,0.0,999.0,999.0,292
F1SL34,F1SL34,BDR,FSLY (BDR: F1SL34),9.78,A,0.5,C,2.0,Fraco,22.83,21.12,20.47,17.99,101108032.56,False,0.0,False,0.0,True,0.65,False,0.0,False,0.0,False,False,0.59,30.69,False,False,False,False,False,False,False,-8.389000000000001,999.0,3.64585,293
BEES3,BANESTES S.A. - BCO EST ESPIRITO SANTO,BR_STOCK,BEES3,9.75,A,0.5,C,3.0,OK,8.52,8.64,8.48,8.21,69864.0,False,0.0,False,0.0,True,0.5,False,0.0,False,0.0,False,False,0.62,8.98,False,False,False,False,False,False,False,0.0,6.8629036,1.2204217,294
C1BL34,C1BL34,BDR,CB (BDR: C1BL34),9.75,A,0.5,C,3.0,OK,343.95,345.08,329.99,322.31,512122306.98,False,0.0,False,0.0,True,0.5,False,0.0,False,0.0,False,False,0.95,365.91,False,False,False,False,False,False,False,14.822,12.145235,1.7542082,295
A1RE34,A1RE34,BDR,ARE (BDR: A1RE34),9.75,A,2.0,C,1.0,Fraco,53.19,50.41,49.27,49.12,98360214.19,False,0.0,False,0.0,True,0.5,False,0.0,False,0.0,True,False,0.98,55.74,False,False,False,False,False,True,False,-4.0760003000000005,999.0,0.5811005,296
J1CI34,J1CI34,BDR,JCI (BDR: J1CI34),9.75,A,0.5,C,3.0,OK,143.68,145.11,138.65,133.05,271433632.88,False,0.0,False,0.0,True,0.5,False,0.0,False,0.0,False,False,0.6,157.06,False,False,False,False,False,False,False,14.332,40.332394,6.433032,297
A1ME34,A1ME34,BDR,AME (BDR: A1ME34),9.75,A,0.5,C,3.0,OK,239.78,240.1,230.8,223.25,254140902.47,False,0.0,False,0.0,True,0.5,False,0.0,False,0.0,False,False,0.84,261.16,False,False,False,False,False,False,False,14.562,35.013176,4.8686833,298
VISA34,VISA34,BDR,V (BDR: VISA34),9.5,A,2.0,C,4.0,Forte,366.87,351.27,328.18,330.44,1378495296.28,False,0.0,False,0.0,False,0.0,False,0.0,False,0.0,True,False,0.53,373.28,False,False,False,False,False,True,False,61.19,31.209719,19.400635,299
MSCD34,MSCD34,BDR,MA (BDR: MSCD34),9.5,A,2.0,C,3.0,OK,575.21,535.56,517.73,526.82,792632513.55,False,0.0,False,0.0,False,0.0,False,0.0,False,0.0,True,False,0.48,583.71,False,False,False,False,False,True,False,241.202,31.5569,89.74672,300
PACB11,PACB11,ETF,PACB11,9.5,A,0.5,C,0.0,Fraco,10.89,10.73,10.74,10.66,6456049.58,False,0.0,False,0.0,False,0.0,False,0.0,False,0.0,True,True,21.97,10.87,False,False,False,False,False,False,False,0.0,999.0,999.0,301
VGIR11,VGIR11,ETF,VGIR11,9.5,A,0.5,C,0.0,Fraco,9.26,9.41,9.24,9.06,4585848.43,False,0.0,False,0.0,False,0.0,False,0.0,False,0.0,True,False,0.99,9.49,False,False,False,False,False,False,False,0.0,999.0,999.0,302
E1DI34,E1DI34,BDR,ED (BDR: E1DI34),9.5,A,0.5,C,3.0,OK,108.44,109.02,107.97,105.07,145544592.76,False,0.0,False,0.0,False,0.0,False,0.0,False,0.0,True,False,0.57,113.65,False,False,False,False,False,False,False,8.962,17.810856,1.5578829,303
BTCI11,BTCI11,ETF,BTCI11,9.5,A,0.5,C,1.0,Fraco,8.88,8.98,8.87,8.77,2335271.31,False,0.0,False,0.0,False,0.0,False,0.0,False,0.0,True,False,0.92,9.07,False,False,False,False,False,False,False,0.0,7.104,0.853682,304
SNEL11,SNEL11,ETF,SNEL11,9.5,A,0.5,C,0.0,Fraco,8.09,8.17,8.09,7.99,2910426.09,False,0.0,False,0.0,False,0.0,False,0.0,False,0.0,True,False,1.0,8.29,False,False,False,False,False,False,False,0.0,21.289474,999.0,305
AJFI11,AJFI11,ETF,AJFI11,9.5,A,0.5,C,0.0,Fraco,8.12,8.13,8.07,7.92,387242.79,False,0.0,False,0.0,False,0.0,False,0.0,False,0.0,True,False,2.33,8.24,False,False,False,False,False,False,False,0.0,999.0,999.0,306
DBAG34,DBAG34,BDR,DB (BDR: DBAG34),9.5,A,2.0,C,3.0,OK,37.56,35.84,33.42,34.05,73681641.17,False,0.0,False,0.0,False,0.0,False,0.0,False,0.0,True,False,1.22,38.65,False,False,False,False,False,True,False,8.891,9.85958,0.7737318,307
CASA11,CASA11,ETF,CASA11,9.5,A,0.5,C,0.0,Fraco,89.11,87.8,85.73,85.9,661374.42,False,0.0,False,0.0,False,0.0,False,0.0,False,0.0,True,False,8.05,90.75,False,False,False,False,False,False,False,0.0,999.0,999.0,308
FPAB11,FPAB11,ETF,FPAB11,9.5,A,2.0,C,1.0,Fraco,205.0,197.58,198.32,196.86,175480.0,False,0.0,False,0.0,False,0.0,False,0.0,False,0.0,True,True,13.09,203.1,False,False,False,False,False,True,False,6.563000400000001,3.6045222,0.5752287,309
PFIZ34,PFIZ34,BDR,PFE (BDR: PFIZ34),9.5,A,2.0,C,2.0,Fraco,27.85,25.06,25.59,25.19,617927956.13,False,0.0,False,0.0,False,0.0,False,0.0,False,0.0,True,False,0.56,28.44,False,False,False,False,False,True,False,5.013999999999999,36.598686,1.8610331,310
MCOR34,MCOR34,BDR,MCO (BDR: MCOR34),9.5,A,2.0,C,3.0,OK,499.61,476.27,461.55,469.8,254529804.31,False,0.0,False,0.0,False,0.0,False,0.0,False,0.0,True,False,0.71,506.49,False,False,False,False,False,True,False,76.932,31.651648,28.558426,311
P1AY34,P1AY34,BDR,PAYX (BDR: P1AY34),9.5,A,2.0,C,2.0,Fraco,122.97,109.83,98.71,101.2,208151812.95,False,0.0,False,0.0,False,0.0,False,0.0,False,0.0,True,False,0.73,125.9,False,False,False,False,False,True,False,0.0,25.134972,11.701258,312
W1YC34,W1YC34,BDR,WY (BDR: W1YC34),9.5,A,0.5,C,2.0,Fraco,24.73,24.35,24.41,23.95,88371107.36,False,0.0,False,0.0,False,0.0,False,0.0,False,0.0,True,False,0.66,26.0,False,False,False,False,False,False,False,4.974,37.333332,1.8779056,313
SPYI11,SPYI11,ETF,SPYI11,9.5,A,0.5,C,0.0,Fraco,109.2,107.26,103.46,103.63,1209499.17,False,0.0,False,0.0,False,0.0,False,0.0,False,0.0,True,False,0.74,112.53,False,False,False,False,False,False,False,0.0,999.0,999.0,314
E1MN34,E1MN34,BDR,EMN (BDR: E1MN34),9.5,A,0.5,C,4.0,Forte,73.86,70.61,71.59,68.89,63427053.94,False,0.0,False,0.0,False,0.0,False,0.0,False,0.0,True,False,1.05,75.75,False,False,False,False,False,False,False,7.3340000000000005,19.213541,1.383695,315
N1DA34,N1DA34,BDR,NDAQ (BDR: N1DA34),9.5,A,2.0,C,4.0,Forte,97.46,89.78,88.61,89.36,142609025.88,False,0.0,False,0.0,False,0.0,False,0.0,False,0.0,True,False,0.64,98.66,False,False,False,False,False,True,False,16.521999,28.440233,4.573157,316
TMPS11,TMPS11,ETF,TMPS11,9.5,A,0.5,C,1.0,Fraco,72.46,73.08,71.52,69.77,1754401.5,False,0.0,False,0.0,False,0.0,False,0.0,False,0.0,True,False,9.45,76.0,False,False,False,False,False,False,False,0.0,15.033195,999.0,317
GILD34,GILD34,BDR,GILD (BDR: GILD34),9.5,A,2.0,C,1.0,Fraco,143.34,131.36,135.39,131.83,538456299.6,False,0.0,False,0.0,False,0.0,False,0.0,False,0.0,True,False,0.62,148.97,False,False,False,False,False,True,False,-20.68,999.0,15.04826,318
GCRI11,GCRI11,ETF,GCRI11,9.5,A,0.5,C,1.0,Fraco,65.15,65.27,63.97,62.13,120332.05,False,0.0,False,0.0,False,0.0,False,0.0,False,0.0,True,False,0.39,65.99,False,False,False,False,False,False,False,0.0,5.608283,999.0,319
G1PI34,G1PI34,BDR,GPN (BDR: G1PI34),9.5,A,2.0,C,2.0,Fraco,91.98,78.87,73.55,74.44,85595591.5,False,0.0,False,0.0,False,0.0,False,0.0,False,0.0,True,False,0.3,95.58,False,False,False,False,False,True,False,2.428,43.753555,1.0618329,320
TMOS34,TMOS34,BDR,TMO (BDR: TMOS34),9.5,A,2.0,C,3.0,OK,628.35,538.72,516.46,532.77,1318405199.41,False,0.0,False,0.0,False,0.0,False,0.0,False,0.0,True,False,1.26,620.48,False,False,False,False,False,True,False,13.514999999999999,33.76197,4.4052906,321
W1BD34,W1BD34,BDR,WBD (BDR: W1BD34),9.5,A,4.16,C,1.0,Fraco,28.25,26.69,27.25,26.97,318129477.69,False,0.0,False,0.0,False,0.0,False,0.0,False,0.0,True,False,0.56,28.68,True,False,False,False,False,True,False,-8.786,999.0,2.1561139,322
BLAK34,BLAK34,BDR,BLK (BDR: BLAK34),9.5,A,2.0,C,3.0,OK,1142.28,1064.79,1045.14,1047.45,244795179.4,False,0.0,False,0.0,False,0.0,False,0.0,False,0.0,True,False,0.42,1186.74,False,False,False,False,False,True,False,12.2779995,27.324064,3.0668488,323
P1GR34,P1GR34,BDR,PGR (BDR: P1GR34),9.5,A,0.5,C,5.0,Forte,221.26,214.68,206.36,207.5,572362212.85,False,0.0,False,0.0,False,0.0,False,0.0,False,0.0,True,False,1.0,223.1,False,False,False,False,False,False,False,34.943000000000005,11.060242,3.7283607,324
F2RS34,F2RS34,BDR,FRSH (BDR: F2RS34),9.5,A,2.0,C,3.0,OK,13.02,10.71,9.41,10.08,30667297.37,False,0.0,False,0.0,False,0.0,False,0.0,False,0.0,True,False,0.3,13.26,False,False,False,False,False,True,False,19.695,20.015387,3.8163686,325
M1SI34,M1SI34,BDR,MSI (BDR: M1SI34),9.5,A,2.0,C,3.0,OK,472.96,426.95,429.45,415.9,448290871.26,False,0.0,False,0.0,False,0.0,False,0.0,False,0.0,True,False,0.94,493.57,False,False,False,False,False,True,False,91.567004,37.32782,29.339733,326
AZIN11,AZIN11,ETF,AZIN11,9.5,A,2.0,C,0.0,Fraco,96.01,96.66,94.84,93.64,549849.28,False,0.0,False,0.0,False,0.0,False,0.0,False,0.0,True,False,0.55,98.5,False,False,False,False,False,True,False,0.0,999.0,999.0,327
MMMC34,MMMC34,BDR,MMM (BDR: MMMC34),9.5,A,2.0,C,3.0,OK,178.33,168.68,158.06,159.58,326721071.3,False,0.0,False,0.0,False,0.0,False,0.0,False,0.0,True,False,0.7,184.9,False,False,False,False,False,True,False,81.891996,31.593086,31.129456,328
KMIC34,KMIC34,BDR,KMI (BDR: KMIC34),9.5,A,0.5,C,3.0,OK,31.73,31.83,31.65,30.29,340514454.19,False,0.0,False,0.0,False,0.0,False,0.0,False,0.0,True,False,1.14,33.06,False,False,False,False,False,False,False,10.9910004,20.403227,2.2244496,329
T1CH34,T1CH34,BDR,TECH (BDR: T1CH34),9.5,A,2.0,C,2.0,Fraco,72.31,68.47,59.99,60.19,189885005.74,False,0.0,False,0.0,False,0.0,False,0.0,False,0.0,True,False,0.91,72.62,False,False,False,False,False,True,False,9.032,62.310345,5.4252043,330
S1LG34,S1LG34,BDR,SLG (BDR: S1LG34),9.5,A,2.0,C,1.0,Fraco,58.42,52.44,44.66,44.78,30659346.89,False,0.0,False,0.0,False,0.0,False,0.0,False,0.0,True,False,0.59,59.5,False,False,False,False,False,True,False,-3.573,999.0,1.2891604,331
SLBG34,SLBG34,BDR,SLB (BDR: SLBG34),9.5,A,0.5,C,2.0,Fraco,53.65,49.7,50.92,47.69,238138376.11,False,0.0,False,0.0,False,0.0,False,0.0,False,0.0,True,False,0.53,54.58,False,False,False,False,False,False,False,12.909001,26.131708,3.049294,332
VERZ34,VERZ34,BDR,VZ (BDR: VERZ34),9.5,A,2.0,C,2.0,Fraco,49.28,45.31,45.85,44.03,411477753.05,False,0.0,False,0.0,False,0.0,False,0.0,False,0.0,True,False,0.5,49.6,False,False,False,False,False,True,False,15.842,12.817709,1.9678556,333
R1SG34,R1SG34,BDR,RSG (BDR: R1SG34),9.5,A,2.0,C,3.0,OK,220.21,214.53,214.2,213.2,218191121.37,False,0.0,False,0.0,False,0.0,False,0.0,False,0.0,True,False,0.71,224.23,False,False,False,False,False,True,False,18.151999999999997,31.13404,5.643125,334
TECK11,TECK11,ETF,TECK11,9.5,A,2.0,C,0.0,Fraco,123.45,116.5,107.99,109.47,1547445.71,False,0.0,False,0.0,False,0.0,False,0.0,False,0.0,True,False,0.15,127.83,False,False,False,False,False,True,False,0.0,28.68959,999.0,335
AFHI11,AFHI11,ETF,AFHI11,9.5,A,0.5,C,1.0,Fraco,91.93,93.35,91.8,90.5,848513.9,False,0.0,False,0.0,False,0.0,False,0.0,False,0.0,True,False,1.05,93.99,False,False,False,False,False,False,False,0.0,8.448529,999.0,336
C2RW34,C2RW34,BDR,CRWD (BDR: C2RW34),9.3,B,0.5,C,2.0,Fraco,190.19,192.54,142.9,138.52,1314159853.86,False,0.0,False,0.0,True,0.8,False,0.0,False,0.0,False,False,0.98,227.5,False,False,False,False,False,False,False,-0.24899999,999.0,41.823772,337
O1KT34,O1KT34,BDR,OKTA (BDR: O1KT34),9.3,B,0.5,C,3.0,OK,134.4,137.12,101.42,97.73,276231501.06,False,0.0,False,0.0,True,0.8,False,0.0,False,0.0,False,False,0.78,156.39,False,False,False,False,False,False,False,3.6679998,97.21739,3.409836,338
F1TN34,F1TN34,BDR,FTNT (BDR: F1TN34),9.3,B,0.5,C,4.0,Forte,150.76,155.75,114.06,105.85,344245284.77,False,0.0,False,0.0,True,0.8,False,0.0,False,0.0,False,False,0.54,172.09,False,False,False,False,False,False,False,117.44200000000001,53.282684,71.32923,339
A1MT34,A1MT34,BDR,AMAT (BDR: A1MT34),9.3,B,0.5,C,4.0,Forte,496.03,560.8,439.8,393.8,1977703351.05,False,0.0,False,0.0,True,0.8,False,0.0,False,0.0,False,False,0.49,576.49,False,False,False,False,False,False,False,41.068,42.73988,15.374437,340
S1TX34,S1TX34,BDR,STX (BDR: S1TX34),9.12,B,0.5,C,3.0,OK,852.84,890.68,656.6,562.28,2447527215.27,False,0.0,False,0.0,True,0.75,False,0.0,False,0.0,False,False,0.59,1013.99,False,False,False,False,False,False,False,371.52898,61.168346,174.2295,341
T2RE34,T2RE34,BDR,TREX (BDR: T2RE34),9.12,B,0.5,C,3.0,OK,47.38,46.57,42.27,40.55,33160504.67,False,0.0,False,0.0,True,0.75,False,0.0,False,0.0,False,False,0.44,50.96,False,False,False,False,False,False,False,17.740999,27.820587,4.9347873,342
L1RC34,L1RC34,BDR,LRCX (BDR: L1RC34),9.12,B,0.5,C,4.0,Forte,310.0,337.4,280.65,252.58,1255058250.0,False,0.0,False,0.0,True,0.75,False,0.0,False,0.0,False,False,0.49,345.28,False,False,False,False,False,False,False,65.06600399999999,53.818024,31.155813,343
A1MD34,A1MD34,BDR,AMD (BDR: A1MD34),9.12,B,0.5,C,3.0,OK,468.31,509.79,364.55,328.79,5873536964.73,False,0.0,False,0.0,True,0.75,False,0.0,False,0.0,False,False,0.58,556.49,False,False,False,False,False,False,False,10.196,119.75893,11.397028,344
D1DG34,D1DG34,BDR,DDOG (BDR: D1DG34),9.12,B,0.5,C,3.0,OK,232.68,249.26,180.7,173.9,525541036.7,False,0.0,False,0.0,True,0.75,False,0.0,False,0.0,False,False,0.36,292.72,False,False,False,False,False,False,False,4.696,474.59183,20.748573,345
N1UE34,N1UE34,BDR,NUE (BDR: N1UE34),9.12,B,0.5,C,4.0,Forte,241.32,248.14,213.49,199.37,430473357.63,False,0.0,False,0.0,True,0.75,False,0.0,False,0.0,False,False,1.28,280.11,False,False,False,False,False,False,False,14.548999000000002,19.177032,2.4677272,346
M1GM34,M1GM34,BDR,MGM (BDR: M1GM34),9.12,B,0.5,C,3.0,OK,43.1,46.07,40.46,39.04,42971964.99,False,0.0,False,0.0,True,0.75,False,0.0,False,0.0,False,False,0.49,46.59,False,False,False,False,False,False,False,18.924999,26.166666,4.3209567,347
CLOV34,CLOV34,BDR,CLOV (BDR: CLOV34),9.12,B,0.5,C,1.0,Fraco,4.12,4.68,3.22,3.06,10788759.42,False,0.0,False,0.0,True,0.75,False,0.0,False,0.0,False,False,0.5,5.19,False,False,False,False,False,False,False,-5.0970003,999.0,5.7665257,348
CHPX39,CHPX39,BDR,CHPX (BDR: CHPX39),9.12,B,0.5,C,0.0,Fraco,92.26,96.17,79.41,73.32,104846388.41,False,0.0,False,0.0,True,0.75,False,0.0,False,0.0,False,False,39.8,99.14,False,False,False,False,False,False,False,0.0,36.062565,999.0,349
UNHH34,UNHH34,BDR,UNH (BDR: UNHH34),9.12,B,0.5,C,3.0,OK,384.92,414.0,351.82,345.0,1189086372.87,False,0.0,False,0.0,True,0.75,False,0.0,False,0.0,False,False,0.76,431.68,False,False,False,False,False,False,False,14.152999,24.765446,3.5378883,350
W1DC34,W1DC34,BDR,WDC (BDR: W1DC34),9.12,B,0.5,C,5.0,Forte,467.64,549.01,418.06,356.65,1882218324.16,False,0.0,False,0.0,True,0.75,False,0.0,False,0.0,False,False,0.44,580.0,False,False,False,False,False,False,False,130.853,17.410912,22.426487,351
P2EN34,P2EN34,BDR,PENN (BDR: P2EN34),9.12,B,0.5,C,1.0,Fraco,18.38,20.52,17.05,16.42,27183816.58,False,0.0,False,0.0,True,0.75,False,0.0,False,0.0,False,False,0.54,21.44,False,False,False,False,False,False,False,-37.578,999.0,1.2605962,352
KNRI11,KNRI11,ETF,KNRI11,9.12,B,0.5,C,1.0,Fraco,153.65,153.37,157.69,154.04,7499348.9,False,0.0,False,0.0,False,0.0,False,0.0,True,0.65,True,False,0.99,157.33,False,False,False,False,False,False,False,7.609000000000001,10.427495,0.9593283,353
I1TW34,I1TW34,BDR,ITW (BDR: I1TW34),9.0,B,0.5,C,3.0,OK,282.97,276.35,268.6,262.66,191966848.83,False,0.0,False,0.0,False,0.0,False,0.0,False,0.0,False,False,0.72,301.92,False,False,False,False,False,False,False,104.61800000000001,25.629648,27.975756,354
3PRE11,3PRE11,ETF,3PRE11,9.0,B,2.0,C,0.0,Fraco,51.99,51.61,,,63791.73,False,0.0,False,0.0,False,0.0,False,0.0,False,0.0,True,False,0.8,54.12,False,False,False,False,False,True,False,0.0,999.0,999.0,355
GXUS11,GXUS11,ETF,GXUS11,9.0,B,2.0,C,1.0,Fraco,114.7,111.41,,,103115.3,False,0.0,False,0.0,False,0.0,False,0.0,False,0.0,True,False,0.94,117.69,False,False,False,False,False,True,False,0.0,19.028711,999.0,356
NVDC34,NVDC34,BDR,NVDA (BDR: NVDC34),9.0,B,0.5,C,4.0,Forte,216.5,207.28,198.45,195.08,13749515124.5,False,0.0,False,0.0,False,0.0,False,0.0,False,0.0,False,False,0.63,227.92,False,False,False,False,False,False,False,114.28799999999998,33.20827,26.87113,357
CDIB11,CDIB11,ETF,CDIB11,9.0,B,0.5,C,0.0,Fraco,51.47,50.92,,,1829964.42,False,0.0,False,0.0,False,0.0,False,0.0,False,0.0,True,False,0.15,51.76,False,False,False,False,False,False,False,0.0,999.0,999.0,358
SLVR11,SLVR11,ETF,SLVR11,9.0,B,2.0,C,0.0,Fraco,43.31,38.08,,,55436.8,False,0.0,False,0.0,False,0.0,False,0.0,False,0.0,True,False,0.05,43.0,False,False,False,False,False,True,False,0.0,999.0,999.0,359
ETHY11,ETHY11,ETF,ETHY11,9.0,B,0.5,C,0.0,Fraco,58.65,49.67,,,995818.38,False,0.0,False,0.0,False,0.0,False,0.0,False,0.0,True,True,2.8,52.99,False,False,False,False,False,False,False,0.0,999.0,999.0,360
E1TR34,E1TR34,BDR,ETR (BDR: E1TR34),9.0,B,0.5,C,1.0,Fraco,107.38,110.96,107.6,103.77,82949651.94,False,0.0,False,0.0,False,0.0,False,0.0,True,0.8,False,False,0.38,115.83,False,False,False,False,False,False,False,10.248999,27.451406,2.7476003,361
LTBX11,LTBX11,ETF,LTBX11,9.0,B,0.5,C,0.0,Fraco,26.35,25.99,,,6752925.4,False,0.0,False,0.0,False,0.0,False,0.0,False,0.0,True,False,0.94,26.37,False,False,False,False,False,False,False,0.0,999.0,999.0,362
SBUB34,SBUB34,BDR,SBUX (BDR: SBUB34),9.0,B,0.5,C,1.0,Fraco,104.17,103.76,99.1,95.28,535080297.45,False,0.0,False,0.0,False,0.0,False,0.0,False,0.0,False,False,0.97,109.88,False,False,False,False,False,False,False,0.0,60.109825,-15.444824,363
AUPO11,AUPO11,ETF,AUPO11,9.0,B,0.5,C,0.0,Fraco,109.19,107.75,,,12487405.44,False,0.0,False,0.0,False,0.0,False,0.0,False,0.0,True,False,1.34,109.22,False,False,False,False,False,False,False,0.0,999.0,999.0,364
NLFA11,NLFA11,ETF,NLFA11,9.0,B,0.5,C,0.0,Fraco,109.54,108.27,,,54236759.73,False,0.0,False,0.0,False,0.0,False,0.0,False,0.0,True,False,18.66,109.62,False,False,False,False,False,False,False,0.0,999.0,999.0,365
GPCA11,GPCA11,ETF,GPCA11,9.0,B,0.5,C,0.0,Fraco,25.79,25.54,,,7163327.49,False,0.0,False,0.0,False,0.0,False,0.0,False,0.0,True,False,1.37,25.77,False,False,False,False,False,False,False,0.0,999.0,999.0,366
POSB11,POSB11,ETF,POSB11,9.0,B,0.5,C,0.0,Fraco,105.68,104.26,,,7062911.46,False,0.0,False,0.0,False,0.0,False,0.0,False,0.0,True,False,1.04,105.69,False,False,False,False,False,False,False,0.0,999.0,999.0,367
IVWO11,IVWO11,ETF,IVWO11,9.0,B,2.0,C,1.0,Fraco,21.72,21.26,,,74347.56,False,0.0,False,0.0,False,0.0,False,0.0,False,0.0,True,False,0.74,22.31,False,False,False,False,False,True,False,0.0,18.025606,999.0,368
GOLB11,GOLB11,ETF,GOLB11,9.0,B,0.5,C,0.0,Fraco,114.17,103.57,,,331207.16,False,0.0,False,0.0,False,0.0,False,0.0,False,0.0,True,False,0.09,112.03,False,False,False,False,False,False,False,0.0,999.0,999.0,369
P1HC34,P1HC34,BDR,PH (BDR: P1HC34),9.0,B,0.5,C,4.0,Forte,1001.42,979.5,945.56,924.98,316621539.82,False,0.0,False,0.0,False,0.0,False,0.0,False,0.0,False,False,0.48,1099.94,False,False,False,False,False,False,False,25.075999999999997,35.169067,8.190771,370
GBIT11,GBIT11,ETF,GBIT11,9.0,B,0.5,C,0.0,Fraco,72.55,63.01,,,51220.3,False,0.0,False,0.0,False,0.0,False,0.0,False,0.0,True,True,49.64,65.1,False,False,False,False,False,False,False,0.0,999.0,999.0,371
LFTI11,LFTI11,ETF,LFTI11,9.0,B,0.5,C,0.0,Fraco,54.65,53.96,,,81592.45,False,0.0,False,0.0,False,0.0,False,0.0,False,0.0,True,False,0.08,54.89,False,False,False,False,False,False,False,0.0,999.0,999.0,372
XB3011,XB3011,ETF,XB3011,9.0,B,0.5,C,0.0,Fraco,52.73,51.75,,,2652424.44,False,0.0,False,0.0,False,0.0,False,0.0,False,0.0,True,False,10.59,53.73,False,False,False,False,False,False,False,0.0,999.0,999.0,373
A1ES34,A1ES34,BDR,AES (BDR: A1ES34),9.0,B,2.0,C,2.0,Fraco,14.77,14.6,14.48,14.23,81341420.44,False,0.0,False,0.0,False,0.0,False,0.0,False,0.0,True,False,0.92,14.79,False,False,False,False,False,True,False,9.5740005,5.5299625,2.1305916,374
S1HW34,S1HW34,BDR,SHW (BDR: S1HW34),9.0,B,0.5,C,3.0,OK,346.77,338.58,333.2,333.12,428219670.8,False,0.0,False,0.0,False,0.0,False,0.0,False,0.0,False,False,0.78,372.16,False,False,False,False,False,False,False,65.12400000000001,31.94337,21.718212,375
GOLX11,GOLX11,ETF,GOLX11,9.0,B,0.5,C,0.0,Fraco,53.62,49.01,,,2529416.21,False,0.0,False,0.0,False,0.0,False,0.0,False,0.0,True,False,0.45,52.66,False,False,False,False,False,False,False,0.0,999.0,999.0,376
H1IG34,H1IG34,BDR,HIG (BDR: H1IG34),9.0,B,0.5,C,5.0,Forte,137.46,137.31,135.7,135.06,73705296.35,False,0.0,False,0.0,False,0.0,False,0.0,False,0.0,False,False,0.43,146.07,False,False,False,False,False,False,False,22.061001,9.469959,1.9299517,377
N1OV34,N1OV34,BDR,NOV (BDR: N1OV34),9.0,B,0.5,C,2.0,Fraco,20.29,19.65,19.44,18.49,46960517.26,False,0.0,False,0.0,False,0.0,False,0.0,False,0.0,False,False,0.81,21.67,False,False,False,False,False,False,False,1.545,75.03703,1.1666476,378
C2PR34,C2PR34,BDR,CUZ (BDR: C2PR34),8.95,B,0.5,C,3.0,OK,29.56,30.13,26.18,25.81,25503865.02,False,0.0,False,0.0,True,0.7,False,0.0,False,0.0,False,False,0.61,32.95,False,False,False,False,False,False,False,0.15199999,739.25,1.0855758,379
CVSH34,CVSH34,BDR,CVS (BDR: CVSH34),8.95,B,0.5,C,3.0,OK,93.89,101.74,87.21,84.64,326817567.72,False,0.0,False,0.0,True,0.7,False,0.0,False,0.0,False,False,0.42,110.0,False,False,False,False,False,False,False,6.205,24.709763,1.5016435,380
MLAS3,GRUPO MULTI S.A.,BR_STOCK,MLAS3,8.95,B,0.5,C,4.0,Forte,1.68,1.71,1.53,1.47,3359663.9,False,0.0,False,0.0,True,0.7,False,0.0,False,0.0,False,False,0.62,1.95,False,False,False,False,False,False,False,9.774999,4.5135136,0.4364872,381
DEAI34,DEAI34,BDR,DAL (BDR: DEAI34),8.95,B,0.5,C,4.0,Forte,81.19,87.42,75.17,72.64,392140648.26,False,0.0,False,0.0,True,0.7,False,0.0,False,0.0,False,False,1.19,95.01,False,False,False,False,False,False,False,20.125,13.447761,2.4312654,382
B2AP34,B2AP34,BDR,BAP (BDR: B2AP34),8.95,B,0.5,C,4.0,Forte,371.15,383.92,344.01,323.46,81753580.31,False,0.0,False,0.0,True,0.7,False,0.0,False,0.0,False,False,0.73,413.25,False,False,False,False,False,False,False,20.41,13.726733,2.6496117,383
T2ER34,T2ER34,BDR,TER (BDR: T2ER34),8.95,B,0.5,C,4.0,Forte,383.82,385.48,344.55,306.39,523881685.3,False,0.0,False,0.0,True,0.7,False,0.0,False,0.0,False,False,0.5,444.17,False,False,False,False,False,False,False,36.464999999999996,52.5583,17.442072,384
K1LA34,K1LA34,BDR,KLAC (BDR: K1LA34),8.95,B,0.5,C,4.0,Forte,185.83,220.43,182.87,167.83,839137672.87,False,0.0,False,0.0,True,0.7,False,0.0,False,0.0,False,False,0.45,219.74,False,False,False,False,False,False,False,87.496,50.920547,38.258545,385
ARNC34,ARNC34,BDR,HWM (BDR: ARNC34),8.95,B,0.5,C,4.0,Forte,273.07,277.61,255.07,242.25,396301313.3,False,0.0,False,0.0,True,0.7,False,0.0,False,0.0,False,False,0.68,309.85,False,False,False,False,False,False,False,34.732,58.852688,19.09735,386
E2NT34,E2NT34,BDR,ENTG (BDR: E2NT34),8.95,B,0.5,C,3.0,OK,144.41,147.02,135.38,123.09,142326022.9,False,0.0,False,0.0,True,0.7,False,0.0,False,0.0,False,False,0.45,166.2,False,False,False,False,False,False,False,7.671,71.95522,5.439877,387
ASML34,ASML34,BDR,ASML (BDR: ASML34),8.95,B,0.5,C,4.0,Forte,1747.28,1779.39,1558.02,1439.21,1161506146.76,False,0.0,False,0.0,True,0.7,False,0.0,False,0.0,False,False,0.53,1896.35,False,False,False,False,False,False,False,53.942,59.473667,1477.5125,388
GEOO34,GEOO34,BDR,GE (BDR: GEOO34),8.78,B,0.5,C,3.0,OK,344.93,359.04,324.11,318.87,923106130.49,False,0.0,False,0.0,True,0.65,False,0.0,False,0.0,False,False,0.77,388.84,False,False,False,False,False,False,False,48.231998,40.655663,20.278809,389
H1RL34,H1RL34,BDR,HRL (BDR: H1RL34),8.78,B,0.5,C,1.0,Fraco,24.1,24.8,23.15,22.94,58511041.33,False,0.0,False,0.0,True,0.65,False,0.0,False,0.0,False,False,0.71,26.43,False,False,False,False,False,False,False,5.831,28.32941,1.6670128,390
C1AH34,C1AH34,BDR,CAH (BDR: C1AH34),8.78,B,0.5,C,2.0,Fraco,229.46,231.3,216.42,212.99,203414001.35,False,0.0,False,0.0,True,0.65,False,0.0,False,0.0,False,False,0.44,258.3,False,False,False,False,False,False,False,0.0,31.597164,-18.463387,391
K1BF34,K1BF34,BDR,KB (BDR: K1BF34),8.62,B,0.5,C,3.0,OK,113.09,114.27,107.61,102.23,9239791.97,False,0.0,False,0.0,False,0.0,False,0.0,True,0.85,False,False,0.42,125.66,False,False,False,False,False,False,False,10.223999599999999,9.481994,3.9933245,392
CSCO34,CSCO34,BDR,CSCO (BDR: CSCO34),8.62,B,0.5,C,4.0,Forte,109.77,116.25,97.83,92.17,988935023.88,False,0.0,False,0.0,False,0.0,False,0.0,True,0.85,False,False,0.35,124.71,False,False,False,False,False,False,False,27.319,32.90991,8.606093,393
CTGP34,CTGP34,BDR,C (BDR: CTGP34),8.6,B,0.5,C,3.0,OK,130.18,136.62,124.54,120.31,756364421.02,False,0.0,False,0.0,True,0.6,False,0.0,False,0.0,False,False,0.73,140.88,False,False,False,False,False,False,False,8.529,13.977372,1.1304886,394
GSGI34,GSGI34,BDR,GS (BDR: GSGI34),8.6,B,0.5,C,4.0,Forte,1004.36,1052.67,957.83,930.09,1210425527.91,False,0.0,False,0.0,True,0.6,False,0.0,False,0.0,False,False,0.68,1088.5,False,False,False,False,False,False,False,16.902,15.474449,2.7350998,395
ENEV3,ENEVA S.A,BR_STOCK,ENEV3,8.6,B,0.5,C,0.0,Fraco,25.07,25.69,24.42,23.26,140417068.29,False,0.0,False,0.0,True,0.6,False,0.0,False,0.0,False,False,0.53,27.67,False,False,False,False,False,False,False,0.0,0.0,0.0,396
FDMO34,FDMO34,BDR,F (BDR: FDMO34),8.6,B,0.5,C,0.0,Fraco,13.95,14.03,13.25,13.15,498227031.14,False,0.0,False,0.0,True,0.6,False,0.0,False,0.0,False,False,0.91,16.12,False,False,False,False,False,False,False,-18.252,999.0,1.563407,397
ROST34,ROST34,BDR,ROST (BDR: ROST34),8.6,B,0.5,C,4.0,Forte,228.83,234.33,219.11,208.15,741448107.03,False,0.0,False,0.0,True,0.6,False,0.0,False,0.0,False,False,1.38,257.0,False,False,False,False,False,False,False,38.981998000000004,31.981846,11.659369,398
CXSE3,CAIXA SEGURIDADE PARTICIPAÇÕES S.A.,BR_STOCK,CXSE3,8.6,B,0.5,C,5.0,Forte,18.27,19.8,18.15,17.37,72186598.81,False,0.0,False,0.0,True,0.6,False,0.0,False,0.0,False,False,0.62,22.05,False,False,False,False,False,False,False,33.348998,12.086093,3.969117,399
TUPY3,TUPY S.A.,BR_STOCK,TUPY3,8.6,B,0.5,C,0.0,Fraco,14.15,15.03,13.69,13.33,9438049.75,False,0.0,False,0.0,True,0.6,False,0.0,False,0.0,False,False,0.61,16.12,False,False,False,False,False,False,False,-28.198,999.0,0.8091227,400
BBSE3,BB SEGURIDADE PARTICIPAÇÕES S.A.,BR_STOCK,BBSE3,8.6,B,0.5,C,2.0,Fraco,36.6,37.85,34.58,33.59,110725975.38,False,0.0,False,0.0,True,0.6,False,0.0,False,0.0,False,False,0.46,40.6,False,False,False,False,False,False,False,85.944,7.7293873,6.516934,401
KMBB34,KMBB34,BDR,KMB (BDR: KMBB34),8.6,B,0.5,C,2.0,Fraco,108.99,108.48,101.89,101.23,195333291.04,False,0.0,False,0.0,True,0.6,False,0.0,False,0.0,False,False,0.67,115.47,False,False,False,False,False,False,False,104.91299999999998,21.43787,20.655643,402
MANA11,MANA11,ETF,MANA11,8.5,B,0.5,C,1.0,Fraco,8.88,9.12,8.95,8.76,845180.65,False,0.0,False,0.0,False,0.0,False,0.0,False,0.0,True,False,0.52,9.19,False,False,False,False,False,False,False,0.0,5.453988,999.0,403
KNIP11,KNIP11,ETF,KNIP11,8.5,B,0.5,C,1.0,Fraco,89.05,90.98,89.12,87.49,4602193.21,False,0.0,False,0.0,False,0.0,False,0.0,False,0.0,True,False,0.55,91.69,False,False,False,False,False,False,False,0.0,8.000898,999.0,404
GAME11,GAME11,ETF,GAME11,8.5,B,0.5,C,1.0,Fraco,8.39,8.38,8.47,8.33,379521.67,False,0.0,False,0.0,False,0.0,False,0.0,False,0.0,True,False,0.85,8.61,False,False,False,False,False,False,False,0.0,5.9436617,999.0,405
R1LC34,R1LC34,BDR,RL (BDR: R1LC34),8.5,B,0.5,C,3.0,OK,373.12,389.91,367.88,363.3,162020268.6,False,0.0,False,0.0,False,0.0,False,0.0,True,0.8,False,False,0.7,411.19,False,False,False,False,False,False,False,37.537,23.484247,7.883054,406
HOND34,HOND34,BDR,HMC (BDR: HOND34),8.5,B,2.0,C,2.0,Fraco,32.67,28.78,27.61,28.2,29023143.3,False,0.0,False,0.0,False,0.0,False,0.0,False,0.0,True,False,0.88,32.23,False,False,False,False,False,True,False,-0.7620000299999999,999.0,0.5464105,407
ADPR34,ADPR34,BDR,ADP (BDR: ADPR34),8.5,B,2.0,C,4.0,Forte,279.37,248.42,226.48,233.07,285333147.66,False,0.0,False,0.0,False,0.0,False,0.0,False,0.0,True,False,0.46,280.59,False,False,False,False,False,True,False,72.239,25.49863,18.41633,408
EBAY34,EBAY34,BDR,EBAY (BDR: EBAY34),8.5,B,0.5,C,3.0,OK,104.55,110.06,101.47,97.17,482765180.24,False,0.0,False,0.0,False,0.0,False,0.0,True,0.8,False,False,0.95,117.63,False,False,False,False,False,False,False,46.611000000000004,21.97689,9.979013,409
T1AM34,T1AM34,BDR,TEAM (BDR: T1AM34),8.5,B,2.0,C,1.0,Fraco,175.41,104.47,91.97,107.94,830795277.39,False,0.0,False,0.0,False,0.0,False,0.0,False,0.0,True,False,0.69,176.15,False,False,False,False,False,True,False,-4.478,999.0,41.774544,410
BBFO11,BBFO11,ETF,BBFO11,8.5,B,0.5,C,1.0,Fraco,66.21,68.34,67.66,65.1,156123.18,False,0.0,False,0.0,False,0.0,False,0.0,False,0.0,True,False,0.77,69.61,False,False,False,False,False,False,False,0.0,0.47056314,999.0,411
DOLB11,DOLB11,ETF,DOLB11,8.5,B,2.0,C,0.0,Fraco,97.94,96.23,95.36,96.09,327315.49,False,0.0,False,0.0,False,0.0,False,0.0,False,0.0,True,False,0.29,98.92,False,False,False,False,False,True,False,0.0,999.0,999.0,412
HGCR11,HGCR11,ETF,HGCR11,8.5,B,0.5,C,0.0,Fraco,92.12,91.68,92.79,91.52,10456357.27,False,0.0,False,0.0,False,0.0,False,0.0,False,0.0,True,False,3.63,93.95,False,False,False,False,False,False,False,0.0,999.0,999.0,413
O1UT34,O1UT34,BDR,OUT (BDR: O1UT34),8.5,B,0.5,C,3.0,OK,29.79,31.86,29.38,27.59,22896475.54,False,0.0,False,0.0,False,0.0,False,0.0,True,0.8,False,False,0.32,33.54,False,False,False,False,False,False,False,35.024,21.424461,7.5660567,414
B1ME34,B1ME34,BDR,ONC (BDR: B1ME34),8.5,B,2.0,C,3.0,OK,369.7,310.93,311.85,316.28,66467625.79,False,0.0,False,0.0,False,0.0,False,0.0,False,0.0,True,False,0.38,379.2,False,False,False,False,False,True,False,14.661999,66.15771,8.06396,415
DOLA11,DOLA11,ETF,DOLA11,8.5,B,0.5,C,0.0,Fraco,10.29,10.13,10.04,10.11,1517569.19,False,0.0,False,0.0,False,0.0,False,0.0,False,0.0,True,False,0.61,10.57,False,False,False,False,False,False,False,0.0,999.0,999.0,416
P1YC34,P1YC34,BDR,PAYC (BDR: P1YC34),8.5,B,2.0,C,3.0,OK,226.25,157.63,139.09,144.9,98437755.0,False,0.0,False,0.0,False,0.0,False,0.0,False,0.0,True,False,0.37,224.82,False,False,False,False,False,True,False,41.089,24.014832,12.716666,417
JTEK39,JTEK39,BDR,JTEK (BDR: JTEK39),8.25,B,0.5,C,0.0,Fraco,98.81,101.9,94.3,93.49,22481547.07,False,0.0,False,0.0,False,0.0,False,0.0,True,0.7,False,False,1.34,105.14,False,False,False,False,False,False,False,0.0,36.885025,999.0,418
LAND3,TERRA SANTA PROPRIEDADES AGRICOLAS S.A.,BR_STOCK,LAND3,8.25,B,0.5,C,1.0,Fraco,8.55,8.5,8.54,8.49,375345.01,False,0.0,False,0.0,False,0.0,False,0.0,True,0.7,False,False,1.3,9.99,False,False,False,False,False,False,False,-2.059,999.0,1.2582781,419
C1TV34,C1TV34,BDR,CTVA (BDR: C1TV34),8.25,B,0.5,C,1.0,Fraco,79.54,81.83,79.44,76.04,299287627.18,False,0.0,False,0.0,True,0.5,False,0.0,False,0.0,False,False,0.96,90.97,False,False,False,False,False,False,False,4.256,48.157578,2.1066306,420
C1BR34,C1BR34,BDR,CBRE (BDR: C1BR34),8.12,B,2.0,C,2.0,Fraco,151.97,141.38,143.49,147.38,219544981.96,False,0.0,False,0.0,False,0.0,False,0.0,True,0.85,True,False,1.08,156.55,False,False,False,False,False,True,False,15.798001000000001,34.750572,5.2412505,421
GOAU3,METALURGICA GERDAU S.A.,BR_STOCK,GOAU3,8.12,B,0.5,C,4.0,Forte,9.09,9.26,9.04,8.78,259065.0,False,0.0,False,0.0,False,0.0,False,0.0,True,0.65,False,False,0.68,10.37,False,False,False,False,False,False,False,4.168,15.15,0.62517196,422
M1TT34,M1TT34,BDR,MAR (BDR: M1TT34),8.12,B,0.5,C,2.0,Fraco,356.99,371.71,354.13,340.54,452449827.6,False,0.0,False,0.0,False,0.0,False,0.0,True,0.65,False,False,0.82,384.23,False,False,False,False,False,False,False,0.0,36.95337,-20.631798,423
AGRX11,AGRX11,ETF,AGRX11,8.0,B,2.0,C,0.0,Fraco,7.81,,,,449879.43,False,0.0,False,0.0,False,0.0,False,0.0,False,0.0,True,False,0.0,,False,False,False,False,False,True,False,0.0,999.0,999.0,424
RIGG34,RIGG34,BDR,RIG (BDR: RIGG34),8.0,B,0.5,C,1.0,Fraco,6.0,5.36,5.89,5.46,186280014.0,False,0.0,False,0.0,False,0.0,False,0.0,False,0.0,True,False,0.66,5.99,False,False,False,False,False,False,False,-18.698,999.0,0.80141467,425
B1BT34,B1BT34,BDR,TFC (BDR: B1BT34),8.0,B,0.5,C,3.0,OK,50.4,50.86,49.07,48.36,205342845.33,False,0.0,False,0.0,False,0.0,False,0.0,False,0.0,False,False,0.7,53.53,False,False,False,False,False,False,False,9.059000000000001,11.554023,1.0462551,426
DTCR39,GLOBAL X DATA CENTER & DIGITAL INFRASTRUCTURE ETF,BDR,DTCR (BDR: DTCR39),8.0,B,0.5,C,0.0,Fraco,28.49,29.06,27.5,25.92,15775164.25,False,0.0,False,0.0,False,0.0,False,0.0,False,0.0,True,False,0.71,29.47,False,False,False,False,False,False,False,0.0,21.740696,999.0,427
PRIO3,PRIO S.A.,BR_STOCK,PRIO3,8.0,B,0.5,C,0.0,Fraco,62.06,57.26,59.21,54.22,399269224.84,False,0.0,False,0.0,False,0.0,False,0.0,False,0.0,True,False,0.99,62.79,False,False,False,False,False,False,False,0.0,0.0,0.0,428
WEGE3,WEG S.A.,BR_STOCK,WEGE3,8.0,B,0.5,C,0.0,Fraco,48.34,46.07,47.05,46.5,212758842.67,False,0.0,False,0.0,False,0.0,False,0.0,False,0.0,True,False,0.69,49.96,False,False,False,False,False,False,False,0.0,0.0,0.0,429
ITUB3,ITAU UNIBANCO HOLDING S.A.,BR_STOCK,ITUB3,8.0,B,0.5,C,0.0,Fraco,40.42,43.83,42.35,40.2,216101478.21,False,0.0,False,0.0,False,0.0,False,0.0,True,1.0,False,False,2.66,46.36,False,False,False,False,False,False,False,0.0,0.0,0.0,430
GOEX39,GLOBAL X GOLD EXPLORERS ETF,BDR,GOEX (BDR: GOEX39),8.0,B,2.0,C,1.0,Fraco,93.39,74.19,83.73,81.8,822765.89,False,0.0,False,0.0,False,0.0,False,0.0,False,0.0,True,False,0.83,90.76,False,False,False,False,False,True,False,0.0,16.91889,999.0,431
EMET11,EMET11,ETF,EMET11,8.0,B,0.5,C,0.0,Fraco,10.16,9.32,9.24,9.31,1016020.3,False,0.0,False,0.0,False,0.0,False,0.0,False,0.0,True,False,8.56,10.5,False,False,False,False,False,False,False,0.0,999.0,999.0,432
L1YB34,L1YB34,BDR,LYB (BDR: L1YB34),8.0,B,0.5,C,2.0,Fraco,68.22,59.83,63.65,58.58,177019919.75,False,0.0,False,0.0,False,0.0,False,0.0,False,0.0,True,False,0.59,67.76,False,False,False,False,False,False,False,-2.2689999999999997,999.0,2.0616279,433
NB0511,NB0511,ETF,NB0511,8.0,B,2.0,C,0.0,Fraco,50.7,,,,105760.2,False,0.0,False,0.0,False,0.0,False,0.0,False,0.0,True,False,0.0,,False,False,False,False,False,True,False,0.0,999.0,999.0,434
ABTC11,ABTC11,ETF,ABTC11,8.0,B,0.5,C,0.0,Fraco,112.64,,,,2762833.91,False,0.0,False,0.0,False,0.0,False,0.0,False,0.0,True,True,6.88,108.11,False,False,False,False,False,False,False,0.0,999.0,999.0,435
S2CH34,S2CH34,BDR,SQM (BDR: S2CH34),8.0,B,0.5,C,4.0,Forte,78.24,73.08,77.69,74.01,48925900.57,False,0.0,False,0.0,False,0.0,False,0.0,False,0.0,True,False,0.77,77.02,False,False,False,False,False,False,False,21.82,27.458042,3.5551631,436
SHOW3,T4F ENTRETENIMENTO S.A.,BR_STOCK,SHOW3,8.0,B,2.0,C,1.0,Fraco,6.09,5.97,5.63,5.72,205842.01,False,0.0,False,0.0,False,0.0,False,0.0,False,0.0,True,False,1.42,6.15,False,False,False,False,False,True,False,-54.794997,999.0,0.409963,437
03BK11,03BK11,ETF,03BK11,8.0,B,0.5,C,0.0,Fraco,50.7,,,,89536.2,False,0.0,False,0.0,False,0.0,False,0.0,False,0.0,True,False,0.42,50.79,False,False,False,False,False,False,False,0.0,999.0,999.0,438
HOOT4,HOTEIS OTHON S.A.,BR_STOCK,HOOT4,8.0,B,0.5,C,3.0,OK,6.95,6.93,6.95,6.67,102860.0,False,0.0,False,0.0,False,0.0,False,0.0,False,0.0,True,False,5.87,7.02,False,False,False,False,False,False,False,0.0,3.6772487,-9.761235,439
A1ON34,A1ON34,BDR,AON (BDR: A1ON34),8.0,B,0.5,C,3.0,OK,352.84,349.22,332.55,336.24,160510089.89,False,0.0,False,0.0,False,0.0,False,0.0,False,0.0,False,False,0.6,381.47,False,False,False,False,False,False,False,44.699,19.387053,7.772121,440
BBYY34,BBYY34,BDR,BBY (BDR: BBYY34),8.0,B,0.5,C,4.0,Forte,85.68,81.86,69.29,69.73,169648885.32,False,0.0,False,0.0,False,0.0,False,0.0,False,0.0,False,False,0.61,91.27,False,False,False,False,False,False,False,39.104,15.879629,5.860443,441
OLEO11,OLEO11,ETF,OLEO11,8.0,B,2.0,C,0.0,Fraco,22.17,,,,132886.98,False,0.0,False,0.0,False,0.0,False,0.0,False,0.0,True,False,0.0,,False,False,False,False,False,True,False,0.0,999.0,999.0,442
PSVM11,PORTO SUDESTE V.M. S.A.,ETF,PSVM11,8.0,B,0.5,C,0.0,Fraco,14.0,,,,11338600.0,False,0.0,False,0.0,False,0.0,False,0.0,False,0.0,True,False,0.0,,False,False,False,False,False,False,False,0.0,999.0,999.0,443
KHCB34,KHCB34,BDR,KHC (BDR: KHCB34),8.0,B,0.5,C,1.0,Fraco,25.52,24.97,23.46,23.46,211078424.75,False,0.0,False,0.0,False,0.0,False,0.0,False,0.0,False,False,0.59,28.09,False,False,False,False,False,False,False,-8.76,999.0,0.84225434,444
LIQB11,LIQB11,ETF,LIQB11,8.0,B,2.0,C,0.0,Fraco,101.42,,,,124949.44,False,0.0,False,0.0,False,0.0,False,0.0,False,0.0,True,False,0.4,101.4,False,False,False,False,False,True,False,0.0,999.0,999.0,445
NTNF11,NTNF11,ETF,NTNF11,8.0,B,2.0,C,0.0,Fraco,50.75,,,,981555.75,False,0.0,False,0.0,False,0.0,False,0.0,False,0.0,True,False,0.0,,False,False,False,False,False,True,False,0.0,999.0,999.0,446
P1DT34,P1DT34,BDR,PRU (BDR: P1DT34),8.0,B,0.5,C,3.0,OK,121.15,116.25,104.82,105.63,106613697.44,False,0.0,False,0.0,False,0.0,False,0.0,False,0.0,False,False,0.58,127.72,False,False,False,False,False,False,False,12.011,10.944646,1.3101096,447
P1LD34,P1LD34,BDR,PLD (BDR: P1LD34),8.0,B,0.5,C,3.0,OK,140.6,142.84,138.51,135.07,280369490.01,False,0.0,False,0.0,False,0.0,False,0.0,False,0.0,False,False,0.6,149.16,False,False,False,False,False,False,False,7.7490000000000006,31.330738,2.4458838,448
ARGT39,GLOBAL X MSCI ARGENTINA ETF,BDR,ARGT (BDR: ARGT39),8.0,B,0.5,C,1.0,Fraco,92.39,93.38,92.34,91.89,11866761.14,False,0.0,False,0.0,False,0.0,False,0.0,False,0.0,True,False,1.0,96.74,False,False,False,False,False,False,False,0.0,15.310673,999.0,449
S2NW34,S2NW34,BDR,SNOW (BDR: S2NW34),8.0,B,0.5,C,1.0,Fraco,320.15,276.76,208.17,215.52,769889341.87,False,0.0,False,0.0,False,0.0,False,0.0,False,0.0,False,False,0.58,341.95,False,False,False,False,False,False,False,-54.869,999.0,57.412434,450
TASA4,TAURUS ARMAS S.A.,BR_STOCK,TASA4,8.0,B,2.0,C,2.0,Fraco,5.23,4.8,5.02,4.96,1544942.01,False,0.0,False,0.0,False,0.0,False,0.0,False,0.0,True,False,0.81,5.32,False,False,False,False,False,True,False,-3.06,30.647058,0.5813435,451
U2ST34,U2ST34,BDR,U (BDR: U2ST34),8.0,B,2.0,C,2.0,Fraco,46.58,33.02,28.01,31.83,405364634.22,False,0.0,False,0.0,False,0.0,False,0.0,False,0.0,True,False,0.58,47.7,False,False,False,False,False,True,False,-17.381,999.0,6.8228483,452
O2HI34,O2HI34,BDR,OHI (BDR: O2HI34),8.0,B,0.5,C,5.0,Forte,46.81,47.64,45.81,45.01,99777062.66,False,0.0,False,0.0,False,0.0,False,0.0,False,0.0,False,False,1.27,51.69,False,False,False,False,False,False,False,16.529,16.633453,2.593497,453
A2ZT34,A2ZT34,BDR,AZTA (BDR: A2ZT34),8.0,B,2.0,C,2.0,Fraco,36.62,27.54,26.17,28.16,19197192.18,False,0.0,False,0.0,False,0.0,False,0.0,False,0.0,True,False,0.82,35.89,False,False,False,False,False,True,False,-7.041,999.0,1.0580767,454
S1YM34,S1YM34,BDR,GEN (BDR: S1YM34),8.0,B,0.5,C,4.0,Forte,28.24,26.25,23.42,24.15,115198463.67,False,0.0,False,0.0,False,0.0,False,0.0,False,0.0,False,False,0.73,29.74,False,False,False,False,False,False,False,41.943999999999996,16.476608,6.3543077,455
R1JF34,R1JF34,BDR,RJF (BDR: R1JF34),8.0,B,0.5,C,5.0,Forte,172.35,167.3,158.01,158.58,130842264.73,False,0.0,False,0.0,False,0.0,False,0.0,False,0.0,False,False,0.9,182.73,False,False,False,False,False,False,False,18.416001,15.013938,2.6076431,456
C1TA34,C1TA34,BDR,CTAS (BDR: C1TA34),8.0,B,0.5,C,4.0,Forte,203.71,190.37,184.72,184.89,280146279.14,False,0.0,False,0.0,False,0.0,False,0.0,False,0.0,False,False,0.82,218.6,False,False,False,False,False,False,False,40.714002,41.450104,15.844297,457
I1RM34,I1RM34,BDR,IRM (BDR: I1RM34),8.0,B,0.5,C,1.0,Fraco,123.04,124.63,114.7,107.48,71908390.78,False,0.0,False,0.0,False,0.0,False,0.0,False,0.0,False,False,0.39,132.87,False,False,False,False,False,False,False,0.0,87.83214,-28.576574,458
KLBN3,KLABIN S.A.,BR_STOCK,KLBN3,8.0,B,2.0,C,0.0,Fraco,3.76,3.52,3.66,3.63,3885207.99,False,0.0,False,0.0,False,0.0,False,0.0,False,0.0,True,False,1.84,3.76,False,False,False,False,False,True,False,3.6510002,125.0,0.4864444,459
COLG34,COLG34,BDR,CL (BDR: COLG34),8.0,B,0.5,C,2.0,Fraco,89.98,91.48,89.05,86.16,265786893.04,False,0.0,False,0.0,False,0.0,False,0.0,False,0.0,False,False,0.78,95.46,False,False,False,False,False,False,False,267.367,35.318897,303.0743,460
Z1BR34,Z1BR34,BDR,ZBRA (BDR: Z1BR34),8.0,B,0.5,C,4.0,Forte,361.43,287.87,250.89,251.56,144394173.51,False,0.0,False,0.0,False,0.0,False,0.0,False,0.0,False,False,0.59,386.23,False,False,False,False,False,False,False,15.286,33.014652,5.0268407,461
H1AS34,H1AS34,BDR,HAS (BDR: H1AS34),8.0,B,2.0,C,3.0,OK,93.58,86.34,89.9,87.25,62015280.05,False,0.0,False,0.0,False,0.0,False,0.0,False,0.0,True,False,0.44,97.34,False,False,False,False,False,True,False,159.56,16.647686,18.741987,462
W1PP34,W1PP34,BDR,WPP (BDR: W1PP34),8.0,B,0.5,C,0.0,Fraco,26.33,20.24,18.42,18.88,5869799.54,False,0.0,False,0.0,False,0.0,False,0.0,False,0.0,False,False,0.3,27.78,False,False,False,False,False,False,False,-6.617000000000001,999.0,8.27679,463
H1TH34,H1TH34,BDR,HTHT (BDR: H1TH34),8.0,B,0.5,C,3.0,OK,49.55,42.67,47.01,46.62,74642614.35,False,0.0,False,0.0,False,0.0,False,0.0,False,0.0,True,False,0.83,49.17,False,False,False,False,False,False,False,38.126,35.64029,9.382969,464
U2TH34,U2TH34,BDR,UTHR (BDR: U2TH34),7.62,B,0.5,C,3.0,OK,518.3,533.62,533.0,520.46,134497554.07,False,0.0,False,0.0,False,0.0,False,0.0,True,0.65,True,False,0.46,541.03,False,False,False,False,False,False,False,19.314999999999998,18.673836,3.4740052,465
T1TW34,T1TW34,BDR,TTWO (BDR: T1TW34),7.62,B,0.5,C,2.0,Fraco,239.75,239.97,222.94,228.78,401439557.75,False,0.0,False,0.0,False,0.0,False,0.0,True,0.65,False,False,0.67,256.62,False,False,False,False,False,False,False,-9.039,999.0,12.681522,466
T1SS34,T1SS34,BDR,TS (BDR: T1SS34),7.62,B,0.5,C,2.0,Fraco,52.65,56.24,55.37,51.34,130898012.59,False,0.0,False,0.0,False,0.0,False,0.0,True,0.85,False,False,1.19,58.86,False,False,False,False,False,False,False,11.583999500000001,14.088235,3.1361227,467
SNFZ11,SNFZ11,ETF,SNFZ11,7.5,B,0.5,C,0.0,Fraco,9.18,9.21,9.24,9.18,64149.84,False,0.0,False,0.0,False,0.0,False,0.0,False,0.0,True,False,0.42,9.55,False,False,False,False,False,False,False,0.0,999.0,999.0,468
BIDB11,BIDB11,ETF,BIDB11,7.5,B,0.5,C,0.0,Fraco,74.53,76.8,76.52,75.0,356998.69,False,0.0,False,0.0,False,0.0,False,0.0,False,0.0,True,False,1.36,77.8,False,False,False,False,False,False,False,0.0,999.0,999.0,469
VIGT11,VIGT11,ETF,VIGT11,7.5,B,0.5,C,0.0,Fraco,49.75,49.33,,,168005.75,False,0.0,False,0.0,False,0.0,False,0.0,False,0.0,True,False,0.44,51.97,False,False,False,False,False,False,False,0.0,999.0,999.0,470
BTLG11,BTLG11,ETF,BTLG11,7.5,B,0.5,C,0.0,Fraco,97.22,100.22,99.51,98.7,15951857.8,False,0.0,False,0.0,False,0.0,False,0.0,False,0.0,True,False,0.96,100.46,False,False,False,False,False,False,False,8.615,89.79687,0.9402585,471
SNFF11,SNFF11,ETF,SNFF11,7.5,B,2.0,C,0.0,Fraco,69.82,71.3,70.98,70.11,232989.34,False,0.0,False,0.0,False,0.0,False,0.0,False,0.0,True,False,0.44,73.02,False,False,False,False,False,True,False,0.0,28.366934,999.0,472
TOPY11,TOPY11,ETF,TOPY11,7.5,B,0.5,C,0.0,Fraco,111.64,104.35,,,670509.84,False,0.0,False,0.0,False,0.0,False,0.0,False,0.0,True,False,62.42,114.09,False,False,False,False,False,False,False,0.0,999.0,999.0,473
AZPL11,AZPL11,ETF,AZPL11,7.5,B,0.5,C,0.0,Fraco,7.32,7.42,7.41,7.35,142791.24,False,0.0,False,0.0,False,0.0,False,0.0,False,0.0,True,False,0.17,7.52,False,False,False,False,False,False,False,0.0,23.612904,999.0,474
GPRK34,GPRK34,BDR,GPRK (BDR: GPRK34),7.5,B,0.5,C,3.0,OK,9.79,9.71,9.28,8.86,1893420.1,False,0.0,False,0.0,False,0.0,False,0.0,False,0.0,False,False,0.59,10.49,False,False,False,False,False,False,False,28.566997999999998,6.8802824,1.443558,475
XSPI11,XSPI11,ETF,XSPI11,7.5,B,0.5,C,0.0,Fraco,108.29,107.09,,,198278.99,False,0.0,False,0.0,False,0.0,False,0.0,False,0.0,True,False,2.75,111.18,False,False,False,False,False,False,False,0.0,999.0,999.0,476
S2UI34,S2UI34,BDR,SUI (BDR: S2UI34),7.5,B,0.5,C,2.0,Fraco,122.15,121.06,124.61,123.99,80984229.51,False,0.0,False,0.0,False,0.0,False,0.0,False,0.0,True,False,0.24,128.13,False,False,False,False,False,False,False,1.722,156.75641,2.7138543,477
C2SW34,C2SW34,BDR,COLM (BDR: C2SW34),7.5,B,0.5,C,3.0,OK,59.58,62.01,60.02,58.44,51750772.53,False,0.0,False,0.0,False,0.0,False,0.0,True,0.8,False,False,1.3,65.07,False,False,False,False,False,False,False,12.658,15.519582,1.8998914,478
KDOL11,KDOL11,ETF,KDOL11,7.5,B,2.0,C,0.0,Fraco,87.3,85.08,85.65,86.72,74292.3,False,0.0,False,0.0,False,0.0,False,0.0,False,0.0,True,False,1.57,87.97,False,False,False,False,False,True,False,0.0,999.0,999.0,479
MXRF11,MXRF11,ETF,MXRF11,7.5,B,0.5,C,3.0,OK,9.22,9.57,9.47,9.31,12237226.91,False,0.0,False,0.0,False,0.0,False,0.0,False,0.0,True,False,0.9,9.7,False,False,False,False,False,False,False,10.7030004,13.157144,0.9278662,480
GDIV11,GDIV11,ETF,GDIV11,7.5,B,2.0,C,0.0,Fraco,100.2,98.11,,,113025.6,False,0.0,False,0.0,False,0.0,False,0.0,False,0.0,True,False,1.54,102.86,False,False,False,False,False,True,False,0.0,999.0,999.0,481
FRAS3,FRASLE MOBILITY S.A.,BR_STOCK,FRAS3,7.5,B,2.0,C,2.0,Fraco,22.8,20.78,21.92,22.29,2494319.92,False,0.0,False,0.0,False,0.0,False,0.0,False,0.0,True,False,0.42,22.73,False,False,False,False,False,True,False,12.4060005,22.8,2.5090787,482
DISB34,DISB34,BDR,DIS (BDR: DISB34),7.5,B,2.0,C,2.0,Fraco,107.5,99.48,101.57,103.36,542903511.37,False,0.0,False,0.0,False,0.0,False,0.0,False,0.0,True,False,0.6,107.11,False,False,False,False,False,True,False,8.01,22.139175,1.688233,483
JSCR11,JSCR11,ETF,JSCR11,7.5,B,0.5,C,1.0,Fraco,7.9,8.05,8.05,7.89,324966.5,False,0.0,False,0.0,False,0.0,False,0.0,False,0.0,True,False,0.95,8.11,False,False,False,False,False,False,False,0.0,5.8088236,999.0,484
BRAX11,BRAX11,ETF,BRAX11,7.12,B,0.5,C,1.0,Fraco,140.82,144.55,150.14,145.72,526526.01,False,0.0,False,0.0,False,0.0,False,0.0,True,0.85,False,False,0.43,153.0,False,False,False,False,False,False,False,0.0,10.608175,999.0,485
BOVX11,BOVX11,ETF,BOVX11,7.12,B,0.5,C,0.0,Fraco,17.24,17.71,18.38,17.83,3630485.35,False,0.0,False,0.0,False,0.0,False,0.0,True,0.85,False,False,0.22,18.55,False,False,False,False,False,False,False,0.0,999.0,999.0,486
BOVV11,BOVV11,ETF,BOVV11,7.12,B,0.5,C,1.0,Fraco,173.36,178.01,184.73,179.2,123657341.72,False,0.0,False,0.0,False,0.0,False,0.0,True,0.85,False,False,1.42,186.27,False,False,False,False,False,False,False,0.0,10.680267,999.0,487
BBOV11,BBOV11,ETF,BBOV11,7.12,B,0.5,C,1.0,Fraco,88.25,90.65,94.08,91.27,263691.0,False,0.0,False,0.0,False,0.0,False,0.0,True,0.85,False,False,0.03,94.68,False,False,False,False,False,False,False,0.0,10.789004,999.0,488
I1RP34,I1RP34,BDR,TT (BDR: I1RP34),7.12,B,0.5,C,4.0,Forte,450.93,474.0,455.44,442.07,219649084.51,False,0.0,False,0.0,False,0.0,False,0.0,True,0.65,False,False,0.64,493.71,False,False,False,False,False,False,False,36.643,33.58036,11.620876,489
BOVA11,BOVA11,ETF,BOVA11,7.12,B,0.5,C,1.0,Fraco,165.15,169.61,176.05,170.81,804175434.88,False,0.0,False,0.0,False,0.0,False,0.0,True,0.85,False,False,1.36,177.75,False,False,False,False,False,False,False,0.0,10.762883,999.0,490
BOVB11,BOVB11,ETF,BOVB11,7.12,B,0.5,C,1.0,Fraco,172.11,176.78,183.5,178.02,1355022.03,False,0.0,False,0.0,False,0.0,False,0.0,True,0.85,False,False,0.47,184.99,False,False,False,False,False,False,False,0.0,9.647314,999.0,491
BAZA3,BCO AMAZONIA S.A.,BR_STOCK,BAZA3,7.12,B,0.5,C,1.0,Fraco,63.99,61.33,65.36,64.89,473526.01,False,0.0,False,0.0,False,0.0,False,0.0,True,0.85,True,False,2.18,65.18,False,False,False,False,False,False,False,12.1879995,3.8524985,0.49941078,492
PIBB11,PIBB11,ETF,PIBB11,7.12,B,0.5,C,1.0,Fraco,300.61,307.75,319.74,309.57,303014.87,False,0.0,False,0.0,False,0.0,False,0.0,True,0.85,False,False,0.06,323.84,False,False,False,False,False,False,False,0.0,10.576581,999.0,493
ELCI34,ELCI34,BDR,EL (BDR: ELCI34),7.12,B,2.0,C,1.0,Fraco,96.32,84.65,88.35,91.13,364095966.21,False,0.0,False,0.0,False,0.0,False,0.0,True,0.85,True,False,1.02,99.82,False,False,False,False,False,True,True,4.745,192.44,8.717949,494
ATTB34,ATTB34,BDR,T (BDR: ATTB34),7.0,B,0.5,C,4.0,Forte,25.21,22.75,24.82,24.61,407889012.11,False,0.0,False,0.0,False,0.0,False,0.0,False,0.0,True,False,0.45,25.48,False,False,False,False,False,False,False,18.339,8.306931,1.5676383,495
D2AS34,D2AS34,BDR,DASH (BDR: D2AS34),7.0,B,2.0,C,2.0,Fraco,222.65,190.09,177.65,187.62,1032096050.56,False,0.0,False,0.0,False,0.0,False,0.0,False,0.0,True,False,0.92,222.81,False,False,False,False,False,True,False,8.8870004,115.8125,9.710467,496
I1BN34,I1BN34,BDR,IBN (BDR: I1BN34),7.0,B,2.0,C,4.0,Forte,29.66,29.14,28.16,28.68,84800253.76,False,0.0,False,0.0,False,0.0,False,0.0,False,0.0,True,False,0.72,30.67,False,False,False,False,False,True,False,16.073999,18.314816,2.679953,497
XPML11,XPML11,ETF,XPML11,7.0,B,0.5,C,0.0,Fraco,97.84,102.75,102.58,80.04,23788327.51,False,0.0,False,0.0,False,0.0,False,0.0,False,0.0,False,False,1.03,104.64,False,False,False,False,False,False,False,0.0,999.0,999.0,498
N2TN34,N2TN34,BDR,NTNX (BDR: N2TN34),7.0,B,2.0,C,2.0,Fraco,66.5,55.64,46.63,48.83,169596169.46,False,0.0,False,0.0,False,0.0,False,0.0,False,0.0,True,False,1.15,68.8,False,False,False,False,False,True,False,0.0,69.82105,-24.368113,499
T1OW34,T1OW34,BDR,AMT (BDR: T1OW34),7.0,B,0.5,C,3.0,OK,176.28,172.22,176.06,175.31,213555285.92,False,0.0,False,0.0,False,0.0,False,0.0,False,0.0,True,False,0.64,180.37,False,False,False,False,False,False,False,33.914003,24.13599,22.010523,500
C2AC34,C2AC34,BDR,CACI (BDR: C2AC34),7.0,B,0.5,C,1.0,Fraco,646.89,521.8,550.0,557.83,114397970.86,False,0.0,False,0.0,False,0.0,False,0.0,False,0.0,False,False,0.5,683.39,False,False,False,False,False,False,False,12.824,26.720959,3.200836,501
W1MC34,W1MC34,BDR,WM (BDR: W1MC34),7.0,B,0.5,C,3.0,OK,225.29,227.89,226.83,223.02,242611639.71,False,0.0,False,0.0,False,0.0,False,0.0,False,0.0,False,False,0.59,243.61,False,False,False,False,False,False,False,29.841,59.184208,9.0630665,502
PHGN34,PHGN34,BDR,PHG (BDR: PHGN34),7.0,B,2.0,C,3.0,OK,27.52,26.8,27.19,27.07,13454082.19,False,0.0,False,0.0,False,0.0,False,0.0,False,0.0,True,False,0.6,27.66,False,False,False,False,False,True,False,10.154,20.848484,2.0288954,503
H1RB34,H1RB34,BDR,HRB (BDR: H1RB34),7.0,B,0.5,C,4.0,Forte,53.08,42.1,36.28,37.92,35554146.89,False,0.0,False,0.0,False,0.0,False,0.0,False,0.0,False,False,0.18,58.67,False,False,False,False,False,False,False,713.542,9.321617,56.067654,504
HALI34,HALI34,BDR,HAL (BDR: HALI34),7.0,B,0.5,C,4.0,Forte,35.6,34.27,36.23,34.14,316182992.08,False,0.0,False,0.0,False,0.0,False,0.0,False,0.0,True,False,0.98,35.44,False,False,False,False,False,False,False,14.917,18.691101,2.7043407,505
ALUP4,ALUPAR INVESTIMENTO S/A,BR_STOCK,ALUP4,7.0,B,0.5,C,4.0,Forte,10.15,10.36,10.57,10.48,149204.99,False,0.0,False,0.0,False,0.0,False,0.0,True,0.8,True,False,0.71,10.79,False,False,False,False,False,False,False,15.841,12.083333,1.0952842,506
V2EE34,V2EE34,BDR,VEEV (BDR: V2EE34),7.0,B,2.0,C,3.0,OK,250.46,195.98,184.35,199.97,231744132.25,False,0.0,False,0.0,False,0.0,False,0.0,False,0.0,True,False,0.5,253.48,False,False,False,False,False,True,False,13.934,44.370796,5.5923758,507
D1OW34,D1OW34,BDR,DOW (BDR: D1OW34),7.0,B,0.5,C,1.0,Fraco,32.97,30.3,33.25,30.66,326155479.08,False,0.0,False,0.0,False,0.0,False,0.0,False,0.0,True,False,1.34,32.73,False,False,False,False,False,False,False,-5.54,999.0,1.498907,508
A1EP34,A1EP34,BDR,AEP (BDR: A1EP34),7.0,B,0.5,C,1.0,Fraco,125.91,130.17,128.2,124.99,153551238.43,False,0.0,False,0.0,False,0.0,False,0.0,False,0.0,False,False,0.4,135.54,False,False,False,False,False,False,False,10.130999000000001,21.785095,2.1330752,509
C1OO34,C1OO34,BDR,COO (BDR: C1OO34),7.0,B,2.0,C,2.0,Fraco,76.24,71.67,71.75,73.32,56395717.54,False,0.0,False,0.0,False,0.0,False,0.0,False,0.0,True,False,0.41,78.11,False,False,False,False,False,True,False,2.8529999999999998,64.54238,1.8016655,510
SAPI11,SAPI11,ETF,SAPI11,7.0,B,0.5,C,1.0,Fraco,8.67,9.02,8.87,8.66,86179.8,False,0.0,False,0.0,False,0.0,False,0.0,False,0.0,False,False,0.32,9.14,False,False,False,False,False,False,False,0.0,8.5,999.0,511
D2TC34,D2TC34,BDR,DT (BDR: D2TC34),7.0,B,0.5,C,2.0,Fraco,49.25,44.67,40.13,41.27,138921937.5,False,0.0,False,0.0,False,0.0,False,0.0,False,0.0,False,False,0.36,53.28,False,False,False,False,False,False,False,5.8790002,98.33,5.824547,512
D1OC34,D1OC34,BDR,DOCU (BDR: D1OC34),7.0,B,2.0,C,4.0,Forte,62.43,51.26,49.18,53.93,75518699.59,False,0.0,False,0.0,False,0.0,False,0.0,False,0.0,True,False,0.41,65.25,False,False,False,False,False,True,False,16.440001000000002,40.44156,6.6072564,513
CLXC34,CLXC34,BDR,CLX (BDR: CLXC34),7.0,B,2.0,C,1.0,Fraco,106.43,97.88,101.69,101.23,152286536.67,False,0.0,False,0.0,False,0.0,False,0.0,False,0.0,True,False,0.57,108.68,False,False,False,False,False,True,False,163.76,22.04366,142.51344,514
A1JG34,A1JG34,BDR,AJG (BDR: A1JG34),7.0,B,2.0,C,2.0,Fraco,259.52,243.09,225.98,232.28,222824381.61,False,0.0,False,0.0,False,0.0,False,0.0,False,0.0,True,False,0.69,269.99,False,False,False,False,False,True,False,6.722,43.122925,2.8053946,515
SPGI34,SPGI34,BDR,SPGI (BDR: SPGI34),7.0,B,0.5,C,3.0,OK,432.97,416.18,414.77,430.6,552673217.46,False,0.0,False,0.0,False,0.0,False,0.0,False,0.0,True,False,0.76,442.99,False,False,False,False,False,False,False,14.255,26.303104,4.044359,516
APTO11,APTO11,ETF,APTO11,7.0,B,0.5,C,1.0,Fraco,8.13,8.23,8.13,8.07,128445.87,False,0.0,False,0.0,False,0.0,False,0.0,False,0.0,False,False,5.01,8.7,False,False,False,False,False,False,False,0.0,10.1625,999.0,517
KLBN4,KLABIN S.A.,BR_STOCK,KLBN4,7.0,B,0.5,C,0.0,Fraco,3.62,3.49,3.65,3.62,14408685.54,False,0.0,False,0.0,False,0.0,False,0.0,False,0.0,True,False,1.31,3.73,False,False,False,False,False,False,False,3.6510002,121.00001,0.4930056,518
RZAT11,RZAT11,ETF,RZAT11,7.0,B,0.5,C,1.0,Fraco,85.39,90.67,87.83,85.3,586031.57,False,0.0,False,0.0,False,0.0,False,0.0,False,0.0,False,False,0.7,91.9,False,False,False,False,False,False,False,0.0,7.104825,999.0,519
C2RS34,C2RS34,BDR,CRSP (BDR: C2RS34),7.0,B,0.5,C,2.0,Fraco,58.25,52.57,52.45,53.1,143834569.75,False,0.0,False,0.0,False,0.0,False,0.0,False,0.0,True,False,1.88,59.92,False,False,False,False,False,False,False,-26.095000000000002,999.0,3.2165587,520
DDNB34,DDNB34,BDR,DD (BDR: DDNB34),7.0,B,0.5,C,3.0,OK,138.96,139.72,140.1,135.09,77550383.67,False,0.0,False,0.0,False,0.0,False,0.0,True,1.0,False,False,0.43,149.42,False,False,False,False,False,False,False,1.7919999999999998,59.44635,1.358434,521
GLDI11,GLDI11,ETF,GLDI11,7.0,B,0.5,C,0.0,Fraco,59.23,54.18,58.73,57.63,366337.55,False,0.0,False,0.0,False,0.0,False,0.0,False,0.0,True,False,0.23,59.01,False,False,False,False,False,False,False,0.0,999.0,999.0,522
DUKB34,DUKB34,BDR,DUK (BDR: DUKB34),7.0,B,0.5,C,3.0,OK,123.04,124.69,124.32,122.28,279293395.43,False,0.0,False,0.0,False,0.0,False,0.0,False,0.0,False,False,0.45,131.49,False,False,False,False,False,False,False,9.8570004,18.478916,1.7796537,523
E2ST34,E2ST34,BDR,ESTC (BDR: E2ST34),7.0,B,2.0,C,3.0,OK,85.57,65.03,58.77,63.84,99003596.62,False,0.0,False,0.0,False,0.0,False,0.0,False,0.0,True,False,0.4,87.96,False,False,False,False,False,True,False,33.376998,25.039358,7.047842,524
DUOL34,DUOL34,BDR,DUOL (BDR: DUOL34),7.0,B,2.0,C,4.0,Forte,147.49,129.79,116.65,134.65,80931895.73,False,0.0,False,0.0,False,0.0,False,0.0,False,0.0,True,False,0.31,151.0,False,False,False,False,False,True,False,34.42,17.379433,4.8730607,525
DOTZ3,DOTZ S.A.,BR_STOCK,DOTZ3,7.0,B,2.0,C,2.0,Fraco,8.35,5.14,4.07,4.58,1247490.06,False,0.0,False,0.0,False,0.0,False,0.0,False,0.0,True,False,0.95,8.52,False,False,False,False,False,True,True,0.0,15.218182,-0.44898614,526
R1EG34,R1EG34,BDR,REG (BDR: R1EG34),7.0,B,0.5,C,3.0,OK,76.51,79.41,76.99,74.65,51928562.61,False,0.0,False,0.0,False,0.0,False,0.0,False,0.0,False,False,0.52,83.01,False,False,False,False,False,False,False,8.1870005,25.847973,2.1020963,527
N1OW34,N1OW34,BDR,NOW (BDR: N1OW34),7.0,B,0.5,C,2.0,Fraco,129.98,108.48,107.09,120.58,1823138154.11,False,0.0,False,0.0,False,0.0,False,0.0,False,0.0,True,False,0.76,129.75,False,False,False,False,False,False,False,14.244000000000002,81.0875,10.717,528
PYPL34,PYPL34,BDR,PYPL (BDR: PYPL34),7.0,B,2.0,C,4.0,Forte,62.46,51.61,48.05,51.28,617564059.33,False,0.0,False,0.0,False,0.0,False,0.0,False,0.0,True,False,1.03,62.31,False,False,False,False,False,True,False,24.497,11.7769375,2.7095203,529
G2WR34,G2WR34,BDR,GWRE (BDR: G2WR34),7.0,B,2.0,C,2.0,Fraco,182.66,143.12,142.97,158.52,122765788.46,False,0.0,False,0.0,False,0.0,False,0.0,False,0.0,True,False,0.66,185.7,False,False,False,False,False,True,False,11.93,97.20321,11.489886,530
S1SL34,S1SL34,BDR,SWKS (BDR: S1SL34),7.0,B,0.5,C,1.0,Fraco,67.81,65.8,62.95,63.27,176627955.52,False,0.0,False,0.0,False,0.0,False,0.0,False,0.0,True,False,0.59,70.75,False,False,False,False,False,False,False,5.094,35.202076,1.7818927,531
DEOP34,DEOP34,BDR,DEO (BDR: DEOP34),7.0,B,2.0,C,0.0,Fraco,93.98,85.6,84.12,85.33,70830566.99,False,0.0,False,0.0,False,0.0,False,0.0,False,0.0,True,False,0.48,97.13,False,False,False,False,False,True,False,14.985000000000001,30.181673,86.51838,532
EART39,EART39,BDR,EART (BDR: EART39),7.0,B,0.5,C,0.0,Fraco,30.18,28.7,30.98,29.76,186120.67,False,0.0,False,0.0,False,0.0,False,0.0,False,0.0,True,False,0.43,30.89,False,False,False,False,False,False,False,0.0,21.333103,999.0,533
G2ME34,G2ME34,BDR,GMED (BDR: G2ME34),7.0,B,0.5,C,2.0,Fraco,85.7,80.41,85.46,85.58,53499765.69,False,0.0,False,0.0,False,0.0,False,0.0,False,0.0,True,False,0.37,88.89,False,False,False,False,False,False,False,11.8140005,21.907928,2.455708,534
H1EI34,H1EI34,BDR,HEI (BDR: H1EI34),7.0,B,0.5,C,4.0,Forte,351.23,351.55,321.31,321.58,105210855.48,False,0.0,False,0.0,False,0.0,False,0.0,False,0.0,False,False,0.76,376.86,False,False,False,False,False,False,False,17.206,62.623215,10.2487,535
TOST34,TOST34,BDR,TOST (BDR: TOST34),7.0,B,2.0,C,3.0,OK,35.31,30.09,28.43,30.21,143888211.92,False,0.0,False,0.0,False,0.0,False,0.0,False,0.0,True,False,0.46,36.36,False,False,False,False,False,True,False,25.162000000000003,44.71519,10.295833,536
SMTO3,SAO MARTINHO S.A.,BR_STOCK,SMTO3,7.0,B,0.5,C,1.0,Fraco,17.92,15.23,16.48,15.88,60822272.26,False,0.0,False,0.0,False,0.0,False,0.0,False,0.0,True,True,1.74,16.61,False,False,False,False,False,False,False,11.342,7.3061223,0.7833355,537
A1DC34,A1DC34,BDR,ADC (BDR: A1DC34),7.0,B,0.5,C,3.0,OK,74.43,76.57,75.59,74.37,32628549.1,False,0.0,False,0.0,False,0.0,False,0.0,False,0.0,False,False,0.24,81.52,False,False,False,False,False,False,False,3.7049998,40.032257,1.4574281,538
ALPA4,ALPARGATAS S.A.,BR_STOCK,ALPA4,7.0,B,0.5,C,5.0,Forte,12.66,12.31,12.67,12.27,12480227.85,False,0.0,False,0.0,False,0.0,False,0.0,True,1.0,False,False,0.47,14.03,False,False,False,False,False,False,False,18.084998,12.818181,2.3813097,539
W1MB34,W1MB34,BDR,WMB (BDR: W1MB34),7.0,B,0.5,C,3.0,OK,71.94,73.34,72.01,68.72,317478319.09,False,0.0,False,0.0,False,0.0,False,0.0,False,0.0,False,False,0.83,76.42,False,False,False,False,False,False,False,21.503,28.561754,6.6651177,540
MBRF3,MBRF3,BR_STOCK,MBRF3,7.0,B,0.5,C,0.0,Fraco,18.26,16.24,17.73,18.22,151853813.9,False,0.0,False,0.0,False,0.0,False,0.0,False,0.0,True,False,1.35,17.98,False,False,False,False,False,False,False,0.0,0.0,0.0,541
CPLE3,CIA PARANAENSE DE ENERGIA - COPEL,BR_STOCK,CPLE3,6.62,B,0.5,C,0.0,Fraco,14.04,14.71,14.66,14.07,232874459.37,False,0.0,False,0.0,False,0.0,False,0.0,True,0.85,False,False,0.82,15.19,False,False,False,False,False,False,False,0.0,0.0,0.0,542
I1XC34,I1XC34,BDR,IX (BDR: I1XC34),6.5,B,0.5,C,3.0,OK,37.55,39.52,35.34,33.46,16096107.57,False,0.0,False,0.0,False,0.0,False,0.0,False,0.0,False,False,1.37,42.39,False,False,False,False,False,False,False,14.035,10.641643,1.3915266,543
A1PO34,A1PO34,BDR,APO (BDR: A1PO34),6.5,B,0.5,C,2.0,Fraco,130.58,126.29,122.91,126.46,796256611.27,False,0.0,False,0.0,False,0.0,False,0.0,False,0.0,False,False,1.6,143.72,False,False,False,False,False,False,False,11.411999999999999,46.25979,3.8184063,544
GOAU4,METALURGICA GERDAU S.A.,BR_STOCK,GOAU4,6.5,B,0.5,C,0.0,Fraco,9.89,10.17,9.63,9.31,122019857.24,False,0.0,False,0.0,False,0.0,False,0.0,False,0.0,False,False,1.1,11.44,False,False,False,False,False,False,False,0.0,0.0,0.0,545
N1BI34,N1BI34,BDR,NBIX (BDR: N1BI34),6.5,B,0.5,C,4.0,Forte,152.73,167.1,147.63,147.11,82100076.08,False,0.0,False,0.0,False,0.0,False,0.0,False,0.0,False,False,0.42,186.12,False,False,False,False,False,False,False,22.089,22.358185,4.2066894,546
U2NF34,U2NF34,BDR,UNFI (BDR: U2NF34),6.5,B,0.5,C,0.0,Fraco,46.88,48.72,45.63,42.96,10871097.21,False,0.0,False,0.0,False,0.0,False,0.0,False,0.0,False,False,0.54,51.86,False,False,False,False,False,False,False,-2.2960000000000003,999.0,1.7761908,547
CPSH11,CPSH11,ETF,CPSH11,6.5,B,0.5,C,0.0,Fraco,9.5,9.67,9.89,9.86,1204951.5,False,0.0,False,0.0,False,0.0,False,0.0,False,0.0,True,False,0.54,9.68,False,False,False,False,False,False,False,0.0,999.0,999.0,548
USDB11,USDB11,ETF,USDB11,6.5,B,2.0,C,0.0,Fraco,100.03,99.14,99.37,100.6,613483.98,False,0.0,False,0.0,False,0.0,False,0.0,False,0.0,True,False,1.02,101.0,False,False,False,False,False,True,False,0.0,999.0,999.0,549
QQQI11,QQQI11,ETF,QQQI11,6.5,B,2.0,C,0.0,Fraco,96.0,96.77,95.14,96.66,538848.0,False,0.0,False,0.0,False,0.0,False,0.0,False,0.0,True,False,0.37,100.06,False,False,False,False,False,True,False,0.0,30.724394,999.0,550
GTWR11,GTWR11,ETF,GTWR11,6.5,B,0.5,C,1.0,Fraco,78.04,79.49,80.1,78.31,403622.88,False,0.0,False,0.0,False,0.0,False,0.0,False,0.0,True,False,0.51,80.49,False,False,False,False,False,False,False,0.0,9.928753,999.0,551
DBIN11,DBIN11,ETF,DBIN11,6.5,B,0.5,C,0.0,Fraco,103.01,,,,3090300.06,False,0.0,False,0.0,False,0.0,False,0.0,False,0.0,True,False,0.0,102.4,False,False,False,False,False,False,False,0.0,999.0,999.0,552
BRCO11,BRCO11,ETF,BRCO11,6.5,B,0.5,C,0.0,Fraco,109.8,113.04,113.91,112.98,3860897.51,False,0.0,False,0.0,False,0.0,False,0.0,False,0.0,True,False,0.92,115.0,False,False,False,False,False,False,False,0.0,999.0,999.0,553
BDIF11,BDIF11,ETF,BDIF11,6.5,B,0.5,C,0.0,Fraco,67.52,69.83,70.71,69.15,2193589.65,False,0.0,False,0.0,False,0.0,False,0.0,False,0.0,True,False,1.22,71.03,False,False,False,False,False,False,False,0.0,999.0,999.0,554
VISC11,VISC11,ETF,VISC11,6.5,B,0.5,C,0.0,Fraco,101.3,104.1,105.43,104.73,3937835.02,False,0.0,False,0.0,False,0.0,False,0.0,False,0.0,True,False,0.96,105.85,False,False,False,False,False,False,False,0.0,70.36111,999.0,555
CDII11,CDII11,ETF,CDII11,6.5,B,0.5,C,0.0,Fraco,94.79,98.69,99.05,98.89,5872714.51,False,0.0,False,0.0,False,0.0,False,0.0,False,0.0,True,False,0.85,99.49,False,False,False,False,False,False,False,0.0,999.0,999.0,556
CRAA11,CRAA11,ETF,CRAA11,6.5,B,0.5,C,0.0,Fraco,89.27,92.46,94.45,92.25,345564.16,False,0.0,False,0.0,False,0.0,False,0.0,False,0.0,True,False,0.3,92.73,False,False,False,False,False,False,False,0.0,999.0,999.0,557
BCIA11,BCIA11,ETF,BCIA11,6.5,B,0.5,C,0.0,Fraco,86.15,87.67,89.34,87.12,245010.6,False,0.0,False,0.0,False,0.0,False,0.0,False,0.0,True,False,0.67,89.48,False,False,False,False,False,False,False,0.0,999.0,999.0,558
BNDX11,BNDX11,ETF,BNDX11,6.5,B,2.0,C,0.0,Fraco,99.14,98.34,98.4,99.84,302178.72,False,0.0,False,0.0,False,0.0,False,0.0,False,0.0,True,False,1.6,100.53,False,False,False,False,False,True,False,0.0,999.0,999.0,559
RURA11,RURA11,ETF,RURA11,6.5,B,0.5,C,0.0,Fraco,8.08,8.08,8.31,8.13,1481661.91,False,0.0,False,0.0,False,0.0,False,0.0,False,0.0,True,False,0.64,8.17,False,False,False,False,False,False,False,0.0,999.0,999.0,560
SNAG11,SNAG11,ETF,SNAG11,6.5,B,0.5,C,0.0,Fraco,9.61,9.72,9.97,9.8,1381975.61,False,0.0,False,0.0,False,0.0,False,0.0,False,0.0,True,False,0.83,9.82,False,False,False,False,False,False,False,0.0,999.0,999.0,561
L1NC34,L1NC34,BDR,LNC (BDR: L1NC34),6.5,B,0.5,C,5.0,Forte,42.02,40.84,37.56,38.53,50213648.43,False,0.0,False,0.0,False,0.0,False,0.0,False,0.0,False,False,0.65,47.67,False,False,False,False,False,False,False,22.587,3.534962,0.7750849,562
SNCI11,SNCI11,ETF,SNCI11,6.5,B,0.5,C,1.0,Fraco,81.2,83.73,83.85,81.49,395687.59,False,0.0,False,0.0,False,0.0,False,0.0,False,0.0,True,False,0.8,84.73,False,False,False,False,False,False,False,0.0,5.684615,999.0,563
A1FL34,A1FL34,BDR,AFL (BDR: A1FL34),6.5,B,0.5,C,4.0,Forte,116.42,120.98,114.61,113.14,151530872.58,False,0.0,False,0.0,False,0.0,False,0.0,False,0.0,False,False,0.62,129.57,False,False,False,False,False,False,False,16.908,12.528586,1.924377,564
PMLL11,PMLL11,ETF,PMLL11,6.5,B,0.5,C,0.0,Fraco,99.71,101.82,103.1,101.32,2576805.51,False,0.0,False,0.0,False,0.0,False,0.0,False,0.0,True,False,0.66,102.45,False,False,False,False,False,False,False,0.0,199.42,999.0,565
JURO11,JURO11,ETF,JURO11,6.5,B,0.5,C,0.0,Fraco,93.36,95.87,97.86,96.89,4567077.87,False,0.0,False,0.0,False,0.0,False,0.0,False,0.0,True,False,1.29,97.14,False,False,False,False,False,False,False,0.0,999.0,999.0,566
Q1UA34,Q1UA34,BDR,PWR (BDR: Q1UA34),6.5,B,0.5,C,4.0,Forte,661.54,671.94,623.92,578.15,479201036.96,False,0.0,False,0.0,False,0.0,False,0.0,False,0.0,False,False,0.74,724.8,False,False,False,False,False,False,False,15.337,75.79748,10.329144,567
RZAG11,RZAG11,ETF,RZAG11,6.5,B,0.5,C,0.0,Fraco,8.25,8.31,8.52,8.45,779427.0,False,0.0,False,0.0,False,0.0,False,0.0,False,0.0,True,False,0.57,8.48,False,False,False,False,False,False,False,0.0,999.0,999.0,568
W2YF34,W2YF34,BDR,W (BDR: W2YF34),6.5,B,0.5,C,1.0,Fraco,103.67,92.13,83.17,88.32,192631608.01,False,0.0,False,0.0,False,0.0,False,0.0,False,0.0,False,False,0.67,118.31,False,False,False,False,False,False,False,0.0,999.0,-4.7842355,569
S1YF34,S1YF34,BDR,SYF (BDR: S1YF34),6.5,B,0.5,C,4.0,Forte,77.06,75.54,72.64,74.19,260188383.22,False,0.0,False,0.0,False,0.0,False,0.0,False,0.0,False,False,1.27,81.92,False,False,False,False,False,False,False,20.785999999999998,7.869744,1.6425835,570
BVBR11,BVBR11,ETF,BVBR11,6.5,B,0.5,C,1.0,Fraco,20.84,21.43,,,86944.48,False,0.0,False,0.0,False,0.0,False,0.0,False,0.0,False,False,3.09,22.13,False,False,False,False,False,False,False,0.0,9.408791,999.0,571
JMBI11,JMBI11,ETF,JMBI11,6.5,B,0.5,C,0.0,Fraco,80.48,83.02,,,707660.67,False,0.0,False,0.0,False,0.0,False,0.0,False,0.0,True,False,0.7,84.2,False,False,False,False,False,False,False,0.0,999.0,999.0,572
FYTO11,FYTO11,ETF,FYTO11,6.5,B,0.5,C,0.0,Fraco,7.85,8.01,8.1,7.92,126235.85,False,0.0,False,0.0,False,0.0,False,0.0,False,0.0,True,False,1.06,8.13,False,False,False,False,False,False,False,0.0,999.0,999.0,573
M1CK34,M1CK34,BDR,MCK (BDR: M1CK34),6.5,B,0.5,C,1.0,Fraco,845.23,820.01,842.08,839.49,315865824.62,False,0.0,False,0.0,False,0.0,False,0.0,False,0.0,False,False,0.37,912.5,False,False,False,False,False,False,False,0.0,22.493969,-22.960442,574
VINF11,VINF11,ETF,VINF11,6.5,B,0.5,C,0.0,Fraco,85.0,83.84,86.77,86.53,828325.0,False,0.0,False,0.0,False,0.0,False,0.0,False,0.0,True,False,3.41,86.98,False,False,False,False,False,False,False,0.0,999.0,999.0,575
G2EV34,G2EV34,BDR,GEV (BDR: G2EV34),6.5,B,0.5,C,4.0,Forte,966.28,1033.22,947.4,865.57,1845126210.14,False,0.0,False,0.0,False,0.0,False,0.0,False,0.0,False,False,1.0,1099.66,False,False,False,False,False,False,False,82.577,27.726849,21.5293,576
CPLG11,CPLG11,ETF,CPLG11,6.5,B,0.5,C,0.0,Fraco,11.0,,,,193556.0,False,0.0,False,0.0,False,0.0,False,0.0,False,0.0,False,False,0.0,,False,False,False,False,False,False,False,0.0,20.01818,999.0,577
RZAK11,RZAK11,ETF,RZAK11,6.5,B,0.5,C,1.0,Fraco,75.05,78.04,78.96,77.48,1113366.8,False,0.0,False,0.0,False,0.0,False,0.0,False,0.0,True,False,0.58,79.1,False,False,False,False,False,False,False,0.0,6.3964195,999.0,578
FATN11,FATN11,ETF,FATN11,6.5,B,0.5,C,1.0,Fraco,77.19,78.5,81.22,80.38,1415973.4,False,0.0,False,0.0,False,0.0,False,0.0,False,0.0,True,False,0.79,79.68,False,False,False,False,False,False,False,0.0,13.940324,999.0,579
IRIF11,IRIF11,ETF,IRIF11,6.5,B,0.5,C,0.0,Fraco,8.36,8.65,,,81384.6,False,0.0,False,0.0,False,0.0,False,0.0,False,0.0,True,False,1.06,8.75,False,False,False,False,False,False,False,0.0,999.0,999.0,580
H1BA34,H1BA34,BDR,HBAN (BDR: H1BA34),6.5,B,0.5,C,2.0,Fraco,17.05,17.58,16.78,16.7,412450957.41,False,0.0,False,0.0,False,0.0,False,0.0,False,0.0,False,False,1.14,18.16,False,False,False,False,False,False,False,9.002,13.084616,1.1554922,581
TEND3,CONSTRUTORA TENDA S.A.,BR_STOCK,TEND3,6.5,B,0.5,C,4.0,Forte,30.84,32.8,30.61,28.89,72566520.36,False,0.0,False,0.0,False,0.0,False,0.0,False,0.0,False,False,1.06,34.68,False,False,False,False,False,False,False,40.6,6.529661,2.4547987,582
KNCA11,KNCA11,ETF,KNCA11,6.5,B,0.5,C,0.0,Fraco,86.71,88.84,90.25,89.61,1767583.33,False,0.0,False,0.0,False,0.0,False,0.0,False,0.0,True,False,0.77,90.27,False,False,False,False,False,False,False,0.0,999.0,999.0,583
R1OK34,R1OK34,BDR,ROK (BDR: R1OK34),6.5,B,0.5,C,3.0,OK,432.05,459.96,423.61,414.97,191151876.1,False,0.0,False,0.0,False,0.0,False,0.0,False,0.0,False,False,0.59,487.85,False,False,False,False,False,False,False,30.629,40.498123,13.720759,584
IFRA11,IFRA11,ETF,IFRA11,6.5,B,0.5,C,0.0,Fraco,90.0,91.11,94.13,92.76,1866690.0,False,0.0,False,0.0,False,0.0,False,0.0,False,0.0,True,False,0.93,93.31,False,False,False,False,False,False,False,0.0,999.0,999.0,585
RINV11,RINV11,ETF,RINV11,6.5,B,0.5,C,1.0,Fraco,99.4,102.43,103.06,101.09,931875.01,False,0.0,False,0.0,False,0.0,False,0.0,False,0.0,True,False,0.99,103.56,False,False,False,False,False,False,False,0.0,4.8283763,999.0,586
CMIN3,CSN MINERAÇÃO S.A.,BR_STOCK,CMIN3,6.5,B,0.5,C,2.0,Fraco,5.62,5.09,5.02,5.11,25789617.47,False,0.0,False,0.0,False,0.0,False,0.0,False,0.0,False,False,0.59,6.17,False,False,False,False,False,False,False,28.136,17.5625,4.5691056,587
DVAI34,DVAI34,BDR,DVA (BDR: DVAI34),6.5,B,0.5,C,4.0,Forte,176.08,214.91,175.56,160.93,55452170.66,False,0.0,False,0.0,False,0.0,False,0.0,False,0.0,False,False,0.36,247.49,False,False,False,False,False,False,False,88.47500000000001,14.844199,-14.65435,588
C1BO34,C1BO34,BDR,CBOE (BDR: C1BO34),6.5,B,0.5,C,4.0,Forte,293.95,276.41,291.3,281.9,254439309.22,False,0.0,False,0.0,False,0.0,False,0.0,False,0.0,False,False,1.07,311.06,False,False,False,False,False,False,False,26.296999999999997,22.964148,5.475682,589
J2BL34,J2BL34,BDR,JBL (BDR: J2BL34),6.5,B,0.5,C,3.0,OK,316.41,341.99,310.4,287.46,197721447.19,False,0.0,False,0.0,False,0.0,False,0.0,False,0.0,False,False,0.6,376.89,False,False,False,False,False,False,False,65.876,39.57,25.082005,590
EVTC31,EVERTEC INC,BDR,EVTC (BDR: EVTC31),6.5,B,0.5,C,2.0,Fraco,29.77,29.04,27.89,28.17,4098644.35,False,0.0,False,0.0,False,0.0,False,0.0,False,0.0,False,False,0.34,34.41,False,False,False,False,False,False,False,14.845,19.305195,2.7413554,591
L2PL34,L2PL34,BDR,LPLA (BDR: L2PL34),6.5,B,0.5,C,3.0,OK,354.25,324.75,319.44,330.84,122248132.5,False,0.0,False,0.0,False,0.0,False,0.0,False,0.0,False,False,0.67,378.7,False,False,False,False,False,False,False,18.591999,28.389734,4.867994,592
CAON34,CAON34,BDR,COF (BDR: CAON34),6.5,B,0.5,C,2.0,Fraco,213.39,206.44,198.77,205.95,561548160.01,False,0.0,False,0.0,False,0.0,False,0.0,False,0.0,False,False,0.98,227.34,False,False,False,False,False,False,False,9.031,11.711963,1.2656754,593
GGBR4,GERDAU S.A.,BR_STOCK,GGBR4,6.5,B,0.5,C,0.0,Fraco,22.22,23.1,21.82,21.17,372271646.5,False,0.0,False,0.0,False,0.0,False,0.0,False,0.0,False,False,1.48,26.17,False,False,False,False,False,False,False,0.0,0.0,0.0,594
ABUD34,ABUD34,BDR,BUD (BDR: ABUD34),6.5,B,0.5,C,4.0,Forte,77.89,81.58,76.87,73.26,98894907.09,False,0.0,False,0.0,False,0.0,False,0.0,False,0.0,False,False,0.72,86.6,False,False,False,False,False,False,False,11.392,16.793104,9.838622,595
C2GN34,C2GN34,BDR,CGNX (BDR: C2GN34),6.5,B,0.5,C,3.0,OK,59.6,64.72,57.17,52.25,58890758.49,False,0.0,False,0.0,False,0.0,False,0.0,False,0.0,False,False,0.33,72.7,False,False,False,False,False,False,False,11.1490004,57.432693,6.1659956,596
TEXA34,TEXA34,BDR,TXN (BDR: TEXA34),6.5,B,0.5,C,4.0,Forte,265.79,289.46,252.55,231.9,895947160.74,False,0.0,False,0.0,False,0.0,False,0.0,False,0.0,False,False,0.58,289.62,False,False,False,False,False,False,False,35.176,40.364742,13.466512,597
CPTS11,CPTS11,ETF,CPTS11,6.5,B,0.5,C,0.0,Fraco,7.27,7.33,7.42,7.27,6793778.63,False,0.0,False,0.0,False,0.0,False,0.0,False,0.0,True,False,0.84,7.49,False,False,False,False,False,False,False,0.0,999.0,999.0,598
M1DB34,M1DB34,BDR,MDB (BDR: M1DB34),6.5,B,0.5,C,2.0,Fraco,421.0,355.55,322.67,339.44,399414488.0,False,0.0,False,0.0,False,0.0,False,0.0,False,0.0,False,False,0.6,473.1,False,False,False,False,False,False,False,-0.975,999.0,11.530253,599
A1DI34,A1DI34,BDR,ADI (BDR: A1DI34),6.5,B,0.5,C,3.0,OK,370.08,389.0,365.85,339.96,836300832.38,False,0.0,False,0.0,False,0.0,False,0.0,False,0.0,False,False,0.65,396.95,False,False,False,False,False,False,False,12.227,43.8673,5.3611355,600
K1SG34,K1SG34,BDR,KEYS (BDR: K1SG34),6.5,B,0.5,C,4.0,Forte,315.49,332.79,308.44,280.55,375357055.29,False,0.0,False,0.0,False,0.0,False,0.0,False,0.0,False,False,0.74,366.41,False,False,False,False,False,False,False,20.897,42.898373,8.538947,601
GARE11,GARE11,ETF,GARE11,6.5,B,0.5,C,0.0,Fraco,8.2,8.12,8.15,8.22,7881897.22,False,0.0,False,0.0,False,0.0,False,0.0,False,0.0,True,False,0.94,8.24,False,False,False,False,False,False,False,0.0,999.0,999.0,602
BTHF11,BTHF11,ETF,BTHF11,6.5,B,0.5,C,1.0,Fraco,8.42,8.79,8.83,8.57,2208582.86,False,0.0,False,0.0,False,0.0,False,0.0,False,0.0,True,False,0.51,8.87,False,False,False,False,False,False,False,0.0,11.378378,999.0,603
NSLU11,NSLU11,ETF,NSLU11,6.5,B,0.5,C,0.0,Fraco,170.08,171.72,177.65,177.32,126369.44,False,0.0,False,0.0,False,0.0,False,0.0,False,0.0,True,False,0.88,177.0,False,False,False,False,False,False,False,0.0,999.0,999.0,604
GGBR3,GERDAU S.A.,BR_STOCK,GGBR3,6.5,B,0.5,C,4.0,Forte,19.2,19.79,18.78,18.19,658560.03,False,0.0,False,0.0,False,0.0,False,0.0,False,0.0,False,False,0.86,22.36,False,False,False,False,False,False,False,4.1810002,16.686956,0.7036005,605
EUAT11,EUAT11,ETF,EUAT11,6.5,B,2.0,C,0.0,Fraco,99.46,,,,102045.96,False,0.0,False,0.0,False,0.0,False,0.0,False,0.0,True,False,3.94,102.0,False,False,False,False,False,True,False,0.0,999.0,999.0,606
ITLC34,ITLC34,BDR,INTC (BDR: ITLC34),6.5,B,0.5,C,2.0,Fraco,92.25,108.52,82.12,71.26,6507226071.0,False,0.0,False,0.0,False,0.0,False,0.0,False,0.0,False,False,0.63,107.57,False,False,False,False,False,False,False,-10.715,999.0,5.3073335,607
A2RW34,A2RW34,BDR,ARW (BDR: A2RW34),6.5,B,0.5,C,4.0,Forte,206.66,213.73,181.72,164.1,74272158.7,False,0.0,False,0.0,False,0.0,False,0.0,False,0.0,False,False,0.5,230.45,False,False,False,False,False,False,False,12.036,13.204603,1.5027944,608
RZZR11,RZZR11,ETF,RZZR11,6.5,B,0.5,C,1.0,Fraco,124.98,127.09,128.85,128.16,256958.89,False,0.0,False,0.0,False,0.0,False,0.0,False,0.0,True,False,4.95,129.2,False,False,False,False,False,False,False,0.0,5.209671,999.0,609
ALZR11,ALZR11,ETF,ALZR11,6.5,B,0.5,C,1.0,Fraco,9.77,9.81,10.04,10.02,3597196.93,False,0.0,False,0.0,False,0.0,False,0.0,False,0.0,True,False,1.11,10.04,False,False,False,False,False,False,False,0.0,8.963303,999.0,610
BUSM39,ISHARES MSCI USA MIN VOL FACTOR ETF,BDR,BUSM (BDR: BUSM39),6.5,B,2.0,C,0.0,Fraco,17.04,,,,54459.84,False,0.0,False,0.0,False,0.0,False,0.0,False,0.0,True,False,0.38,17.53,False,False,False,False,False,True,False,0.0,999.0,999.0,611
J1EF34,J1EF34,BDR,JEF (BDR: J1EF34),6.12,C,0.5,C,3.0,OK,51.99,55.19,51.11,52.79,83617577.36,False,0.0,False,0.0,False,0.0,False,0.0,True,0.65,False,False,0.84,57.42,False,False,False,False,False,False,False,0.0,14.466481,0.9968626,612
MDTC34,MDTC34,BDR,MDT (BDR: MDTC34),6.0,C,2.0,C,3.0,OK,92.43,83.94,86.15,88.61,365168008.57,False,0.0,False,0.0,False,0.0,False,0.0,False,0.0,True,False,0.6,94.72,False,False,False,False,False,True,False,9.8409995,24.75067,2.3893576,613
SSFO34,SSFO34,BDR,CRM (BDR: SSFO34),6.0,C,2.0,C,3.0,OK,205.95,173.83,184.27,200.32,1233920573.72,False,0.0,False,0.0,False,0.0,False,0.0,False,0.0,True,False,0.47,207.95,False,False,False,False,False,True,False,16.908,23.81192,4.9217725,614
G1FI34,G1FI34,BDR,GFI (BDR: G1FI34),6.0,C,0.5,C,5.0,Forte,45.33,35.63,43.03,42.7,162721288.89,False,0.0,False,0.0,False,0.0,False,0.0,False,0.0,True,False,0.96,44.49,False,False,False,False,False,False,False,51.931000000000004,11.531726,9.638311,615
A1UT34,A1UT34,BDR,ADSK (BDR: A1UT34),6.0,C,2.0,C,4.0,Forte,251.42,219.13,234.45,249.7,242693461.45,False,0.0,False,0.0,False,0.0,False,0.0,False,0.0,True,False,0.58,260.74,False,False,False,False,False,True,False,50.395999999999994,36.591835,16.608442,616
MELI34,MELI34,BDR,MELI (BDR: MELI34),6.0,C,2.0,C,2.0,Fraco,1925.39,1782.46,1804.25,1870.2,623381599.65,False,0.0,False,0.0,False,0.0,False,0.0,False,0.0,True,False,0.57,1946.0,False,False,False,False,False,True,False,27.504,52.170467,12.437697,617
M1SC34,M1SC34,BDR,MSCI (BDR: M1SC34),6.0,C,0.5,C,2.0,Fraco,567.79,581.41,572.2,569.31,184393769.89,False,0.0,False,0.0,False,0.0,False,0.0,False,0.0,True,False,0.45,587.89,False,False,False,False,False,False,False,0.0,31.057076,-15.371548,618
P2LT34,P2LT34,BDR,PLTR (BDR: P2LT34),6.0,C,2.0,C,4.0,Forte,174.55,137.95,142.46,151.65,3603914712.51,False,0.0,False,0.0,False,0.0,False,0.0,False,0.0,True,False,0.51,180.18,False,False,False,False,False,True,False,38.096999999999994,148.68378,42.76303,619
EQIR11,EQIR11,ETF,EQIR11,6.0,C,0.5,C,1.0,Fraco,7.9,8.22,8.19,7.96,72253.4,False,0.0,False,0.0,False,0.0,False,0.0,False,0.0,False,False,1.76,8.34,False,False,False,False,False,False,False,0.0,8.404256,999.0,620
ABTT34,ABTT34,BDR,ABT (BDR: ABTT34),6.0,C,2.0,C,2.0,Fraco,114.36,99.1,99.96,105.9,403820715.12,False,0.0,False,0.0,False,0.0,False,0.0,False,0.0,True,False,0.47,115.67,False,False,False,False,False,True,False,10.576,36.97735,3.8683684,621
SNEC34,SNEC34,BDR,SONY (BDR: SNEC34),6.0,C,2.0,C,3.0,OK,23.58,21.6,21.63,23.02,59961652.61,False,0.0,False,0.0,False,0.0,False,0.0,False,0.0,True,False,0.57,24.67,False,False,False,False,False,True,False,13.159999,20.1453,2.6351783,622
XBCI11,XBCI11,ETF,XBCI11,6.0,C,0.5,C,0.0,Fraco,89.19,78.11,86.32,,1985547.83,False,0.0,False,0.0,False,0.0,False,0.0,False,0.0,True,True,2.51,87.19,False,False,False,False,False,False,False,0.0,999.0,999.0,623
DHER34,DHER34,BDR,DHR (BDR: DHER34),6.0,C,2.0,C,3.0,OK,216.67,194.66,194.76,202.32,943162768.67,False,0.0,False,0.0,False,0.0,False,0.0,False,0.0,True,False,1.45,212.19,False,False,False,False,False,True,False,7.605,38.57143,2.8874688,624
KCRE11,KCRE11,ETF,KCRE11,6.0,C,0.5,C,1.0,Fraco,8.37,8.82,8.72,8.51,265923.27,False,0.0,False,0.0,False,0.0,False,0.0,False,0.0,False,False,0.61,8.97,False,False,False,False,False,False,False,0.0,6.650794,999.0,625
TOPP11,TOPP11,ETF,TOPP11,6.0,C,0.5,C,0.0,Fraco,62.67,63.64,65.59,65.19,505621.55,False,0.0,False,0.0,False,0.0,False,0.0,True,1.0,False,False,0.74,67.0,False,False,False,False,False,False,False,0.0,999.0,999.0,626
SAPP34,SAPP34,BDR,SAP (BDR: SAPP34),6.0,C,2.0,C,4.0,Forte,216.88,173.34,181.29,196.18,252381960.4,False,0.0,False,0.0,False,0.0,False,0.0,False,0.0,True,False,0.44,218.18,False,False,False,False,False,True,False,18.320999,28.042637,68.31509,627
T1SO34,T1SO34,BDR,SO (BDR: T1SO34),6.0,C,0.5,C,2.0,Fraco,91.53,93.83,92.71,91.03,385862084.43,False,0.0,False,0.0,False,0.0,False,0.0,False,0.0,False,False,0.93,98.05,False,False,False,False,False,False,False,11.4829995,22.040964,2.6591663,628
U1BE34,U1BE34,BDR,UBER (BDR: U1BE34),6.0,C,2.0,C,5.0,Forte,78.64,72.71,74.05,77.2,1030423002.71,False,0.0,False,0.0,False,0.0,False,0.0,False,0.0,True,False,0.64,79.31,False,False,False,False,False,True,False,37.16,16.471699,5.8678117,629
ADBE34,ADBE34,BDR,ADBE (BDR: ADBE34),6.0,C,2.0,C,5.0,Forte,272.67,231.92,249.13,270.74,532438542.24,False,0.0,False,0.0,False,0.0,False,0.0,False,0.0,True,False,0.44,275.8,False,False,False,False,False,True,False,62.953996999999994,15.564322,9.430145,630
SLCE3,SLC AGRICOLA S.A.,BR_STOCK,SLCE3,6.0,C,0.5,C,0.0,Fraco,15.13,13.5,15.73,15.34,99307268.75,False,0.0,False,0.0,False,0.0,False,0.0,False,0.0,True,True,2.47,14.36,False,False,False,False,False,False,False,0.0,0.0,0.0,631
C1AG34,C1AG34,BDR,CAG (BDR: C1AG34),6.0,C,2.0,C,1.0,Fraco,16.28,14.32,15.12,15.42,105226780.46,False,0.0,False,0.0,False,0.0,False,0.0,False,0.0,True,False,0.66,16.42,False,False,False,False,False,True,False,-25.063999999999997,999.0,1.2254423,632
S1RP34,S1RP34,BDR,SRPT (BDR: S1RP34),6.0,C,0.5,C,1.0,Fraco,19.21,17.22,18.55,19.05,31989431.77,False,0.0,False,0.0,False,0.0,False,0.0,False,0.0,True,False,0.58,20.19,False,False,False,False,False,False,False,-9.478,999.0,1.3287245,633
CLIN11,CLIN11,ETF,CLIN11,6.0,C,0.5,C,1.0,Fraco,83.63,87.84,87.25,85.09,837136.27,False,0.0,False,0.0,False,0.0,False,0.0,False,0.0,False,False,1.37,88.6,False,False,False,False,False,False,False,0.0,6.9485054,999.0,634
VGIP11,VGIP11,ETF,VGIP11,6.0,C,0.5,C,1.0,Fraco,73.77,76.74,76.15,74.82,1491334.25,False,0.0,False,0.0,False,0.0,False,0.0,False,0.0,False,False,0.98,78.76,False,False,False,False,False,False,False,0.0,7.2323527,999.0,635
BMEB3,BCO MERCANTIL DO BRASIL S.A.,BR_STOCK,BMEB3,6.0,C,0.5,C,4.0,Forte,52.1,49.77,56.1,54.14,151090.0,False,0.0,False,0.0,False,0.0,False,0.0,False,0.0,True,False,0.35,52.64,False,False,False,False,False,False,False,32.414,6.4640193,2.0478754,636
M1KT34,M1KT34,BDR,MKTX (BDR: M1KT34),6.0,C,0.5,C,4.0,Forte,161.91,130.5,151.15,155.66,196070747.69,False,0.0,False,0.0,False,0.0,False,0.0,False,0.0,True,False,1.09,163.15,False,False,False,False,False,False,False,23.14,19.137115,4.5987782,637
B1NT34,B1NT34,BDR,BNTX (BDR: B1NT34),6.0,C,2.0,C,1.0,Fraco,110.51,92.64,97.08,97.54,347679164.55,False,0.0,False,0.0,False,0.0,False,0.0,False,0.0,True,False,1.8,116.0,False,False,False,False,False,True,False,-9.300999000000001,999.0,1.355145,638
GLDX11,GLDX11,ETF,GLDX11,6.0,C,0.5,C,0.0,Fraco,109.75,99.75,109.82,109.25,150028.25,False,0.0,False,0.0,False,0.0,False,0.0,False,0.0,True,False,0.2,109.17,False,False,False,False,False,False,False,0.0,999.0,999.0,639
G1AR34,G1AR34,BDR,IT (BDR: G1AR34),6.0,C,2.0,C,3.0,OK,193.65,151.32,160.28,179.62,120065126.37,False,0.0,False,0.0,False,0.0,False,0.0,False,0.0,True,False,0.41,196.29,False,False,False,False,False,True,False,113.581,17.39443,-74.51886,640
KNHY11,KNHY11,ETF,KNHY11,6.0,C,0.5,C,1.0,Fraco,94.27,98.72,96.68,95.31,27650615.53,False,0.0,False,0.0,False,0.0,False,0.0,False,0.0,False,False,5.7,100.32,False,False,False,False,False,False,False,0.0,6.6057425,999.0,641
RECR11,RECR11,ETF,RECR11,6.0,C,0.5,C,1.0,Fraco,75.15,78.34,77.16,75.37,2318001.8,False,0.0,False,0.0,False,0.0,False,0.0,False,0.0,False,False,0.7,79.43,False,False,False,False,False,False,False,0.0,7.0000005,999.0,642
S1PO34,S1PO34,BDR,SPOT (BDR: S1PO34),6.0,C,2.0,C,3.0,OK,533.85,485.44,486.06,512.12,796173700.66,False,0.0,False,0.0,False,0.0,False,0.0,False,0.0,True,False,0.82,541.87,False,False,False,False,False,True,False,44.484,28.974457,11.855637,643
CHME34,CHME34,BDR,CME (BDR: CHME34),6.0,C,0.5,C,4.0,Forte,270.6,251.92,277.46,274.36,294239893.24,False,0.0,False,0.0,False,0.0,False,0.0,False,0.0,True,False,0.62,274.0,False,False,False,False,False,False,False,15.802,22.955084,3.6695294,644
CCME11,CCME11,ETF,CCME11,6.0,C,0.5,C,1.0,Fraco,8.26,8.61,8.59,8.46,50204.28,False,0.0,False,0.0,False,0.0,False,0.0,False,0.0,False,False,0.23,8.77,False,False,False,False,False,False,False,0.0,5.8652487,999.0,645
W1IX34,W1IX34,BDR,WIX (BDR: W1IX34),6.0,C,2.0,C,1.0,Fraco,82.22,54.46,67.93,77.98,110655953.08,False,0.0,False,0.0,False,0.0,False,0.0,False,0.0,True,False,0.72,80.66,False,False,False,False,False,True,False,0.0,999.0,-33.656048,646
FLCR11,FLCR11,ETF,FLCR11,6.0,C,0.5,C,1.0,Fraco,88.5,91.8,90.2,89.11,383559.0,False,0.0,False,0.0,False,0.0,False,0.0,False,0.0,False,False,3.75,93.88,False,False,False,False,False,False,False,0.0,6.0699587,999.0,647
FIGS11,FIGS11,ETF,FIGS11,6.0,C,0.5,C,0.0,Fraco,47.28,49.01,48.51,47.42,105292.56,False,0.0,False,0.0,False,0.0,False,0.0,False,0.0,False,False,0.92,50.46,False,False,False,False,False,False,False,-0.501,999.0,0.6746252,648
GEHC34,GEHC34,BDR,GEHC (BDR: GEHC34),6.0,C,2.0,C,5.0,Forte,74.36,66.29,70.21,72.77,114229527.78,False,0.0,False,0.0,False,0.0,False,0.0,False,0.0,True,False,0.54,75.44,False,False,False,False,False,True,False,19.375999999999998,17.064514,3.0479875,649
QDFI11,QDFI11,ETF,QDFI11,6.0,C,0.5,C,0.0,Fraco,1.8,1.63,1.62,1.86,169540.2,False,0.0,False,0.0,False,0.0,False,0.0,False,0.0,True,True,2.76,1.68,False,False,False,False,False,False,False,0.0,999.0,999.0,650
I1CE34,I1CE34,BDR,ICE (BDR: I1CE34),6.0,C,0.5,C,3.0,OK,159.13,142.18,152.91,153.83,424889843.44,False,0.0,False,0.0,False,0.0,False,0.0,False,0.0,True,False,0.83,159.64,False,False,False,False,False,False,False,14.094000000000001,22.385754,3.0474644,651
P2TC34,P2TC34,BDR,PTC (BDR: P2TC34),6.0,C,2.0,C,3.0,OK,153.77,128.67,141.81,150.29,91050448.7,False,0.0,False,0.0,False,0.0,False,0.0,False,0.0,True,False,0.49,155.4,False,False,False,False,False,True,False,35.053003,14.904855,4.898689,652
P1RG34,P1RG34,BDR,PRGO (BDR: P1RG34),6.0,C,2.0,C,0.0,Fraco,13.7,11.02,11.4,11.9,20453866.82,False,0.0,False,0.0,False,0.0,False,0.0,False,0.0,True,False,0.61,13.97,False,False,False,False,False,True,False,-48.746,999.0,0.75587165,653
JOGO11,JOGO11,ETF,JOGO11,6.0,C,0.0,C,0.0,Fraco,125.66,117.55,118.44,125.03,80422.4,False,0.0,False,0.0,False,0.0,False,0.0,False,0.0,True,False,0.26,129.89,False,False,False,False,False,False,False,0.0,999.0,999.0,654
BMEB4,BCO MERCANTIL DO BRASIL S.A.,BR_STOCK,BMEB4,6.0,C,0.5,C,4.0,Forte,64.46,60.53,68.84,67.11,1985367.97,False,0.0,False,0.0,False,0.0,False,0.0,False,0.0,True,False,0.86,63.7,False,False,False,False,False,False,False,32.414,8.024814,2.542353,655
G1MI34,G1MI34,BDR,GIS (BDR: G1MI34),6.0,C,2.0,C,1.0,Fraco,39.83,36.21,37.41,39.13,207221426.23,False,0.0,False,0.0,False,0.0,False,0.0,False,0.0,True,False,0.64,40.1,False,False,False,False,False,True,False,-1.028,999.0,3.8255746,656
OURO11,OURO11,ETF,OURO11,6.0,C,2.0,C,0.0,Fraco,102.15,93.16,100.98,100.98,64252.35,False,0.0,False,0.0,False,0.0,False,0.0,False,0.0,True,False,0.12,101.69,False,False,False,False,False,True,False,0.0,999.0,999.0,657
GOLD11,GOLD11,ETF,GOLD11,6.0,C,0.5,C,0.0,Fraco,24.38,22.17,24.41,24.28,13333811.62,False,0.0,False,0.0,False,0.0,False,0.0,False,0.0,True,False,0.52,23.97,False,False,False,False,False,False,False,0.0,999.0,999.0,658
HSHY34,HSHY34,BDR,HSY (BDR: HSHY34),6.0,C,0.5,C,3.0,OK,189.09,177.11,192.77,189.02,138078053.49,False,0.0,False,0.0,False,0.0,False,0.0,False,0.0,True,False,0.62,189.83,False,False,False,False,False,False,False,32.808998,25.690313,8.292307,659
TGMA3,TEGMA GESTAO LOGISTICA S.A.,BR_STOCK,TGMA3,6.0,C,2.0,C,5.0,Forte,33.86,30.51,32.22,32.92,7246040.13,False,0.0,False,0.0,False,0.0,False,0.0,False,0.0,True,False,0.7,34.91,False,False,False,False,False,True,False,25.561002,8.812987,2.2504478,660
DIVO11,DIVO11,ETF,DIVO11,5.62,C,0.5,C,1.0,Fraco,119.89,125.2,128.57,125.01,18028818.33,False,0.0,False,0.0,False,0.0,False,0.0,True,0.85,False,False,0.51,131.44,False,False,False,False,False,False,False,0.0,8.138391,999.0,661
HGLG11,HGLG11,ETF,HGLG11,5.5,C,0.5,C,2.0,Fraco,144.99,148.21,151.05,150.85,9975892.34,False,0.0,False,0.0,False,0.0,False,0.0,False,0.0,True,False,0.57,148.67,False,False,False,False,False,False,False,12.235999999999999,9.521682,0.91582984,662
P2AT34,P2AT34,BDR,PATH (BDR: P2AT34),5.5,C,0.5,C,3.0,OK,15.87,12.36,11.74,12.72,996465041.17,False,0.0,False,0.0,False,0.0,False,0.0,False,0.0,False,False,0.87,16.82,False,False,False,False,False,False,False,18.181998999999998,26.525,4.3531184,663
I1PC34,I1PC34,BDR,IP (BDR: I1PC34),5.5,C,0.5,C,1.0,Fraco,40.36,38.51,37.29,37.32,82194917.08,False,0.0,False,0.0,False,0.0,False,0.0,False,0.0,False,False,0.59,44.32,False,False,False,False,False,False,False,-16.479,999.0,1.4786257,664
M2PR34,M2PR34,BDR,MPWR (BDR: M2PR34),5.5,C,0.5,C,4.0,Forte,1309.27,1382.13,1327.8,1230.6,311396781.45,False,0.0,False,0.0,False,0.0,False,0.0,False,0.0,False,False,0.39,1568.21,False,False,False,False,False,False,False,21.979000000000003,80.012215,16.533575,665
T1AL34,T1AL34,BDR,TAL (BDR: T1AL34),5.5,C,0.5,C,5.0,Forte,11.49,10.58,10.88,10.99,33649428.11,False,0.0,False,0.0,False,0.0,False,0.0,False,0.0,False,False,0.78,12.58,False,False,False,False,False,False,False,23.712,7.1749997,1.6832844,666
E2NO34,E2NO34,BDR,ENOV (BDR: E2NO34),5.5,C,0.5,C,2.0,Fraco,26.04,25.11,24.09,25.12,10423187.41,False,0.0,False,0.0,False,0.0,False,0.0,False,0.0,False,False,0.3,31.67,False,False,False,False,False,False,False,-54.142,999.0,1.021667,667
S2YN34,S2YN34,BDR,SYNA (BDR: S2YN34),5.5,C,0.5,C,2.0,Fraco,97.96,118.32,101.78,94.61,36635366.59,False,0.0,False,0.0,False,0.0,False,0.0,False,0.0,False,False,0.74,119.11,False,False,False,False,False,False,False,-42.229998,999.0,4.118512,668
G1SK34,G1SK34,BDR,GSK (BDR: G1SK34),5.5,C,0.5,C,3.0,OK,51.93,51.42,52.51,51.15,166715190.17,False,0.0,False,0.0,False,0.0,False,0.0,False,0.0,False,False,1.03,55.29,False,False,False,False,False,False,False,33.383,16.2884,4.35409,669
CSMG3,CIA SANEAMENTO DE MINAS GERAIS-COPASA MG,BR_STOCK,CSMG3,5.5,C,0.5,C,1.0,Fraco,53.35,60.79,56.06,52.04,242203658.07,False,0.0,False,0.0,False,0.0,False,0.0,False,0.0,False,False,0.88,65.39,False,False,False,False,False,False,False,14.97,15.636363,2.2836094,670
S2EA34,S2EA34,BDR,SE (BDR: S2EA34),5.5,C,0.5,C,3.0,OK,117.82,104.7,98.44,107.62,206757486.84,False,0.0,False,0.0,False,0.0,False,0.0,False,0.0,False,False,0.3,131.94,False,False,False,False,False,False,False,14.734,45.449615,5.5795584,671
R2PD34,R2PD34,BDR,RPD (BDR: R2PD34),5.5,C,0.5,C,0.0,Fraco,11.84,10.03,8.31,9.99,11883559.51,False,0.0,False,0.0,False,0.0,False,0.0,False,0.0,False,False,0.38,14.8,False,False,False,False,False,False,False,14.027999999999999,38.20968,4.0537305,672
BROF11,BROF11,ETF,BROF11,5.5,C,0.5,C,1.0,Fraco,56.03,58.26,57.12,55.26,265806.31,False,0.0,False,0.0,False,0.0,False,0.0,False,0.0,False,False,1.16,61.54,False,False,False,False,False,False,False,0.0,8.251841,999.0,673
A2FY34,A2FY34,BDR,AFYA (BDR: A2FY34),5.5,C,0.5,C,5.0,Forte,13.87,14.21,14.19,14.17,1542219.16,False,0.0,False,0.0,False,0.0,False,0.0,True,0.8,False,False,0.76,14.78,False,False,False,False,False,False,False,16.683,8.361446,1.3070104,674
R1CL34,R1CL34,BDR,RCL (BDR: R1CL34),5.5,C,0.5,C,3.0,OK,286.68,303.12,289.98,284.92,416388642.04,False,0.0,False,0.0,False,0.0,False,0.0,False,0.0,False,False,0.98,334.0,False,False,False,False,False,False,False,44.669998,17.75432,7.5149584,675
COTY34,COTY34,BDR,COTY (BDR: COTY34),5.5,C,0.5,C,1.0,Fraco,2.77,2.43,2.42,2.65,34322786.86,False,0.0,False,0.0,False,0.0,False,0.0,False,0.0,False,False,1.65,3.09,False,False,False,False,False,False,False,-13.938,999.0,0.7813834,676
UPSS34,UPSS34,BDR,UPS (BDR: UPSS34),5.5,C,0.5,C,3.0,OK,102.59,106.85,103.58,101.09,290010121.8,False,0.0,False,0.0,False,0.0,False,0.0,False,0.0,False,False,0.57,114.98,False,False,False,False,False,False,False,29.602,19.066914,5.7938437,677
V1RT34,V1RT34,BDR,VRT (BDR: V1RT34),5.5,C,0.5,C,4.0,Forte,263.23,294.24,279.78,252.75,987356997.89,False,0.0,False,0.0,False,0.0,False,0.0,False,0.0,False,False,0.91,313.61,False,False,False,False,False,False,False,43.943,60.018143,21.415972,678
JDCO34,JDCO34,BDR,JD (BDR: JDCO34),5.5,C,0.5,C,3.0,OK,29.41,29.22,28.75,28.75,150590477.39,False,0.0,False,0.0,False,0.0,False,0.0,False,0.0,False,False,0.45,33.49,False,False,False,False,False,False,False,6.787,19.738255,1.2082764,679
MOOO34,MOOO34,BDR,MO (BDR: MOOO34),5.5,C,0.5,C,2.0,Fraco,67.12,70.3,67.34,64.39,487492915.55,False,0.0,False,0.0,False,0.0,False,0.0,False,0.0,False,False,0.71,77.06,False,False,False,False,False,False,False,0.0,14.090527,-41.883602,680
T2ND34,T2ND34,BDR,TNDM (BDR: T2ND34),5.5,C,0.5,C,1.0,Fraco,22.49,17.79,19.21,19.49,27697424.28,False,0.0,False,0.0,False,0.0,False,0.0,False,0.0,False,False,0.5,24.81,False,False,False,False,False,False,False,-48.026,999.0,12.0373335,681
BODI11,BODI11,ETF,BODI11,5.5,C,0.5,C,0.0,Fraco,9.69,9.82,9.71,9.71,65300.91,False,0.0,False,0.0,False,0.0,False,0.0,False,0.0,True,False,0.22,9.98,False,False,False,False,False,False,False,0.0,999.0,999.0,682
K1SS34,K1SS34,BDR,KSS (BDR: K1SS34),5.5,C,0.5,C,1.0,Fraco,17.26,18.11,16.0,17.0,84249036.16,False,0.0,False,0.0,False,0.0,False,0.0,False,0.0,False,False,1.51,20.55,False,False,False,False,False,False,False,6.9970004,7.279412,0.486507,683
OPCT3,OCEANPACT SERVICOS MARITIMOS S.A.,BR_STOCK,OPCT3,5.5,C,0.5,C,4.0,Forte,9.53,10.49,9.94,9.42,3587091.9,False,0.0,False,0.0,False,0.0,False,0.0,False,0.0,False,False,0.45,11.35,False,False,False,False,False,False,False,17.19,11.345238,1.8404789,684
TAEE4,TRANSMISSORA ALIANÇA DE ENERGIA ELÉTRICA S.A.,BR_STOCK,TAEE4,5.5,C,0.5,C,3.0,OK,12.58,13.17,13.4,13.34,2689603.98,False,0.0,False,0.0,False,0.0,False,0.0,True,0.8,False,False,0.61,13.82,False,False,False,False,False,False,False,20.559,7.968354,0.5449273,685
GOGL35,GOGL35,BDR,GOOG (BDR: GOGL35),5.5,C,0.5,C,5.0,Forte,337.7,350.38,339.51,331.51,3350812836.92,False,0.0,False,0.0,False,0.0,False,0.0,False,0.0,False,False,0.69,381.81,False,False,False,False,False,False,False,48.676,16.977913,6.644923,686
A1TH34,A1TH34,BDR,ATHM (BDR: A1TH34),5.5,C,0.5,C,2.0,Fraco,22.02,20.49,19.13,20.05,20911063.24,False,0.0,False,0.0,False,0.0,False,0.0,False,0.0,False,False,1.5,23.57,False,False,False,False,False,False,False,4.35,16.0,0.75175,687
M2KS34,M2KS34,BDR,MKSI (BDR: M2KS34),5.5,C,0.5,C,3.0,OK,281.09,341.24,288.0,255.86,176649040.57,False,0.0,False,0.0,False,0.0,False,0.0,False,0.0,False,False,0.47,348.43,False,False,False,False,False,False,False,15.845998999999999,44.88535,6.748707,688
STMN34,STMN34,BDR,STM (BDR: STMN34),5.5,C,0.5,C,2.0,Fraco,49.72,63.5,49.98,43.75,321514313.52,False,0.0,False,0.0,False,0.0,False,0.0,False,0.0,False,False,0.82,57.04,False,False,False,False,False,False,False,2.686,97.89216,2.5255463,689
TPIS3,TPI - TRIUNFO PARTICIP. E INVEST. S.A.,BR_STOCK,TPIS3,5.5,C,0.5,C,0.0,Fraco,8.12,9.42,8.43,7.37,153468.0,False,0.0,False,0.0,False,0.0,False,0.0,False,0.0,False,False,0.8,9.16,False,False,False,False,False,False,False,-66.175,999.0,0.7053942,690
W1DA34,W1DA34,BDR,WDAY (BDR: W1DA34),5.5,C,0.5,C,3.0,OK,197.47,149.23,142.79,161.84,409320162.87,False,0.0,False,0.0,False,0.0,False,0.0,False,0.0,False,False,0.37,227.49,False,False,False,False,False,False,False,10.857999999999999,61.470406,7.351988,691
C1MI34,C1MI34,BDR,CMI (BDR: C1MI34),5.5,C,0.5,C,4.0,Forte,594.07,660.46,623.7,592.28,359064768.78,False,0.0,False,0.0,False,0.0,False,0.0,False,0.0,False,False,0.84,671.34,False,False,False,False,False,False,False,21.114,30.255743,6.351304,692
LMTB34,LMTB34,BDR,LMT (BDR: LMTB34),5.5,C,0.5,C,3.0,OK,571.93,547.79,573.46,548.12,591873763.45,False,0.0,False,0.0,False,0.0,False,0.0,False,0.0,False,False,1.12,612.75,False,False,False,False,False,False,False,89.165,21.095942,14.99659,693
MACY34,MACY34,BDR,M (BDR: MACY34),5.5,C,0.5,C,3.0,OK,22.63,24.15,21.12,21.18,90670418.25,False,0.0,False,0.0,False,0.0,False,0.0,False,0.0,False,False,0.89,26.59,False,False,False,False,False,False,False,14.363000000000001,9.326446,1.2273642,694
A2XO34,A2XO34,BDR,AXON (BDR: A2XO34),5.5,C,0.5,C,2.0,Fraco,614.2,536.85,483.97,507.24,337099991.5,False,0.0,False,0.0,False,0.0,False,0.0,False,0.0,False,False,0.5,651.61,False,False,False,False,False,False,False,6.221,257.01254,13.579908,695
O1DF34,O1DF34,BDR,ODFL (BDR: O1DF34),5.5,C,0.5,C,4.0,Forte,204.77,221.9,207.57,193.06,149109216.94,False,0.0,False,0.0,False,0.0,False,0.0,False,0.0,False,False,0.49,237.15,False,False,False,False,False,False,False,24.818,39.25528,9.331144,696
I2ND34,I2ND34,BDR,INDI (BDR: I2ND34),5.5,C,0.5,C,1.0,Fraco,4.03,3.92,3.79,3.84,24778001.21,False,0.0,False,0.0,False,0.0,False,0.0,False,0.0,False,False,0.6,5.14,False,False,False,False,False,False,False,-42.861,999.0,2.5773196,697
BMGB4,BANCO BMG S.A.,BR_STOCK,BMGB4,5.5,C,0.5,C,2.0,Fraco,4.96,5.24,5.1,4.89,3618320.03,False,0.0,False,0.0,False,0.0,False,0.0,False,0.0,False,False,0.63,5.59,False,False,False,False,False,False,False,13.51,3.793893,0.6467143,698
BOEI34,BOEI34,BDR,BA (BDR: BOEI34),5.5,C,0.5,C,2.0,Fraco,215.32,221.77,223.94,219.47,1436279824.66,False,0.0,False,0.0,False,0.0,False,0.0,True,0.8,False,False,1.58,241.09,False,False,False,False,False,False,False,173.537,77.37231,27.87649,699
S2HO34,S2HO34,BDR,SHOP (BDR: S2HO34),5.5,C,0.5,C,4.0,Forte,147.66,125.77,122.26,131.71,599026364.56,False,0.0,False,0.0,False,0.0,False,0.0,False,0.0,False,False,0.45,158.87,False,False,False,False,False,False,False,15.543000000000001,99.44594,15.315296,700
GOGL34,GOGL34,BDR,GOOGL (BDR: GOGL34),5.5,C,0.5,C,5.0,Forte,340.17,351.99,341.0,332.46,4415562912.33,False,0.0,False,0.0,False,0.0,False,0.0,False,0.0,False,False,0.61,384.48,False,False,False,False,False,False,False,48.676,17.101908,6.693454,701
P2IN34,P2IN34,BDR,PINS (BDR: P2IN34),5.5,C,0.5,C,2.0,Fraco,23.27,22.46,20.72,22.22,101326616.91,False,0.0,False,0.0,False,0.0,False,0.0,False,0.0,False,False,0.44,25.73,False,False,False,False,False,False,False,6.461,68.338234,4.5407467,702
G1LW34,G1LW34,BDR,GLW (BDR: G1LW34),5.5,C,0.5,C,4.0,Forte,151.32,174.47,158.06,140.1,778411302.48,False,0.0,False,0.0,False,0.0,False,0.0,False,0.0,False,False,0.53,176.94,False,False,False,False,False,False,False,16.813,70.12962,10.926928,703
BRAV3,BRAVA ENERGIA S.A.,BR_STOCK,BRAV3,5.5,C,0.5,C,1.0,Fraco,18.93,19.33,19.13,18.04,57730821.93,False,0.0,False,0.0,False,0.0,False,0.0,False,0.0,False,False,0.5,21.43,False,False,False,False,False,False,False,0.44400003,189.0,0.714826,704
LWSA3,LWSA S.A.,BR_STOCK,LWSA3,5.5,C,0.5,C,3.0,OK,3.89,3.82,3.84,3.87,8349107.23,False,0.0,False,0.0,False,0.0,False,0.0,False,0.0,False,False,0.44,4.12,False,False,False,False,False,False,False,-8.613,999.0,0.8652988,705
BOXP34,BOXP34,BDR,BXP (BDR: BOXP34),5.5,C,0.5,C,1.0,Fraco,67.82,67.64,60.93,62.57,37759396.65,False,0.0,False,0.0,False,0.0,False,0.0,False,0.0,False,False,0.51,74.94,False,False,False,False,False,False,False,5.308,36.439785,2.097351,706
INTB3,INTELBRAS S.A. IND DE TELEC ELETRONICA BRASILEIRA,BR_STOCK,INTB3,5.5,C,0.5,C,4.0,Forte,13.13,13.44,13.39,12.93,34928426.3,False,0.0,False,0.0,False,0.0,False,0.0,False,0.0,False,False,2.91,15.24,False,False,False,False,False,False,False,18.590999999999998,7.1530056,1.2969384,707
A2RE34,A2RE34,BDR,ARES (BDR: A2RE34),5.5,C,0.5,C,2.0,Fraco,140.6,127.51,122.89,131.64,156723733.6,False,0.0,False,0.0,False,0.0,False,0.0,False,0.0,False,False,0.58,149.87,False,False,False,False,False,False,False,14.940999999999999,64.31651,12.710544,708
JHSF3,JHSF PARTICIPACOES S.A.,BR_STOCK,JHSF3,5.5,C,0.5,C,5.0,Forte,10.0,10.73,10.35,9.54,32841000.0,False,0.0,False,0.0,False,0.0,False,0.0,False,0.0,False,False,0.83,11.36,False,False,False,False,False,False,False,29.331000000000003,3.2322583,0.945997,709
BSCZ39,ISHARES MSCI EAFE SMALL-CAP ETF,BDR,BSCZ (BDR: BSCZ39),5.5,C,2.0,C,0.0,Fraco,20.08,20.21,20.27,20.25,1074406.86,False,0.0,False,0.0,False,0.0,False,0.0,False,0.0,True,False,1.12,20.23,False,False,False,False,False,True,False,0.0,999.0,999.0,710
MSFT34,MSFT34,BDR,MSFT (BDR: MSFT34),5.5,C,0.5,C,4.0,Forte,481.27,418.13,412.27,430.39,5212133767.68,False,0.0,False,0.0,False,0.0,False,0.0,False,0.0,False,False,0.41,513.73,False,False,False,False,False,False,False,34.039003,26.77518,8.07773,711
B2HI34,B2HI34,BDR,BILL (BDR: B2HI34),5.5,C,0.5,C,2.0,Fraco,47.44,41.72,40.99,43.72,176048793.61,False,0.0,False,0.0,False,0.0,False,0.0,False,0.0,False,False,1.42,52.6,False,False,False,False,False,False,False,0.0040000003,999.0,1.241522,712
NOKI34,NOKI34,BDR,NOK (BDR: NOKI34),5.5,C,0.5,C,2.0,Fraco,10.16,11.39,10.42,9.43,648943457.61,False,0.0,False,0.0,False,0.0,False,0.0,False,0.0,False,False,0.81,11.13,False,False,False,False,False,False,False,3.4549999999999996,72.46429,2.3236694,713
A1KA34,A1KA34,BDR,AKAM (BDR: A1KA34),5.5,C,0.5,C,1.0,Fraco,110.22,120.13,115.43,108.22,172686635.81,False,0.0,False,0.0,False,0.0,False,0.0,False,0.0,False,False,0.39,127.04,False,False,False,False,False,False,False,8.918,39.88768,3.328999,714
CATP34,CATP34,BDR,CAT (BDR: CATP34),5.5,C,0.5,C,3.0,OK,811.41,905.11,816.89,757.51,1492378490.42,False,0.0,False,0.0,False,0.0,False,0.0,False,0.0,False,False,0.71,935.0,False,False,False,False,False,False,False,56.972003,35.058254,19.326784,715
NEXT34,NEXT34,BDR,NEE (BDR: NEXT34),5.12,C,0.5,C,3.0,OK,85.15,87.18,89.13,87.1,636921837.51,False,0.0,False,0.0,False,0.0,False,0.0,True,0.65,False,False,0.72,90.99,False,False,False,False,False,False,False,11.677,19.114607,3.1057396,716
LVOL11,LVOL11,ETF,LVOL11,5.12,C,0.5,C,1.0,Fraco,128.51,136.19,139.56,135.88,819379.72,False,0.0,False,0.0,False,0.0,False,0.0,True,0.65,False,False,1.05,143.19,False,False,False,False,False,False,False,0.0,10.52931,999.0,717
A1RC34,A1RC34,BDR,ARCO (BDR: A1RC34),5.12,C,0.5,C,4.0,Forte,7.8,8.23,8.3,8.03,8209141.4,False,0.0,False,0.0,False,0.0,False,0.0,True,0.65,False,False,0.91,8.56,False,False,False,False,False,False,False,36.361,6.3414636,1.9771864,718
SPXS11,SPXS11,ETF,SPXS11,5.0,C,0.5,C,1.0,Fraco,7.48,7.79,8.0,7.94,372302.04,False,0.0,False,0.0,False,0.0,False,0.0,False,0.0,True,False,0.84,7.74,False,False,False,False,False,False,False,0.0,5.088435,999.0,719
CORN11,CORN11,ETF,CORN11,5.0,C,0.5,C,0.0,Fraco,7.35,7.04,7.22,7.41,286730.85,False,0.0,False,0.0,False,0.0,False,0.0,False,0.0,True,False,2.5,7.35,False,False,False,False,False,False,False,0.0,999.0,999.0,720
C2HD34,C2HD34,BDR,CHDN (BDR: C2HD34),5.0,C,0.5,C,4.0,Forte,92.9,87.1,89.91,94.6,53389723.78,False,0.0,False,0.0,False,0.0,False,0.0,False,0.0,True,False,0.65,92.07,False,False,False,False,False,False,False,33.848,15.809848,4.8608866,721
SOLH11,SOLH11,ETF,SOLH11,5.0,C,0.5,C,0.0,Fraco,12.67,10.75,12.23,14.46,3185491.42,False,0.0,False,0.0,False,0.0,False,0.0,False,0.0,True,True,7.19,11.27,False,False,False,False,False,False,False,0.0,999.0,999.0,722
QSOL11,QSOL11,ETF,QSOL11,5.0,C,0.5,C,0.0,Fraco,5.48,4.68,5.34,6.33,890982.24,False,0.0,False,0.0,False,0.0,False,0.0,False,0.0,True,True,4.59,5.14,False,False,False,False,False,False,False,0.0,999.0,999.0,723
VGIA11,VGIA11,ETF,VGIA11,5.0,C,0.5,C,0.0,Fraco,8.44,8.85,9.1,8.97,1837168.47,False,0.0,False,0.0,False,0.0,False,0.0,False,0.0,True,False,1.01,8.52,False,False,False,False,False,False,False,0.0,999.0,999.0,724
HGBS11,HGBS11,ETF,HGBS11,5.0,C,0.5,C,3.0,OK,18.39,19.13,19.48,19.32,3702182.73,False,0.0,False,0.0,False,0.0,False,0.0,False,0.0,True,False,1.11,19.25,False,False,False,False,False,False,False,5.2449997999999995,16.736362,0.8872289,725
BITH11,BITH11,ETF,BITH11,5.0,C,0.5,C,0.0,Fraco,84.69,73.64,82.04,90.1,12702992.23,False,0.0,False,0.0,False,0.0,False,0.0,False,0.0,True,True,3.15,75.95,False,False,False,False,False,False,False,0.0,999.0,999.0,726
QBTC11,QBTC11,ETF,QBTC11,5.0,C,0.5,C,0.0,Fraco,22.6,19.76,22.02,24.17,5730162.3,False,0.0,False,0.0,False,0.0,False,0.0,False,0.0,True,True,3.57,20.38,False,False,False,False,False,False,False,0.0,999.0,999.0,727
BITO39,ISHARES CORE S&P TOTAL US STOCK MARKET ETF,BDR,BITO (BDR: BITO39),5.0,C,0.5,C,0.0,Fraco,9.82,8.63,9.62,10.39,1311685224.04,False,0.0,False,0.0,False,0.0,False,0.0,False,0.0,True,True,1.88,9.42,False,False,False,False,False,False,False,0.0,999.0,999.0,728
CYCR11,CYCR11,ETF,CYCR11,5.0,C,0.5,C,1.0,Fraco,8.26,8.62,8.62,8.43,1352913.7,False,0.0,False,0.0,False,0.0,False,0.0,False,0.0,False,False,1.49,8.73,False,False,False,False,False,False,False,0.0,3.5148938,999.0,729
IBIT39,ISHARES BITCOIN TRUST,BDR,IBIT (BDR: IBIT39),5.0,C,0.5,C,0.0,Fraco,41.18,36.11,40.02,43.08,4082325045.26,False,0.0,False,0.0,False,0.0,False,0.0,False,0.0,True,True,2.35,39.48,False,False,False,False,False,False,False,0.0,999.0,999.0,730
GROP31,BRAZIL POTASH CORP.,BDR,GRO (BDR: GROP31),5.0,C,0.5,C,1.0,Fraco,2.46,2.18,2.66,2.53,1834499.77,False,0.0,False,0.0,False,0.0,False,0.0,False,0.0,True,True,4.79,2.35,False,False,False,False,False,False,False,-15.839,999.0,0.9094256,731
QETH11,QETH11,ETF,QETH11,5.0,C,0.5,C,0.0,Fraco,8.46,6.6,7.62,8.74,1178706.43,False,0.0,False,0.0,False,0.0,False,0.0,False,0.0,True,True,5.21,7.1,False,False,False,False,False,False,False,0.0,999.0,999.0,732
BODB11,BODB11,ETF,BODB11,5.0,C,0.5,C,0.0,Fraco,7.07,7.47,7.48,7.3,958557.69,False,0.0,False,0.0,False,0.0,False,0.0,False,0.0,False,False,0.83,7.61,False,False,False,False,False,False,False,0.0,999.0,999.0,733
G1AM34,G1AM34,BDR,GLPI (BDR: G1AM34),5.0,C,0.5,C,4.0,Forte,43.76,44.54,45.33,44.58,165596270.92,False,0.0,False,0.0,False,0.0,False,0.0,False,0.0,False,False,1.42,46.63,False,False,False,False,False,False,False,19.354999,12.780702,2.5516639,734
RBRD11,RBRD11,ETF,RBRD11,5.0,C,0.5,C,0.0,Fraco,36.25,36.75,37.57,37.28,74167.5,False,0.0,False,0.0,False,0.0,False,0.0,False,0.0,True,False,1.59,37.84,False,False,False,False,False,False,False,0.0,999.0,999.0,735
XBOV11,XBOV11,ETF,XBOV11,5.0,C,0.5,C,1.0,Fraco,164.38,168.61,174.94,169.87,215173.43,False,0.0,False,0.0,False,0.0,False,0.0,False,0.0,False,False,30.13,174.17,False,False,False,False,False,False,False,0.0,10.775997,999.0,736
ETHA39,ISHARES ETHEREUM TRUST ETF,BDR,ETHA (BDR: ETHA39),5.0,C,0.5,C,0.0,Fraco,17.56,13.73,15.73,17.67,1358325451.49,False,0.0,False,0.0,False,0.0,False,0.0,False,0.0,True,True,2.46,15.98,False,False,False,False,False,False,False,0.0,999.0,999.0,737
VILG11,VILG11,ETF,VILG11,5.0,C,0.5,C,1.0,Fraco,89.64,92.66,95.55,94.13,2458466.62,False,0.0,False,0.0,False,0.0,False,0.0,False,0.0,True,False,1.04,93.26,False,False,False,False,False,False,False,0.0,14.42283,999.0,738
HODL11,HODL11,ETF,HODL11,5.0,C,0.5,C,0.0,Fraco,63.37,54.96,61.12,67.05,2379670.2,False,0.0,False,0.0,False,0.0,False,0.0,False,0.0,True,True,3.45,56.95,False,False,False,False,False,False,False,0.0,999.0,999.0,739
OGIN11,OGIN11,ETF,OGIN11,5.0,C,0.5,C,0.0,Fraco,7.3,7.58,7.64,7.57,181266.3,False,0.0,False,0.0,False,0.0,False,0.0,False,0.0,False,False,3.04,7.81,False,False,False,False,False,False,False,0.0,999.0,999.0,740
PMIS11,PMIS11,ETF,PMIS11,5.0,C,0.5,C,0.0,Fraco,7.56,7.73,7.78,7.67,218106.0,False,0.0,False,0.0,False,0.0,False,0.0,False,0.0,False,False,0.62,8.0,False,False,False,False,False,False,False,0.0,999.0,999.0,741
CPTR11,CPTR11,ETF,CPTR11,5.0,C,0.5,C,0.0,Fraco,7.39,7.75,7.82,7.56,238741.34,False,0.0,False,0.0,False,0.0,False,0.0,False,0.0,False,False,0.74,8.0,False,False,False,False,False,False,False,0.0,999.0,999.0,742
HASH11,HASH11,ETF,HASH11,5.0,C,0.5,C,0.0,Fraco,49.09,42.24,47.59,53.0,22123439.46,False,0.0,False,0.0,False,0.0,False,0.0,False,0.0,True,True,3.2,43.63,False,False,False,False,False,False,False,0.0,999.0,999.0,743
ETHE11,ETHE11,ETF,ETHE11,5.0,C,0.5,C,0.0,Fraco,34.87,26.91,31.03,35.61,15472794.89,False,0.0,False,0.0,False,0.0,False,0.0,False,0.0,True,True,3.93,29.12,False,False,False,False,False,False,False,0.0,999.0,999.0,744
MTSA4,METISA METALURGICA TIMBOENSE S.A.,BR_STOCK,MTSA4,5.0,C,0.5,C,2.0,Fraco,48.69,46.05,52.98,50.9,53559.0,False,0.0,False,0.0,False,0.0,False,0.0,False,0.0,True,False,2.39,50.4,False,False,False,False,False,False,False,7.2700000000000005,12.646753,0.8862879,745
CGAS5,CIA GAS DE SAO PAULO - COMGAS,BR_STOCK,CGAS5,5.0,C,0.5,C,2.0,Fraco,121.78,123.28,125.0,124.81,97424.0,False,0.0,False,0.0,False,0.0,False,0.0,False,0.0,True,False,1.6,124.0,False,False,False,False,False,False,False,92.530996,10.748455,9.372739,746
C1PR34,C1PR34,BDR,CPRT (BDR: C1PR34),5.0,C,2.0,C,4.0,Forte,34.38,29.48,33.3,34.91,281384778.12,False,0.0,False,0.0,False,0.0,False,0.0,False,0.0,True,False,0.7,33.88,False,False,False,False,False,True,False,17.607,21.322983,3.6224544,747
T2YL34,T2YL34,BDR,TYL (BDR: T2YL34),5.0,C,0.5,C,3.0,OK,349.27,308.27,331.08,363.08,175477782.99,False,0.0,False,0.0,False,0.0,False,0.0,False,0.0,True,False,0.7,355.97,False,False,False,False,False,False,False,9.731,45.79079,4.689909,748
SHLD39,GLOBAL X DEFENSE TECH ETF,BDR,SHLD (BDR: SHLD39),5.0,C,0.5,C,0.0,Fraco,67.68,63.55,68.76,67.94,62170306.84,False,0.0,False,0.0,False,0.0,False,0.0,False,0.0,True,False,1.19,71.14,False,False,False,False,False,False,False,0.0,31.055792,999.0,749
NUIF11,NUIF11,ETF,NUIF11,5.0,C,0.5,C,0.0,Fraco,81.9,84.96,,,174201.3,False,0.0,False,0.0,False,0.0,False,0.0,False,0.0,False,False,1.56,86.5,False,False,False,False,False,False,False,0.0,999.0,999.0,750
SIVR39,ABRDN PHYSICAL SILVER SHARES ETF,BDR,SIVR (BDR: SIVR39),5.0,C,0.5,C,0.0,Fraco,64.9,58.37,70.43,67.71,97358490.36,False,0.0,False,0.0,False,0.0,False,0.0,False,0.0,True,False,1.06,63.22,False,False,False,False,False,False,False,0.0,999.0,999.0,751
XFIX11,XFIX11,ETF,XFIX11,5.0,C,0.5,C,1.0,Fraco,12.86,13.38,13.55,13.41,291124.67,False,0.0,False,0.0,False,0.0,False,0.0,False,0.0,False,False,1.12,13.54,False,False,False,False,False,False,False,0.0,8.148651,999.0,752
BCDI11,BCDI11,ETF,BCDI11,5.0,C,0.5,C,0.0,Fraco,90.32,,,,1097568.64,False,0.0,False,0.0,False,0.0,False,0.0,False,0.0,False,False,1.01,100.0,False,False,False,False,False,False,False,0.0,999.0,999.0,753
CMCS34,CMCS34,BDR,CMCSA (BDR: CMCS34),5.0,C,0.5,C,1.0,Fraco,26.49,23.98,26.57,26.32,299295497.41,False,0.0,False,0.0,False,0.0,False,0.0,False,0.0,True,False,0.52,27.04,False,False,False,False,False,False,False,11.4879996,8.467949,1.0438149,754
ITSA3,ITAUSA S.A.,BR_STOCK,ITSA3,5.0,C,0.5,C,5.0,Forte,12.62,13.37,13.4,12.83,1943479.98,False,0.0,False,0.0,False,0.0,False,0.0,True,1.0,False,False,0.96,14.15,False,False,False,False,False,False,False,18.924999,7.796296,1.5953013,755
PSKY34,PSKY34,BDR,PSKY (BDR: PSKY34),5.0,C,0.5,C,1.0,Fraco,10.31,9.41,10.21,11.19,73683297.52,False,0.0,False,0.0,False,0.0,False,0.0,False,0.0,True,False,0.65,10.63,False,False,False,False,False,False,False,-0.8959999999999999,343.0,0.98,756
BPML11,BPML11,ETF,BPML11,5.0,C,0.5,C,1.0,Fraco,82.66,84.11,86.23,83.31,92827.18,False,0.0,False,0.0,False,0.0,False,0.0,False,0.0,True,False,0.2,85.92,False,False,False,False,False,False,False,0.0,8.043732,999.0,757
CTSH34,CTSH34,BDR,CTSH (BDR: CTSH34),5.0,C,2.0,C,4.0,Forte,60.95,48.55,57.23,62.47,204379310.11,False,0.0,False,0.0,False,0.0,False,0.0,False,0.0,True,False,0.39,61.51,False,False,False,False,False,True,False,14.924000000000001,13.072962,1.9039879,758
VPPR11,VPPR11,ETF,VPPR11,5.0,C,0.5,C,0.0,Fraco,19.91,19.98,20.76,19.44,62597.04,False,0.0,False,0.0,False,0.0,False,0.0,False,0.0,True,False,0.56,20.3,False,False,False,False,False,False,False,0.0,999.0,999.0,759
RCRB11,RCRB11,ETF,RCRB11,5.0,C,0.5,C,1.0,Fraco,127.7,135.53,136.8,133.98,587547.69,False,0.0,False,0.0,False,0.0,False,0.0,False,0.0,False,False,0.7,138.9,False,False,False,False,False,False,False,9.1800004,17.602196,0.61888987,760
EGAF11,EGAF11,ETF,EGAF11,5.0,C,0.5,C,0.0,Fraco,82.3,85.11,87.84,86.49,359897.91,False,0.0,False,0.0,False,0.0,False,0.0,False,0.0,True,False,0.68,86.42,False,False,False,False,False,False,False,0.0,999.0,999.0,761
E1RI34,E1RI34,BDR,ERIC (BDR: E1RI34),5.0,C,0.5,C,3.0,OK,10.12,10.57,11.21,10.78,42300253.56,False,0.0,False,0.0,False,0.0,False,0.0,False,0.0,True,False,0.49,10.36,False,False,False,False,False,False,False,26.077,12.961538,0.32834268,762
OBTC3,ORANJEBTC S.A. - EDUCAÇÃO E INVESTIMENTO,BR_STOCK,OBTC3,5.0,C,0.5,C,1.0,Fraco,7.05,6.2,6.85,7.23,4242690.11,False,0.0,False,0.0,False,0.0,False,0.0,False,0.0,True,True,1.9,6.97,False,False,False,False,False,False,False,0.0,999.0,1.6607774,763
B1RF34,B1RF34,BDR,BR (BDR: B1RF34),5.0,C,2.0,C,4.0,Forte,177.42,152.09,162.97,177.79,102424210.1,False,0.0,False,0.0,False,0.0,False,0.0,False,0.0,True,False,0.4,177.51,False,False,False,False,False,True,False,40.916002,18.606882,7.324221,764
C1PB34,C1PB34,BDR,CPB (BDR: C1PB34),5.0,C,2.0,C,3.0,OK,23.74,22.3,22.52,23.83,198727276.94,False,0.0,False,0.0,False,0.0,False,0.0,False,0.0,True,False,1.6,24.26,False,False,False,False,False,True,False,15.389,11.651961,1.7585263,765
BCRI11,BCRI11,ETF,BCRI11,5.0,C,0.5,C,0.0,Fraco,57.94,58.95,60.71,60.53,217159.11,False,0.0,False,0.0,False,0.0,False,0.0,False,0.0,True,False,0.75,60.45,False,False,False,False,False,False,False,0.0,999.0,999.0,766
RARA11,RARA11,ETF,RARA11,5.0,C,0.5,C,0.0,Fraco,17.48,,,,124859.64,False,0.0,False,0.0,False,0.0,False,0.0,False,0.0,False,False,0.3,18.57,False,False,False,False,False,False,False,0.0,34.07212,999.0,767
TVRI11,TVRI11,ETF,TVRI11,5.0,C,0.5,C,1.0,Fraco,88.39,90.49,92.68,91.67,650638.79,False,0.0,False,0.0,False,0.0,False,0.0,False,0.0,True,False,0.62,92.2,False,False,False,False,False,False,False,10.863,5.972297,0.8590895,768
BTAL11,BTAL11,ETF,BTAL11,5.0,C,0.5,C,1.0,Fraco,81.8,84.92,85.02,82.06,661025.82,False,0.0,False,0.0,False,0.0,False,0.0,False,0.0,False,False,1.15,87.65,False,False,False,False,False,False,False,11.159000500000001,6.501191,0.71865696,769
PEPB34,PEPB34,BDR,PEP (BDR: PEPB34),5.0,C,0.5,C,4.0,Forte,142.39,140.08,148.79,147.07,530437633.28,False,0.0,False,0.0,False,0.0,False,0.0,False,0.0,True,False,0.61,145.43,False,False,False,False,False,False,False,51.507999999999996,18.621231,8.78284,770
RECV3,PETRORECÔNCAVO S.A.,BR_STOCK,RECV3,5.0,C,0.5,C,3.0,OK,10.61,9.93,11.04,10.67,23273034.25,False,0.0,False,0.0,False,0.0,False,0.0,False,0.0,True,False,1.1,10.69,False,False,False,False,False,False,False,11.251999999999999,6.2294116,0.70099956,771
FGAA11,FGAA11,ETF,FGAA11,5.0,C,0.5,C,0.0,Fraco,7.85,8.1,8.42,8.3,692377.84,False,0.0,False,0.0,False,0.0,False,0.0,False,0.0,True,False,0.83,8.13,False,False,False,False,False,False,False,0.0,999.0,999.0,772
CPTI11,CPTI11,ETF,CPTI11,5.0,C,0.5,C,0.0,Fraco,81.22,84.34,84.46,82.49,6181573.07,False,0.0,False,0.0,False,0.0,False,0.0,False,0.0,False,False,2.64,85.68,False,False,False,False,False,False,False,0.0,999.0,999.0,773
B2AH34,B2AH34,BDR,BAH (BDR: B2AH34),5.0,C,0.5,C,2.0,Fraco,76.57,68.76,75.96,78.16,60125443.71,False,0.0,False,0.0,False,0.0,False,0.0,False,0.0,True,False,0.43,80.4,False,False,False,False,False,False,False,68.637,11.987441,7.641349,774
DEFI11,DEFI11,ETF,DEFI11,5.0,C,0.5,C,0.0,Fraco,13.49,12.05,13.14,15.16,939106.33,False,0.0,False,0.0,False,0.0,False,0.0,False,0.0,True,True,14.27,12.68,False,False,False,False,False,False,False,0.0,999.0,999.0,775
RBVA11,RBVA11,ETF,RBVA11,5.0,C,0.5,C,1.0,Fraco,8.65,8.91,9.28,9.27,912946.91,False,0.0,False,0.0,False,0.0,False,0.0,False,0.0,True,False,0.67,9.03,False,False,False,False,False,False,False,15.454,999.0,0.79082096,776
RIFF11,RIFF11,ETF,RIFF11,5.0,C,0.5,C,0.0,Fraco,7.21,7.44,7.54,7.41,166284.23,False,0.0,False,0.0,False,0.0,False,0.0,False,0.0,False,False,0.73,7.75,False,False,False,False,False,False,False,0.0,999.0,999.0,777
KNHF11,KNHF11,ETF,KNHF11,5.0,C,0.5,C,1.0,Fraco,89.05,93.53,94.22,92.31,4902915.07,False,0.0,False,0.0,False,0.0,False,0.0,False,0.0,False,False,1.11,96.2,False,False,False,False,False,False,False,0.0,6.9835424,999.0,778
A1LB34,A1LB34,BDR,ALB (BDR: A1LB34),5.0,C,0.5,C,2.0,Fraco,134.52,132.81,162.28,154.24,139300362.13,False,0.0,False,0.0,False,0.0,False,0.0,False,0.0,True,False,0.47,137.32,False,False,False,False,False,False,False,2.648,496.98145,1.9692545,779
BITB39,ISHARES U.S. HOME CONSTRUCTION ETF,BDR,BITB (BDR: BITB39),5.0,C,0.5,C,0.0,Fraco,39.43,34.59,38.34,41.27,100239104.5,False,0.0,False,0.0,False,0.0,False,0.0,False,0.0,True,True,2.16,37.84,False,False,False,False,False,False,False,0.0,999.0,999.0,780
N1GG34,N1GG34,BDR,NGG (BDR: N1GG34),5.0,C,0.5,C,3.0,OK,80.66,81.66,83.64,81.35,45719866.48,False,0.0,False,0.0,False,0.0,False,0.0,False,0.0,True,False,0.7,83.0,False,False,False,False,False,False,False,8.405999999999999,18.164415,9.109616,781
P1KX34,P1KX34,BDR,PKX (BDR: P1KX34),5.0,C,0.5,C,3.0,OK,57.3,54.8,62.6,60.35,6169433.62,False,0.0,False,0.0,False,0.0,False,0.0,False,0.0,True,False,0.38,59.46,False,False,False,False,False,False,False,2.2130001,28.67,1.7764592,782
WIZC3,WIZ CO PARTICIPAÇÕES E CORRETAGEM DE SEGUROS S.A.,BR_STOCK,WIZC3,4.62,C,0.5,C,3.0,OK,7.53,7.96,8.48,8.37,1417146.04,False,0.0,False,0.0,False,0.0,False,0.0,True,0.85,False,False,0.47,8.49,False,False,False,False,False,False,False,28.619,6.064516,1.7492441,783
FIND11,FIND11,ETF,FIND11,4.62,C,0.5,C,1.0,Fraco,161.63,174.81,182.31,178.14,1002267.66,False,0.0,False,0.0,False,0.0,False,0.0,True,0.85,False,False,0.19,185.65,False,False,False,False,False,False,False,0.0,9.070711,999.0,784
COPN11,COPN11,ETF,COPN11,4.62,C,0.5,C,0.0,Fraco,36.67,38.75,40.66,40.09,374840.72,False,0.0,False,0.0,False,0.0,False,0.0,True,0.85,False,False,1.25,42.5,False,False,False,False,False,False,False,0.0,999.0,999.0,785
ALUP11,ALUPAR INVESTIMENTO S/A,BR_STOCK,ALUP11,4.62,C,0.5,C,4.0,Forte,31.14,32.23,33.38,33.08,25674929.5,False,0.0,False,0.0,False,0.0,False,0.0,True,0.85,False,False,0.62,33.46,False,False,False,False,False,False,False,15.841,7.4598613,1.1197438,786
CURY3,CURY CONSTRUTORA E INCORPORADORA S.A.,BR_STOCK,CURY3,4.62,C,0.5,C,5.0,Forte,30.03,31.71,32.65,32.47,98297201.25,False,0.0,False,0.0,False,0.0,False,0.0,True,0.85,False,False,0.78,32.67,False,False,False,False,False,False,False,73.690003,8.227397,6.695652,787
AUVP11,AUVP11,ETF,AUVP11,4.62,C,0.5,C,1.0,Fraco,116.0,119.46,124.34,121.23,1089936.0,False,0.0,False,0.0,False,0.0,False,0.0,True,0.85,False,False,0.69,126.54,False,False,False,False,False,False,False,0.0,8.088585,999.0,788
ITSA4,ITAUSA S.A.,BR_STOCK,ITSA4,4.62,C,0.5,C,0.0,Fraco,12.17,13.28,13.37,12.79,214732349.35,False,0.0,False,0.0,False,0.0,False,0.0,True,0.85,False,False,0.69,14.15,False,False,False,False,False,False,False,0.0,0.0,0.0,789
SKHY34,SKHY34,BDR,SKHY (BDR: SKHY34),4.5,C,0.5,C,5.0,Forte,163.12,154.71,,,3261927833.08,False,0.0,False,0.0,False,0.0,False,0.0,False,0.0,False,False,0.8,178.43,False,False,False,False,False,False,False,92.67999999999999,10.141791,6.216763,790
K2RC34,K2RC34,BDR,KRC (BDR: K2RC34),4.5,C,0.5,C,1.0,Fraco,36.79,38.07,33.74,34.96,23020607.27,False,0.0,False,0.0,False,0.0,False,0.0,False,0.0,False,False,0.57,40.12,False,False,False,False,False,False,False,3.431,25.695805,0.8177549,791
C1MG34,C1MG34,BDR,CMG (BDR: C1MG34),4.5,C,0.5,C,2.0,Fraco,35.4,33.58,34.39,34.49,435789156.6,False,0.0,False,0.0,False,0.0,False,0.0,False,0.0,False,False,0.74,39.09,False,False,False,False,False,False,False,49.560001,32.675926,20.340057,792
E1DU34,E1DU34,BDR,EDU (BDR: E1DU34),4.5,C,0.5,C,4.0,Forte,54.9,50.43,52.95,53.23,18325620.51,False,0.0,False,0.0,False,0.0,False,0.0,False,0.0,False,False,0.5,60.49,False,False,False,False,False,False,False,12.483,18.296667,2.1485047,793
V1RS34,V1RS34,BDR,VRSK (BDR: V1RS34),4.5,C,0.5,C,1.0,Fraco,188.54,187.96,187.51,195.27,120973670.05,False,0.0,False,0.0,False,0.0,False,0.0,False,0.0,False,False,0.45,226.08,False,False,False,False,False,False,False,0.0,28.82949,-21.056883,794
WFCO34,WFCO34,BDR,WFC (BDR: WFCO34),4.5,C,0.5,C,3.0,OK,83.85,85.6,82.61,84.04,558003491.38,False,0.0,False,0.0,False,0.0,False,0.0,False,0.0,False,False,0.6,89.66,False,False,False,False,False,False,False,12.575,12.166425,1.5735798,795
C1DW34,C1DW34,BDR,CDW (BDR: C1DW34),4.5,C,0.5,C,4.0,Forte,133.82,136.22,127.9,130.83,281777161.68,False,0.0,False,0.0,False,0.0,False,0.0,False,0.0,False,False,1.24,154.5,False,False,False,False,False,False,False,44.009998,16.069794,6.8517184,796
JBSS32,JBS N.V.,BDR,JBS (BDR: JBSS32),4.5,C,0.5,C,2.0,Fraco,13.57,12.69,13.96,13.72,56370105.26,False,0.0,False,0.0,False,0.0,False,0.0,False,0.0,False,False,0.6,14.35,False,False,False,False,False,False,False,13.378,12.672897,1.7637877,797
O2NS34,O2NS34,BDR,ON (BDR: O2NS34),4.5,C,0.5,C,3.0,OK,74.63,93.49,84.94,76.98,323355284.87,False,0.0,False,0.0,False,0.0,False,0.0,False,0.0,False,False,0.54,91.03,False,False,False,False,False,False,False,8.312,48.830067,4.0290136,798
USIM5,USINAS SID DE MINAS GERAIS S.A.-USIMINAS,BR_STOCK,USIM5,4.5,C,0.5,C,0.0,Fraco,6.06,8.16,7.81,7.3,45300923.57,False,0.0,False,0.0,False,0.0,False,0.0,False,0.0,False,False,0.84,8.8,False,False,False,False,False,False,False,0.0,0.0,0.0,799
LOGG3,LOG COMMERCIAL PROPERTIES,BR_STOCK,LOGG3,4.5,C,0.5,C,3.0,OK,22.7,25.91,24.8,23.63,6828160.23,False,0.0,False,0.0,False,0.0,False,0.0,False,0.0,False,False,0.51,26.52,False,False,False,False,False,False,False,10.479999,5.318501,0.5642096,800
A2MB34,A2MB34,BDR,AMBA (BDR: A2MB34),4.5,C,0.5,C,2.0,Fraco,72.5,73.53,67.71,70.24,43377510.93,False,0.0,False,0.0,False,0.0,False,0.0,False,0.0,False,False,0.62,91.34,False,False,False,False,False,False,False,-11.816,999.0,5.2454386,801
N1VO34,N1VO34,BDR,NVO (BDR: N1VO34),4.5,C,0.5,C,4.0,Forte,46.29,46.95,44.09,45.01,295040615.6,False,0.0,False,0.0,False,0.0,False,0.0,False,0.0,False,False,0.53,51.46,False,False,False,False,False,False,False,59.815,11.3464365,6.5869794,802
D1TE34,D1TE34,BDR,DTE (BDR: D1TE34),4.5,C,0.5,C,1.0,Fraco,138.28,146.02,143.42,140.01,79762807.18,False,0.0,False,0.0,False,0.0,False,0.0,False,0.0,False,False,0.45,150.81,False,False,False,False,False,False,False,11.03,21.852848,2.3655455,803
ULEV34,ULEV34,BDR,UL (BDR: ULEV34),4.5,C,0.5,C,2.0,Fraco,63.53,61.18,61.38,62.15,194320589.87,False,0.0,False,0.0,False,0.0,False,0.0,False,0.0,False,False,1.05,66.89,False,False,False,False,False,False,False,31.868999999999996,21.133333,7.2871113,804
TAEE11,TRANSMISSORA ALIANÇA DE ENERGIA ELÉTRICA S.A.,BR_STOCK,TAEE11,4.5,C,0.5,C,2.0,Fraco,37.45,39.16,39.9,39.77,90846211.85,False,0.0,False,0.0,False,0.0,False,0.0,True,0.8,False,False,0.84,41.15,False,False,False,False,False,False,False,20.559,39.79787,1.6192001,805
T1DG34,T1DG34,BDR,TDG (BDR: T1DG34),4.5,C,0.5,C,2.0,Fraco,1182.82,1266.52,1258.56,1276.04,401131425.69,False,0.0,False,0.0,False,0.0,False,0.0,True,0.8,False,False,0.88,1359.27,False,False,False,False,False,False,False,0.0,35.77226,-7.0320406,806
A1GN34,A1GN34,BDR,ALLE (BDR: A1GN34),4.5,C,2.0,C,3.0,OK,161.84,146.7,147.13,150.65,106797672.13,False,0.0,False,0.0,False,0.0,False,0.0,False,0.0,False,False,0.6,170.87,False,False,False,False,False,True,False,33.73,21.22441,6.4933553,807
N1XP34,N1XP34,BDR,NXPI (BDR: N1XP34),4.5,C,0.5,C,4.0,Forte,223.06,267.4,250.2,241.21,275316709.31,False,0.0,False,0.0,False,0.0,False,0.0,False,0.0,False,False,0.37,280.46,False,False,False,False,False,False,False,27.921000000000003,44.416336,4.934384,808
S1RE34,S1RE34,BDR,SRE (BDR: S1RE34),4.5,C,0.5,C,2.0,Fraco,87.44,90.35,91.22,90.58,256726120.61,False,0.0,False,0.0,False,0.0,False,0.0,True,0.8,False,False,0.72,94.25,False,False,False,False,False,False,False,6.679,25.336233,1.74834,809
FMSC34,FMSC34,BDR,FMS (BDR: FMSC34),4.5,C,0.5,C,4.0,Forte,23.45,23.9,22.52,22.56,17257394.91,False,0.0,False,0.0,False,0.0,False,0.0,False,0.0,False,False,1.07,26.42,False,False,False,False,False,False,False,8.524,12.197917,0.8581149,810
C1RR34,C1RR34,BDR,CARR (BDR: C1RR34),4.5,C,0.5,C,2.0,Fraco,60.15,67.41,63.32,60.85,194740439.25,False,0.0,False,0.0,False,0.0,False,0.0,False,0.0,False,False,0.69,69.86,False,False,False,False,False,False,False,8.966000000000001,42.960716,3.774396,811
B1TI34,B1TI34,BDR,BTI (BDR: B1TI34),4.5,C,0.5,C,3.0,OK,56.84,59.79,59.09,57.82,240271434.01,False,0.0,False,0.0,False,0.0,False,0.0,False,0.0,False,False,1.03,63.34,False,False,False,False,False,False,False,13.424,14.3934,9.756032,812
ZAVI11,ZAVI11,ETF,ZAVI11,4.5,C,0.5,C,1.0,Fraco,9.19,9.57,9.45,9.29,86468.71,False,0.0,False,0.0,False,0.0,False,0.0,False,0.0,False,False,0.99,9.97,False,False,False,False,False,False,False,0.0,4.9144382,999.0,813
COCE5,CIA ENERGETICA DO CEARA - COELCE,BR_STOCK,COCE5,4.5,C,0.5,C,2.0,Fraco,30.97,31.61,31.46,31.26,188917.0,False,0.0,False,0.0,False,0.0,False,0.0,False,0.0,False,False,1.16,36.0,False,False,False,False,False,False,False,7.79,13.067511,0.47717363,814
XPCI11,XPCI11,ETF,XPCI11,4.5,C,0.5,C,1.0,Fraco,75.34,81.99,81.08,79.7,2124361.88,False,0.0,False,0.0,False,0.0,False,0.0,False,0.0,False,False,1.29,84.06,False,False,False,False,False,False,False,0.0,5.6611567,999.0,815
EQPA3,EQUATORIAL PARA DISTRIBUIDORA DE ENERGIA S.A.,BR_STOCK,EQPA3,4.5,C,0.5,C,3.0,OK,5.37,5.35,5.77,5.66,63903.0,False,0.0,False,0.0,False,0.0,False,0.0,False,0.0,False,False,0.82,5.89,False,False,False,False,False,False,False,28.201999999999998,7.5633802,2.2909555,816
XRXB34,XRXB34,BDR,XRX (BDR: XRXB34),4.5,C,0.5,C,1.0,Fraco,2.83,2.99,2.36,2.41,2794480.59,False,0.0,False,0.0,False,0.0,False,0.0,False,0.0,False,False,0.49,3.78,False,False,False,False,False,False,False,-97.113,999.0,1.1540024,817
EUCA4,EUCATEX S.A. INDUSTRIA E COMERCIO,BR_STOCK,EUCA4,4.5,C,0.5,C,4.0,Forte,19.38,22.93,22.28,20.93,815897.96,False,0.0,False,0.0,False,0.0,False,0.0,False,0.0,False,False,0.43,23.59,False,False,False,False,False,False,False,14.633,4.538461,0.6482005,818
SNID11,SNID11,ETF,SNID11,4.5,C,0.5,C,0.0,Fraco,9.9,10.55,10.54,10.38,60498.9,False,0.0,False,0.0,False,0.0,False,0.0,False,0.0,False,False,0.45,10.8,False,False,False,False,False,False,False,0.0,999.0,999.0,819
CMIG3,CIA ENERGETICA DE MINAS GERAIS - CEMIG,BR_STOCK,CMIG3,4.5,C,0.5,C,4.0,Forte,14.88,15.83,15.68,15.09,1452288.01,False,0.0,False,0.0,False,0.0,False,0.0,False,0.0,False,False,0.96,17.04,False,False,False,False,False,False,False,15.943999999999999,9.197531,1.460641,820
TSNF34,TSNF34,BDR,TSN (BDR: TSNF34),4.5,C,0.5,C,2.0,Fraco,58.46,57.88,61.18,59.75,58814441.64,False,0.0,False,0.0,False,0.0,False,0.0,False,0.0,False,False,0.36,63.03,False,False,False,False,False,False,False,3.263,36.061726,1.1367971,821
W1RB34,W1RB34,BDR,WRB (BDR: W1RB34),4.5,C,0.5,C,5.0,Forte,69.38,70.92,68.35,68.95,64212297.54,False,0.0,False,0.0,False,0.0,False,0.0,False,0.0,False,False,0.62,77.45,False,False,False,False,False,False,False,20.207000999999998,14.3630705,2.7727492,822
TJXC34,TJXC34,BDR,TJX (BDR: TJXC34),4.5,C,0.5,C,3.0,OK,140.69,156.12,155.56,154.26,1366490338.46,False,0.0,False,0.0,False,0.0,False,0.0,False,0.0,False,False,1.63,162.53,False,False,False,False,False,False,False,62.171,26.048111,14.941556,823
G2DD34,G2DD34,BDR,GDDY (BDR: G2DD34),4.5,C,0.5,C,4.0,Forte,98.21,88.61,88.74,98.0,84526203.49,False,0.0,False,0.0,False,0.0,False,0.0,False,0.0,False,False,0.45,106.0,False,False,False,False,False,False,False,442.861,14.5896,1852.6039,824
ABEV3,AMBEV S.A.,BR_STOCK,ABEV3,4.5,C,0.5,C,0.0,Fraco,14.91,15.8,15.58,14.96,542959572.44,False,0.0,False,0.0,False,0.0,False,0.0,False,0.0,False,False,1.37,16.37,False,False,False,False,False,False,False,0.0,0.0,0.0,825
KOPA11,KOPA11,ETF,KOPA11,4.5,C,0.5,C,0.0,Fraco,221.07,261.29,254.71,243.49,84890.88,False,0.0,False,0.0,False,0.0,False,0.0,False,0.0,False,False,0.62,267.77,False,False,False,False,False,False,False,0.0,999.0,999.0,826
SPXH11,SPXH11,ETF,SPXH11,4.5,C,0.5,C,0.0,Fraco,58.5,57.21,,,146484.0,False,0.0,False,0.0,False,0.0,False,0.0,False,0.0,False,False,0.15,74.94,False,False,False,False,False,False,False,0.0,999.0,999.0,827
S2TA34,S2TA34,BDR,STAG (BDR: S2TA34),4.5,C,0.5,C,3.0,OK,36.44,38.6,37.85,37.69,38774162.74,False,0.0,False,0.0,False,0.0,False,0.0,False,0.0,False,False,0.91,41.38,False,False,False,False,False,False,False,6.9759995,27.992308,1.9404894,828
KNDI11,KNDI11,ETF,KNDI11,4.5,C,0.5,C,0.0,Fraco,95.1,100.03,99.39,97.61,1427926.48,False,0.0,False,0.0,False,0.0,False,0.0,False,0.0,False,False,0.96,102.99,False,False,False,False,False,False,False,0.0,999.0,999.0,829
AVGO34,AVGO34,BDR,AVGO (BDR: AVGO34),4.5,C,0.5,C,4.0,Forte,362.84,388.47,372.0,368.25,5307353876.31,False,0.0,False,0.0,False,0.0,False,0.0,False,0.0,False,False,0.76,432.73,False,False,False,False,False,False,False,37.280998,60.4701,19.752035,830
AZEV3,AZEVEDO E TRAVASSOS S.A.,BR_STOCK,AZEV3,4.5,C,0.5,C,2.0,Fraco,6.31,2.88,4.15,4.51,10044257.91,False,0.0,False,0.0,False,0.0,False,0.0,False,0.0,False,False,1.19,6.1,False,False,False,False,False,False,True,-111.209,999.0,1.6582648,831
PSSA3,PORTO SEGURO S.A.,BR_STOCK,PSSA3,4.5,C,0.5,C,5.0,Forte,46.73,52.19,49.98,48.86,62178937.39,False,0.0,False,0.0,False,0.0,False,0.0,False,0.0,False,False,0.6,55.5,False,False,False,False,False,False,False,24.169001,8.221831,1.8997641,832
V2RN34,V2RN34,BDR,VRNS (BDR: V2RN34),4.5,C,0.5,C,1.0,Fraco,40.89,41.79,31.61,32.05,24284407.08,False,0.0,False,0.0,False,0.0,False,0.0,False,0.0,False,False,0.52,47.27,False,False,False,False,False,False,False,-35.974996999999995,999.0,10.555555,833
AWII34,AWII34,BDR,AWI (BDR: AWII34),4.5,C,0.5,C,4.0,Forte,178.7,165.26,170.01,174.41,44255054.24,False,0.0,False,0.0,False,0.0,False,0.0,False,0.0,False,False,0.77,188.32,False,False,False,False,False,False,False,36.618,24.4,8.525751,834
M1CH34,M1CH34,BDR,MCHP (BDR: M1CH34),4.5,C,0.5,C,2.0,Fraco,75.86,84.61,80.89,76.01,279526502.73,False,0.0,False,0.0,False,0.0,False,0.0,False,0.0,False,False,0.35,85.97,False,False,False,False,False,False,False,7.19,113.14925,6.381313,835
BABA34,BABA34,BDR,BABA (BDR: BABA34),4.25,C,0.5,C,3.0,OK,129.57,114.23,130.89,137.0,3346569041.91,False,0.0,False,0.0,False,0.0,False,0.0,True,0.5,True,False,2.88,132.57,False,False,False,False,False,False,False,9.2159994,20.02914,1.9273305,836
BOTZ39,GLOBAL X ROBOTICS & ARTIFICIAL INTELLIGENCE ETF,BDR,BOTZ (BDR: BOTZ39),4.25,C,0.5,C,0.0,Fraco,35.81,36.46,37.14,36.87,22956769.8,False,0.0,False,0.0,False,0.0,False,0.0,True,0.7,False,False,1.09,38.15,False,False,False,False,False,False,False,0.0,34.697342,999.0,837
M2PM34,M2PM34,BDR,MP (BDR: M2PM34),4.12,C,0.5,C,2.0,Fraco,54.79,51.63,57.63,57.72,259777968.15,False,0.0,False,0.0,False,0.0,False,0.0,True,0.65,False,False,0.63,61.11,False,False,False,False,False,False,False,-3.585,999.0,5.0054584,838
S2TW34,S2TW34,BDR,STWD (BDR: S2TW34),4.0,C,0.5,C,1.0,Fraco,16.44,16.43,16.81,16.82,32762570.14,False,0.0,False,0.0,False,0.0,False,0.0,False,0.0,True,False,0.38,16.87,False,False,False,False,False,False,False,3.689,27.822037,0.91300964,839
NOCG34,NOCG34,BDR,NOC (BDR: NOCG34),4.0,C,0.5,C,4.0,Forte,564.93,542.03,612.48,601.53,329958660.82,False,0.0,False,0.0,False,0.0,False,0.0,False,0.0,True,False,1.0,594.51,False,False,False,False,False,False,False,26.958,17.91897,4.479458,840
SANB11,BCO SANTANDER (BRASIL) S.A.,BR_STOCK,SANB11,4.0,C,0.5,C,3.0,OK,28.84,27.18,29.23,29.75,94560592.5,False,0.0,False,0.0,False,0.0,False,0.0,False,0.0,True,False,0.53,30.33,False,False,False,False,False,False,False,11.151,14.076246,0.8471585,841
C2OI34,C2OI34,BDR,COIN (BDR: C2OI34),4.0,C,0.5,C,1.0,Fraco,172.18,157.85,177.75,199.24,2646330313.43,False,0.0,False,0.0,False,0.0,False,0.0,False,0.0,True,True,1.99,169.69,False,False,False,False,False,False,False,-7.8469999999999995,999.0,3.4758496,842
NFLX34,NFLX34,BDR,NFLX (BDR: NFLX34),4.0,C,0.5,C,4.0,Forte,80.3,74.57,84.57,88.57,1609745012.28,False,0.0,False,0.0,False,0.0,False,0.0,False,0.0,True,False,0.68,81.16,False,False,False,False,False,False,False,49.541000000000004,25.201258,11.067532,843
BRCR11,BRCR11,ETF,BRCR11,4.0,C,0.5,C,2.0,Fraco,38.97,40.36,43.56,42.79,3700513.38,False,0.0,False,0.0,False,0.0,False,0.0,False,0.0,True,False,3.57,40.06,False,False,False,False,False,False,False,4.665,9.7182045,0.45541662,844
COIN11,COIN11,ETF,COIN11,4.0,C,0.5,C,0.0,Fraco,41.64,38.35,42.12,45.77,4215550.26,False,0.0,False,0.0,False,0.0,False,0.0,False,0.0,True,True,2.02,40.5,False,False,False,False,False,False,False,0.0,999.0,999.0,845
INTU34,INTU34,BDR,INTU (BDR: INTU34),4.0,C,0.5,C,4.0,Forte,362.78,297.24,372.41,441.11,695806958.74,False,0.0,False,0.0,False,0.0,False,0.0,False,0.0,True,False,0.58,365.38,False,False,False,False,False,False,False,22.496,22.092186,4.8111415,846
C1NS34,C1NS34,BDR,CE (BDR: C1NS34),4.0,C,0.5,C,1.0,Fraco,46.79,46.86,53.4,50.32,36215367.13,False,0.0,False,0.0,False,0.0,False,0.0,False,0.0,True,False,0.5,49.63,False,False,False,False,False,False,False,-22.25,999.0,1.2378519,847
D2OX34,D2OX34,BDR,DOX (BDR: D2OX34),4.0,C,0.5,C,3.0,OK,60.87,54.19,62.51,66.3,36776801.17,False,0.0,False,0.0,False,0.0,False,0.0,False,0.0,True,False,0.51,60.89,False,False,False,False,False,False,False,13.314,14.465558,1.9540526,848
VALE3,VALE S.A.,BR_STOCK,VALE3,4.0,C,0.5,C,0.0,Fraco,73.96,74.05,78.67,75.33,1422842462.39,False,0.0,False,0.0,False,0.0,False,0.0,False,0.0,True,False,0.96,74.97,False,False,False,False,False,False,False,0.0,0.0,0.0,849
RBRR11,RBRR11,ETF,RBRR11,4.0,C,0.5,C,0.0,Fraco,73.92,75.83,79.11,78.78,3161706.16,False,0.0,False,0.0,False,0.0,False,0.0,False,0.0,True,False,0.92,75.83,False,False,False,False,False,False,False,0.0,999.0,999.0,850
SANB4,BCO SANTANDER (BRASIL) S.A.,BR_STOCK,SANB4,4.0,C,0.5,C,3.0,OK,14.4,13.85,14.88,15.17,2069279.95,False,0.0,False,0.0,False,0.0,False,0.0,False,0.0,True,False,0.26,15.11,False,False,False,False,False,False,False,11.151,8.129944,0.42328513,851
AGRO3,BRASILAGRO - CIA BRAS DE PROP AGRICOLAS,BR_STOCK,AGRO3,4.0,C,0.5,C,1.0,Fraco,18.89,18.6,19.72,19.75,2621931.92,False,0.0,False,0.0,False,0.0,False,0.0,False,0.0,True,False,1.21,19.49,False,False,False,False,False,False,False,-0.70200004,999.0,0.92049396,852
BITI11,BITI11,ETF,BITI11,4.0,C,0.5,C,0.0,Fraco,33.76,29.25,35.72,61.13,408732.3,False,0.0,False,0.0,False,0.0,False,0.0,False,0.0,True,False,1.47,31.1,False,False,False,False,False,False,False,0.0,999.0,999.0,853
K1TC34,K1TC34,BDR,KT (BDR: K1TC34),4.0,C,0.5,C,2.0,Fraco,18.66,18.21,20.22,19.8,12760654.74,False,0.0,False,0.0,False,0.0,False,0.0,False,0.0,True,False,0.4,19.37,False,False,False,False,False,False,False,7.152,8.330357,0.7307449,854
C1CJ34,C1CJ34,BDR,CCJ (BDR: C1CJ34),4.0,C,0.5,C,1.0,Fraco,95.67,96.0,108.85,104.81,147694866.48,False,0.0,False,0.0,False,0.0,False,0.0,False,0.0,True,False,0.65,100.65,False,False,False,False,False,False,False,5.1149998000000005,161.9746,8.11004,855
ETER3,ETERNIT S.A.,BR_STOCK,ETER3,4.0,C,0.5,C,2.0,Fraco,3.74,3.7,3.8,3.83,135388.0,False,0.0,False,0.0,False,0.0,False,0.0,False,0.0,True,False,0.3,3.93,False,False,False,False,False,False,False,3.061,7.6326528,0.27417344,856
A2LC34,A2LC34,BDR,ALC (BDR: A2LC34),4.0,C,0.5,C,2.0,Fraco,73.0,68.87,73.18,74.41,86197670.0,False,0.0,False,0.0,False,0.0,False,0.0,False,0.0,True,False,0.59,74.92,False,False,False,False,False,False,False,2.9409999,55.671757,1.6325297,857
CRPT11,CRPT11,ETF,CRPT11,4.0,C,0.5,C,0.0,Fraco,11.89,11.31,12.86,14.29,85001.61,False,0.0,False,0.0,False,0.0,False,0.0,False,0.0,True,True,5.73,11.59,False,False,False,False,False,False,False,0.0,999.0,999.0,858
CEBR5,CIA ENERGETICA DE BRASILIA,BR_STOCK,CEBR5,4.0,C,0.5,C,3.0,OK,23.56,23.7,25.72,24.97,70680.0,False,0.0,False,0.0,False,0.0,False,0.0,False,0.0,True,False,0.55,24.59,False,False,False,False,False,False,False,16.638,10.565022,1.85658,859
AURO11,AURO11,ETF,AURO11,4.0,C,0.5,C,0.0,Fraco,98.9,92.38,100.42,100.67,430412.81,False,0.0,False,0.0,False,0.0,False,0.0,False,0.0,True,True,1.54,98.63,False,False,False,False,False,False,False,0.0,999.0,999.0,860
SPXI11,SPXI11,ETF,SPXI11,4.0,C,0.5,C,0.0,Fraco,54.55,53.03,62.32,147.87,969517.14,False,0.0,False,0.0,False,0.0,False,0.0,False,0.0,True,False,0.32,56.08,False,False,False,False,False,False,False,0.0,26.791666,999.0,861
WEB311,WEB311,ETF,WEB311,4.0,C,0.5,C,0.0,Fraco,14.07,12.39,14.78,17.54,197781.99,False,0.0,False,0.0,False,0.0,False,0.0,False,0.0,True,True,4.95,12.56,False,False,False,False,False,False,False,0.0,999.0,999.0,862
XINA11,XINA11,ETF,XINA11,4.0,C,0.5,C,1.0,Fraco,7.47,7.15,7.54,7.82,258051.14,False,0.0,False,0.0,False,0.0,False,0.0,False,0.0,True,False,0.29,7.56,False,False,False,False,False,False,False,0.0,12.533803,999.0,863
IRIM11,IRIM11,ETF,IRIM11,3.5,C,0.5,C,1.0,Fraco,59.58,63.9,62.39,62.82,2663643.14,False,0.0,False,0.0,False,0.0,False,0.0,False,0.0,False,False,0.91,65.19,False,False,False,False,False,False,False,0.0,6.8327613,999.0,864
C1IC34,C1IC34,BDR,CI (BDR: C1IC34),3.5,C,0.5,C,5.0,Forte,274.86,285.06,279.53,276.76,198095989.2,False,0.0,False,0.0,False,0.0,False,0.0,False,0.0,False,False,0.47,304.69,False,False,False,False,False,False,False,16.758,11.342704,1.6976545,865
A1AP34,A1AP34,BDR,AAP (BDR: A1AP34),3.5,C,0.5,C,1.0,Fraco,41.81,56.78,54.42,52.25,633405953.82,False,0.0,False,0.0,False,0.0,False,0.0,False,0.0,False,False,10.33,60.28,False,False,False,False,False,False,False,3.0840001999999997,37.875,1.1501234,866
OIAG11,OIAG11,ETF,OIAG11,3.5,C,0.5,C,0.0,Fraco,7.73,8.03,8.33,8.14,107702.09,False,0.0,False,0.0,False,0.0,False,0.0,False,0.0,False,False,0.99,8.15,False,False,False,False,False,False,False,0.0,999.0,999.0,867
DOHL4,DOHLER S.A.,BR_STOCK,DOHL4,3.5,C,0.5,C,1.0,Fraco,3.62,3.75,3.73,3.72,77468.0,False,0.0,False,0.0,False,0.0,False,0.0,False,0.0,False,False,5.43,3.88,False,False,False,False,False,False,False,0.042,999.0,0.39358917,868
DIVS11,DIVS11,ETF,DIVS11,3.5,C,0.5,C,0.0,Fraco,90.53,95.72,97.74,96.16,2842913.55,False,0.0,False,0.0,False,0.0,False,0.0,False,0.0,False,False,1.78,95.54,False,False,False,False,False,False,False,0.0,999.0,999.0,869
VRTA11,VRTA11,ETF,VRTA11,3.5,C,0.5,C,1.0,Fraco,68.49,71.59,73.7,73.29,1701907.96,False,0.0,False,0.0,False,0.0,False,0.0,False,0.0,False,False,1.01,73.96,False,False,False,False,False,False,False,8.1949994,10.167805,0.75100636,870
HFOF11,HFOF11,ETF,HFOF11,3.5,C,0.5,C,1.0,Fraco,6.09,6.31,6.46,6.32,2217691.83,False,0.0,False,0.0,False,0.0,False,0.0,False,0.0,False,False,1.19,6.42,False,False,False,False,False,False,False,0.0,3.4078212,999.0,871
RBIF11,RBIF11,ETF,RBIF11,3.5,C,0.5,C,0.0,Fraco,68.38,72.95,73.55,71.7,58396.52,False,0.0,False,0.0,False,0.0,False,0.0,False,0.0,False,False,0.32,75.99,False,False,False,False,False,False,False,0.0,999.0,999.0,872
YUMR34,YUMR34,BDR,YUM (BDR: YUMR34),3.5,C,0.5,C,3.0,OK,152.08,153.19,155.31,153.7,492046481.52,False,0.0,False,0.0,False,0.0,False,0.0,False,0.0,False,False,1.39,166.16,False,False,False,False,False,False,False,0.0,19.18262,-5.7719417,873
HABT11,HABT11,ETF,HABT11,3.5,C,0.5,C,0.0,Fraco,64.45,70.34,71.7,70.21,859505.16,False,0.0,False,0.0,False,0.0,False,0.0,False,0.0,False,False,0.88,71.85,False,False,False,False,False,False,False,0.0,999.0,999.0,874
C1DN34,C1DN34,BDR,CDNS (BDR: C1DN34),3.5,C,0.5,C,4.0,Forte,313.97,355.18,329.88,327.16,335594685.05,False,0.0,False,0.0,False,0.0,False,0.0,False,0.0,False,False,0.53,355.59,False,False,False,False,False,False,False,23.229,62.220238,12.592964,875
VRTM11,VRTM11,ETF,VRTM11,3.5,C,0.5,C,1.0,Fraco,6.36,6.81,6.91,6.76,254088.37,False,0.0,False,0.0,False,0.0,False,0.0,False,0.0,False,False,1.45,6.97,False,False,False,False,False,False,False,0.0,5.333333,999.0,876
QLBR11,QLBR11,ETF,QLBR11,3.5,C,0.5,C,1.0,Fraco,106.54,112.56,,,1168211.11,False,0.0,False,0.0,False,0.0,False,0.0,False,0.0,False,False,1.12,115.76,False,False,False,False,False,False,False,0.0,5.099629,999.0,877
L2RN34,L2RN34,BDR,LRN (BDR: L2RN34),3.5,C,0.5,C,4.0,Forte,83.8,86.34,87.47,82.05,20856060.96,False,0.0,False,0.0,False,0.0,False,0.0,False,0.0,False,False,0.25,98.34,False,False,False,False,False,False,False,21.735,11.773109,2.1153023,878
P1UK34,P1UK34,BDR,PUK (BDR: P1UK34),3.5,C,0.5,C,5.0,Forte,27.6,27.95,29.39,29.39,19607334.28,False,0.0,False,0.0,False,0.0,False,0.0,False,0.0,False,False,0.58,31.0,False,False,False,False,False,False,False,20.577998,8.983713,6.9418573,879
H1II34,H1II34,BDR,HII (BDR: H1II34),3.5,C,0.5,C,4.0,Forte,301.61,296.67,353.57,347.38,74856280.65,False,0.0,False,0.0,False,0.0,False,0.0,False,0.0,False,False,0.6,334.53,False,False,False,False,False,False,False,12.968001000000001,17.940178,2.2357352,880
PASS3,COMPASS GAS E ENERGIA S.A.,BR_STOCK,PASS3,3.5,C,0.5,C,2.0,Fraco,21.3,24.21,,,22454459.2,False,0.0,False,0.0,False,0.0,False,0.0,False,0.0,False,False,0.59,25.68,False,False,False,False,False,False,False,18.847998999999998,13.254659,2.6611798,881
RZTR11,RZTR11,ETF,RZTR11,3.5,C,0.5,C,1.0,Fraco,81.63,86.57,89.2,88.88,4542056.31,False,0.0,False,0.0,False,0.0,False,0.0,False,0.0,False,False,1.46,88.0,False,False,False,False,False,False,False,0.0,8.828294,999.0,882
HSML11,HSML11,ETF,HSML11,3.5,C,0.5,C,1.0,Fraco,82.11,85.3,88.65,87.37,6076468.49,False,0.0,False,0.0,False,0.0,False,0.0,False,0.0,False,False,2.25,87.52,False,False,False,False,False,False,False,0.0,18.074724,999.0,883
ASAI3,SENDAS DISTRIBUIDORA S.A.,BR_STOCK,ASAI3,3.5,C,0.5,C,0.0,Fraco,7.98,8.32,8.62,8.54,47398806.11,False,0.0,False,0.0,False,0.0,False,0.0,True,0.8,False,False,0.55,8.91,False,False,False,False,False,False,False,0.0,0.0,0.0,884
LEVE3,MAHLE-METAL LEVE S.A.,BR_STOCK,LEVE3,3.5,C,0.5,C,3.0,OK,31.95,32.31,32.94,32.37,6904395.16,False,0.0,False,0.0,False,0.0,False,0.0,False,0.0,False,False,0.64,34.48,False,False,False,False,False,False,False,67.706,6.2023344,4.033911,885
KDIF11,KDIF11,ETF,KDIF11,3.5,C,0.5,C,0.0,Fraco,110.23,117.69,120.69,119.45,6365672.46,False,0.0,False,0.0,False,0.0,False,0.0,False,0.0,False,False,1.3,120.22,False,False,False,False,False,False,False,0.0,999.0,999.0,886
BMOB3,BEMOBI MOBILE TECH S.A.,BR_STOCK,BMOB3,3.5,C,0.5,C,4.0,Forte,22.22,23.2,24.13,23.79,8383605.74,False,0.0,False,0.0,False,0.0,False,0.0,False,0.0,False,False,0.86,24.06,False,False,False,False,False,False,False,16.359,11.756614,1.9663715,887
SANB3,BCO SANTANDER (BRASIL) S.A.,BR_STOCK,SANB3,3.5,C,0.5,C,3.0,OK,14.38,13.28,14.37,14.55,2398584.02,False,0.0,False,0.0,False,0.0,False,0.0,False,0.0,False,False,0.35,15.24,False,False,False,False,False,False,False,11.151,8.112994,0.42240265,888
BRAP3,BRADESPAR S.A.,BR_STOCK,BRAP3,3.5,C,0.5,C,3.0,OK,18.05,18.68,19.65,18.92,404319.98,False,0.0,False,0.0,False,0.0,False,0.0,False,0.0,False,False,0.65,19.21,False,False,False,False,False,False,False,9.4849996,12.85,0.924698,889
FTCA11,FTCA11,ETF,FTCA11,3.5,C,0.5,C,0.0,Fraco,6.59,7.87,,,52311.42,False,0.0,False,0.0,False,0.0,False,0.0,False,0.0,False,False,1.07,8.2,False,False,False,False,False,False,False,0.0,999.0,999.0,890
AXPB34,AXPB34,BDR,AXP (BDR: AXPB34),3.5,C,0.5,C,3.0,OK,332.08,341.58,327.99,337.34,809718269.1,False,0.0,False,0.0,False,0.0,False,0.0,False,0.0,False,False,1.1,352.49,False,False,False,False,False,False,False,34.377,20.106125,6.5285025,891
H2UB34,H2UB34,BDR,HUBS (BDR: H2UB34),3.5,C,0.5,C,2.0,Fraco,238.67,208.5,230.71,269.94,168414620.17,False,0.0,False,0.0,False,0.0,False,0.0,False,0.0,False,False,0.25,257.97,False,False,False,False,False,False,False,7.892,85.63215,7.186704,892
HGRU11,HGRU11,ETF,HGRU11,3.5,C,0.5,C,0.0,Fraco,113.07,124.88,125.46,124.05,6927911.95,False,0.0,False,0.0,False,0.0,False,0.0,False,0.0,False,False,0.91,125.96,False,False,False,False,False,False,False,0.0,11310.0,999.0,893
XPSF11,XPSF11,ETF,XPSF11,3.5,C,0.5,C,1.0,Fraco,5.81,6.11,6.33,6.22,284341.4,False,0.0,False,0.0,False,0.0,False,0.0,False,0.0,False,False,0.7,6.17,False,False,False,False,False,False,False,0.0,3.6086955,999.0,894
R2AR34,R2AR34,BDR,RARE (BDR: R2AR34),3.5,C,0.5,C,1.0,Fraco,25.36,28.3,24.84,26.46,76477706.43,False,0.0,False,0.0,False,0.0,False,0.0,False,0.0,False,False,1.52,28.48,False,False,False,False,False,False,False,0.0,999.0,-8.554054,895
E1XC34,E1XC34,BDR,EXC (BDR: E1XC34),3.5,C,0.5,C,2.0,Fraco,45.15,46.25,46.17,45.57,141444376.12,False,0.0,False,0.0,False,0.0,False,0.0,False,0.0,False,False,0.56,48.49,False,False,False,False,False,False,False,9.711,16.566177,1.5662148,896
PCAR3,CIA BRASILEIRA DE DISTRIBUICAO,BR_STOCK,PCAR3,3.5,C,0.5,C,0.0,Fraco,2.85,2.52,2.61,2.92,12481574.58,False,0.0,False,0.0,False,0.0,False,0.0,False,0.0,False,False,1.1,3.08,False,False,False,False,False,False,False,-129.36399999999998,999.0,3.433735,897
C2OU34,C2OU34,BDR,COUR (BDR: C2OU34),3.5,C,0.5,C,2.0,Fraco,5.87,5.63,5.83,6.33,11907014.98,False,0.0,False,0.0,False,0.0,False,0.0,False,0.0,False,False,0.51,6.4,False,False,False,False,False,False,False,-15.195,999.0,1.3784993,898
TPRY34,TPRY34,BDR,TPR (BDR: TPRY34),3.5,C,0.5,C,3.0,OK,129.21,145.44,143.34,136.66,309032089.9,False,0.0,False,0.0,False,0.0,False,0.0,False,0.0,False,False,0.6,164.8,False,False,False,False,False,False,False,197.135,17.85557,38.485027,899
N1IS34,N1IS34,BDR,NI (BDR: N1IS34),3.5,C,0.5,C,1.0,Fraco,41.71,45.36,45.68,44.63,190977656.23,False,0.0,False,0.0,False,0.0,False,0.0,False,0.0,False,False,0.71,46.76,False,False,False,False,False,False,False,8.5489996,22.148935,2.0667062,900
KISU11,KISU11,ETF,KISU11,3.5,C,0.5,C,1.0,Fraco,6.0,6.26,6.49,6.41,309462.0,False,0.0,False,0.0,False,0.0,False,0.0,False,0.0,False,False,0.77,6.47,False,False,False,False,False,False,False,0.0,3.909091,999.0,901
USIM3,USINAS SID DE MINAS GERAIS S.A.-USIMINAS,BR_STOCK,USIM3,3.5,C,0.5,C,2.0,Fraco,5.4,7.38,7.38,6.95,2102220.04,False,0.0,False,0.0,False,0.0,False,0.0,False,0.0,False,False,0.59,7.82,False,False,False,False,False,False,False,-8.073,999.0,0.3203227,902
DGCO34,DGCO34,BDR,DG (BDR: DGCO34),3.5,C,0.5,C,4.0,Forte,121.07,119.81,124.82,123.73,191060808.66,False,0.0,False,0.0,False,0.0,False,0.0,False,0.0,False,False,0.8,131.25,False,False,False,False,False,False,False,18.91,17.056576,3.007982,903
GGRC11,GGRC11,ETF,GGRC11,3.5,C,0.5,C,0.0,Fraco,9.03,9.62,9.65,9.51,16250288.19,False,0.0,False,0.0,False,0.0,False,0.0,False,0.0,False,False,0.93,9.96,False,False,False,False,False,False,False,0.0,999.0,999.0,904
CEBR6,CIA ENERGETICA DE BRASILIA,BR_STOCK,CEBR6,3.5,C,0.5,C,3.0,OK,26.95,27.69,28.62,27.83,51205.0,False,0.0,False,0.0,False,0.0,False,0.0,False,0.0,False,False,0.55,31.0,False,False,False,False,False,False,False,16.638,12.13964,2.1237197,905
ARGE11,ARGE11,ETF,ARGE11,3.5,C,0.5,C,1.0,Fraco,12.33,13.18,12.55,12.62,322737.75,False,0.0,False,0.0,False,0.0,False,0.0,False,0.0,False,False,2.96,13.99,False,False,False,False,False,False,False,0.0,10.4158325,999.0,906
OFSA3,OUROFINO S.A.,BR_STOCK,OFSA3,3.5,C,0.5,C,4.0,Forte,25.5,27.19,27.49,26.18,140250.0,False,0.0,False,0.0,False,0.0,False,0.0,False,0.0,False,False,0.6,29.0,False,False,False,False,False,False,False,31.807000000000002,5.580866,1.5929779,907
WHGR11,WHGR11,ETF,WHGR11,3.5,C,0.5,C,1.0,Fraco,8.15,8.93,9.06,8.87,164361.04,False,0.0,False,0.0,False,0.0,False,0.0,False,0.0,False,False,0.45,9.03,False,False,False,False,False,False,False,0.0,6.269231,999.0,908
DIVD11,DIVD11,ETF,DIVD11,3.5,C,0.5,C,0.0,Fraco,58.72,61.21,62.9,61.17,703817.93,False,0.0,False,0.0,False,0.0,False,0.0,False,0.0,False,False,0.56,64.22,False,False,False,False,False,False,False,0.0,999.0,999.0,909
DMVF3,D1000 VAREJO FARMA PARTICIPAÇÕES S.A.,BR_STOCK,DMVF3,3.5,C,0.5,C,2.0,Fraco,6.2,6.66,6.71,6.49,96720.0,False,0.0,False,0.0,False,0.0,False,0.0,False,0.0,False,False,0.39,6.98,False,False,False,False,False,False,False,2.3810001,14.418604,0.33952138,910
GRUL11,GRUL11,ETF,GRUL11,3.5,C,0.5,C,1.0,Fraco,8.07,8.27,8.41,8.27,76842.54,False,0.0,False,0.0,False,0.0,False,0.0,False,0.0,False,False,0.42,9.18,False,False,False,False,False,False,False,0.0,7.017391,999.0,911
CGRA4,GRAZZIOTIN S.A.,BR_STOCK,CGRA4,3.5,C,0.5,C,3.0,OK,23.46,24.36,24.84,24.77,89148.0,False,0.0,False,0.0,False,0.0,False,0.0,False,0.0,False,False,1.24,24.85,False,False,False,False,False,False,False,9.2480004,5.8358207,0.62900496,912
MCRE11,MCRE11,ETF,MCRE11,3.5,C,0.5,C,1.0,Fraco,7.95,8.62,8.86,8.67,2360052.84,False,0.0,False,0.0,False,0.0,False,0.0,False,0.0,False,False,0.96,8.74,False,False,False,False,False,False,False,0.0,6.6166663,999.0,913
RECT11,RECT11,ETF,RECT11,3.5,C,0.5,C,1.0,Fraco,32.39,34.41,35.63,34.78,395967.74,False,0.0,False,0.0,False,0.0,False,0.0,False,0.0,False,False,0.97,35.42,False,False,False,False,False,False,False,0.0,0.83535165,999.0,914
FNOR11,FNOR11,ETF,FNOR11,3.5,C,0.5,C,0.0,Fraco,0.57,0.81,0.73,0.71,7925849.9,False,0.0,False,0.0,False,0.0,False,0.0,False,0.0,False,False,0.28,1.12,False,False,False,False,False,False,False,0.0,999.0,999.0,915
D2OC34,D2OC34,BDR,DOCS (BDR: D2OC34),3.5,C,0.5,C,3.0,OK,26.16,22.08,24.64,30.52,49474131.79,False,0.0,False,0.0,False,0.0,False,0.0,False,0.0,False,False,0.14,40.0,False,False,False,False,False,False,False,17.206,30.892859,5.0942287,916
MATD3,HOSPITAL MATER DEI S/A,BR_STOCK,MATD3,3.5,C,0.5,C,3.0,OK,4.87,4.82,5.33,5.19,442195.99,False,0.0,False,0.0,False,0.0,False,0.0,False,0.0,False,False,0.53,5.29,False,False,False,False,False,False,False,8.295999499999999,11.642858,1.0828167,917
ICRI11,ICRI11,ETF,ICRI11,3.5,C,0.5,C,1.0,Fraco,86.12,92.31,92.56,89.66,349216.61,False,0.0,False,0.0,False,0.0,False,0.0,False,0.0,False,False,0.6,94.99,False,False,False,False,False,False,False,0.0,5.7850904,999.0,918
BLMG11,BLMG11,ETF,BLMG11,3.5,C,0.5,C,0.0,Fraco,30.47,30.96,31.26,31.01,168773.33,False,0.0,False,0.0,False,0.0,False,0.0,False,0.0,False,False,0.27,34.75,False,False,False,False,False,False,False,0.0,999.0,999.0,919
HSAF11,HSAF11,ETF,HSAF11,3.5,C,0.5,C,1.0,Fraco,73.17,76.85,77.06,75.85,394093.61,False,0.0,False,0.0,False,0.0,False,0.0,False,0.0,False,False,0.88,77.33,False,False,False,False,False,False,False,0.0,7.1057224,999.0,920
CPFE3,CPFL ENERGIA S.A.,BR_STOCK,CPFE3,3.5,C,0.5,C,4.0,Forte,42.36,44.93,45.91,45.74,38911896.56,False,0.0,False,0.0,False,0.0,False,0.0,False,0.0,False,False,0.49,47.07,False,False,False,False,False,False,False,27.276,8.124761,2.1470962,921
GCRA11,GCRA11,ETF,GCRA11,3.5,C,0.5,C,0.0,Fraco,47.24,49.8,50.84,49.68,331483.09,False,0.0,False,0.0,False,0.0,False,0.0,False,0.0,False,False,1.44,50.8,False,False,False,False,False,False,False,0.0,999.0,999.0,922
U1AI34,U1AI34,BDR,UA (BDR: U1AI34),3.5,C,0.5,C,1.0,Fraco,5.13,6.18,6.14,5.73,7618450.31,False,0.0,False,0.0,False,0.0,False,0.0,False,0.0,False,False,0.42,7.06,False,False,False,False,False,False,False,-29.825002,999.0,1.5518796,923
KFOF11,KFOF11,ETF,KFOF11,3.5,C,0.5,C,1.0,Fraco,74.46,77.92,79.52,79.11,1035664.13,False,0.0,False,0.0,False,0.0,False,0.0,False,0.0,False,False,1.18,79.29,False,False,False,False,False,False,False,0.0,19.092306,999.0,924
Z2SC34,Z2SC34,BDR,ZS (BDR: Z2SC34),3.5,C,0.5,C,2.0,Fraco,175.34,149.64,154.42,180.21,287790971.53,False,0.0,False,0.0,False,0.0,False,0.0,False,0.0,False,False,0.73,190.97,False,False,False,False,False,False,False,-3.7100002,999.0,11.954219,925
CHIP11,CHIP11,ETF,CHIP11,3.5,C,0.5,C,0.0,Fraco,35.93,37.41,31.77,51.63,1496951.6,False,0.0,False,0.0,False,0.0,False,0.0,False,0.0,False,False,0.46,38.33,False,False,False,False,False,False,False,0.0,999.0,999.0,926
BTER11,BTER11,ETF,BTER11,3.5,C,0.5,C,1.0,Fraco,18.88,20.65,,,4780075.95,False,0.0,False,0.0,False,0.0,False,0.0,False,0.0,False,False,4.33,21.5,False,False,False,False,False,False,False,0.0,10.041053,999.0,927
COWC34,COWC34,BDR,COST (BDR: COWC34),3.5,C,0.5,C,4.0,Forte,935.3,948.07,977.98,956.61,1648558291.74,False,0.0,False,0.0,False,0.0,False,0.0,False,0.0,False,False,1.14,987.55,False,False,False,False,False,False,False,29.152,46.88649,25.041847,928
BTAG11,BTAG11,ETF,BTAG11,3.5,C,0.5,C,0.0,Fraco,97.08,103.81,104.82,102.57,341624.53,False,0.0,False,0.0,False,0.0,False,0.0,False,0.0,False,False,0.59,103.63,False,False,False,False,False,False,False,0.0,999.0,999.0,929
NSDV11,NSDV11,ETF,NSDV11,3.5,C,0.5,C,1.0,Fraco,145.62,152.63,155.7,152.62,350216.09,False,0.0,False,0.0,False,0.0,False,0.0,False,0.0,False,False,0.44,159.94,False,False,False,False,False,False,False,0.0,9.318457,999.0,930
DEXP3,DEXXOS PARTICIPACOES S.A.,BR_STOCK,DEXP3,3.5,C,0.5,C,2.0,Fraco,7.02,7.12,7.25,7.24,579150.0,False,0.0,False,0.0,False,0.0,False,0.0,False,0.0,False,False,0.97,7.42,False,False,False,False,False,False,False,13.833,5.5873017,0.84809065,931
M1NS34,M1NS34,BDR,MNST (BDR: M1NS34),3.5,C,0.5,C,4.0,Forte,47.56,87.3,82.51,80.37,229267764.49,False,0.0,False,0.0,False,0.0,False,0.0,False,0.0,False,False,0.49,99.29,False,False,False,False,False,False,False,25.704,43.97222,9.935146,932
JPPA11,JPPA11,ETF,JPPA11,3.5,C,0.5,C,1.0,Fraco,74.88,80.95,81.0,78.47,53614.08,False,0.0,False,0.0,False,0.0,False,0.0,False,0.0,False,False,0.66,84.1,False,False,False,False,False,False,False,0.0,5.3909283,999.0,933
REME11,REME11,ETF,REME11,3.5,C,0.5,C,0.0,Fraco,70.41,74.93,,,129343.18,False,0.0,False,0.0,False,0.0,False,0.0,False,0.0,False,False,0.41,88.99,False,False,False,False,False,False,False,0.0,999.0,999.0,934
SPCX34,SPCX34,BDR,SPCX (BDR: SPCX34),3.5,C,0.5,C,2.0,Fraco,134.05,141.73,,,14572866050.01,False,0.0,False,0.0,False,0.0,False,0.0,False,0.0,False,False,0.76,149.8,False,False,False,False,False,False,False,0.0,999.0,13.877381,935
AALL34,AALL34,BDR,AAL (BDR: AALL34),3.5,C,0.5,C,1.0,Fraco,13.53,15.75,13.72,13.91,773773919.83,False,0.0,False,0.0,False,0.0,False,0.0,False,0.0,False,False,1.13,17.11,False,False,False,False,False,False,False,0.0,999.0,-2.252958,936
HGRE11,HGRE11,ETF,HGRE11,3.5,C,0.5,C,1.0,Fraco,113.7,120.86,122.28,120.35,1684806.55,False,0.0,False,0.0,False,0.0,False,0.0,False,0.0,False,False,0.83,121.0,False,False,False,False,False,False,False,2.2640000000000002,18.1632,0.68806255,937
RBFM11,RBFM11,ETF,RBFM11,3.5,C,0.5,C,1.0,Fraco,9.63,10.23,10.33,10.07,264632.4,False,0.0,False,0.0,False,0.0,False,0.0,False,0.0,False,False,0.89,10.48,False,False,False,False,False,False,False,0.0,3.597015,999.0,938
E2AG34,E2AG34,BDR,EXP (BDR: E2AG34),3.5,C,0.5,C,3.0,OK,203.11,213.59,209.65,211.0,33453435.76,False,0.0,False,0.0,False,0.0,False,0.0,True,0.8,False,False,0.49,225.21,False,False,False,False,False,False,False,27.029999999999998,15.995272,4.2050962,939
ITRI11,ITRI11,ETF,ITRI11,3.5,C,0.5,C,1.0,Fraco,73.57,77.69,80.95,79.16,778738.45,False,0.0,False,0.0,False,0.0,False,0.0,False,0.0,False,False,0.62,78.29,False,False,False,False,False,False,False,0.0,16.611738,999.0,940
O2LE34,O2LE34,BDR,OLED (BDR: O2LE34),3.25,C,0.5,C,1.0,Fraco,86.46,84.67,95.14,101.24,29651283.77,False,0.0,False,0.0,False,0.0,False,0.0,True,0.7,False,False,0.49,94.41,False,False,False,False,False,False,False,11.5159996,20.89372,2.3747427,941
LOWC34,LOWC34,BDR,LOW (BDR: LOWC34),3.0,C,0.5,C,2.0,Fraco,217.69,215.18,234.06,235.32,1028711304.05,False,0.0,False,0.0,False,0.0,False,0.0,False,0.0,True,False,1.79,225.79,False,False,False,False,False,False,False,0.0,18.36402,-13.158436,942
ANIM3,ANIMA HOLDING S.A.,BR_STOCK,ANIM3,3.0,C,0.5,C,0.0,Fraco,2.22,2.43,3.58,3.57,10309680.13,False,0.0,False,0.0,False,0.0,False,0.0,False,0.0,True,False,0.51,2.33,False,False,False,False,False,False,False,0.0,0.0,0.0,943
BEEF3,MINERVA S.A.,BR_STOCK,BEEF3,3.0,C,0.5,C,0.0,Fraco,3.87,3.55,4.26,4.68,103220636.95,False,0.0,False,0.0,False,0.0,False,0.0,False,0.0,True,False,1.26,3.72,False,False,False,False,False,False,False,0.0,0.0,0.0,944
BLAU3,BLAU FARMACÊUTICA S.A.,BR_STOCK,BLAU3,3.0,C,0.5,C,3.0,OK,8.92,9.46,10.0,9.89,1520860.01,False,0.0,False,0.0,False,0.0,False,0.0,False,0.0,True,False,0.59,9.38,False,False,False,False,False,False,False,10.276,8.831683,0.9069649,945
MTRE3,MITRE REALTY EMPREENDIMENTOS E PARTICIPAÇÕES S.A.,BR_STOCK,MTRE3,3.0,C,0.5,C,4.0,Forte,2.91,3.06,3.44,3.42,932073.03,False,0.0,False,0.0,False,0.0,False,0.0,False,0.0,True,False,0.49,3.03,False,False,False,False,False,False,False,9.354999999999999,4.6935487,0.30667087,946
T1SC34,T1SC34,BDR,TSCO (BDR: T1SC34),3.0,C,0.5,C,3.0,OK,35.1,31.75,39.43,42.58,177312345.69,False,0.0,False,0.0,False,0.0,False,0.0,False,0.0,True,False,0.38,36.89,False,False,False,False,False,False,False,39.513,18.255209,6.975124,947
STZB34,STZB34,BDR,STZ (BDR: STZB34),3.0,C,0.5,C,3.0,OK,134.22,134.91,145.71,143.12,132294212.64,False,0.0,False,0.0,False,0.0,False,0.0,False,0.0,True,False,0.6,139.26,False,False,False,False,False,False,False,23.69,12.77979,2.7843895,948
C1GP34,C1GP34,BDR,CSGP (BDR: C1GP34),3.0,C,0.5,C,3.0,OK,32.54,30.11,38.79,45.73,172884471.68,False,0.0,False,0.0,False,0.0,False,0.0,False,0.0,True,False,0.93,33.82,False,False,False,False,False,False,False,0.894,179.2222,1.6463383,949
XPLG11,XPLG11,ETF,XPLG11,3.0,C,0.5,C,1.0,Fraco,88.8,90.87,95.34,95.81,6329042.62,False,0.0,False,0.0,False,0.0,False,0.0,False,0.0,True,False,0.88,92.29,False,False,False,False,False,False,False,0.0,17.549408,999.0,950
LIGT3,LIGHT S.A.,BR_STOCK,LIGT3,3.0,C,0.5,C,3.0,OK,3.28,3.08,4.03,4.31,13680223.88,False,0.0,False,0.0,False,0.0,False,0.0,False,0.0,True,False,1.3,3.43,False,False,False,False,False,False,False,32.412,1.0584416,0.12985978,951
L1DO34,L1DO34,BDR,LDOS (BDR: L1DO34),3.0,C,0.5,C,3.0,OK,141.14,117.23,144.62,155.57,112558443.81,False,0.0,False,0.0,False,0.0,False,0.0,False,0.0,True,False,0.5,147.33,False,False,False,False,False,False,False,27.781,13.202614,3.3581913,952
H1HH34,H1HH34,BDR,HHH (BDR: H1HH34),3.0,C,0.5,C,2.0,Fraco,68.27,68.49,68.95,72.52,24105931.0,False,0.0,False,0.0,False,0.0,False,0.0,False,0.0,True,False,0.78,69.64,False,False,False,False,False,False,False,7.4910000000000005,13.422925,1.0145339,953
Z2LL34,Z2LL34,BDR,Z (BDR: Z2LL34),3.0,C,0.5,C,2.0,Fraco,35.86,33.01,41.49,48.84,52603214.2,False,0.0,False,0.0,False,0.0,False,0.0,False,0.0,True,False,0.32,37.41,False,False,False,False,False,False,False,1.2150001000000001,155.30435,1.7585664,954
ACNB34,ACNB34,BDR,ACN (BDR: ACNB34),3.0,C,0.5,C,5.0,Forte,181.72,152.42,185.05,202.83,531744706.29,False,0.0,False,0.0,False,0.0,False,0.0,False,0.0,True,False,0.53,185.8,False,False,False,False,False,False,False,24.406,14.476057,3.4800751,955
H1CA34,H1CA34,BDR,HCA (BDR: H1CA34),3.0,C,0.5,C,3.0,OK,406.29,395.46,445.86,453.72,295663754.29,False,0.0,False,0.0,False,0.0,False,0.0,False,0.0,True,False,0.64,422.0,False,False,False,False,False,False,False,0.0,13.612935,-13.330161,956
CYRE3,CYRELA BRAZIL REALTY S.A.EMPREEND E PART,BR_STOCK,CYRE3,3.0,C,0.5,C,0.0,Fraco,22.54,21.81,24.95,26.25,183360653.45,False,0.0,False,0.0,False,0.0,False,0.0,False,0.0,True,False,1.08,22.75,False,False,False,False,False,False,False,0.0,0.0,0.0,957
JALL3,JALLES MACHADO S.A.,BR_STOCK,JALL3,3.0,C,0.5,C,0.0,Fraco,2.37,2.09,2.75,2.78,5172524.75,False,0.0,False,0.0,False,0.0,False,0.0,False,0.0,True,True,2.0,2.22,False,False,False,False,False,False,False,0.47299997,78.666664,0.3540354,958
G1LO34,G1LO34,BDR,GLOB (BDR: G1LO34),3.0,C,0.5,C,2.0,Fraco,39.67,33.97,43.3,48.83,34171617.41,False,0.0,False,0.0,False,0.0,False,0.0,False,0.0,True,False,0.32,41.65,False,False,False,False,False,False,False,5.48,15.478516,0.8035081,959
GMAT3,GRUPO MATEUS S.A.,BR_STOCK,GMAT3,3.0,C,0.5,C,0.0,Fraco,3.97,3.84,4.44,4.62,27177826.2,False,0.0,False,0.0,False,0.0,False,0.0,False,0.0,True,False,0.9,4.12,False,False,False,False,False,False,False,0.0,0.0,0.0,960
P2AX34,P2AX34,BDR,PAX (BDR: P2AX34),3.0,C,0.5,C,2.0,Fraco,11.31,11.03,12.0,12.74,7115581.99,False,0.0,False,0.0,False,0.0,False,0.0,False,0.0,True,False,0.53,11.65,False,False,False,False,False,False,False,12.885,25.133335,3.2416165,961
IBMB34,IBMB34,BDR,IBM (BDR: IBMB34),3.0,C,0.5,C,2.0,Fraco,233.48,246.62,250.96,262.64,649830751.01,False,0.0,False,0.0,False,0.0,False,0.0,False,0.0,True,False,0.52,241.8,False,False,False,False,False,False,False,34.460998,20.737356,6.391107,962
CYRE4,CYRELA BRAZIL REALTY S.A.EMPREEND E PART,BR_STOCK,CYRE4,3.0,C,0.5,C,3.0,OK,21.52,20.48,22.75,22.75,11254960.24,False,0.0,False,0.0,False,0.0,False,0.0,False,0.0,True,False,1.0,21.65,False,False,False,False,False,False,False,20.594,999.0,0.8404542,963
P1DD34,P1DD34,BDR,PDD (BDR: P1DD34),3.0,C,0.5,C,4.0,Forte,89.76,84.4,94.65,100.8,377715654.11,False,0.0,False,0.0,False,0.0,False,0.0,False,0.0,True,False,0.75,93.19,False,False,False,False,False,False,False,25.4,9.354232,2.0018258,964
SUIN11,SUIN11,ETF,SUIN11,3.0,C,0.5,C,0.0,Fraco,84.39,84.85,86.66,88.82,223295.94,False,0.0,False,0.0,False,0.0,False,0.0,False,0.0,True,False,2.23,86.86,False,False,False,False,False,False,False,0.0,999.0,999.0,965
EIDO39,ISHARES MSCI INDONESIA ETF,BDR,EIDO (BDR: EIDO39),3.0,C,0.5,C,1.0,Fraco,12.51,12.24,14.48,15.41,24873470.83,False,0.0,False,0.0,False,0.0,False,0.0,False,0.0,True,False,2.0,12.92,False,False,False,False,False,False,False,0.0,9.859379,999.0,966
TRIS3,TRISUL S.A.,BR_STOCK,TRIS3,3.0,C,0.5,C,3.0,OK,4.56,4.19,5.28,5.43,1949399.98,False,0.0,False,0.0,False,0.0,False,0.0,False,0.0,True,False,1.26,4.58,False,False,False,False,False,False,False,12.506999999999998,4.9565215,0.72049296,967
HBSA3,HIDROVIAS DO BRASIL S.A.,BR_STOCK,HBSA3,3.0,C,0.5,C,2.0,Fraco,3.38,3.37,3.62,3.68,3095066.1,False,0.0,False,0.0,False,0.0,False,0.0,False,0.0,True,False,0.48,3.44,False,False,False,False,False,False,False,2.2060001,169.00002,2.29308,968
CAML3,CAMIL ALIMENTOS S.A.,BR_STOCK,CAML3,3.0,C,0.5,C,1.0,Fraco,4.7,4.81,5.73,5.66,2776759.89,False,0.0,False,0.0,False,0.0,False,0.0,False,0.0,True,False,0.97,4.88,False,False,False,False,False,False,False,3.4099999999999997,15.599998,0.5340637,969
S1BS34,S1BS34,BDR,SBSW (BDR: S1BS34),3.0,C,0.5,C,2.0,Fraco,11.8,9.3,12.3,12.43,43840239.47,False,0.0,False,0.0,False,0.0,False,0.0,False,0.0,True,False,0.74,11.65,False,False,False,False,False,False,False,-10.2510005,999.0,6.873213,970
U1HS34,U1HS34,BDR,UHS (BDR: U1HS34),3.0,C,0.5,C,5.0,Forte,172.69,157.11,176.67,188.64,54698004.06,False,0.0,False,0.0,False,0.0,False,0.0,False,0.0,True,False,0.49,179.3,False,False,False,False,False,False,False,20.948,7.0489597,1.3551651,971
FIIB11,FIIB11,ETF,FIIB11,3.0,C,0.5,C,0.0,Fraco,423.4,438.69,449.78,452.28,140145.4,False,0.0,False,0.0,False,0.0,False,0.0,False,0.0,True,False,0.66,442.2,False,False,False,False,False,False,False,0.0,999.0,999.0,972
MOSC34,MOSC34,BDR,MOS (BDR: MOSC34),3.0,C,0.5,C,1.0,Fraco,23.43,22.11,24.29,24.29,236899066.42,False,0.0,False,0.0,False,0.0,False,0.0,False,0.0,True,False,1.45,23.95,False,False,False,False,False,False,False,-5.0729999999999995,999.0,0.647496,973
M2ST34,M2ST34,BDR,MSTR (BDR: M2ST34),3.0,C,0.5,C,2.0,Fraco,112.8,99.71,131.52,144.68,4594041594.69,False,0.0,False,0.0,False,0.0,False,0.0,False,0.0,True,True,2.02,106.9,False,False,False,False,False,False,False,-63.562,999.0,1.3522066,974
BKCH39,GLOBAL X BLOCKCHAIN ETF,BDR,BKCH (BDR: BKCH39),3.0,C,0.5,C,1.0,Fraco,69.2,71.42,71.75,72.9,3734164.88,False,0.0,False,0.0,False,0.0,False,0.0,False,0.0,True,False,0.49,74.06,False,False,False,False,False,False,False,0.0,14.04799,999.0,975
T1MU34,T1MU34,BDR,TMUS (BDR: T1MU34),3.0,C,0.5,C,4.0,Forte,181.85,181.79,192.73,194.82,519401987.78,False,0.0,False,0.0,False,0.0,False,0.0,False,0.0,True,False,0.73,187.48,False,False,False,False,False,False,False,17.994,18.956066,3.4618325,976
P1PL34,P1PL34,BDR,TSCO (BDR: P1PL34),3.0,C,0.5,C,3.0,OK,35.1,31.75,39.43,42.58,177312345.69,False,0.0,False,0.0,False,0.0,False,0.0,False,0.0,True,False,0.38,36.89,False,False,False,False,False,False,False,39.513,18.255209,6.975124,977
A1OS34,A1OS34,BDR,AOS (BDR: A1OS34),3.0,C,0.5,C,3.0,OK,62.47,60.63,64.35,64.75,53683516.69,False,0.0,False,0.0,False,0.0,False,0.0,False,0.0,True,False,0.71,64.38,False,False,False,False,False,False,False,27.133000000000003,17.391365,4.607069,978
META11,META11,ETF,META11,3.0,C,0.5,C,0.0,Fraco,7.67,6.43,8.0,9.87,350181.52,False,0.0,False,0.0,False,0.0,False,0.0,False,0.0,True,True,8.69,6.96,False,False,False,False,False,False,False,0.0,999.0,999.0,979
TMCO34,TMCO34,BDR,TM (BDR: TMCO34),3.0,C,0.5,C,3.0,OK,191.98,180.09,200.96,202.67,62055223.03,False,0.0,False,0.0,False,0.0,False,0.0,False,0.0,True,False,1.05,195.85,False,False,False,False,False,False,False,12.404,8.712245,15.527404,980
CRIP34,CRIP34,BDR,TCOM (BDR: CRIP34),3.0,C,0.5,C,4.0,Forte,46.47,44.41,50.35,55.76,73125873.8,False,0.0,False,0.0,False,0.0,False,0.0,False,0.0,True,False,0.79,47.48,False,False,False,False,False,False,False,20.143999,6.9195232,1.2319949,981
T1LK34,T1LK34,BDR,TLK (BDR: T1LK34),3.0,C,0.5,C,5.0,Forte,14.69,14.47,16.37,17.18,5941658.62,False,0.0,False,0.0,False,0.0,False,0.0,False,0.0,True,False,0.68,15.38,False,False,False,False,False,False,False,17.683001,14.7,0.010618341,982
RAIL3,RUMO S.A.,BR_STOCK,RAIL3,3.0,C,0.5,C,0.0,Fraco,13.96,13.52,14.81,14.96,155416680.42,False,0.0,False,0.0,False,0.0,False,0.0,False,0.0,True,False,0.76,14.69,False,False,False,False,False,False,False,0.0,0.0,0.0,983
P2EG34,P2EG34,BDR,PEGA (BDR: P2EG34),3.0,C,0.5,C,4.0,Forte,33.6,31.08,37.54,42.69,34788399.6,False,0.0,False,0.0,False,0.0,False,0.0,False,0.0,True,False,0.67,34.11,False,False,False,False,False,False,False,54.693000000000005,19.096592,9.856305,984
SUZB3,SUZANO S.A.,BR_STOCK,SUZB3,3.0,C,0.5,C,0.0,Fraco,44.22,41.8,46.67,47.2,394760794.9,False,0.0,False,0.0,False,0.0,False,0.0,False,0.0,True,False,1.27,43.71,False,False,False,False,False,False,False,0.0,0.0,0.0,985
MRVE3,MRV ENGENHARIA E PARTICIPACOES S.A.,BR_STOCK,MRVE3,3.0,C,0.5,C,0.0,Fraco,4.94,4.86,6.78,7.14,51647700.6,False,0.0,False,0.0,False,0.0,False,0.0,False,0.0,True,False,0.77,4.95,False,False,False,False,False,False,False,0.0,0.0,0.0,986
EQTL3,EQUATORIAL S.A.,BR_STOCK,EQTL3,2.5,C,0.5,C,0.0,Fraco,35.03,38.21,40.03,39.65,566554182.26,False,0.0,False,0.0,False,0.0,False,0.0,False,0.0,False,False,1.12,40.05,False,False,False,False,False,False,False,0.0,0.0,0.0,987
VAMO3,VAMOS LOCAÇÃO DE CAMINHÕES. MÁQUINAS E EQUIP. S.A.,BR_STOCK,VAMO3,2.5,C,0.5,C,0.0,Fraco,2.49,2.97,3.55,3.52,77784612.3,False,0.0,False,0.0,False,0.0,False,0.0,False,0.0,False,False,2.38,3.43,False,False,False,False,False,False,False,0.0,0.0,0.0,988
BBDC4,BCO BRADESCO S.A.,BR_STOCK,BBDC4,2.5,C,0.5,C,0.0,Fraco,15.74,17.71,18.51,18.29,499217702.74,False,0.0,False,0.0,False,0.0,False,0.0,False,0.0,False,False,0.77,19.11,False,False,False,False,False,False,False,0.0,0.0,0.0,989
BEEM39,ISHARES MSCI EMERGING MARKETS ETF,BDR,BEEM (BDR: BEEM39),2.5,C,0.5,C,1.0,Fraco,1.36,1.16,1.44,1.54,27487267.52,False,0.0,False,0.0,False,0.0,False,0.0,False,0.0,False,True,17.42,1.25,False,False,False,False,False,False,False,-76.07599499999999,999.0,1.3346417,990
SMRE11,SMRE11,ETF,SMRE11,2.5,C,0.5,C,1.0,Fraco,55.01,54.57,58.23,58.9,108589.74,False,0.0,False,0.0,False,0.0,False,0.0,False,0.0,False,False,0.55,60.9,False,False,False,False,False,False,False,0.0,4.8932385,999.0,991
PAGS34,PAGS34,BDR,PAGS (BDR: PAGS34),2.5,C,0.5,C,3.0,OK,8.44,9.08,9.73,9.7,11950598.94,False,0.0,False,0.0,False,0.0,False,0.0,False,0.0,False,False,0.45,9.85,False,False,False,False,False,False,False,14.535,5.864583,0.8088133,992
IAAG11,IAAG11,ETF,IAAG11,2.5,C,0.5,C,0.0,Fraco,7.07,7.99,8.08,7.87,292973.74,False,0.0,False,0.0,False,0.0,False,0.0,False,0.0,False,False,1.31,8.16,False,False,False,False,False,False,False,0.0,999.0,999.0,993
FIQE3,UNIFIQUE TELECOMUNICAÇÕES S.A.,BR_STOCK,FIQE3,2.5,C,0.5,C,4.0,Forte,4.39,5.46,5.8,5.46,5950205.82,False,0.0,False,0.0,False,0.0,False,0.0,False,0.0,False,False,0.94,5.63,False,False,False,False,False,False,False,18.761998,7.196721,1.5285515,994
RIAA3,RIAA3,BR_STOCK,RIAA3,2.5,C,0.5,C,5.0,Forte,6.5,8.14,8.84,8.57,8730150.0,False,0.0,False,0.0,False,0.0,False,0.0,False,0.0,False,False,1.0,8.23,False,False,False,False,False,False,False,28.023999999999997,2.1274512,0.60490614,995
ENJU3,ENJOEI S.A.,BR_STOCK,ENJU3,2.5,C,0.5,C,2.0,Fraco,0.78,0.8,0.84,0.83,960491.96,False,0.0,False,0.0,False,0.0,False,0.0,False,0.0,False,False,1.27,0.87,False,False,False,False,False,False,False,-5.757000000000001,999.0,0.5252525,996
S2GM34,S2GM34,BDR,SGML (BDR: S2GM34),2.5,C,0.5,C,1.0,Fraco,10.71,11.7,13.9,13.1,7212542.43,False,0.0,False,0.0,False,0.0,False,0.0,False,0.0,False,False,0.34,12.11,False,False,False,False,False,False,False,-31.643,999.0,16.507692,997
QCOM34,QCOM34,BDR,QCOM (BDR: QCOM34),2.5,C,0.5,C,3.0,OK,160.47,179.13,166.17,167.36,812644477.62,False,0.0,False,0.0,False,0.0,False,0.0,False,0.0,False,False,0.62,173.95,False,False,False,False,False,False,False,33.754003,18.391306,6.142852,998
S2NA34,S2NA34,BDR,SNAP (BDR: S2NA34),2.5,C,0.5,C,1.0,Fraco,5.23,4.88,5.33,5.99,126807877.5,False,0.0,False,0.0,False,0.0,False,0.0,False,0.0,False,False,0.68,5.82,False,False,False,False,False,False,False,-15.576,999.0,4.5593367,999
ORVR3,ORIZON VALORIZACAO DE RESIDUOS S.A.,BR_STOCK,ORVR3,2.5,C,0.5,C,2.0,Fraco,15.84,18.15,18.49,17.89,23229360.22,False,0.0,False,0.0,False,0.0,False,0.0,False,0.0,False,False,0.49,18.32,False,False,False,False,False,False,False,2.3599999,93.05882,1.0416118,1000
PGCO34,PGCO34,BDR,PG (BDR: PGCO34),2.5,C,0.5,C,3.0,OK,143.37,147.05,147.07,145.74,1282064532.47,False,0.0,False,0.0,False,0.0,False,0.0,False,0.0,False,False,0.99,153.68,False,False,False,False,False,False,False,30.290001999999998,21.569382,6.2319694,1001
AURE3,AUREN ENERGIA S.A.,BR_STOCK,AURE3,2.5,C,0.5,C,1.0,Fraco,10.14,11.33,12.0,11.96,18029934.61,False,0.0,False,0.0,False,0.0,False,0.0,False,0.0,False,False,0.5,11.72,False,False,False,False,False,False,False,-7.6799995999999995,999.0,0.9195716,1002
IGTI11,IGUATEMI S.A.,BR_STOCK,IGTI11,2.5,C,0.5,C,1.0,Fraco,22.76,24.63,26.46,26.17,49434720.5,False,0.0,False,0.0,False,0.0,False,0.0,False,0.0,False,False,0.85,25.93,False,False,False,False,False,False,False,13.514999999999999,139.38649,1.3640729,1003
C2EM34,C2EM34,BDR,CX (BDR: C2EM34),2.5,C,0.5,C,2.0,Fraco,10.58,12.05,12.09,11.82,87788935.35,False,0.0,False,0.0,False,0.0,False,0.0,False,0.0,False,False,1.05,13.08,False,False,False,False,False,False,False,4.0149998,30.3,1.234575,1004
D2KN34,D2KN34,BDR,DKNG (BDR: D2KN34),2.5,C,0.5,C,0.0,Fraco,25.02,25.26,25.04,27.02,169270148.47,False,0.0,False,0.0,False,0.0,False,0.0,False,0.0,False,False,0.47,26.63,False,False,False,False,False,False,False,-21.139,999.0,21.803137,1005
VFCO34,VFCO34,BDR,VFC (BDR: VFCO34),2.5,C,0.5,C,1.0,Fraco,13.97,16.22,17.61,17.52,54437514.72,False,0.0,False,0.0,False,0.0,False,0.0,False,0.0,False,False,0.66,18.26,False,False,False,False,False,False,False,22.092,20.210144,1.4750369,1006
RBRX11,RBRX11,ETF,RBRX11,2.5,C,0.5,C,0.0,Fraco,6.95,7.7,7.96,7.8,1694201.45,False,0.0,False,0.0,False,0.0,False,0.0,False,0.0,False,False,0.85,7.71,False,False,False,False,False,False,False,0.0,26.73077,999.0,1007
VTRU3,VITRU EDUCAÇÃO S.A,BR_STOCK,VTRU3,2.5,C,0.5,C,5.0,Forte,12.7,12.95,13.86,13.75,5717539.91,False,0.0,False,0.0,False,0.0,False,0.0,False,0.0,False,False,0.64,13.41,False,False,False,False,False,False,False,35.219001999999996,1.7369863,0.45526356,1008
G1DS34,G1DS34,BDR,GDS (BDR: G1DS34),2.5,C,0.5,C,2.0,Fraco,32.95,32.18,38.73,37.79,39916487.62,False,0.0,False,0.0,False,0.0,False,0.0,False,0.0,False,False,0.54,36.07,False,False,False,False,False,False,False,12.767000000000001,14.535398,1.4712272,1009
LVBI11,LVBI11,ETF,LVBI11,2.5,C,0.5,C,0.0,Fraco,97.05,102.21,104.98,104.67,2488167.98,False,0.0,False,0.0,False,0.0,False,0.0,False,0.0,False,False,0.55,104.44,False,False,False,False,False,False,False,0.0,999.0,999.0,1010
TEPP11,TEPP11,ETF,TEPP11,2.5,C,0.5,C,1.0,Fraco,7.46,7.82,8.21,8.08,845307.52,False,0.0,False,0.0,False,0.0,False,0.0,False,0.0,False,False,0.82,7.93,False,False,False,False,False,False,False,0.0,2.4064517,999.0,1011
ENGI11,ENERGISA S.A.,BR_STOCK,ENGI11,2.5,C,0.5,C,0.0,Fraco,43.93,47.37,49.85,49.24,219487460.52,False,0.0,False,0.0,False,0.0,False,0.0,False,0.0,False,False,1.14,51.0,False,False,False,False,False,False,False,0.0,0.0,0.0,1012
B1BW34,B1BW34,BDR,BBWI (BDR: B1BW34),2.5,C,0.5,C,2.0,Fraco,19.68,20.35,20.04,20.0,84452801.24,False,0.0,False,0.0,False,0.0,False,0.0,False,0.0,False,False,0.72,21.56,False,False,False,False,False,False,False,0.0,5.5823865,-3.4858966,1013
XPCA11,XPCA11,ETF,XPCA11,2.5,C,0.5,C,0.0,Fraco,7.08,7.54,7.79,7.66,330133.32,False,0.0,False,0.0,False,0.0,False,0.0,False,0.0,False,False,0.48,7.63,False,False,False,False,False,False,False,0.0,999.0,999.0,1014
A1LG34,A1LG34,BDR,ALGN (BDR: A1LG34),2.5,C,0.5,C,2.0,Fraco,158.95,174.88,174.93,169.37,94290037.95,False,0.0,False,0.0,False,0.0,False,0.0,False,0.0,False,False,0.79,187.96,False,False,False,False,False,False,False,10.155,27.59375,2.6754422,1015
AAZQ11,AAZQ11,ETF,AAZQ11,2.5,C,0.5,C,0.0,Fraco,6.1,6.65,6.9,6.83,272548.0,False,0.0,False,0.0,False,0.0,False,0.0,False,0.0,False,False,1.18,6.73,False,False,False,False,False,False,False,0.0,999.0,999.0,1016
BRAP4,BRADESPAR S.A.,BR_STOCK,BRAP4,2.5,C,0.5,C,3.0,OK,20.51,21.68,22.83,21.81,38501372.43,False,0.0,False,0.0,False,0.0,False,0.0,False,0.0,False,False,0.99,22.22,False,False,False,False,False,False,False,9.4849996,14.6214285,1.0521716,1017
FSLR34,FSLR34,BDR,FSLR (BDR: FSLR34),2.5,C,0.5,C,3.0,OK,214.76,230.7,224.99,233.84,264714457.79,False,0.0,False,0.0,False,0.0,False,0.0,False,0.0,False,False,0.47,269.7,False,False,False,False,False,False,False,18.509,21.865168,2.2290719,1018
S2FM34,S2FM34,BDR,SFM (BDR: S2FM34),2.5,C,0.5,C,4.0,Forte,78.45,81.73,78.45,79.07,106822458.19,False,0.0,False,0.0,False,0.0,False,0.0,False,0.0,False,False,0.96,93.32,False,False,False,False,False,False,False,35.197,14.986615,5.1674576,1019
HSLG11,HSLG11,ETF,HSLG11,2.5,C,0.5,C,1.0,Fraco,73.79,86.96,88.46,87.62,958901.06,False,0.0,False,0.0,False,0.0,False,0.0,False,0.0,False,False,0.63,92.13,False,False,False,False,False,False,False,0.0,5.2870436,999.0,1020
VCRA11,VCRA11,ETF,VCRA11,2.5,C,0.5,C,0.0,Fraco,51.32,57.4,59.75,58.76,705239.44,False,0.0,False,0.0,False,0.0,False,0.0,False,0.0,False,False,1.04,58.15,False,False,False,False,False,False,False,0.0,999.0,999.0,1021
A1PL34,A1PL34,BDR,APLD (BDR: A1PL34),2.5,C,0.5,C,1.0,Fraco,28.59,33.11,33.76,32.33,330284289.95,False,0.0,False,0.0,False,0.0,False,0.0,False,0.0,False,False,0.74,33.04,False,False,False,False,False,False,False,-8.376,999.0,4.802212,1022
UNIP3,UNIPAR CARBOCLORO S.A.,BR_STOCK,UNIP3,2.5,C,0.5,C,1.0,Fraco,55.35,58.02,59.75,58.38,143910.0,False,0.0,False,0.0,False,0.0,False,0.0,False,0.0,False,False,0.44,60.17,False,False,False,False,False,False,False,10.7650004,24.599998,3.292487,1023
V1MC34,V1MC34,BDR,VMC (BDR: V1MC34),2.5,C,0.5,C,3.0,OK,271.32,287.78,287.39,288.23,111449034.13,False,0.0,False,0.0,False,0.0,False,0.0,False,0.0,False,False,0.52,300.07,False,False,False,False,False,False,False,13.234000000000002,31.919811,4.1467,1024
ORLY34,ORLY34,BDR,ORLY (BDR: ORLY34),2.5,C,0.5,C,2.0,Fraco,89.31,89.03,91.65,92.62,369560063.84,False,0.0,False,0.0,False,0.0,False,0.0,False,0.0,False,False,1.03,94.12,False,False,False,False,False,False,False,0.0,28.279366,-39.608715,1025
A1TM34,A1TM34,BDR,ATO (BDR: A1TM34),2.5,C,0.5,C,3.0,OK,170.75,173.46,176.92,174.91,92168801.0,False,0.0,False,0.0,False,0.0,False,0.0,False,0.0,False,False,0.49,182.64,False,False,False,False,False,False,False,9.792,20.323599,1.888484,1026
SEER3,SER EDUCACIONAL S.A.,BR_STOCK,SEER3,2.5,C,0.5,C,4.0,Forte,10.26,11.51,11.7,11.12,12215556.27,False,0.0,False,0.0,False,0.0,False,0.0,False,0.0,False,False,1.61,12.62,False,False,False,False,False,False,False,18.484,4.839623,0.92616,1027
I2RS34,I2RS34,BDR,IR (BDR: I2RS34),2.5,C,0.5,C,2.0,Fraco,79.4,81.33,82.71,81.92,143196592.65,False,0.0,False,0.0,False,0.0,False,0.0,False,0.0,False,False,0.51,91.76,False,False,False,False,False,False,False,9.47,32.79339,3.0254278,1028
AIGB34,AIGB34,BDR,AIG (BDR: AIGB34),2.5,C,0.5,C,3.0,OK,75.91,77.6,76.26,76.77,113179082.7,False,0.0,False,0.0,False,0.0,False,0.0,False,0.0,False,False,0.49,81.04,False,False,False,False,False,False,False,7.22,13.826642,0.97911763,1029
C2RN34,C2RN34,BDR,CRNC (BDR: C2RN34),2.5,C,0.5,C,1.0,Fraco,7.94,9.56,9.2,9.6,4119216.45,False,0.0,False,0.0,False,0.0,False,0.0,False,0.0,False,False,0.63,9.85,False,False,False,False,False,False,False,-9.561,999.0,2.1597393,1030
DASA3,DIAGNOSTICOS DA AMERICA S.A.,BR_STOCK,DASA3,2.5,C,0.5,C,0.0,Fraco,2.3,2.66,3.24,3.23,2341859.95,False,0.0,False,0.0,False,0.0,False,0.0,False,0.0,False,False,0.71,3.2,False,False,False,False,False,False,False,-12.092,999.0,0.41841766,1031
B3SA3,B3 S.A. - BRASIL. BOLSA. BALCÃO,BR_STOCK,B3SA3,2.5,C,0.5,C,0.0,Fraco,14.39,14.93,16.34,15.6,289818923.91,False,0.0,False,0.0,False,0.0,False,0.0,False,0.0,False,False,0.53,16.22,False,False,False,False,False,False,False,0.0,0.0,0.0,1032
BPAC11,BCO BTG PACTUAL S.A.,BR_STOCK,BPAC11,2.5,C,0.5,C,0.0,Fraco,49.95,53.34,55.71,54.67,226098678.45,False,0.0,False,0.0,False,0.0,False,0.0,False,0.0,False,False,0.26,57.81,False,False,False,False,False,False,False,0.0,0.0,0.0,1033
ALPK3,ALLPARK EMPREENDIMENTOS PARTICIPACOES SERVICOS S.A,BR_STOCK,ALPK3,2.5,C,0.5,C,2.0,Fraco,4.12,4.25,4.44,4.43,121540.0,False,0.0,False,0.0,False,0.0,False,0.0,False,0.0,False,False,0.22,4.47,False,False,False,False,False,False,False,6.494999999999999,68.5,2.4537315,1034
AMOB3,AUTOMOB PARTICIPAÇÕES S.A.,BR_STOCK,AMOB3,2.5,C,0.5,C,1.0,Fraco,10.73,12.68,13.18,13.12,438856.98,False,0.0,False,0.0,False,0.0,False,0.0,False,0.0,False,False,1.47,13.89,False,False,False,False,False,False,False,0.0,999.0,0.2177133,1035
LPSB3,LPS BRASIL - CONSULTORIA DE IMOVEIS S.A.,BR_STOCK,LPSB3,2.5,C,0.5,C,4.0,Forte,1.29,1.45,1.61,1.61,66177.0,False,0.0,False,0.0,False,0.0,False,0.0,False,0.0,False,False,0.34,1.5,False,False,False,False,False,False,False,22.142999999999997,6.190476,0.7492795,1036
TAEE3,TRANSMISSORA ALIANÇA DE ENERGIA ELÉTRICA S.A.,BR_STOCK,TAEE3,2.5,C,0.5,C,3.0,OK,12.32,12.95,13.17,13.13,1110031.97,False,0.0,False,0.0,False,0.0,False,0.0,False,0.0,False,False,0.46,13.53,False,False,False,False,False,False,False,20.559,7.791139,0.5328082,1037
PNVL3,DIMED S.A. DISTRIBUIDORA DE MEDICAMENTOS,BR_STOCK,PNVL3,2.5,C,0.5,C,3.0,OK,11.07,11.26,12.82,12.16,7166717.8,False,0.0,False,0.0,False,0.0,False,0.0,False,0.0,False,False,0.94,12.9,False,False,False,False,False,False,False,10.791001,12.175824,1.2166464,1038
E2NP34,E2NP34,BDR,ENPH (BDR: E2NP34),2.5,C,0.5,C,1.0,Fraco,38.44,43.35,43.36,40.36,80281937.13,False,0.0,False,0.0,False,0.0,False,0.0,False,0.0,False,False,0.61,43.28,False,False,False,False,False,False,False,12.995999999999999,37.980198,4.2889085,1039
KIVO11,KIVO11,ETF,KIVO11,2.5,C,0.5,C,1.0,Fraco,52.7,56.96,59.92,58.99,159997.2,False,0.0,False,0.0,False,0.0,False,0.0,False,0.0,False,False,0.37,57.5,False,False,False,False,False,False,False,0.0,5.890503,999.0,1040
K2CG34,K2CG34,BDR,KC (BDR: K2CG34),2.5,C,0.5,C,1.0,Fraco,11.47,10.49,12.9,12.57,24516817.66,False,0.0,False,0.0,False,0.0,False,0.0,False,0.0,False,False,1.52,13.14,False,False,False,False,False,False,False,-7.614,999.0,2.5979753,1041
SPTW11,SPTW11,ETF,SPTW11,2.5,C,0.5,C,1.0,Fraco,28.19,35.93,37.3,36.33,131252.64,False,0.0,False,0.0,False,0.0,False,0.0,False,0.0,False,False,1.46,38.74,False,False,False,False,False,False,False,12.445,4.550248,0.5115687,1042
ARML3,ARMAC LOCAÇÃO. LOGÍSTICA E SERVIÇOS S.A.,BR_STOCK,ARML3,2.5,C,0.5,C,2.0,Fraco,3.14,3.15,4.2,4.14,2830396.09,False,0.0,False,0.0,False,0.0,False,0.0,False,0.0,False,False,0.55,3.72,False,False,False,False,False,False,False,5.58,18.529411,0.8527342,1043
PINE4,BCO PINE S.A.,BR_STOCK,PINE4,2.5,C,0.5,C,3.0,OK,9.85,12.09,12.83,12.3,8816735.34,False,0.0,False,0.0,False,0.0,False,0.0,False,0.0,False,False,0.7,13.92,False,False,False,False,False,False,False,40.772000000000006,4.0452676,1.4569438,1044
OUJP11,OUJP11,ETF,OUJP11,2.5,C,0.5,C,0.0,Fraco,66.75,71.39,77.33,75.2,318664.5,False,0.0,False,0.0,False,0.0,False,0.0,False,0.0,False,False,0.59,73.87,False,False,False,False,False,False,False,0.0,999.0,999.0,1045
MDNE3,MOURA DUBEUX ENGENHARIA S/A,BR_STOCK,MDNE3,2.5,C,0.5,C,5.0,Forte,22.75,26.11,28.65,27.45,17276350.0,False,0.0,False,0.0,False,0.0,False,0.0,False,0.0,False,False,0.72,26.33,False,False,False,False,False,False,False,27.16,3.8429053,1.1098645,1046
JSLG3,JSL S.A.,BR_STOCK,JSLG3,2.5,C,0.5,C,1.0,Fraco,5.0,5.48,6.66,6.26,3668500.0,False,0.0,False,0.0,False,0.0,False,0.0,False,0.0,False,False,0.69,5.94,False,False,False,False,False,False,False,-6.961,999.0,1.2062726,1047
PFRM3,PROFARMA DISTRIB PROD FARMACEUTICOS S.A.,BR_STOCK,PFRM3,2.5,C,0.5,C,3.0,OK,6.78,6.71,7.54,7.68,821736.03,False,0.0,False,0.0,False,0.0,False,0.0,False,0.0,False,False,0.89,7.21,False,False,False,False,False,False,False,9.751,5.3650794,0.57443917,1048
UTLL11,UTLL11,ETF,UTLL11,2.5,C,0.5,C,0.0,Fraco,111.96,121.28,124.87,121.52,818875.43,False,0.0,False,0.0,False,0.0,False,0.0,False,0.0,False,False,0.39,125.86,False,False,False,False,False,False,False,0.0,999.0,999.0,1049
PINE3,BCO PINE S.A.,BR_STOCK,PINE3,2.5,C,0.5,C,3.0,OK,9.44,11.59,12.27,11.72,110448.0,False,0.0,False,0.0,False,0.0,False,0.0,False,0.0,False,False,0.87,12.9,False,False,False,False,False,False,False,40.772000000000006,3.8683126,1.3932117,1050
JSAF11,JSAF11,ETF,JSAF11,2.5,C,0.5,C,1.0,Fraco,6.7,7.14,7.4,7.29,2316464.63,False,0.0,False,0.0,False,0.0,False,0.0,False,0.0,False,False,1.61,7.22,False,False,False,False,False,False,False,0.0,3.5396826,999.0,1051
Z1TO34,Z1TO34,BDR,ZTO (BDR: Z1TO34),2.5,C,0.5,C,5.0,Forte,21.37,23.21,23.59,22.74,27426387.3,False,0.0,False,0.0,False,0.0,False,0.0,False,0.0,False,False,0.66,24.77,False,False,False,False,False,False,False,16.277,12.647928,1.7861925,1052
NDIV11,NDIV11,ETF,NDIV11,2.5,C,0.5,C,1.0,Fraco,116.55,122.5,126.37,125.1,763052.87,False,0.0,False,0.0,False,0.0,False,0.0,False,0.0,False,False,0.67,128.66,False,False,False,False,False,False,False,0.0,9.295428,999.0,1053
BREW11,BREW11,ETF,BREW11,2.5,C,0.5,C,1.0,Fraco,132.68,139.32,146.77,144.73,1126718.5,False,0.0,False,0.0,False,0.0,False,0.0,False,0.0,False,False,34.06,143.0,False,False,False,False,False,False,False,0.0,10.134728,999.0,1054
EALT4,ELECTRO ACO ALTONA S.A.,BR_STOCK,EALT4,2.5,C,0.5,C,3.0,OK,10.37,11.59,12.84,12.63,91256.0,False,0.0,False,0.0,False,0.0,False,0.0,False,0.0,False,False,1.17,11.3,False,False,False,False,False,False,False,0.0,4.1666665,0.63209176,1055
BRSR3,BCO ESTADO DO RIO GRANDE DO SUL S.A.,BR_STOCK,BRSR3,2.5,C,0.5,C,1.0,Fraco,16.7,17.61,17.92,17.09,187040.01,False,0.0,False,0.0,False,0.0,False,0.0,False,0.0,False,False,2.52,18.0,False,False,False,False,False,False,False,14.481,4.1645885,0.57663757,1056
CAMB3,CAMBUCI S.A.,BR_STOCK,CAMB3,2.5,C,0.5,C,3.0,OK,8.12,8.92,9.09,9.02,126672.0,False,0.0,False,0.0,False,0.0,False,0.0,False,0.0,False,False,0.6,9.31,False,False,False,False,False,False,False,19.541,5.5616436,1.0708163,1057
DVER11,DVER11,ETF,DVER11,2.5,C,0.5,C,0.0,Fraco,11.81,12.44,13.05,12.89,181874.01,False,0.0,False,0.0,False,0.0,False,0.0,False,0.0,False,False,1.52,12.94,False,False,False,False,False,False,False,0.0,999.0,999.0,1058
ENGI4,ENERGISA S.A.,BR_STOCK,ENGI4,2.5,C,0.5,C,2.0,Fraco,8.09,8.92,9.4,9.22,51776.0,False,0.0,False,0.0,False,0.0,False,0.0,False,0.0,False,False,0.78,9.72,False,False,False,False,False,False,False,9.408,13.483333,0.15849693,1059
CEBR3,CIA ENERGETICA DE BRASILIA,BR_STOCK,CEBR3,2.5,C,0.5,C,3.0,OK,23.47,24.47,27.49,26.47,166637.0,False,0.0,False,0.0,False,0.0,False,0.0,False,0.0,False,False,1.43,25.5,False,False,False,False,False,False,False,16.638,10.524663,1.8494878,1060
ALUP3,ALUPAR INVESTIMENTO S/A,BR_STOCK,ALUP3,2.5,C,0.5,C,4.0,Forte,10.81,11.52,12.21,12.09,63779.0,False,0.0,False,0.0,False,0.0,False,0.0,False,0.0,False,False,0.47,12.26,False,False,False,False,False,False,False,15.841,12.869048,1.1665049,1061
EWBZ11,EWBZ11,ETF,EWBZ11,2.5,C,0.5,C,1.0,Fraco,118.82,124.64,132.74,131.89,1189031.74,False,0.0,False,0.0,False,0.0,False,0.0,False,0.0,False,False,0.28,129.51,False,False,False,False,False,False,False,0.0,10.396997,999.0,1062
KORE11,KORE11,ETF,KORE11,2.5,C,0.5,C,1.0,Fraco,63.23,64.27,68.36,67.53,1330738.57,False,0.0,False,0.0,False,0.0,False,0.0,False,0.0,False,False,0.45,68.71,False,False,False,False,False,False,False,0.0,4.241957,999.0,1063
DXCO3,DEXCO S.A.,BR_STOCK,DXCO3,2.5,C,0.5,C,1.0,Fraco,4.93,4.98,5.14,5.06,2310197.92,False,0.0,False,0.0,False,0.0,False,0.0,False,0.0,False,False,0.21,5.39,False,False,False,False,False,False,False,0.73,999.0,0.647699,1064
T1RI34,T1RI34,BDR,TRIP (BDR: T1RI34),2.5,C,0.5,C,0.0,Fraco,10.03,12.96,11.66,12.44,24190022.37,False,0.0,False,0.0,False,0.0,False,0.0,False,0.0,False,False,0.53,15.04,False,False,False,False,False,False,False,-0.233,999.0,1.756875,1065
NETE34,NETE34,BDR,NTES (BDR: NETE34),2.5,C,0.5,C,5.0,Forte,120.08,126.79,120.66,124.72,153211406.76,False,0.0,False,0.0,False,0.0,False,0.0,False,0.0,False,False,1.47,133.67,False,False,False,False,False,False,False,22.128001,15.262421,15.681433,1066
D2PZ34,D2PZ34,BDR,DPZ (BDR: D2PZ34),2.5,C,0.5,C,3.0,OK,334.6,325.21,349.98,365.11,256162738.07,False,0.0,False,0.0,False,0.0,False,0.0,False,0.0,False,False,1.2,372.16,False,False,False,False,False,False,False,0.0,18.965967,-2.7765136,1067
RENT3,LOCALIZA RENT A CAR S.A.,BR_STOCK,RENT3,2.5,C,0.5,C,0.0,Fraco,32.01,38.5,43.44,43.19,261358435.3,False,0.0,False,0.0,False,0.0,False,0.0,False,0.0,False,False,0.74,40.19,False,False,False,False,False,False,False,0.0,0.0,0.0,1068
MULT3,MULTIPLAN - EMPREEND IMOBILIARIOS S.A.,BR_STOCK,MULT3,2.5,C,0.5,C,5.0,Forte,26.35,28.35,30.3,29.67,83576931.21,False,0.0,False,0.0,False,0.0,False,0.0,False,0.0,False,False,0.88,29.4,False,False,False,False,False,False,False,21.898999999999997,9.407143,1.9145224,1069
BBDC3,BCO BRADESCO S.A.,BR_STOCK,BBDC3,2.5,C,0.5,C,0.0,Fraco,13.94,15.46,16.04,15.8,86334599.4,False,0.0,False,0.0,False,0.0,False,0.0,False,0.0,False,False,0.92,16.69,False,False,False,False,False,False,False,0.0,0.0,0.0,1070
AUAU3,UNIÃO PET PARTICIPAÇÕES S.A.,BR_STOCK,AUAU3,2.5,C,0.5,C,0.0,Fraco,3.16,3.26,3.27,3.29,16511316.45,False,0.0,False,0.0,False,0.0,False,0.0,False,0.0,False,False,1.11,3.78,False,False,False,False,False,False,False,0.0,0.0,0.0,1071
CMIG4,CIA ENERGETICA DE MINAS GERAIS - CEMIG,BR_STOCK,CMIG4,2.5,C,0.5,C,0.0,Fraco,9.89,10.83,11.23,11.0,237379788.24,False,0.0,False,0.0,False,0.0,False,0.0,False,0.0,False,False,1.33,11.46,False,False,False,False,False,False,False,0.0,0.0,0.0,1072
WALM34,WALM34,BDR,WMT (BDR: WALM34),2.5,C,0.5,C,4.0,Forte,103.74,113.93,121.07,118.22,7575095162.71,False,0.0,False,0.0,False,0.0,False,0.0,False,0.0,False,False,3.57,116.87,False,False,False,False,False,False,False,24.132,36.692577,8.764348,1073
BRSR6,BCO ESTADO DO RIO GRANDE DO SUL S.A.,BR_STOCK,BRSR6,2.5,C,0.5,C,1.0,Fraco,13.19,13.93,15.6,15.14,15018133.52,False,0.0,False,0.0,False,0.0,False,0.0,False,0.0,False,False,0.8,14.58,False,False,False,False,False,False,False,14.481,3.2892766,0.45544004,1074
VIVT3,TELEFÔNICA BRASIL S.A,BR_STOCK,VIVT3,2.5,C,0.5,C,4.0,Forte,29.24,33.16,35.64,34.66,89027027.3,False,0.0,False,0.0,False,0.0,False,0.0,False,0.0,False,False,0.49,36.5,False,False,False,False,False,False,False,9.872,14.203884,1.3400505,1075
RCSL4,RECRUSUL S.A.,BR_STOCK,RCSL4,2.5,C,0.5,C,0.0,Fraco,0.68,0.54,0.94,0.99,6403560.07,False,0.0,False,0.0,False,0.0,False,0.0,False,0.0,False,False,1.48,0.8,False,False,False,False,False,False,False,0.0,0.0,0.0,1076
S2ED34,S2ED34,BDR,SEDG (BDR: S2ED34),2.5,C,0.5,C,2.0,Fraco,31.01,46.96,45.45,42.39,54696306.68,False,0.0,False,0.0,False,0.0,False,0.0,False,0.0,False,False,0.47,49.64,False,False,False,False,False,False,False,-58.424,999.0,4.575744,1077
ISAE4,ISA ENERGIA BRASIL S.A,BR_STOCK,ISAE4,2.5,C,0.5,C,4.0,Forte,25.5,27.43,28.06,27.48,67508700.0,False,0.0,False,0.0,False,0.0,False,0.0,False,0.0,False,False,0.81,28.73,False,False,False,False,False,False,False,13.186,5.955607,0.7579091,1078
ALOS3,ALLOS S.A,BR_STOCK,ALOS3,2.5,C,0.5,C,4.0,Forte,25.51,26.87,28.28,27.63,71428000.64,False,0.0,False,0.0,False,0.0,False,0.0,False,0.0,False,False,0.62,27.93,False,False,False,False,False,False,False,7.585999999999999,13.4973545,0.992607,1079
EGIE3,ENGIE BRASIL ENERGIA S.A.,BR_STOCK,EGIE3,2.5,C,0.5,C,4.0,Forte,27.86,31.38,32.56,31.96,80114217.76,False,0.0,False,0.0,False,0.0,False,0.0,False,0.0,False,False,0.54,30.81,False,False,False,False,False,False,False,28.59,8.093023,2.118238,1080
SBSP3,CIA SANEAMENTO BASICO EST SAO PAULO,BR_STOCK,SBSP3,2.5,C,0.5,C,0.0,Fraco,23.27,27.98,29.31,28.48,535540444.54,False,0.0,False,0.0,False,0.0,False,0.0,False,0.0,False,False,0.86,29.67,False,False,False,False,False,False,False,0.0,0.0,0.0,1081
IRBR3,IRB - BRASIL RESSEGUROS S.A.,BR_STOCK,IRBR3,2.5,C,0.5,C,2.0,Fraco,49.27,53.57,53.97,52.92,21343764.2,False,0.0,False,0.0,False,0.0,False,0.0,False,0.0,False,False,0.65,56.81,False,False,False,False,False,False,False,4.567,16.758503,0.75429815,1082
SHUL4,SCHULZ S.A.,BR_STOCK,SHUL4,2.5,C,0.5,C,3.0,OK,4.37,4.57,4.93,4.83,1773345.95,False,0.0,False,0.0,False,0.0,False,0.0,False,0.0,False,False,0.72,4.6,False,False,False,False,False,False,False,18.205,5.972603,1.036861,1083
T2DH34,T2DH34,BDR,TDOC (BDR: T2DH34),2.5,C,0.5,C,1.0,Fraco,6.49,8.04,6.55,6.75,14418529.53,False,0.0,False,0.0,False,0.0,False,0.0,False,0.0,False,False,0.56,9.49,False,False,False,False,False,False,False,-12.985,999.0,0.89864117,1084
ITUB4,ITAU UNIBANCO HOLDING S.A.,BR_STOCK,ITUB4,2.5,C,0.5,C,0.0,Fraco,37.53,41.42,42.31,41.05,885704218.19,False,0.0,False,0.0,False,0.0,False,0.0,False,0.0,False,False,0.76,43.86,False,False,False,False,False,False,False,0.0,0.0,0.0,1085
MOVI3,MOVIDA PARTICIPACOES SA,BR_STOCK,MOVI3,2.5,C,0.5,C,3.0,OK,6.54,8.39,10.81,10.56,26644613.84,False,0.0,False,0.0,False,0.0,False,0.0,False,0.0,False,False,0.73,8.53,False,False,False,False,False,False,False,13.204001000000002,5.4049582,0.6722171,1086
SAPR3,CIA SANEAMENTO DO PARANA - SANEPAR,BR_STOCK,SAPR3,2.5,C,0.5,C,2.0,Fraco,7.3,8.1,9.27,8.92,1441020.04,False,0.0,False,0.0,False,0.0,False,0.0,False,0.0,False,False,1.09,8.4,False,False,False,False,False,False,False,3.8120000000000003,26.107143,0.18253551,1087
NAVT11,NAVT11,ETF,NAVT11,2.5,C,0.5,C,1.0,Fraco,63.02,71.4,71.59,69.49,71968.84,False,0.0,False,0.0,False,0.0,False,0.0,False,0.0,False,False,0.79,74.04,False,False,False,False,False,False,False,0.0,9.336296,999.0,1088
HONB34,HONB34,BDR,HON (BDR: HONB34),2.5,C,0.5,C,4.0,Forte,218.38,233.04,235.47,227.41,367093616.0,False,0.0,False,0.0,False,0.0,False,0.0,False,0.0,False,False,0.54,251.25,False,False,False,False,False,False,False,46.577,8.393695,3.7327955,1089
ORBX39,ORBX39,BDR,ORBX (BDR: ORBX39),2.5,C,0.5,C,0.0,Fraco,44.07,47.23,52.99,,1027668.32,False,0.0,False,0.0,False,0.0,False,0.0,False,0.0,False,False,0.68,49.17,False,False,False,False,False,False,False,0.0,999.0,999.0,1090
ABCB4,BCO ABC BRASIL S.A.,BR_STOCK,ABCB4,2.5,C,0.5,C,2.0,Fraco,22.3,23.53,24.18,23.59,8025769.73,False,0.0,False,0.0,False,0.0,False,0.0,False,0.0,False,False,0.84,24.38,False,False,False,False,False,False,False,14.905,4.0,0.79175556,1091
PRNR3,PRINER SERVIÇOS INDUSTRIAIS S.A.,BR_STOCK,PRNR3,2.5,C,0.5,C,1.0,Fraco,16.09,18.11,18.9,18.16,5060305.05,False,0.0,False,0.0,False,0.0,False,0.0,False,0.0,False,False,0.51,19.96,False,False,False,False,False,False,False,12.191,22.661972,1.6575668,1092
E2EF34,E2EF34,BDR,EEFT (BDR: E2EF34),2.5,C,0.5,C,3.0,OK,69.2,73.47,71.68,72.34,31217571.82,False,0.0,False,0.0,False,0.0,False,0.0,False,0.0,False,False,0.67,83.97,False,False,False,False,False,False,False,22.371,11.012697,2.5726786,1093
V2TX34,V2TX34,BDR,VTEX (BDR: V2TX34),2.5,C,0.5,C,3.0,OK,3.67,3.96,3.75,3.78,1482031.93,False,0.0,False,0.0,False,0.0,False,0.0,False,0.0,False,False,0.42,4.6,False,False,False,False,False,False,False,12.762,21.647058,2.6979473,1094
BBGO11,BBGO11,ETF,BBGO11,2.5,C,0.5,C,0.0,Fraco,61.5,65.11,69.22,67.0,134623.5,False,0.0,False,0.0,False,0.0,False,0.0,False,0.0,False,False,0.75,65.4,False,False,False,False,False,False,False,0.0,999.0,999.0,1095
RDOR3,REDE DOR SÃO LUIZ S.A.,BR_STOCK,RDOR3,2.0,C,0.5,C,0.0,Fraco,33.65,34.31,37.19,38.18,338986750.37,False,0.0,False,0.0,False,0.0,False,0.0,False,0.0,True,False,1.05,35.15,False,False,False,False,False,False,False,0.0,0.0,0.0,1096
MCDC34,MCDC34,BDR,MCD (BDR: MCDC34),2.0,C,0.5,C,2.0,Fraco,269.96,272.77,293.16,295.72,678522031.84,False,0.0,False,0.0,False,0.0,False,0.0,False,0.0,True,False,0.61,278.7,False,False,False,False,False,False,False,0.0,21.884146,-186.15144,1097
R1DY34,R1DY34,BDR,RDY (BDR: R1DY34),2.0,C,0.5,C,1.0,Fraco,12.14,12.91,13.36,13.46,25379921.14,False,0.0,False,0.0,False,0.0,False,0.0,False,0.0,True,False,0.83,12.58,False,False,False,False,False,False,False,8.836999500000001,28.86905,14.999199,1098
RBRL11,RBRL11,ETF,RBRL11,2.0,C,0.5,C,1.0,Fraco,69.69,73.44,81.52,81.8,672438.83,False,0.0,False,0.0,False,0.0,False,0.0,False,0.0,True,False,1.7,72.97,False,False,False,False,False,False,False,0.0,7.0337424,999.0,1099
A1IV34,A1IV34,BDR,AIV (BDR: A1IV34),2.0,C,0.5,C,0.0,Fraco,2.62,2.76,2.9,2.92,1866519.02,False,0.0,False,0.0,False,0.0,False,0.0,False,0.0,True,False,0.82,2.74,False,False,False,False,False,False,False,9.6499994,21.75,1.0108442,1100
H1DB34,H1DB34,BDR,HDB (BDR: H1DB34),2.0,C,0.5,C,3.0,OK,23.35,24.6,26.85,29.05,119244835.62,False,0.0,False,0.0,False,0.0,False,0.0,False,0.0,True,False,0.73,24.4,False,False,False,False,False,False,False,13.838000000000001,16.318182,9.462172,1101
TSLA34,TSLA34,BDR,TSLA (BDR: TSLA34),2.0,C,0.5,C,2.0,Fraco,343.54,366.2,390.52,403.84,8787111342.3,False,0.0,False,0.0,False,0.0,False,0.0,False,0.0,True,False,0.82,351.62,False,False,False,False,False,False,False,4.6669997,316.63303,15.691293,1102
ARRI11,ARRI11,ETF,ARRI11,2.0,C,0.5,C,1.0,Fraco,4.54,4.62,5.44,5.58,213874.86,False,0.0,False,0.0,False,0.0,False,0.0,False,0.0,True,False,1.13,4.76,False,False,False,False,False,False,False,0.0,4.6326528,999.0,1103
O1TI34,O1TI34,BDR,OTIS (BDR: O1TI34),2.0,C,0.5,C,3.0,OK,71.99,72.08,77.75,80.08,120417597.44,False,0.0,False,0.0,False,0.0,False,0.0,False,0.0,True,False,0.53,74.87,False,False,False,False,False,False,False,0.0,18.44987,-4.7532945,1104
BSLI3,BRB BCO DE BRASILIA S.A.,BR_STOCK,BSLI3,2.0,C,0.5,C,4.0,Forte,2.86,3.01,3.96,4.82,266265.99,False,0.0,False,0.0,False,0.0,False,0.0,False,0.0,True,False,3.74,3.01,False,False,False,False,False,False,False,25.134,1.4158416,0.34895068,1105
CVCB3,CVC BRASIL OPERADORA E AGÊNCIA DE VIAGENS S.A.,BR_STOCK,CVCB3,1.5,C,0.5,C,0.0,Fraco,1.51,1.34,1.85,1.89,18496442.88,False,0.0,False,0.0,False,0.0,False,0.0,False,0.0,False,False,0.63,1.67,False,False,False,False,False,False,False,0.0,0.0,0.0,1106
LREN3,LOJAS RENNER S.A.,BR_STOCK,LREN3,1.5,C,0.5,C,0.0,Fraco,10.55,13.57,14.23,14.12,164210752.97,False,0.0,False,0.0,False,0.0,False,0.0,False,0.0,False,False,0.53,14.24,False,False,False,False,False,False,False,0.0,0.0,0.0,1107
POMO4,MARCOPOLO S.A.,BR_STOCK,POMO4,1.5,C,0.5,C,0.0,Fraco,4.45,5.31,5.94,5.9,82689451.46,False,0.0,False,0.0,False,0.0,False,0.0,False,0.0,False,False,1.57,5.42,False,False,False,False,False,False,False,0.0,0.0,0.0,1108
S1YK34,S1YK34,BDR,SYK (BDR: S1YK34),1.5,C,0.5,C,4.0,Forte,328.13,325.98,333.19,339.22,450412573.15,False,0.0,False,0.0,False,0.0,False,0.0,False,0.0,False,False,0.64,352.49,False,False,False,False,False,False,False,16.508,33.927536,5.2406535,1109
PCIP11,PCIP11,ETF,PCIP11,1.5,C,0.5,C,1.0,Fraco,69.43,76.32,79.55,78.74,1863015.2,False,0.0,False,0.0,False,0.0,False,0.0,False,0.0,False,False,0.74,77.17,False,False,False,False,False,False,False,0.0,6.7812505,999.0,1110
A2SO34,A2SO34,BDR,ASO (BDR: A2SO34),1.5,C,0.5,C,5.0,Forte,45.62,48.24,53.11,52.23,51407970.05,False,0.0,False,0.0,False,0.0,False,0.0,False,0.0,False,False,0.82,51.88,False,False,False,False,False,False,False,18.847998999999998,8.0653715,1.3668894,1111
VVCR11,VVCR11,ETF,VVCR11,1.5,C,0.5,C,0.0,Fraco,7.29,8.46,8.82,8.73,732703.32,False,0.0,False,0.0,False,0.0,False,0.0,False,0.0,False,False,24.15,9.52,False,False,False,False,False,False,False,0.0,999.0,999.0,1112
BRKM5,BRASKEM S.A.,BR_STOCK,BRKM5,1.5,C,0.5,C,0.0,Fraco,5.08,6.37,8.81,8.52,25445719.62,False,0.0,False,0.0,False,0.0,False,0.0,False,0.0,False,False,0.66,6.32,False,False,False,False,False,False,False,0.0,0.0,0.0,1113
VCJR11,VCJR11,ETF,VCJR11,1.5,C,0.5,C,1.0,Fraco,66.02,71.89,74.54,73.62,4713893.78,False,0.0,False,0.0,False,0.0,False,0.0,False,0.0,False,False,1.39,72.43,False,False,False,False,False,False,False,0.0,5.5738397,999.0,1114
LIFE11,LIFE11,ETF,LIFE11,1.5,C,0.5,C,1.0,Fraco,6.84,7.02,7.77,7.65,313347.25,False,0.0,False,0.0,False,0.0,False,0.0,False,0.0,False,False,0.64,7.44,False,False,False,False,False,False,False,0.0,3.4720812,999.0,1115
C1HK34,C1HK34,BDR,CHKP (BDR: C1HK34),1.5,C,0.5,C,5.0,Forte,130.85,129.89,142.25,154.39,68573777.6,False,0.0,False,0.0,False,0.0,False,0.0,False,0.0,False,False,0.59,140.73,False,False,False,False,False,False,False,37.639,13.366155,4.899248,1116
S1NP34,S1NP34,BDR,SNPS (BDR: S1NP34),1.5,C,0.5,C,2.0,Fraco,397.54,421.33,445.46,446.34,330718701.13,False,0.0,False,0.0,False,0.0,False,0.0,False,0.0,False,False,0.65,425.78,False,False,False,False,False,False,False,3.8240000000000003,91.05721,2.499482,1117
B1AM34,B1AM34,BDR,BN (BDR: B1AM34),1.5,C,0.5,C,2.0,Fraco,41.51,43.44,43.94,44.43,120510861.13,False,0.0,False,0.0,False,0.0,False,0.0,False,0.0,False,False,0.68,45.62,False,False,False,False,False,False,False,2.26,76.62963,2.1750329,1118
XPBR31,XP INC.,BDR,XP (BDR: XPBR31),1.5,C,0.5,C,4.0,Forte,15.93,16.27,18.01,17.86,63136341.94,False,0.0,False,0.0,False,0.0,False,0.0,False,0.0,False,False,0.85,17.44,False,False,False,False,False,False,False,22.563,8.2,1.7604083,1119
ROXO34,ROXO34,BDR,NU (BDR: ROXO34),1.5,C,0.5,C,4.0,Forte,14.19,13.67,14.5,15.03,977545282.36,False,0.0,False,0.0,False,0.0,False,0.0,False,0.0,False,False,0.92,16.22,False,False,False,False,False,False,False,31.628,19.472603,5.182282,1120
ITIT11,ITIT11,ETF,ITIT11,1.5,C,0.5,C,0.0,Fraco,59.81,63.31,69.19,68.14,114117.48,False,0.0,False,0.0,False,0.0,False,0.0,False,0.0,False,False,0.8,64.9,False,False,False,False,False,False,False,0.0,45.65649,999.0,1121
VINO11,VINO11,ETF,VINO11,1.5,C,0.5,C,0.0,Fraco,4.22,4.59,4.86,4.84,505999.07,False,0.0,False,0.0,False,0.0,False,0.0,False,0.0,False,False,1.36,4.64,False,False,False,False,False,False,False,0.0,22.210526,999.0,1122
R2HH34,R2HH34,BDR,RH (BDR: R2HH34),1.5,C,0.5,C,0.0,Fraco,156.5,169.04,160.48,163.2,108437128.5,False,0.0,False,0.0,False,0.0,False,0.0,False,0.0,False,False,1.35,200.99,False,False,False,False,False,False,False,0.0,30.19112,51.92231,1123
JSRE11,JSRE11,ETF,JSRE11,1.5,C,0.5,C,1.0,Fraco,56.38,58.79,61.86,61.78,2515280.99,False,0.0,False,0.0,False,0.0,False,0.0,False,0.0,False,False,1.22,60.17,False,False,False,False,False,False,False,1.9769999999999999,9.086957,0.514924,1124
ONCO3,ONCOCLINICAS DO BRASIL SERVICOS MEDICOS  S.A.,BR_STOCK,ONCO3,1.5,C,0.5,C,0.0,Fraco,1.33,0.95,1.56,1.72,49985657.61,False,0.0,False,0.0,False,0.0,False,0.0,False,0.0,False,False,1.12,1.28,False,False,False,False,False,False,False,0.0,0.0,0.0,1125
BBAS3,BCO BRASIL S.A.,BR_STOCK,BBAS3,1.5,C,0.5,C,0.0,Fraco,18.08,19.9,22.04,21.92,1418314522.01,False,0.0,False,0.0,False,0.0,False,0.0,False,0.0,False,False,2.61,21.59,False,False,False,False,False,False,False,0.0,0.0,0.0,1126
U2PS34,U2PS34,BDR,UPST (BDR: U2PS34),1.5,C,0.5,C,2.0,Fraco,29.01,30.82,31.39,34.65,196118480.3,False,0.0,False,0.0,False,0.0,False,0.0,False,0.0,False,False,1.58,34.69,False,False,False,False,False,False,False,7.941,55.500004,3.52123,1127
RGTI34,RGTI34,BDR,RGTI (BDR: RGTI34),1.5,C,0.5,C,2.0,Fraco,15.99,17.46,18.05,20.15,274443503.63,False,0.0,False,0.0,False,0.0,False,0.0,False,0.0,False,False,0.93,19.36,False,False,False,False,False,False,False,-43.765,999.0,9.148633,1128
JGPX11,JGPX11,ETF,JGPX11,1.5,C,0.5,C,0.0,Fraco,58.55,60.45,63.79,63.6,119968.95,False,0.0,False,0.0,False,0.0,False,0.0,False,0.0,False,False,0.43,62.6,False,False,False,False,False,False,False,0.0,999.0,999.0,1129
SAPR4,CIA SANEAMENTO DO PARANA - SANEPAR,BR_STOCK,SAPR4,1.5,C,0.5,C,2.0,Fraco,6.37,7.0,7.8,7.67,12966134.77,False,0.0,False,0.0,False,0.0,False,0.0,False,0.0,False,False,1.11,7.27,False,False,False,False,False,False,False,3.8120000000000003,22.785715,0.15616587,1130
AMER3,AMERICANAS S.A,BR_STOCK,AMER3,1.5,C,0.5,C,2.0,Fraco,4.23,4.12,5.01,5.16,6931278.03,False,0.0,False,0.0,False,0.0,False,0.0,False,0.0,False,False,1.09,4.9,False,False,False,False,False,False,False,-1.4540000000000002,2.7532468,0.1784061,1131
W1MG34,W1MG34,BDR,WMG (BDR: W1MG34),1.5,C,0.5,C,2.0,Fraco,27.19,27.42,28.43,28.6,28907958.34,False,0.0,False,0.0,False,0.0,False,0.0,False,0.0,False,False,0.46,29.87,False,False,False,False,False,False,False,70.074,21.68,21.872478,1132
S2RE34,S2RE34,BDR,ASR (BDR: S2RE34),1.5,C,0.5,C,5.0,Forte,260.53,283.32,311.1,309.88,6102133.63,False,0.0,False,0.0,False,0.0,False,0.0,False,0.0,False,False,0.42,285.08,False,False,False,False,False,False,False,22.775999,13.521566,3.197688,1133
XRPH11,XRPH11,ETF,XRPH11,1.5,C,0.5,C,0.0,Fraco,9.93,8.74,10.7,12.55,1396019.02,False,0.0,False,0.0,False,0.0,False,0.0,False,0.0,False,True,2.64,9.16,False,False,False,False,False,False,False,0.0,999.0,999.0,1134
HYPE3,HYPERA S.A.,BR_STOCK,HYPE3,1.5,C,0.5,C,4.0,Forte,20.8,20.87,22.04,22.49,38590238.58,False,0.0,False,0.0,False,0.0,False,0.0,False,0.0,False,False,0.56,22.33,False,False,False,False,False,False,False,13.163,7.878787,1.0146836,1135
RBRY11,RBRY11,ETF,RBRY11,1.5,C,0.5,C,0.0,Fraco,75.8,84.93,88.47,88.14,9583545.99,False,0.0,False,0.0,False,0.0,False,0.0,False,0.0,False,False,2.57,86.52,False,False,False,False,False,False,False,0.0,999.0,999.0,1136
B1SX34,B1SX34,BDR,BSX (BDR: B1SX34),1.5,C,0.5,C,5.0,Forte,49.42,46.38,60.43,69.67,805443908.87,False,0.0,False,0.0,False,0.0,False,0.0,False,0.0,False,False,0.99,52.99,False,False,False,False,False,False,False,15.338999000000001,19.993927,2.8658888,1137
P2LN34,P2LN34,BDR,PLNT (BDR: P2LN34),1.5,C,0.5,C,3.0,OK,53.28,52.44,66.43,76.46,50446880.9,False,0.0,False,0.0,False,0.0,False,0.0,False,0.0,False,False,0.35,57.4,False,False,False,False,False,False,False,0.0,18.068026,-8.71677,1138
E2PA34,E2PA34,BDR,EPAM (BDR: E2PA34),1.5,C,0.5,C,4.0,Forte,106.53,91.93,123.39,141.73,86844827.07,False,0.0,False,0.0,False,0.0,False,0.0,False,0.0,False,False,0.49,113.0,False,False,False,False,False,False,False,11.1770004,14.481004,1.5646074,1139
SMAL11,SMAL11,ETF,SMAL11,1.5,C,0.5,C,1.0,Fraco,99.5,106.09,114.38,114.03,148811304.5,False,0.0,False,0.0,False,0.0,False,0.0,False,0.0,False,False,0.84,110.2,False,False,False,False,False,False,False,0.0,9.298777,999.0,1140
RENT4,LOCALIZA RENT A CAR S.A.,BR_STOCK,RENT4,1.5,C,0.5,C,2.0,Fraco,31.3,37.17,41.78,41.69,2851429.93,False,0.0,False,0.0,False,0.0,False,0.0,False,0.0,False,False,0.98,39.0,False,False,False,False,False,False,False,13.011000000000001,9.933333,1.3024476,1141
BRST3,BRISANET SERVIÇOS DE TELECOMUNICAÇÕES S.A.,BR_STOCK,BRST3,1.5,C,0.5,C,2.0,Fraco,2.76,2.76,2.96,3.05,266340.0,False,0.0,False,0.0,False,0.0,False,0.0,False,0.0,False,False,0.43,2.98,False,False,False,False,False,False,False,3.788,21.23077,0.7829787,1142
QUBT34,QUBT34,BDR,QUBT (BDR: QUBT34),1.5,C,0.5,C,2.0,Fraco,8.12,8.89,9.06,9.74,55606262.66,False,0.0,False,0.0,False,0.0,False,0.0,False,0.0,False,False,0.86,9.35,False,False,False,False,False,False,False,-1.5070000000000001,999.0,1.1572363,1143
A1ZN34,A1ZN34,BDR,AZN (BDR: A1ZN34),1.5,C,0.5,C,4.0,Forte,164.85,172.42,185.09,183.6,737521685.69,False,0.0,False,0.0,False,0.0,False,0.0,False,0.0,False,False,1.31,175.04,False,False,False,False,False,False,False,21.965,24.634731,5.074784,1144
AZUL3,AZUL S.A.,BR_STOCK,AZUL3,1.5,C,0.5,C,1.0,Fraco,19.98,22.16,1468903.72,1449187.29,881117.98,False,0.0,False,0.0,False,0.0,False,0.0,False,0.0,False,False,0.43,22.8,False,False,False,False,False,False,False,0.0,999.0,-1.4291842,1145
BEST11,BEST11,ETF,BEST11,1.5,C,0.5,C,1.0,Fraco,104.06,113.43,117.79,115.48,1059851.08,False,0.0,False,0.0,False,0.0,False,0.0,False,0.0,False,False,1.73,118.34,False,False,False,False,False,False,False,0.0,10.008643,999.0,1146
SMAC11,SMAC11,ETF,SMAC11,1.5,C,0.5,C,1.0,Fraco,51.73,55.33,59.77,59.61,623191.3,False,0.0,False,0.0,False,0.0,False,0.0,False,0.0,False,False,0.23,57.63,False,False,False,False,False,False,False,0.0,9.135689,999.0,1147
TRBL11,TRBL11,ETF,TRBL11,1.5,C,0.5,C,0.0,Fraco,46.36,56.35,63.88,62.32,736753.13,False,0.0,False,0.0,False,0.0,False,0.0,False,0.0,False,False,1.35,58.0,False,False,False,False,False,False,False,-7.179,999.0,0.56036514,1148
W1SO34,W1SO34,BDR,WSO (BDR: W1SO34),1.5,C,0.5,C,3.0,OK,313.84,362.14,382.19,371.83,55619037.99,False,0.0,False,0.0,False,0.0,False,0.0,False,0.0,False,False,0.39,371.54,False,False,False,False,False,False,False,16.744,26.943014,4.051973,1149
RCSL3,RECRUSUL S.A.,BR_STOCK,RCSL3,1.5,C,0.5,C,0.0,Fraco,0.4,0.42,0.55,0.56,195240.0,False,0.0,False,0.0,False,0.0,False,0.0,False,0.0,False,False,3.33,0.63,False,False,False,False,False,False,False,0.0,999.0,-3.7037036,1150
I1PG34,I1PG34,BDR,IPGP (BDR: I1PG34),1.5,C,0.5,C,2.0,Fraco,74.29,99.0,109.54,101.91,34972042.59,False,0.0,False,0.0,False,0.0,False,0.0,False,0.0,False,False,0.9,99.95,False,False,False,False,False,False,False,1.302,114.5077,1.4882427,1151
SOJA3,BOA SAFRA SEMENTES S.A.,BR_STOCK,SOJA3,1.5,C,0.5,C,0.0,Fraco,5.95,5.82,6.98,7.39,2611454.92,False,0.0,False,0.0,False,0.0,False,0.0,False,0.0,False,False,0.49,6.35,False,False,False,False,False,False,False,4.632,74.25,0.6294373,1152
XPIE11,XPIE11,ETF,XPIE11,1.5,C,0.5,C,0.0,Fraco,40.12,43.16,47.18,46.99,686212.46,False,0.0,False,0.0,False,0.0,False,0.0,False,0.0,False,False,0.62,43.61,False,False,False,False,False,False,False,0.0,999.0,999.0,1153
BAER39,ISHARES US AEROSPACE & DEFENSE ETF,BDR,BAER (BDR: BAER39),1.5,C,0.5,C,0.0,Fraco,1.16,1.74,2.09,2.03,1001832.81,False,0.0,False,0.0,False,0.0,False,0.0,False,0.0,False,False,0.4,2.07,False,False,False,False,False,False,False,-32.422000000000004,999.0,-0.17440097,1154
EMAE4,EMAE - EMPRESA METROP.AGUAS ENERGIA S.A.,BR_STOCK,EMAE4,1.5,C,0.5,C,1.0,Fraco,31.49,36.47,41.13,40.75,223579.0,False,0.0,False,0.0,False,0.0,False,0.0,False,0.0,False,False,2.45,37.89,False,False,False,False,False,False,False,-11.205,999.0,1.956022,1155
BIOM3,BIOMM S.A.,BR_STOCK,BIOM3,1.5,C,0.5,C,2.0,Fraco,6.1,6.17,6.73,6.92,91500.0,False,0.0,False,0.0,False,0.0,False,0.0,False,0.0,False,False,0.37,6.56,False,False,False,False,False,False,False,5.133,51.0,2.6713226,1156
LOGN3,LOG-IN LOGISTICA INTERMODAL S.A.,BR_STOCK,LOGN3,1.5,C,0.5,C,0.0,Fraco,27.57,27.63,30.21,31.2,245373.0,False,0.0,False,0.0,False,0.0,False,0.0,False,0.0,False,False,0.61,29.1,False,False,False,False,False,False,False,2.8320000000000003,21.410854,2.6896486,1157
AERI3,AERIS IND. E COM. DE EQUIP. GERACAO DE ENERGIA S/A,BR_STOCK,AERI3,1.5,C,0.5,C,0.0,Fraco,2.15,2.14,2.5,2.81,118250.01,False,0.0,False,0.0,False,0.0,False,0.0,False,0.0,False,False,1.95,2.39,False,False,False,False,False,False,False,0.0,999.0,-0.19042581,1158
CSED3,CRUZEIRO DO SUL EDUCACIONAL S.A.,BR_STOCK,CSED3,1.5,C,0.5,C,4.0,Forte,4.09,3.96,5.04,5.18,521475.02,False,0.0,False,0.0,False,0.0,False,0.0,False,0.0,False,False,0.28,4.74,False,False,False,False,False,False,False,19.259001,4.7999997,0.88753533,1159
I1FO34,I1FO34,BDR,INFY (BDR: I1FO34),1.5,C,0.5,C,5.0,Forte,11.85,11.54,13.07,14.13,129920997.05,False,0.0,False,0.0,False,0.0,False,0.0,False,0.0,False,False,0.63,12.72,False,False,False,False,False,False,False,32.0,14.592592,9.953684,1160
RPRI11,RPRI11,ETF,RPRI11,1.5,C,0.5,C,1.0,Fraco,69.54,75.59,79.06,78.77,493594.93,False,0.0,False,0.0,False,0.0,False,0.0,False,0.0,False,False,0.53,77.39,False,False,False,False,False,False,False,0.0,5.330268,999.0,1161
RBHY11,RBHY11,ETF,RBHY11,1.5,C,0.5,C,1.0,Fraco,60.78,69.46,73.35,72.62,161857.14,False,0.0,False,0.0,False,0.0,False,0.0,False,0.0,False,False,0.44,71.59,False,False,False,False,False,False,False,0.0,5.0771165,999.0,1162
BTRU11,BTRU11,ETF,BTRU11,1.5,C,0.5,C,0.0,Fraco,82.8,,93.47,95.41,276966.01,False,0.0,False,0.0,False,0.0,False,0.0,False,0.0,False,False,0.16,87.47,False,False,False,False,False,False,False,0.0,999.0,999.0,1163
AXIA7,AXIA7,BR_STOCK,AXIA7,1.5,C,0.5,C,2.0,Fraco,50.86,51.35,54.27,53.86,31492512.38,False,0.0,False,0.0,False,0.0,False,0.0,False,0.0,False,False,0.23,54.31,False,False,False,False,False,False,False,10.005999000000001,999.0,1.1932071,1164
RBHG11,RBHG11,ETF,RBHG11,1.5,C,0.5,C,1.0,Fraco,54.82,60.58,63.72,62.42,323273.54,False,0.0,False,0.0,False,0.0,False,0.0,False,0.0,False,False,0.66,61.9,False,False,False,False,False,False,False,0.0,5.450861,999.0,1165
UNIP6,UNIPAR CARBOCLORO S.A.,BR_STOCK,UNIP6,1.5,C,0.5,C,1.0,Fraco,57.88,60.58,62.4,61.28,6580956.12,False,0.0,False,0.0,False,0.0,False,0.0,False,0.0,False,False,0.49,64.79,False,False,False,False,False,False,False,10.7650004,25.755556,3.4541335,1166
CTKA4,KARSTEN S.A.,BR_STOCK,CTKA4,1.5,C,0.5,C,3.0,OK,31.25,32.08,38.95,38.78,87500.0,False,0.0,False,0.0,False,0.0,False,0.0,False,0.0,False,False,5.19,33.24,False,False,False,False,False,False,False,173.146,3.1502016,2.5512288,1167
HOME34,HOME34,BDR,HD (BDR: HOME34),1.5,C,0.5,C,3.0,OK,334.48,339.74,340.66,343.05,886706316.77,False,0.0,False,0.0,False,0.0,False,0.0,False,0.0,False,False,0.69,358.36,False,False,False,False,False,False,False,104.29599,23.409029,26.003965,1168
RANI3,IRANI PAPEL E EMBALAGEM S.A.,BR_STOCK,RANI3,1.5,C,0.5,C,2.0,Fraco,7.75,7.91,8.38,8.36,3171300.0,False,0.0,False,0.0,False,0.0,False,0.0,False,0.0,False,False,0.7,8.6,False,False,False,False,False,False,False,9.207,13.596492,1.2141626,1169
NUCL11,NUCL11,ETF,NUCL11,1.5,C,0.5,C,0.0,Fraco,72.22,72.01,82.83,84.06,82330.8,False,0.0,False,0.0,False,0.0,False,0.0,False,0.0,False,False,0.3,77.37,False,False,False,False,False,False,False,0.0,21.74585,999.0,1170
CHCM34,CHCM34,BDR,CHTR (BDR: CHCM34),1.5,C,0.5,C,3.0,OK,148.15,139.53,178.45,185.55,327599192.55,False,0.0,False,0.0,False,0.0,False,0.0,False,0.0,False,False,0.83,159.29,False,False,False,False,False,False,False,27.201998,3.8459136,1.0396701,1171
C2HP34,C2HP34,BDR,CHPT (BDR: C2HP34),1.5,C,0.5,C,1.0,Fraco,5.8,6.05,6.16,6.65,1035780.64,False,0.0,False,0.0,False,0.0,False,0.0,False,0.0,False,False,0.5,6.55,False,False,False,False,False,False,False,-376.815,999.0,-16.495726,1172
C1CI34,C1CI34,BDR,CCI (BDR: C1CI34),1.5,C,0.5,C,0.0,Fraco,75.4,78.67,83.47,84.19,119545501.56,False,0.0,False,0.0,False,0.0,False,0.0,False,0.0,False,False,0.63,79.95,False,False,False,False,False,False,False,0.0,30.77551,-9.8228245,1173
V1IP34,V1IP34,BDR,VIPS (BDR: V1IP34),1.5,C,0.5,C,5.0,Forte,14.35,14.19,14.96,15.81,26537054.09,False,0.0,False,0.0,False,0.0,False,0.0,False,0.0,False,False,1.15,15.75,False,False,False,False,False,False,False,17.788999999999998,6.477375,1.1386669,1174
ALLD3,ALLIED TECNOLOGIA S.A.,BR_STOCK,ALLD3,1.5,C,0.5,C,4.0,Forte,5.02,4.77,6.21,6.6,1871957.99,False,0.0,False,0.0,False,0.0,False,0.0,False,0.0,False,False,0.7,5.51,False,False,False,False,False,False,False,21.81,1.4412608,0.30772054,1175
U1LT34,U1LT34,BDR,ULTA (BDR: U1LT34),1.5,C,0.5,C,5.0,Forte,516.11,489.53,548.92,555.19,149289458.25,False,0.0,False,0.0,False,0.0,False,0.0,False,0.0,False,False,0.49,566.73,False,False,False,False,False,False,False,47.449002,19.322582,8.115637,1176
M1LC34,M1LC34,BDR,MLCO (BDR: M1LC34),1.5,C,0.5,C,2.0,Fraco,5.36,5.46,5.66,6.3,8713022.51,False,0.0,False,0.0,False,0.0,False,0.0,False,0.0,False,False,1.05,5.84,False,False,False,False,False,False,False,0.0,9.067797,-1.2436076,1177
MOTV3,MOTIVA INFRAESTRUTURA DE MOBILIDADE S.A.,BR_STOCK,MOTV3,1.5,C,0.5,C,0.0,Fraco,13.83,14.41,15.34,15.39,66461447.63,False,0.0,False,0.0,False,0.0,False,0.0,False,0.0,False,False,0.48,15.34,False,False,False,False,False,False,False,0.0,0.0,0.0,1178
P2CF34,P2CF34,BDR,PAC (BDR: P2CF34),1.5,C,0.5,C,3.0,OK,209.82,228.76,245.75,245.17,20947380.43,False,0.0,False,0.0,False,0.0,False,0.0,False,0.0,False,False,1.12,225.86,False,False,False,False,False,False,False,28.030002,19.385042,597.7109,1179
DEFT31,DEFI TECHNOLOGIES INC,BDR,DEFT (BDR: DEFT31),1.5,C,0.5,C,2.0,Fraco,0.51,0.48,0.64,0.78,1310450.59,False,0.0,False,0.0,False,0.0,False,0.0,False,0.0,False,False,1.03,0.54,False,False,False,False,False,False,False,22.288,8.581667,1.4342619,1180
W1HR34,W1HR34,BDR,WHR (BDR: W1HR34),1.5,C,0.5,C,1.0,Fraco,40.59,39.5,53.66,58.6,67616080.54,False,0.0,False,0.0,False,0.0,False,0.0,False,0.0,False,False,0.89,47.1,False,False,False,False,False,False,False,5.933,13.302631,0.69502443,1181
C1CL34,C1CL34,BDR,CCL (BDR: C1CL34),1.5,C,0.5,C,3.0,OK,25.34,27.73,27.57,27.6,534435123.01,False,0.0,False,0.0,False,0.0,False,0.0,False,0.0,False,False,1.44,30.06,False,False,False,False,False,False,False,26.689,11.432432,2.685146,1182
RADL3,RAIA DROGASIL S.A.,BR_STOCK,RADL3,1.5,C,0.5,C,3.0,OK,17.61,17.86,21.06,21.41,67780892.35,False,0.0,False,0.0,False,0.0,False,0.0,False,0.0,False,False,0.32,20.84,False,False,False,False,False,False,False,19.993,20.741175,4.199619,1183
NATU3,NATURA COSMETICOS S.A.,BR_STOCK,NATU3,1.5,C,0.5,C,1.0,Fraco,7.62,8.23,9.08,8.79,32625791.51,False,0.0,False,0.0,False,0.0,False,0.0,False,0.0,False,False,0.85,8.75,False,False,False,False,False,False,False,-2.478,999.0,0.83315134,1184
F1IS34,F1IS34,BDR,FISV (BDR: F1IS34),1.5,C,0.5,C,1.0,Fraco,51.52,51.48,56.73,58.9,207607775.92,False,0.0,False,0.0,False,0.0,False,0.0,False,0.0,False,False,0.47,56.63,False,False,False,False,False,False,False,0.0,9.842913,1.0140723,1185
TIMS3,TIM S.A.,BR_STOCK,TIMS3,1.5,C,0.5,C,0.0,Fraco,18.17,21.04,23.76,23.44,112465032.47,False,0.0,False,0.0,False,0.0,False,0.0,False,0.0,False,False,0.77,22.69,False,False,False,False,False,False,False,0.0,0.0,0.0,1186
AXIA3,AXIA3,BR_STOCK,AXIA3,1.5,C,0.5,C,0.0,Fraco,51.21,52.26,55.98,56.5,333013503.05,False,0.0,False,0.0,False,0.0,False,0.0,False,0.0,False,False,0.41,55.09,False,False,False,False,False,False,False,0.0,0.0,0.0,1187
POMO3,MARCOPOLO S.A.,BR_STOCK,POMO3,1.5,C,0.5,C,4.0,Forte,4.12,4.98,5.63,5.56,9237039.74,False,0.0,False,0.0,False,0.0,False,0.0,False,0.0,False,False,1.32,5.01,False,False,False,False,False,False,False,28.32,4.28125,1.2561125,1188
ORCL34,ORCL34,BDR,ORCL (BDR: ORCL34),1.5,C,0.5,C,3.0,OK,141.65,146.29,161.34,172.64,1725804882.54,False,0.0,False,0.0,False,0.0,False,0.0,False,0.0,False,False,0.47,159.26,False,False,False,False,False,False,False,53.376000000000005,24.407217,10.893405,1189
SAPR11,CIA SANEAMENTO DO PARANA - SANEPAR,BR_STOCK,SAPR11,1.5,C,0.5,C,2.0,Fraco,32.75,36.01,40.47,39.65,87445775.0,False,0.0,False,0.0,False,0.0,False,0.0,False,0.0,False,False,1.87,37.4,False,False,False,False,False,False,False,3.8120000000000003,40.618046,0.8043276,1190
GRND3,GRENDENE S.A.,BR_STOCK,GRND3,1.5,C,0.5,C,3.0,OK,3.53,3.74,4.2,4.16,9626309.92,False,0.0,False,0.0,False,0.0,False,0.0,False,0.0,False,False,0.56,3.8,False,False,False,False,False,False,False,17.924,5.515625,1.0097253,1191
TOTS3,TOTVS S.A.,BR_STOCK,TOTS3,1.5,C,0.5,C,4.0,Forte,31.09,29.41,33.72,36.26,98312798.48,False,0.0,False,0.0,False,0.0,False,0.0,False,0.0,False,False,0.71,32.88,False,False,False,False,False,False,False,17.014000000000003,20.460527,3.2661204,1192
B2MB34,B2MB34,BDR,BMBL (BDR: B2MB34),1.5,C,0.5,C,1.0,Fraco,2.83,2.92,3.25,3.37,4379091.9,False,0.0,False,0.0,False,0.0,False,0.0,False,0.0,False,False,0.42,3.21,False,False,False,False,False,False,False,-76.91799999999999,999.0,0.71538067,1193
AZEV4,AZEVEDO E TRAVASSOS S.A.,BR_STOCK,AZEV4,0.5,C,0.5,C,0.0,Fraco,1.46,1.66,2.77,3.33,12436280.32,False,0.0,False,0.0,False,0.0,False,0.0,False,0.0,False,False,1.85,2.82,False,False,False,False,False,False,False,0.0,0.0,0.0,1194
RAIZ4,RAIZEN S.A.,BR_STOCK,RAIZ4,0.5,C,0.5,C,0.0,Fraco,0.22,0.32,0.5,0.59,1653783.99,False,0.0,False,0.0,False,0.0,False,0.0,False,0.0,False,False,0.51,0.31,False,False,False,False,False,False,False,0.0,0.0,0.0,1195
U2PW34,U2PW34,BDR,UPWK (BDR: U2PW34),0.5,C,0.5,C,3.0,OK,8.69,8.83,11.27,13.3,11678025.26,False,0.0,False,0.0,False,0.0,False,0.0,False,0.0,False,False,0.24,9.91,False,False,False,False,False,False,False,16.695,11.102564,1.8785249,1196
W1BO34,W1BO34,BDR,WB (BDR: W1BO34),0.5,C,0.5,C,3.0,OK,7.22,7.67,8.41,8.71,23752963.76,False,0.0,False,0.0,False,0.0,False,0.0,False,0.0,False,False,3.94,8.29,False,False,False,False,False,False,False,8.517,5.9421487,0.44580853,1197
S2MP34,S2MP34,BDR,SMPL (BDR: S2MP34),0.5,C,0.5,C,1.0,Fraco,10.98,11.8,13.68,15.18,9957102.78,False,0.0,False,0.0,False,0.0,False,0.0,False,0.0,False,False,0.5,11.6,False,False,False,False,False,False,False,-12.197,999.0,0.68537575,1198
SIMH3,SIMPAR S.A.,BR_STOCK,SIMH3,0.5,C,0.5,C,1.0,Fraco,5.63,7.43,9.91,10.16,17242438.35,False,0.0,False,0.0,False,0.0,False,0.0,False,0.0,False,False,1.03,8.12,False,False,False,False,False,False,False,-0.23100001,999.0,0.5637476,1199
PGMN3,EMPREENDIMENTOS PAGUE MENOS S.A.,BR_STOCK,PGMN3,0.5,C,0.5,C,3.0,OK,3.24,3.53,5.09,5.15,9097920.03,False,0.0,False,0.0,False,0.0,False,0.0,False,0.0,False,False,0.6,3.69,False,False,False,False,False,False,False,10.585,6.48,0.6818182,1200
VIVA3,VIVARA PARTICIPAÇOES S.A,BR_STOCK,VIVA3,0.5,C,0.5,C,5.0,Forte,21.21,22.02,25.02,26.84,54206394.66,False,0.0,False,0.0,False,0.0,False,0.0,False,0.0,False,False,0.72,23.37,False,False,False,False,False,False,False,19.703,8.518072,1.6453339,1201
EZTC3,EZ TEC EMPREEND. E PARTICIPACOES S.A.,BR_STOCK,EZTC3,0.5,C,0.5,C,2.0,Fraco,10.48,11.93,13.4,13.65,24465558.93,False,0.0,False,0.0,False,0.0,False,0.0,False,0.0,False,False,0.89,11.87,False,False,False,False,False,False,False,10.551,6.357576,0.5560562,1202
AMAR3,MARISA LOJAS S.A.,BR_STOCK,AMAR3,0.5,C,0.5,C,0.0,Fraco,0.56,0.59,0.77,0.84,1252664.01,False,0.0,False,0.0,False,0.0,False,0.0,False,0.0,False,False,9.71,0.61,False,False,False,False,False,False,False,-130.554,999.0,1.2844037,1203
DIRR3,DIRECIONAL ENGENHARIA S.A.,BR_STOCK,DIRR3,0.5,C,0.5,C,0.0,Fraco,10.4,12.42,13.52,13.98,77279277.17,False,0.0,False,0.0,False,0.0,False,0.0,False,0.0,False,False,0.88,12.36,False,False,False,False,False,False,False,0.0,0.0,0.0,1204
SMFT3,SMARTFIT ESCOLA DE GINÁSTICA E DANÇA S.A.,BR_STOCK,SMFT3,0.5,C,0.5,C,0.0,Fraco,16.77,19.24,19.4,20.48,112637385.07,False,0.0,False,0.0,False,0.0,False,0.0,False,0.0,False,False,0.54,20.72,False,False,False,False,False,False,False,0.0,0.0,0.0,1205
BHIA3,GRUPO CASAS BAHIA S.A.,BR_STOCK,BHIA3,0.5,C,0.5,C,0.0,Fraco,0.43,0.93,2.03,2.34,2694810.04,False,0.0,False,0.0,False,0.0,False,0.0,False,0.0,False,False,0.67,0.85,False,False,False,False,False,False,False,0.0,0.0,0.0,1206
NIKE34,NIKE34,BDR,NKE (BDR: NIKE34),0.5,C,0.5,C,4.0,Forte,40.33,42.56,48.71,52.16,539761503.71,False,0.0,False,0.0,False,0.0,False,0.0,False,0.0,False,False,0.47,43.69,False,False,False,False,False,False,False,22.138001,19.152382,4.0123706,1207
STOC34,STOC34,BDR,STNE (BDR: STOC34),0.5,C,0.5,C,3.0,OK,9.16,10.77,11.64,11.96,32315148.32,False,0.0,False,0.0,False,0.0,False,0.0,False,0.0,False,False,0.61,11.55,False,False,False,False,False,False,False,33.967999999999996,3.4961834,0.92604744,1208
FESA4,CIA FERRO LIGAS DA BAHIA - FERBASA,BR_STOCK,FESA4,0.5,C,0.5,C,2.0,Fraco,4.84,5.81,6.95,6.96,6043224.19,False,0.0,False,0.0,False,0.0,False,0.0,False,0.0,False,False,0.73,6.21,False,False,False,False,False,False,False,4.439,11.829268,0.5007744,1209
EVEN3,EVEN CONSTRUTORA E INCORPORADORA S.A.,BR_STOCK,EVEN3,0.5,C,0.5,C,2.0,Fraco,4.19,5.12,6.23,6.56,4348382.06,False,0.0,False,0.0,False,0.0,False,0.0,False,0.0,False,False,1.01,5.17,False,False,False,False,False,False,False,11.129999999999999,2.1055276,0.4320033,1210
APTV34,APTV34,BDR,APTV (BDR: APTV34),0.5,C,0.5,C,2.0,Fraco,47.04,57.25,64.74,68.31,104818198.49,False,0.0,False,0.0,False,0.0,False,0.0,False,0.0,False,False,0.57,59.74,False,False,False,False,False,False,False,5.158,21.285069,1.1197867,1211
PMAM3,PARANAPANEMA S.A.,BR_STOCK,PMAM3,0.5,C,0.5,C,1.0,Fraco,0.14,0.25,0.47,0.54,552370.0,False,0.0,False,0.0,False,0.0,False,0.0,False,0.0,False,False,0.32,0.32,False,False,False,False,False,False,False,0.0,999.0,-0.002236922,1212
LJQQ3,LOJAS QUERO-QUERO S/A,BR_STOCK,LJQQ3,0.5,C,0.5,C,1.0,Fraco,1.01,1.2,1.73,1.85,3714375.96,False,0.0,False,0.0,False,0.0,False,0.0,False,0.0,False,False,1.37,1.34,False,False,False,False,False,False,False,-50.551,999.0,0.51609606,1213
GGPS3,GPS PARTICIPACOES E EMPREENDIMENTOS S.A.,BR_STOCK,GGPS3,0.5,C,0.5,C,4.0,Forte,11.44,11.79,14.74,15.25,37531206.62,False,0.0,False,0.0,False,0.0,False,0.0,False,0.0,False,False,0.86,12.07,False,False,False,False,False,False,False,22.337,9.063492,1.9106574,1214
COGN3,COGNA EDUCAÇÃO S.A.,BR_STOCK,COGN3,0.5,C,0.5,C,0.0,Fraco,2.03,2.23,2.87,2.97,40814570.42,False,0.0,False,0.0,False,0.0,False,0.0,False,0.0,False,False,0.71,2.39,False,False,False,False,False,False,False,0.0,0.0,0.0,1215
LUPA3,LUPATECH S.A.,BR_STOCK,LUPA3,0.5,C,0.5,C,0.0,Fraco,3.79,6.56,8.54,8.62,89823.0,False,0.0,False,0.0,False,0.0,False,0.0,False,0.0,False,False,0.92,7.0,False,False,False,False,False,False,False,-158.754,999.0,1.3349771,1216
BSLI4,BRB BCO DE BRASILIA S.A.,BR_STOCK,BSLI4,0.5,C,0.5,C,4.0,Forte,2.74,3.06,4.02,4.93,58910.0,False,0.0,False,0.0,False,0.0,False,0.0,False,0.0,False,False,1.91,3.11,False,False,False,False,False,False,False,25.134,1.3514851,0.33308932,1217
F1MC34,F1MC34,BDR,FMC (BDR: F1MC34),0.5,C,0.5,C,0.0,Fraco,10.92,11.01,13.47,13.48,16285705.91,False,0.0,False,0.0,False,0.0,False,0.0,False,0.0,False,False,0.54,12.01,False,False,False,False,False,False,False,-88.376,999.0,0.83275956,1218
MKLC34,MKLC34,BDR,MKL (BDR: MKLC34),0.5,C,0.5,C,4.0,Forte,1794.77,1905.14,1929.1,1970.88,94815905.36,False,0.0,False,0.0,False,0.0,False,0.0,False,0.0,False,False,1.02,2054.37,False,False,False,False,False,False,False,12.4639995,9.868099,1.1670088,1219
F2VR34,F2VR34,BDR,FVRR (BDR: F2VR34),0.5,C,0.5,C,3.0,OK,9.19,10.15,11.29,13.56,4080381.33,False,0.0,False,0.0,False,0.0,False,0.0,False,0.0,False,False,0.56,11.76,False,False,False,False,False,False,False,7.132,11.334198,0.76245326,1220
F1NI34,F1NI34,BDR,FIS (BDR: F1NI34),0.5,C,0.5,C,3.0,OK,40.6,41.31,45.49,50.17,118241695.96,False,0.0,False,0.0,False,0.0,False,0.0,False,0.0,False,False,0.6,47.0,False,False,False,False,False,False,False,22.348000000000003,6.233487,1.3131412,1221
LAVV3,LAVVI EMPREENDIMENTOS IMOBILIÁRIOS S.A.,BR_STOCK,LAVV3,0.5,C,0.5,C,4.0,Forte,9.57,10.58,13.42,13.72,3760052.88,False,0.0,False,0.0,False,0.0,False,0.0,False,0.0,False,False,0.49,10.72,False,False,False,False,False,False,False,23.990999,5.1621623,1.3646756,1222
BRBI11,BRBI BR PARTNERS S.A.,BR_STOCK,BRBI11,0.5,C,0.5,C,1.0,Fraco,11.77,13.95,16.68,17.19,4332537.17,False,0.0,False,0.0,False,0.0,False,0.0,False,0.0,False,False,0.62,14.71,False,False,False,False,False,False,False,19.736,26.750002,1.526193,1223
MEAL3,INTERNATIONAL MEAL COMPANY ALIMENTACAO S.A.,BR_STOCK,MEAL3,0.5,C,0.5,C,0.0,Fraco,0.68,0.78,0.97,1.04,164288.0,False,0.0,False,0.0,False,0.0,False,0.0,False,0.0,False,False,1.09,0.72,False,False,False,False,False,False,False,-20.297001,999.0,0.2533532,1224
SYNE3,SYN PROP E TECH S.A.,BR_STOCK,SYNE3,0.5,C,0.5,C,3.0,OK,3.55,3.99,4.23,4.36,882529.99,False,0.0,False,0.0,False,0.0,False,0.0,False,0.0,False,False,0.58,4.13,False,False,False,False,False,False,False,4.381,9.833333,0.77990746,1225
HBOR3,HELBOR EMPREENDIMENTOS S.A.,BR_STOCK,HBOR3,0.5,C,0.5,C,1.0,Fraco,1.82,2.03,2.39,2.52,442260.01,False,0.0,False,0.0,False,0.0,False,0.0,False,0.0,False,False,0.57,2.09,False,False,False,False,False,False,False,2.323,60.0,0.16521339,1226
VLID3,VALID SOLUÇÕES S.A.,BR_STOCK,VLID3,0.5,C,0.5,C,3.0,OK,17.09,17.32,18.93,19.34,3751255.03,False,0.0,False,0.0,False,0.0,False,0.0,False,0.0,False,False,0.63,18.75,False,False,False,False,False,False,False,13.442001000000001,5.9340277,0.8003559,1227
ROMI3,ROMI S.A.,BR_STOCK,ROMI3,0.5,C,0.5,C,3.0,OK,5.46,5.95,6.9,7.14,927654.01,False,0.0,False,0.0,False,0.0,False,0.0,False,0.0,False,False,0.99,6.06,False,False,False,False,False,False,False,6.1440002,6.753086,0.40805668,1228
TCSA3,TECNISA S.A.,BR_STOCK,TCSA3,0.5,C,0.5,C,0.0,Fraco,0.66,0.79,1.16,1.18,87252.0,False,0.0,False,0.0,False,0.0,False,0.0,False,0.0,False,False,1.99,0.85,False,False,False,False,False,False,False,-22.354999,999.0,0.17001547,1229
N1CL34,N1CL34,BDR,NCLH (BDR: N1CL34),0.5,C,0.5,C,4.0,Forte,16.68,19.54,19.79,19.98,296344461.25,False,0.0,False,0.0,False,0.0,False,0.0,False,0.0,False,False,1.42,21.27,False,False,False,False,False,False,False,36.730000000000004,10.151515,2.9894698,1230
Q2SC34,Q2SC34,BDR,QS (BDR: Q2SC34),0.5,C,0.5,C,1.0,Fraco,5.68,6.36,7.26,8.54,98397553.75,False,0.0,False,0.0,False,0.0,False,0.0,False,0.0,False,False,1.09,6.53,False,False,False,False,False,False,False,-39.075002,999.0,3.159645,1231
TTEN3,TRÊS TENTOS AGROINDUSTRIAL S/A,BR_STOCK,TTEN3,0.5,C,0.5,C,1.0,Fraco,10.91,13.73,15.25,15.42,10750713.85,False,0.0,False,0.0,False,0.0,False,0.0,False,0.0,False,False,0.34,15.55,False,False,False,False,False,False,False,12.1350005,999.0,1.086674,1232
L1MN34,L1MN34,BDR,LUMN (BDR: L1MN34),0.5,C,0.5,C,0.0,Fraco,6.01,6.92,7.77,7.93,35945769.08,False,0.0,False,0.0,False,0.0,False,0.0,False,0.0,False,False,0.43,6.87,False,False,False,False,False,False,False,0.0,999.0,-4.16205,1233
I1QY34,I1QY34,BDR,IQ (BDR: I1QY34),0.5,C,0.5,C,0.0,Fraco,1.03,1.16,1.35,1.53,8726125.08,False,0.0,False,0.0,False,0.0,False,0.0,False,0.0,False,False,1.21,1.39,False,False,False,False,False,False,False,-6.7329995,999.0,0.50312644,1234
AZOI34,AZOI34,BDR,AZO (BDR: AZOI34),0.5,C,0.5,C,2.0,Fraco,2966.95,3057.97,3360.8,3423.37,914872346.55,False,0.0,False,0.0,False,0.0,False,0.0,False,0.0,False,False,1.54,3172.07,False,False,False,False,False,False,False,0.0,20.342415,-17.404137,1235
JFLL11,JFLL11,ETF,JFLL11,0.5,C,0.5,C,1.0,Fraco,52.01,55.11,59.17,59.41,129244.85,False,0.0,False,0.0,False,0.0,False,0.0,False,0.0,False,False,4.79,56.51,False,False,False,False,False,False,False,0.0,4.7196,999.0,1236
HIGH11,HIGH11,ETF,HIGH11,0.5,C,0.5,C,1.0,Fraco,71.89,79.88,90.95,92.36,454272.91,False,0.0,False,0.0,False,0.0,False,0.0,False,0.0,False,False,0.31,83.76,False,False,False,False,False,False,False,0.0,9.418646,999.0,1237
PTBL3,PBG S/A,BR_STOCK,PTBL3,0.5,C,0.5,C,0.0,Fraco,1.38,1.64,2.36,2.61,1360542.0,False,0.0,False,0.0,False,0.0,False,0.0,False,0.0,False,False,1.75,1.8,False,False,False,False,False,False,False,-440.308,999.0,-1.872456,1238
GFSA3,GAFISA S.A.,BR_STOCK,GFSA3,0.5,C,0.5,C,0.0,Fraco,0.22,0.63,1.62,2.54,176506.0,False,0.0,False,0.0,False,0.0,False,0.0,False,0.0,False,False,0.27,0.44,False,False,False,False,False,False,False,-34.651002,999.0,0.0035175236,1239
MDIA3,M.DIAS BRANCO S.A. IND COM DE ALIMENTOS,BR_STOCK,MDIA3,0.5,C,0.5,C,2.0,Fraco,16.96,17.48,20.95,21.92,13111775.29,False,0.0,False,0.0,False,0.0,False,0.0,False,0.0,False,False,0.98,17.89,False,False,False,False,False,False,False,7.809000000000001,8.828126,0.67990375,1240
POSI3,POSITIVO TECNOLOGIA S.A.,BR_STOCK,POSI3,0.5,C,0.5,C,2.0,Fraco,3.38,3.7,4.05,4.06,2487680.08,False,0.0,False,0.0,False,0.0,False,0.0,False,0.0,False,False,0.92,3.74,False,False,False,False,False,False,False,0.815,47.85714,0.29956183,1241
VULC3,VULCABRAS S.A.,BR_STOCK,VULC3,0.5,C,0.5,C,4.0,Forte,13.51,14.12,15.95,16.82,8858507.15,False,0.0,False,0.0,False,0.0,False,0.0,False,0.0,False,False,0.56,14.5,False,False,False,False,False,False,False,37.129003,4.444079,1.6934068,1242
HBRE3,HBR REALTY EMPREENDIMENTOS IMOBILIARIOS S/A,BR_STOCK,HBRE3,0.5,C,0.5,C,3.0,OK,2.16,2.31,2.87,3.13,1414152.06,False,0.0,False,0.0,False,0.0,False,0.0,False,0.0,False,False,1.62,2.28,False,False,False,False,False,False,False,3.977,6.171429,0.12474013,1243
RSUL4,METALURGICA RIOSULENSE S.A.,BR_STOCK,RSUL4,0.5,C,0.5,C,3.0,OK,41.0,48.83,58.84,60.47,155800.0,False,0.0,False,0.0,False,0.0,False,0.0,False,0.0,False,False,1.5,44.5,False,False,False,False,False,False,False,23.319000000000003,3.9651837,0.866368,1244
R2BL34,R2BL34,BDR,RBLX (BDR: R2BL34),0.5,C,0.5,C,1.0,Fraco,38.64,46.77,54.31,63.42,297572083.54,False,0.0,False,0.0,False,0.0,False,0.0,False,0.0,False,False,0.59,51.05,False,False,False,False,False,False,False,-432.27500000000003,999.0,181.38496,1245
VITT3,VITTIA S.A.,BR_STOCK,VITT3,0.5,C,0.5,C,2.0,Fraco,3.2,3.21,3.56,3.71,382720.01,False,0.0,False,0.0,False,0.0,False,0.0,False,0.0,False,False,0.4,3.45,False,False,False,False,False,False,False,9.7720005,8.621622,0.80677795,1246
CSUD3,CSU DIGITAL S.A.,BR_STOCK,CSUD3,0.5,C,0.5,C,4.0,Forte,12.9,14.46,16.69,16.75,1008779.97,False,0.0,False,0.0,False,0.0,False,0.0,False,0.0,False,False,1.49,14.79,False,False,False,False,False,False,False,19.944,5.4201674,1.0861329,1247
ESPA3,MPM CORPÓREOS S.A.,BR_STOCK,ESPA3,0.5,C,0.5,C,1.0,Fraco,6.77,7.37,9.15,9.43,365580.0,False,0.0,False,0.0,False,0.0,False,0.0,False,0.0,False,False,0.35,8.5,False,False,False,False,False,False,False,0.56800004,32.428574,0.28303063,1248
APXM11,APXM11,ETF,APXM11,0.5,C,0.5,C,0.0,Fraco,42.15,62.06,71.46,72.6,171466.21,False,0.0,False,0.0,False,0.0,False,0.0,False,0.0,False,False,0.91,66.35,False,False,False,False,False,False,False,0.0,999.0,999.0,1249
GPRO34,GPRO34,BDR,GPRO (BDR: GPRO34),0.5,C,0.5,C,0.0,Fraco,0.62,0.71,0.92,1.09,2997079.18,False,0.0,False,0.0,False,0.0,False,0.0,False,0.0,False,False,0.61,0.79,False,False,False,False,False,False,False,-497.152,999.0,-3.4166665,1250
M2PT34,M2PT34,BDR,MPT (BDR: M2PT34),0.5,C,0.5,C,1.0,Fraco,4.11,4.56,4.85,4.88,18351501.11,False,0.0,False,0.0,False,0.0,False,0.0,False,0.0,False,False,0.44,4.93,False,False,False,False,False,False,False,-0.622,999.0,0.5359726,1251
L1UL34,L1UL34,BDR,LULU (BDR: L1UL34),0.5,C,0.5,C,4.0,Forte,115.94,117.59,144.04,155.49,305267531.62,False,0.0,False,0.0,False,0.0,False,0.0,False,0.0,False,False,0.99,128.86,False,False,False,False,False,False,False,32.027,9.367611,2.7432244,1252
IFCM3,INFRACOMMERCE CXAAS S.A.,BR_STOCK,IFCM3,0.5,C,0.5,C,0.0,Fraco,1.89,2.15,3.25,4.44,52731.0,False,0.0,False,0.0,False,0.0,False,0.0,False,0.0,False,False,0.19,2.35,False,False,False,False,False,False,False,0.0,999.0,0.32136106,1253
VGHF11,VGHF11,ETF,VGHF11,0.5,C,0.5,C,1.0,Fraco,5.03,5.68,6.24,6.35,1705864.21,False,0.0,False,0.0,False,0.0,False,0.0,False,0.0,False,False,0.59,5.87,False,False,False,False,False,False,False,0.0,9.127273,999.0,1254
AALR3,ALLIANÇA SAÚDE E PARTICIPAÇÕES S.A.,BR_STOCK,AALR3,0.5,C,0.5,C,0.0,Fraco,3.07,3.17,3.61,3.92,77978.0,False,0.0,False,0.0,False,0.0,False,0.0,False,0.0,False,False,0.7,3.42,False,False,False,False,False,False,False,-307.42699999999996,999.0,-1.69045,1255
VSTE3,VESTE S.A. ESTILO,BR_STOCK,VSTE3,0.5,C,0.5,C,1.0,Fraco,2.47,3.16,3.55,3.72,52858.0,False,0.0,False,0.0,False,0.0,False,0.0,False,0.0,False,False,0.52,3.15,False,False,False,False,False,False,False,0.0,6.02439,0.26220807,1256
BRKM3,BRASKEM S.A.,BR_STOCK,BRKM3,0.5,C,0.5,C,1.0,Fraco,4.16,5.45,7.56,7.63,53248.0,False,0.0,False,0.0,False,0.0,False,0.0,False,0.0,False,False,0.27,5.21,False,False,False,False,False,False,False,0.0,999.0,-0.2632578,1257
CRPG5,TRONOX PIGMENTOS DO BRASIL S.A.,BR_STOCK,CRPG5,0.5,C,0.5,C,2.0,Fraco,9.85,12.69,16.19,16.98,67965.0,False,0.0,False,0.0,False,0.0,False,0.0,False,0.0,False,False,1.39,12.3,False,False,False,False,False,False,False,-21.663,999.0,0.55160445,1258
MFII11,MFII11,ETF,MFII11,0.5,C,0.5,C,2.0,Fraco,30.6,44.27,57.85,60.32,382683.6,False,0.0,False,0.0,False,0.0,False,0.0,False,0.0,False,False,0.38,52.15,False,False,False,False,False,False,False,11.484,2.9499037,0.30772325,1259
RBRP11,RBRP11,ETF,RBRP11,0.5,C,0.5,C,0.0,Fraco,41.98,45.89,49.13,49.26,568157.31,False,0.0,False,0.0,False,0.0,False,0.0,False,0.0,False,False,0.57,46.98,False,False,False,False,False,False,False,0.0,999.0,999.0,1260
TRXY11,TRXY11,ETF,TRXY11,0.5,C,0.5,C,1.0,Fraco,7.35,7.98,8.41,8.41,89074.65,False,0.0,False,0.0,False,0.0,False,0.0,False,0.0,False,False,0.8,8.0,False,False,False,False,False,False,False,0.0,14.7,999.0,1261
GZIT11,GZIT11,ETF,GZIT11,0.5,C,0.5,C,1.0,Fraco,36.77,40.5,42.11,42.12,393144.84,False,0.0,False,0.0,False,0.0,False,0.0,False,0.0,False,False,1.2,43.8,False,False,False,False,False,False,False,0.0,8.668236,999.0,1262
BPAC3,BCO BTG PACTUAL S.A.,BR_STOCK,BPAC3,0.5,C,0.5,C,4.0,Forte,20.8,22.08,29.79,30.15,131040.0,False,0.0,False,0.0,False,0.0,False,0.0,False,0.0,False,False,0.39,23.14,False,False,False,False,False,False,False,24.406,13.1645565,1.2463299,1263
MELK3,MELNICK DESENVOLVIMENTO IMOBILIÁRIO S.A.,BR_STOCK,MELK3,0.5,C,0.5,C,4.0,Forte,2.73,3.02,3.35,3.39,1461642.01,False,0.0,False,0.0,False,0.0,False,0.0,False,0.0,False,False,1.2,2.97,False,False,False,False,False,False,False,13.383999999999999,4.875,0.52896726,1264
VVEO3,CM HOSPITALAR S.A.,BR_STOCK,VVEO3,0.5,C,0.5,C,2.0,Fraco,0.64,0.77,1.19,1.26,341375.99,False,0.0,False,0.0,False,0.0,False,0.0,False,0.0,False,False,0.67,0.74,False,False,False,False,False,False,False,1.076,3.611111,0.10915197,1265
PLPL3,PLANO & PLANO DESENVOLVIMENTO IMOBILIÁRIO S.A.,BR_STOCK,PLPL3,0.5,C,0.5,C,3.0,OK,6.76,7.74,11.2,12.0,3675412.12,False,0.0,False,0.0,False,0.0,False,0.0,False,0.0,False,False,0.4,7.97,False,False,False,False,False,False,False,37.973,4.4407897,1.28694,1266
MYPK3,IOCHPE MAXION S.A.,BR_STOCK,MYPK3,0.5,C,0.5,C,2.0,Fraco,8.99,9.19,9.57,9.73,4023923.9,False,0.0,False,0.0,False,0.0,False,0.0,False,0.0,False,False,0.51,9.76,False,False,False,False,False,False,False,4.9039997,14.737704,0.32873806,1267
TFCO4,TRACK & FIELD CO S.A.,BR_STOCK,TFCO4,0.5,C,0.5,C,4.0,Forte,12.75,14.55,15.33,15.63,5437875.0,False,0.0,False,0.0,False,0.0,False,0.0,False,0.0,False,False,0.74,15.18,False,False,False,False,False,False,False,26.393,13.847826,3.2860458,1268
N1RG34,N1RG34,BDR,NRG (BDR: N1RG34),0.5,C,0.5,C,2.0,Fraco,115.29,131.61,144.82,148.78,234088161.27,False,0.0,False,0.0,False,0.0,False,0.0,False,0.0,False,False,0.88,143.68,False,False,False,False,False,False,False,23.772,30.120106,5.769731,1269
I1DX34,I1DX34,BDR,IDXX (BDR: I1DX34),0.5,C,0.5,C,4.0,Forte,546.24,560.0,585.41,615.93,216084346.54,False,0.0,False,0.0,False,0.0,False,0.0,False,0.0,False,False,0.71,624.15,False,False,False,False,False,False,False,74.211,38.386776,26.698948,1270
T1EL34,T1EL34,BDR,TEL (BDR: T1EL34),0.5,C,0.5,C,5.0,Forte,200.28,206.49,212.78,217.48,216191243.28,False,0.0,False,0.0,False,0.0,False,0.0,False,0.0,False,False,0.62,221.98,False,False,False,False,False,False,False,23.290001,19.626713,4.3906097,1271
BIPC39,ISHARES CORE MSCI PACIFIC ETF,BDR,BIPC (BDR: BIPC39),0.5,C,0.5,C,2.0,Fraco,39.69,40.04,41.96,42.57,15591580.92,False,0.0,False,0.0,False,0.0,False,0.0,False,0.0,False,False,0.41,45.23,False,False,False,False,False,False,False,17.157,999.0,-3.1621404,1272
P2OD34,P2OD34,BDR,PODD (BDR: P2OD34),0.5,C,0.5,C,4.0,Forte,146.9,154.49,191.43,220.01,125491979.25,False,0.0,False,0.0,False,0.0,False,0.0,False,0.0,False,False,0.53,172.92,False,False,False,False,False,False,False,26.016000000000002,27.555347,7.1619444,1273
SBFG3,GRUPO SBF SA,BR_STOCK,SBFG3,0.5,C,0.5,C,4.0,Forte,7.95,9.67,11.09,11.53,18246044.56,False,0.0,False,0.0,False,0.0,False,0.0,False,0.0,False,False,0.83,9.98,False,False,False,False,False,False,False,13.703999999999999,4.4166665,0.53596705,1274
AZZA3,AZZAS 2154 S.A.,BR_STOCK,AZZA3,0.5,C,0.5,C,3.0,OK,15.02,17.3,21.44,22.4,30945706.94,False,0.0,False,0.0,False,0.0,False,0.0,False,0.0,False,False,0.69,17.71,False,False,False,False,False,False,False,3.9579999999999997,3.0100203,0.017521737,1275
QUAL3,QUALICORP CONSULTORIA E CORRETORA DE SEGUROS S.A.,BR_STOCK,QUAL3,0.5,C,0.5,C,1.0,Fraco,1.59,1.64,1.89,1.99,2927985.06,False,0.0,False,0.0,False,0.0,False,0.0,False,0.0,False,False,0.6,1.73,False,False,False,False,False,False,False,0.874,80.0,0.34926873,1276
AMBP3,AMBIPAR PARTICIPACOES E EMPREENDIMENTOS S/A,BR_STOCK,AMBP3,0.5,C,0.5,C,1.0,Fraco,0.15,0.16,0.21,0.23,252900.01,False,0.0,False,0.0,False,0.0,False,0.0,False,0.0,False,False,0.43,0.17,False,False,False,False,False,False,False,-1.345,999.0,0.22865854,1277
KEPL3,KEPLER WEBER S.A.,BR_STOCK,KEPL3,0.5,C,0.5,C,3.0,OK,5.83,6.35,7.71,8.19,9722107.87,False,0.0,False,0.0,False,0.0,False,0.0,False,0.0,False,False,1.11,6.54,False,False,False,False,False,False,False,18.312,7.2098765,1.2684622,1278
RAPT4,RANDONCORP S.A.,BR_STOCK,RAPT4,0.5,C,0.5,C,0.0,Fraco,4.56,4.72,5.37,5.54,6384455.92,False,0.0,False,0.0,False,0.0,False,0.0,False,0.0,False,False,0.6,5.24,False,False,False,False,False,False,False,-2.5209999,999.0,0.5126767,1279
AZTE3,AZEVEDO & TRAVASSOS ENERGIA S.A.,BR_STOCK,AZTE3,0.5,C,0.5,C,2.0,Fraco,1.24,1.49,2.54,2.91,1846856.01,False,0.0,False,0.0,False,0.0,False,0.0,False,0.0,False,False,1.49,1.98,False,False,False,False,False,False,False,-3.94,999.0,0.16680339,1280
LKFT34,LKFT34,BDR,LKFT (BDR: LKFT34),0.5,C,0.5,C,3.0,OK,28.32,28.65,30.07,30.53,6034425.53,False,0.0,False,0.0,False,0.0,False,0.0,False,0.0,False,False,0.7,29.91,False,False,False,False,False,False,False,20.121,2.7052631,9.893226,1281
BBIG11,BBIG11,ETF,BBIG11,0.5,C,0.5,C,1.0,Fraco,4.58,5.57,6.44,6.48,842916.93,False,0.0,False,0.0,False,0.0,False,0.0,False,0.0,False,False,0.68,5.63,False,False,False,False,False,False,False,0.0,2.742515,999.0,1282
URPR11,URPR11,ETF,URPR11,0.5,C,0.5,C,1.0,Fraco,19.26,20.02,28.11,29.16,254309.04,False,0.0,False,0.0,False,0.0,False,0.0,False,0.0,False,False,0.36,20.76,False,False,False,False,False,False,False,0.0,1.7820867,999.0,1283
PSEC11,PSEC11,ETF,PSEC11,0.5,C,0.5,C,0.0,Fraco,49.06,54.42,56.94,57.1,1628693.93,False,0.0,False,0.0,False,0.0,False,0.0,False,0.0,False,False,0.73,55.32,False,False,False,False,False,False,False,0.0,43.04386,999.0,1284
DEVA11,DEVA11,ETF,DEVA11,0.5,C,0.5,C,1.0,Fraco,16.87,17.54,20.3,20.71,452234.11,False,0.0,False,0.0,False,0.0,False,0.0,False,0.0,False,False,0.97,18.79,False,False,False,False,False,False,False,0.0,14.2627125,999.0,1285
VIUR11,VIUR11,ETF,VIUR11,0.5,C,0.5,C,0.0,Fraco,2.25,2.29,3.57,4.02,58819.5,False,0.0,False,0.0,False,0.0,False,0.0,False,0.0,False,False,0.61,2.45,False,False,False,False,False,False,False,0.0,45.0,999.0,1286
VGRI11,VGRI11,ETF,VGRI11,0.5,C,0.5,C,0.0,Fraco,5.32,5.43,6.58,6.74,125456.24,False,0.0,False,0.0,False,0.0,False,0.0,False,0.0,False,False,0.65,5.81,False,False,False,False,False,False,False,0.0,999.0,999.0,1287
ENMT3,ENERGISA MATO GROSSO-DISTRIBUIDORA DE ENERGIA S/A,BR_STOCK,ENMT3,0.5,C,0.5,C,2.0,Fraco,33.39,36.44,43.96,46.16,86814.0,False,0.0,False,0.0,False,0.0,False,0.0,False,0.0,False,False,3.21,38.78,False,False,False,False,False,False,False,14.147000000000002,13.573171,1.8589244,1288
ENMT4,ENERGISA MATO GROSSO-DISTRIBUIDORA DE ENERGIA S/A,BR_STOCK,ENMT4,0.5,C,0.5,C,2.0,Fraco,33.49,36.69,44.96,47.1,73678.0,False,0.0,False,0.0,False,0.0,False,0.0,False,0.0,False,False,5.24,39.37,False,False,False,False,False,False,False,14.147000000000002,13.613822,1.8644918,1289
TRXF11,TRXF11,ETF,TRXF11,0.5,C,0.5,C,1.0,Fraco,74.33,88.53,88.54,89.39,56617088.06,False,0.0,False,0.0,False,0.0,False,0.0,False,0.0,False,False,1.57,91.9,False,False,False,False,False,False,False,0.0,5.8906493,999.0,1290
ECOR3,ECORODOVIAS INFRAESTRUTURA E LOGÍSTICA S.A.,BR_STOCK,ECOR3,0.5,C,0.5,C,0.0,Fraco,6.23,6.99,8.42,8.74,34344744.11,False,0.0,False,0.0,False,0.0,False,0.0,False,0.0,False,False,1.14,7.44,False,False,False,False,False,False,False,0.0,0.0,0.0,1291
YDUQ3,YDUQS PARTICIPACOES S.A.,BR_STOCK,YDUQ3,0.5,C,0.5,C,0.0,Fraco,7.47,8.29,10.44,10.95,37401541.95,False,0.0,False,0.0,False,0.0,False,0.0,False,0.0,False,False,1.13,8.53,False,False,False,False,False,False,False,0.0,0.0,0.0,1292
C1RH34,C1RH34,BDR,CRH (BDR: C1RH34),0.5,C,0.5,C,5.0,Forte,93.46,102.61,108.99,111.63,349106555.26,False,0.0,False,0.0,False,0.0,False,0.0,False,0.0,False,False,0.83,103.86,False,False,False,False,False,False,False,15.812000000000001,16.452297,2.57993,1293
F2IC34,F2IC34,BDR,FICO (BDR: F2IC34),0.5,C,0.5,C,2.0,Fraco,1151.38,1174.17,1206.83,1337.33,230734398.62,False,0.0,False,0.0,False,0.0,False,0.0,False,0.0,False,False,0.64,1410.17,False,False,False,False,False,False,False,0.0,33.32203,-6.05986,1294
WUNI34,WUNI34,BDR,WU (BDR: WUNI34),0.5,C,0.5,C,2.0,Fraco,7.3,7.58,8.34,8.38,36837428.06,False,0.0,False,0.0,False,0.0,False,0.0,False,0.0,False,False,0.6,8.47,False,False,False,False,False,False,False,43.974999999999994,5.891129,2.5085852,1295
R1OL34,R1OL34,BDR,ROL (BDR: R1OL34),0.5,C,0.5,C,4.0,Forte,36.42,41.4,50.99,53.05,84909185.37,False,0.0,False,0.0,False,0.0,False,0.0,False,0.0,False,False,0.47,39.96,False,False,False,False,False,False,False,37.008998,33.063633,12.24167,1296
B1IL34,B1IL34,BDR,BILI (BDR: B1IL34),0.5,C,0.5,C,2.0,Fraco,16.7,17.73,22.65,23.61,52660312.81,False,0.0,False,0.0,False,0.0,False,0.0,False,0.0,False,False,1.4,19.47,False,False,False,False,False,False,False,9.361,33.32,3.0130062,1297
TGAR11,TGAR11,ETF,TGAR11,0.5,C,0.5,C,0.0,Fraco,43.06,50.13,63.11,67.57,4657714.23,False,0.0,False,0.0,False,0.0,False,0.0,False,0.0,False,False,1.42,51.15,False,False,False,False,False,False,False,0.0,999.0,999.0,1298
CACR11,CACR11,ETF,CACR11,0.5,C,0.5,C,1.0,Fraco,18.93,19.34,50.45,55.55,1564507.74,False,0.0,False,0.0,False,0.0,False,0.0,False,0.0,False,True,3.16,17.25,False,False,False,False,False,False,False,0.0,2.0779364,999.0,1299
TORD11,TORD11,ETF,TORD11,0.5,C,0.5,C,0.0,Fraco,1.03,1.13,1.38,1.58,76118.03,False,0.0,False,0.0,False,0.0,False,0.0,False,0.0,False,False,6.11,1.48,False,False,False,False,False,False,False,0.0,999.0,999.0,1300
CNES11,CNES11,ETF,CNES11,0.5,C,0.5,C,0.0,Fraco,1.37,1.4,1.53,1.57,81099.89,False,0.0,False,0.0,False,0.0,False,0.0,False,0.0,False,False,2.48,1.47,False,False,False,False,False,False,False,0.0,999.0,999.0,1301
A1PP34,A1PP34,BDR,APP (BDR: A1PP34),0.5,C,0.5,C,3.0,OK,309.18,431.0,456.36,501.81,1092311271.52,False,0.0,False,0.0,False,0.0,False,0.0,False,0.0,False,False,0.47,437.79,False,False,False,False,False,False,False,203.68599999999998,23.715052,32.72949,1302
HCTR11,HCTR11,ETF,HCTR11,0.5,C,0.5,C,0.0,Fraco,13.86,15.61,17.58,17.78,662009.02,False,0.0,False,0.0,False,0.0,False,0.0,False,0.0,False,False,0.97,16.42,False,False,False,False,False,False,False,0.0,999.0,999.0,1303
PVBI11,PVBI11,ETF,PVBI11,0.5,C,0.5,C,1.0,Fraco,64.85,70.03,74.13,74.6,2656061.39,False,0.0,False,0.0,False,0.0,False,0.0,False,0.0,False,False,0.7,71.91,False,False,False,False,False,False,False,0.0,6.9093814,999.0,1304
I1SR34,I1SR34,BDR,ISRG (BDR: I1SR34),0.5,C,0.5,C,3.0,OK,375.11,388.97,443.57,473.98,1096378045.96,False,0.0,False,0.0,False,0.0,False,0.0,False,0.0,False,False,1.1,405.34,False,False,False,False,False,False,False,17.423001,42.99426,7.2944016,1305
CXTL11,CXTL11,ETF,CXTL11,0.5,C,0.5,C,0.0,Fraco,183.99,258.31,308.8,311.21,50045.28,False,0.0,False,0.0,False,0.0,False,0.0,False,0.0,False,False,0.11,235.0,False,False,False,False,False,False,False,-9.611,999.0,0.3758695,1306
INBR32,INTER CO INC,BDR,INTR (BDR: INBR32),0.5,C,0.5,C,4.0,Forte,5.22,5.49,7.09,7.47,13297264.75,False,0.0,False,0.0,False,0.0,False,0.0,False,0.0,False,False,0.35,5.86,False,False,False,False,False,False,False,16.198999,7.878787,1.1099123,1307
HGIC11,HGIC11,ETF,HGIC11,0.5,C,0.5,C,1.0,Fraco,50.05,53.16,57.4,57.97,92142.05,False,0.0,False,0.0,False,0.0,False,0.0,False,0.0,False,False,24.81,53.52,False,False,False,False,False,False,False,0.0,6.754386,999.0,1308
V1ST34,V1ST34,BDR,VST (BDR: V1ST34),0.5,C,0.5,C,1.0,Fraco,139.18,153.37,156.23,159.79,414939567.39,False,0.0,False,0.0,False,0.0,False,0.0,False,0.0,False,False,0.7,169.76,False,False,False,False,False,False,False,42.962002999999996,23.392256,15.530346,1309
C1AB34,C1AB34,BDR,CABO (BDR: C1AB34),0.5,C,0.5,C,0.0,Fraco,26.61,40.97,71.17,82.83,10620422.89,False,0.0,False,0.0,False,0.0,False,0.0,False,0.0,False,False,1.63,45.57,False,False,False,False,False,False,False,-126.20599999999999,999.0,0.45455337,1310
T2TD34,T2TD34,BDR,TTD (BDR: T2TD34),0.5,C,0.5,C,4.0,Forte,13.36,17.62,22.39,26.72,149071683.84,False,0.0,False,0.0,False,0.0,False,0.0,False,0.0,False,False,0.25,19.55,False,False,False,False,False,False,False,15.440999999999999,15.857143,2.5571127,1311
BIDU34,BIDU34,BDR,BIDU (BDR: BIDU34),0.5,C,0.5,C,1.0,Fraco,92.09,109.37,123.48,124.32,313509341.73,False,0.0,False,0.0,False,0.0,False,0.0,False,0.0,False,False,0.88,114.45,False,False,False,False,False,False,False,-1.39,999.0,0.774872,1312
Z1TS34,Z1TS34,BDR,ZTS (BDR: Z1TS34),0.5,C,0.5,C,3.0,OK,75.3,75.74,98.85,104.47,211168090.66,False,0.0,False,0.0,False,0.0,False,0.0,False,0.0,False,False,0.35,80.17,False,False,False,False,False,False,False,64.911,12.238173,9.570098,1313
M1TA34,M1TA34,BDR,META (BDR: M1TA34),0.5,C,0.5,C,3.0,OK,547.12,593.41,618.93,623.8,5701712000.39,False,0.0,False,0.0,False,0.0,False,0.0,False,0.0,False,False,0.7,614.65,False,False,False,False,False,False,False,29.848000000000003,20.566315,5.3241324,1314
CEAB3,CEA MODAS S.A.,BR_STOCK,CEAB3,0.5,C,0.5,C,0.0,Fraco,7.27,9.72,11.17,11.95,89498061.77,False,0.0,False,0.0,False,0.0,False,0.0,False,0.0,False,False,1.26,10.03,False,False,False,False,False,False,False,0.0,0.0,0.0,1315
A1LN34,A1LN34,BDR,ALNY (BDR: A1LN34),0.5,C,0.5,C,2.0,Fraco,229.54,267.75,301.81,332.02,314570924.06,False,0.0,False,0.0,False,0.0,False,0.0,False,0.0,False,False,0.83,290.6,False,False,False,False,False,False,False,96.555,39.87826,22.646914,1316
MGLU3,MAGAZINE LUIZA S.A.,BR_STOCK,MGLU3,0.5,C,0.5,C,0.0,Fraco,3.81,4.64,7.23,7.66,128229358.07,False,0.0,False,0.0,False,0.0,False,0.0,False,0.0,False,False,1.35,5.27,False,False,False,False,False,False,False,0.0,0.0,0.0,1317
CSAN3,COSAN S.A.,BR_STOCK,CSAN3,0.5,C,0.5,C,0.0,Fraco,3.32,3.69,4.74,5.01,124116205.5,False,0.0,False,0.0,False,0.0,False,0.0,False,0.0,False,False,1.02,4.19,False,False,False,False,False,False,False,0.0,0.0,0.0,1318
CSNA3,CIA SIDERURGICA NACIONAL,BR_STOCK,CSNA3,0.5,C,0.5,C,0.0,Fraco,4.5,4.99,6.63,7.24,67712400.0,False,0.0,False,0.0,False,0.0,False,0.0,False,0.0,False,False,1.01,5.87,False,False,False,False,False,False,False,0.0,0.0,0.0,1319
HAPV3,HAPVIDA PARTICIPACOES E INVESTIMENTOS SA,BR_STOCK,HAPV3,0.5,C,0.5,C,0.0,Fraco,6.12,10.15,11.08,12.94,95247394.22,False,0.0,False,0.0,False,0.0,False,0.0,False,0.0,False,False,1.09,12.2,False,False,False,False,False,False,False,0.0,0.0,0.0,1320
