ticker,name,category,display,technical_score,technical_tier,technical_score_weekly,technical_tier_weekly,fundamental_score,fundamental_tag,price,sma50,sma150,sma200,volume_financeiro,vcp,vcp_conf,wedge_or_trend,wedge_or_trend_conf,rasb_trend,rasb_trend_conf,wedge,wedge_conf,cup_handle,cup_handle_conf,pre_breakout,breakout,breakout_vol_ratio,breakout_resistance,vcp_weekly,wedge_or_trend_weekly,rasb_trend_weekly,wedge_weekly,cup_handle_weekly,pre_breakout_weekly,breakout_weekly,roe,pl,pvp,rank
CSMG3,CIA SANEAMENTO DE MINAS GERAIS-COPASA MG,BR_STOCK,CSMG3,17.12,S,2.0,C,0.0,Fraco,62.8,55.85,52.08,47.75,219862797.33,False,0.0,False,0.0,True,0.75,False,0.0,True,1.0,True,False,0.77,63.69,False,False,False,False,False,True,False,0.0,0.0,0.0,1
OPCT3,OCEANPACT SERVICOS MARITIMOS S.A.,BR_STOCK,OPCT3,16.45,S,2.0,C,3.0,OK,10.58,10.24,9.42,8.98,7702239.94,False,0.0,False,0.0,True,0.7,False,0.0,True,0.8,True,False,0.99,10.74,False,False,False,False,False,True,False,12.485,17.344261,2.102126,2
DVAI34,DVAI34,BDR,DVA (BDR: DVAI34),16.39,S,2.0,C,3.0,OK,230.72,197.69,155.18,147.69,142937731.64,True,0.53,False,0.0,True,0.8,False,0.0,False,0.0,True,False,0.68,239.64,False,False,False,False,False,True,False,80.981004,22.22736,-20.212002,3
MILS3,MILLS LOCAÇÃO. SERVIÇOS E LOGÍSTICA S.A,BR_STOCK,MILS3,16.38,S,2.0,C,4.0,Forte,15.35,14.4,13.37,12.78,7592110.19,False,0.0,False,0.0,True,0.75,False,0.0,True,0.7,True,False,0.5,15.65,False,False,False,False,False,True,False,26.311,8.527779,1.963669,4
I1XC34,I1XC34,BDR,IX (BDR: I1XC34),15.43,S,2.0,C,2.0,Fraco,39.36,37.51,33.11,31.23,10035540.64,False,0.0,False,0.0,True,0.8,False,0.0,True,0.85,True,False,0.91,40.63,False,False,False,False,False,True,False,10.418,15.935223,1.5589023,5
FNAM11,FNAM11,ETF,FNAM11,15.3,S,0.5,C,0.0,Fraco,0.35,0.01,0.0,0.0,921199.98,False,0.0,False,0.0,True,0.8,False,0.0,False,0.0,True,False,0.21,0.0,False,False,False,False,False,False,False,0.0,999.0,999.0,6
B2AP34,B2AP34,BDR,BAP (BDR: B2AP34),14.8,S,2.0,C,4.0,Forte,381.47,342.94,320.35,301.94,92955465.49,False,0.0,False,0.0,True,0.8,False,0.0,False,0.0,True,False,0.7,399.38,False,False,False,False,False,True,False,19.148001,14.643763,2.6323824,7
A2RR34,A2RR34,BDR,ARWR (BDR: A2RR34),14.8,S,2.0,C,0.0,Fraco,85.74,77.2,68.88,61.31,138385899.87,False,0.0,False,0.0,True,0.8,False,0.0,False,0.0,True,False,0.43,87.83,False,False,False,False,False,True,False,-42.374,999.0,19.62912,8
O1UT34,O1UT34,BDR,OUT (BDR: O1UT34),14.8,S,0.5,C,2.0,Fraco,33.18,31.91,27.89,25.59,33568339.03,False,0.0,False,0.0,True,0.8,False,0.0,False,0.0,True,False,0.44,33.59,False,False,False,False,False,False,False,26.812,31.009344,8.826816,9
O1KT34,O1KT34,BDR,OKTA (BDR: O1KT34),14.8,S,2.0,C,3.0,OK,146.77,106.1,90.34,89.7,546293219.98,False,0.0,False,0.0,True,0.8,False,0.0,False,0.0,True,False,1.14,153.2,False,False,False,False,False,True,False,3.6679998,106.35508,3.7303343,10
J2AZ34,J2AZ34,BDR,JAZZ (BDR: J2AZ34),14.8,S,2.0,C,1.0,Fraco,248.25,229.3,194.43,181.55,211502297.25,False,0.0,False,0.0,True,0.8,False,0.0,False,0.0,True,False,0.99,249.64,False,False,False,False,False,True,False,0.676,2482.5,3.4343224,11
K1BF34,K1BF34,BDR,KB (BDR: K1BF34),14.8,S,2.0,C,3.0,OK,116.74,106.0,100.89,96.43,45722270.82,False,0.0,False,0.0,True,0.8,False,0.0,False,0.0,True,False,0.99,116.16,False,False,False,False,False,True,False,9.991,11.225,4.524251,12
CVSH34,CVSH34,BDR,CVS (BDR: CVSH34),14.8,S,2.0,C,2.0,Fraco,104.47,94.97,82.6,81.17,397183452.94,False,0.0,False,0.0,True,0.8,False,0.0,False,0.0,True,False,0.56,106.15,False,False,False,False,False,True,False,3.7520003,45.820175,1.7169858,13
N1BI34,N1BI34,BDR,NBIX (BDR: N1BI34),14.8,S,2.0,C,4.0,Forte,178.24,156.96,142.98,142.92,205970407.31,False,0.0,False,0.0,True,0.8,False,0.0,False,0.0,True,False,0.98,178.75,False,False,False,False,False,True,False,22.5,27.463793,5.262319,14
D2NL34,D2NL34,BDR,DNLI (BDR: D2NL34),14.8,S,2.0,C,1.0,Fraco,26.69,21.29,20.05,19.04,34164588.56,False,0.0,False,0.0,True,0.8,False,0.0,False,0.0,True,False,0.62,26.8,False,False,False,False,False,True,False,-49.592000000000006,999.0,4.5725546,15
S1TT34,S1TT34,BDR,STT (BDR: S1TT34),14.8,S,2.0,C,1.0,Fraco,177.42,159.89,138.96,132.58,441136196.35,False,0.0,False,0.0,True,0.8,False,0.0,False,0.0,True,False,1.03,180.86,False,False,False,False,False,True,False,11.261000000000001,18.030487,2.0391228,16
G1WW34,G1WW34,BDR,GWW (BDR: G1WW34),14.8,S,2.0,C,4.0,Forte,1349.74,1272.73,1143.62,1094.91,141805033.11,False,0.0,False,0.0,True,0.8,False,0.0,False,0.0,True,False,0.25,1390.96,False,False,False,False,False,True,False,46.129,36.31262,16.219913,17
C1NC34,C1NC34,BDR,CNC (BDR: C1NC34),14.8,S,2.0,C,3.0,OK,67.09,60.17,46.8,44.09,274905285.39,False,0.0,False,0.0,True,0.8,False,0.0,False,0.0,True,False,0.8,69.29,False,False,False,False,False,True,False,-26.044,999.0,1.5460305,18
L1YG34,L1YG34,BDR,LYG (BDR: L1YG34),14.78,S,2.0,C,3.0,OK,5.9,5.47,5.36,5.15,110480056.49,False,0.0,False,0.0,True,0.65,False,0.0,True,0.8,True,False,0.92,6.18,False,False,False,False,False,True,False,10.784,14.75,1.3425398,19
EBAY34,EBAY34,BDR,EBAY (BDR: EBAY34),14.75,S,2.0,C,3.0,OK,115.25,109.7,96.41,94.23,268101580.25,False,0.0,False,0.0,True,0.75,False,0.0,True,0.65,True,False,0.83,115.98,False,False,False,False,False,True,False,42.875,26.67824,11.650828,20
COLG34,COLG34,BDR,CL (BDR: COLG34),14.72,S,0.5,C,2.0,Fraco,93.04,89.26,86.63,84.32,293856794.57,False,0.0,False,0.0,True,0.6,False,0.0,True,0.85,True,False,0.63,96.01,False,False,False,False,False,False,False,363.57698,36.062016,514.03314,21
AAPL34,AAPL34,BDR,AAPL (BDR: AAPL34),14.62,S,2.0,C,4.0,Forte,313.39,295.85,274.6,271.44,12054875659.58,False,0.0,False,0.0,True,0.75,False,0.0,False,0.0,True,False,0.47,317.4,False,False,False,False,False,True,False,141.47099,37.940678,43.166668,22
UBSG34,UBSG34,BDR,UBS (BDR: UBSG34),14.62,S,2.0,C,3.0,OK,51.13,47.39,43.62,42.27,114251930.33,False,0.0,False,0.0,True,0.75,False,0.0,False,0.0,True,False,1.48,52.24,False,False,False,False,False,True,False,10.16,18.326166,1.7201588,23
N1TR34,N1TR34,BDR,NTRS (BDR: N1TR34),14.62,S,2.0,C,3.0,OK,179.92,169.37,152.27,146.07,161666034.83,False,0.0,False,0.0,True,0.75,False,0.0,False,0.0,True,False,1.01,182.26,False,False,False,False,False,True,False,14.462,18.83979,2.750986,24
M1NS34,M1NS34,BDR,MNST (BDR: M1NS34),14.62,S,2.0,C,4.0,Forte,95.15,88.29,81.08,78.06,485014477.83,False,0.0,False,0.0,True,0.75,False,0.0,False,0.0,True,False,0.8,99.15,False,False,False,False,False,True,False,26.654,45.966187,10.662259,25
S1MF34,S1MF34,BDR,SMFG (BDR: S1MF34),14.62,S,2.0,C,1.0,Fraco,25.32,22.92,21.36,20.14,34692146.94,False,0.0,False,0.0,True,0.75,False,0.0,False,0.0,True,False,0.73,25.57,False,False,False,False,False,True,False,6.8720005,16.549019,1.6461428,26
CXSE3,CAIXA SEGURIDADE PARTICIPAÇÕES S.A.,BR_STOCK,CXSE3,14.62,S,2.0,C,0.0,Fraco,21.11,18.41,17.51,16.7,134648027.89,False,0.0,False,0.0,True,0.75,False,0.0,False,0.0,True,False,0.76,20.93,False,False,False,False,False,True,False,0.0,0.0,0.0,27
W1EL34,W1EL34,BDR,WELL (BDR: W1EL34),14.62,S,2.0,C,3.0,OK,233.9,215.2,203.0,197.3,582046568.61,False,0.0,False,0.0,True,0.75,False,0.0,False,0.0,True,False,0.66,239.11,False,False,False,False,False,True,False,3.665,112.99517,3.7637177,28
BCAT39,GLOBAL X S&P 500 CATHOLIC VALUES ETF,BDR,BCAT (BDR: BCAT39),14.62,S,2.0,C,1.0,Fraco,15.84,15.38,14.16,13.78,8004316.4,False,0.0,False,0.0,True,0.75,False,0.0,False,0.0,True,False,0.76,16.18,False,False,False,False,False,True,False,0.0,7.4716988,999.0,29
M1PC34,M1PC34,BDR,MPC (BDR: M1PC34),14.62,S,2.0,C,3.0,OK,280.68,253.87,217.82,210.62,517505420.58,False,0.0,False,0.0,True,0.75,False,0.0,False,0.0,True,False,0.79,272.35,False,False,False,False,False,True,False,27.458,18.490118,4.908967,30
RSSL39,GLOBAL X RUSSELL 2000 ETF,BDR,RSSL (BDR: RSSL39),14.62,S,2.0,C,1.0,Fraco,115.02,112.46,104.45,101.95,799504.0,False,0.0,False,0.0,True,0.75,False,0.0,False,0.0,True,False,0.39,118.25,False,False,False,False,False,True,False,0.0,18.162807,999.0,31
VLOE34,VLOE34,BDR,VLO (BDR: VLOE34),14.62,S,2.0,C,3.0,OK,282.88,251.26,218.34,205.5,880075055.19,False,0.0,False,0.0,True,0.75,False,0.0,False,0.0,True,False,0.94,274.92,False,False,False,False,False,True,False,15.85,20.678362,3.5189333,32
SPXR11,SPXR11,ETF,SPXR11,14.62,S,0.5,C,0.0,Fraco,72.32,71.25,66.27,65.03,26677618.45,False,0.0,False,0.0,True,0.75,False,0.0,False,0.0,True,False,1.35,73.12,False,False,False,False,False,False,False,0.0,999.0,999.0,33
M1UF34,M1UF34,BDR,MUFG (BDR: M1UF34),14.62,S,2.0,C,1.0,Fraco,21.08,19.36,18.05,17.38,86324517.97,False,0.0,False,0.0,True,0.75,False,0.0,False,0.0,True,False,1.38,21.5,False,False,False,False,False,True,False,11.911,16.091604,1.7316445,34
CBAV3,COMPANHIA BRASILEIRA DE ALUMÍNIO,BR_STOCK,CBAV3,14.62,S,2.0,C,2.0,Fraco,10.84,10.68,9.64,8.39,8166856.11,False,0.0,False,0.0,True,0.75,False,0.0,False,0.0,True,False,0.34,10.81,False,False,False,False,False,True,False,5.051,57.05263,1.5241845,35
BBSE3,BB SEGURIDADE PARTICIPAÇÕES S.A.,BR_STOCK,BBSE3,14.6,S,3.6,C,0.0,Fraco,38.75,36.26,34.8,33.78,149590500.0,False,0.0,False,0.0,True,0.6,False,0.0,True,0.8,True,False,0.68,40.12,True,False,False,False,False,True,False,0.0,0.0,0.0,36
TECN3,TECHNOS S.A.,BR_STOCK,TECN3,14.45,S,2.0,C,4.0,Forte,8.98,8.59,8.15,7.67,1330835.93,False,0.0,False,0.0,True,0.7,False,0.0,False,0.0,True,True,3.03,8.94,False,False,False,False,False,True,False,17.363999999999997,8.238531,1.2489568,37
E1TR34,E1TR34,BDR,ETR (BDR: E1TR34),14.45,S,2.0,C,2.0,Fraco,114.34,112.26,104.38,101.65,164811614.5,False,0.0,False,0.0,True,0.7,False,0.0,False,0.0,True,False,0.46,116.93,False,False,False,False,False,True,False,10.751,29.168365,3.0177624,38
H1SB34,H1SB34,BDR,HSBC (BDR: H1SB34),14.45,S,2.0,C,3.0,OK,96.09,92.35,85.05,80.52,110651666.56,False,0.0,False,0.0,True,0.7,False,0.0,False,0.0,True,False,0.93,98.78,False,False,False,False,False,True,False,11.611,15.882644,7.5564723,39
VBBR3,VIBRA ENERGIA S.A.,BR_STOCK,VBBR3,14.45,S,0.5,C,0.0,Fraco,31.65,30.55,29.05,27.16,359550325.67,False,0.0,False,0.0,True,0.7,False,0.0,False,0.0,True,True,2.02,30.9,False,False,False,False,False,False,False,0.0,0.0,0.0,40
A1SN34,A1SN34,BDR,ASND (BDR: A1SN34),14.45,S,2.0,C,2.0,Fraco,277.18,236.4,227.18,221.42,200174678.65,False,0.0,False,0.0,True,0.7,False,0.0,False,0.0,True,False,0.58,274.89,False,False,False,False,False,True,False,332.654,32.155453,30.838186,41
E1IX34,E1IX34,BDR,EIX (BDR: E1IX34),14.45,S,2.0,C,3.0,OK,74.78,70.6,66.64,63.5,86595313.37,False,0.0,False,0.0,True,0.7,False,0.0,False,0.0,True,False,0.48,76.39,False,False,False,False,False,True,False,18.864,8.128261,1.6693828,42
I1NC34,I1NC34,BDR,INCY (BDR: I1NC34),14.41,S,2.0,C,5.0,Forte,117.26,101.99,99.97,98.41,185954429.19,True,0.54,False,0.0,True,0.65,False,0.0,False,0.0,True,False,0.8,118.69,False,False,False,False,False,True,False,30.823,16.562147,4.1698375,43
Z2DV34,Z2DV34,BDR,ZD (BDR: Z2DV34),14.3,S,0.5,C,2.0,Fraco,51.98,45.98,40.6,39.21,34527766.68,False,0.0,False,0.0,True,0.8,False,0.0,True,1.0,False,False,0.77,54.75,False,False,False,False,False,False,False,2.076,44.427353,1.1375673,44
TRVC34,TRVC34,BDR,TRV (BDR: TRVC34),14.28,S,2.0,C,5.0,Forte,337.94,307.16,296.36,290.91,317949837.48,False,0.0,False,0.0,True,0.65,False,0.0,False,0.0,True,False,0.47,349.35,False,False,False,False,False,True,False,25.272,10.084751,2.246165,45
JNJB34,JNJB34,BDR,JNJ (BDR: JNJB34),14.28,S,2.0,C,3.0,OK,263.4,234.33,228.61,218.34,1374764114.94,False,0.0,False,0.0,True,0.65,False,0.0,False,0.0,True,False,0.56,269.43,False,False,False,False,False,True,False,26.416,30.521435,7.8079143,46
LILY34,LILY34,BDR,LLY (BDR: LILY34),14.28,S,2.0,C,3.0,OK,1215.83,1073.03,1026.38,989.42,2559818116.12,False,0.0,False,0.0,True,0.65,False,0.0,False,0.0,True,False,0.59,1249.45,False,False,False,False,False,True,False,107.45899999999999,43.160454,34.82057,47
F2RT34,F2RT34,BDR,FR (BDR: F2RT34),14.1,S,2.0,C,3.0,OK,64.64,61.86,59.56,57.9,133401121.94,False,0.0,False,0.0,True,0.6,False,0.0,False,0.0,True,True,1.52,64.5,False,False,False,False,False,True,False,12.838,24.95753,3.1072443,48
V1TA34,V1TA34,BDR,VTR (BDR: V1TA34),14.1,S,2.0,C,3.0,OK,92.41,85.98,82.4,79.61,144422327.35,False,0.0,False,0.0,True,0.6,False,0.0,False,0.0,True,False,0.33,94.6,False,False,False,False,False,True,False,2.1399999999999997,168.01819,3.422466,49
ITUB3,ITAU UNIBANCO HOLDING S.A.,BR_STOCK,ITUB3,14.1,S,0.5,C,0.0,Fraco,44.33,41.67,40.49,38.09,134732174.57,False,0.0,False,0.0,True,0.6,False,0.0,False,0.0,True,False,1.81,45.51,False,False,False,False,False,False,False,0.0,0.0,0.0,50
C1BL34,C1BL34,BDR,CB (BDR: C1BL34),14.1,S,2.0,C,5.0,Forte,355.09,327.68,320.75,311.15,340905571.34,False,0.0,False,0.0,True,0.6,False,0.0,False,0.0,True,False,0.55,365.29,False,False,False,False,False,True,False,15.433,12.556223,1.869554,51
ISTT11,ISTT11,ETF,ISTT11,14.05,S,2.0,C,0.0,Fraco,1131.0,1112.57,1081.2,1066.56,787176.0,True,0.6,False,0.0,True,0.5,False,0.0,False,0.0,True,False,0.45,1131.13,False,False,False,False,False,True,False,0.0,999.0,999.0,52
CEEB3,CIA ELETRICIDADE EST. DA BAHIA - COELBA,BR_STOCK,CEEB3,14.0,S,0.5,C,3.0,OK,47.15,46.73,45.53,42.58,56580.0,False,0.0,False,0.0,False,0.0,False,0.0,True,0.8,True,False,2.0,47.68,False,False,False,False,False,False,False,23.447001,2.0123773,1.5237695,53
PSSA3,PORTO SEGURO S.A.,BR_STOCK,PSSA3,13.88,S,2.0,C,5.0,Forte,52.5,49.96,48.68,47.88,95634000.0,False,0.0,False,0.0,True,0.5,False,0.0,True,0.65,True,False,1.4,54.43,False,False,False,False,False,True,False,25.16,9.242958,2.1637886,54
D1EL34,D1EL34,BDR,DELL (BDR: D1EL34),13.8,S,0.5,C,2.0,Fraco,431.97,335.46,206.55,190.51,3880305310.61,False,0.0,False,0.0,True,0.8,False,0.0,False,0.0,True,False,1.16,444.0,False,False,False,False,False,False,False,0.0,34.392513,-199.70872,55
N1VS34,N1VS34,BDR,NVS (BDR: N1VS34),13.75,S,0.5,C,1.0,Fraco,155.17,149.97,147.29,141.56,204064064.59,False,0.0,False,0.0,True,0.5,False,0.0,False,0.0,True,False,0.47,160.57,False,False,False,False,False,False,False,34.929,22.198856,7.6877723,56
ISNT11,ISNT11,ETF,ISNT11,13.75,S,0.5,C,0.0,Fraco,1125.61,1112.76,1083.46,1082.88,12174597.6,False,0.0,False,0.0,True,0.5,False,0.0,False,0.0,True,False,1.4,1133.0,False,False,False,False,False,False,False,0.0,999.0,999.0,57
ITSA3,ITAUSA S.A.,BR_STOCK,ITSA3,13.75,S,0.5,C,5.0,Forte,13.4,13.08,13.0,12.32,868319.98,False,0.0,False,0.0,False,0.0,False,0.0,True,0.7,True,False,0.64,13.71,False,False,False,False,False,False,False,18.4,8.815789,1.6656308,58
ARNC34,ARNC34,BDR,HWM (BDR: ARNC34),13.62,S,0.5,C,4.0,Forte,271.58,261.56,239.21,228.74,370032348.56,False,0.0,False,0.0,True,0.75,False,0.0,True,0.8,False,False,0.29,290.63,False,False,False,False,False,False,False,33.818,63.158134,19.721151,59
HYBR11,HYBR11,ETF,HYBR11,13.54,S,0.5,C,0.0,Fraco,54.94,54.37,53.13,52.49,288654.75,True,0.43,False,0.0,True,0.5,False,0.0,False,0.0,True,False,1.04,55.15,False,False,False,False,False,False,False,0.0,999.0,999.0,60
C1DP34,C1DP34,BDR,CDP (BDR: C1DP34),13.3,S,2.0,C,2.0,Fraco,36.41,32.92,31.1,30.32,34487442.63,False,0.0,False,0.0,True,0.8,False,0.0,False,0.0,True,False,0.61,38.06,False,False,False,False,False,True,False,10.366,26.576643,2.7129128,61
A1NE34,A1NE34,BDR,ANET (BDR: A1NE34),13.3,S,2.0,C,3.0,OK,181.05,159.67,143.93,143.56,2145652554.17,False,0.0,False,0.0,True,0.8,False,0.0,False,0.0,True,False,1.33,177.2,False,False,False,False,False,True,False,31.520998,62.216496,16.903183,62
T1WL34,T1WL34,BDR,TWLO (BDR: T1WL34),13.3,S,0.5,C,3.0,OK,215.5,195.26,150.22,141.52,268027694.0,False,0.0,False,0.0,True,0.8,False,0.0,False,0.0,True,False,0.64,227.5,False,False,False,False,False,False,False,1.317,326.51514,4.2110405,63
IBKR34,IBKR34,BDR,IBKR (BDR: IBKR34),13.3,S,2.0,C,3.0,OK,93.4,87.14,76.02,73.91,309893079.26,False,0.0,False,0.0,True,0.8,False,0.0,False,0.0,True,False,0.63,97.84,False,False,False,False,False,True,False,23.56,40.08584,7.4499483,64
F1TN34,F1TN34,BDR,FTNT (BDR: F1TN34),13.3,S,2.0,C,4.0,Forte,156.71,131.28,97.91,94.33,680267482.86,False,0.0,False,0.0,True,0.8,False,0.0,False,0.0,True,False,0.72,163.57,False,False,False,False,False,True,False,132.392,60.505795,116.25371,65
F1RA34,F1RA34,BDR,BEN (BDR: F1RA34),13.3,S,2.0,C,3.0,OK,33.5,31.51,26.94,25.68,115883233.5,False,0.0,False,0.0,True,0.8,False,0.0,False,0.0,True,False,0.79,34.92,False,False,False,False,False,True,False,6.704000000000001,25.57252,1.4357963,66
I1LM34,I1LM34,BDR,ILMN (BDR: I1LM34),13.3,S,2.0,C,4.0,Forte,187.81,156.75,139.62,131.58,484725020.43,False,0.0,False,0.0,True,0.8,False,0.0,False,0.0,True,False,1.13,196.66,False,False,False,False,False,True,False,33.822,34.147274,10.667993,67
CTGP34,CTGP34,BDR,C (BDR: CTGP34),13.25,S,0.5,C,3.0,OK,137.39,132.65,120.76,115.19,919004865.89,False,0.0,False,0.0,True,0.75,False,0.0,True,0.65,False,False,0.49,147.96,False,False,False,False,False,False,False,7.649,16.982695,1.2242371,68
TGTB34,TGTB34,BDR,TGT (BDR: TGTB34),13.25,S,0.5,C,3.0,OK,132.42,127.87,115.57,108.53,706143941.6,False,0.0,False,0.0,True,0.75,False,0.0,True,0.65,False,False,1.07,142.82,False,False,False,False,False,False,False,22.015,17.515873,3.6683474,69
IMAB11,IMAB11,ETF,IMAB11,13.12,S,0.5,C,0.0,Fraco,113.38,113.15,106.06,99.55,5655054.12,False,0.0,False,0.0,True,0.75,False,0.0,False,0.0,True,False,0.95,114.43,False,False,False,False,False,False,False,0.0,999.0,999.0,70
A1EG34,A1EG34,BDR,AEG (BDR: A1EG34),13.12,S,2.0,C,2.0,Fraco,8.72,8.26,7.65,7.61,45624541.24,False,0.0,False,0.0,True,0.75,False,0.0,False,0.0,True,False,1.02,8.82,False,False,False,False,False,True,False,10.421,12.823529,1.5304374,71
E1SS34,E1SS34,BDR,ESS (BDR: E1SS34),13.12,S,2.0,C,1.0,Fraco,291.58,275.47,257.52,256.16,97073683.87,False,0.0,False,0.0,True,0.75,False,0.0,False,0.0,True,False,0.72,303.35,False,False,False,False,False,True,False,10.5579995,32.79865,3.4497523,72
SIMN34,SIMN34,BDR,SPG (BDR: SIMN34),13.12,S,2.0,C,4.0,Forte,219.09,208.57,194.21,189.34,294790190.96,False,0.0,False,0.0,True,0.75,False,0.0,False,0.0,True,False,0.47,229.59,False,False,False,False,False,True,False,113.58999999999999,15.2357435,14.745591,73
E1LV34,E1LV34,BDR,ELV (BDR: E1LV34),13.12,S,2.0,C,3.0,OK,416.08,392.3,348.92,343.62,369311763.92,False,0.0,False,0.0,True,0.75,False,0.0,False,0.0,True,False,0.5,427.19,False,False,False,False,False,True,False,12.086,17.645462,2.060108,74
IMBB11,IMBB11,ETF,IMBB11,13.12,S,0.0,C,0.0,Fraco,148.81,148.51,139.18,130.58,169941.02,False,0.0,False,0.0,True,0.75,False,0.0,False,0.0,True,False,0.39,150.76,False,False,False,False,False,False,False,0.0,999.0,999.0,75
INGG34,INGG34,BDR,ING (BDR: INGG34),13.12,S,2.0,C,4.0,Forte,31.95,30.29,28.22,27.25,82443270.77,False,0.0,False,0.0,True,0.75,False,0.0,False,0.0,True,False,0.63,32.99,False,False,False,False,False,True,False,16.565001,12.780001,1.5878987,76
S2LA34,S2LA34,BDR,SLAB (BDR: S2LA34),13.12,S,2.0,C,1.0,Fraco,218.32,217.97,191.14,175.79,46822437.01,False,0.0,False,0.0,True,0.75,False,0.0,False,0.0,True,False,0.32,220.9,False,False,False,False,False,True,False,-4.646,999.0,6.552025,77
P1SA34,P1SA34,BDR,PSA (BDR: P1SA34),13.12,S,2.0,C,3.0,OK,320.77,308.97,289.15,286.23,175819163.3,False,0.0,False,0.0,True,0.75,False,0.0,False,0.0,True,False,0.55,330.81,False,False,False,False,False,True,False,20.175,33.069073,11.493013,78
FIXA11,FIXA11,ETF,FIXA11,13.12,S,0.5,C,0.0,Fraco,19.2,19.03,17.81,16.45,82118.4,False,0.0,False,0.0,True,0.75,False,0.0,False,0.0,True,False,1.0,19.4,False,False,False,False,False,False,False,0.0,999.0,999.0,79
L1YV34,L1YV34,BDR,LYV (BDR: L1YV34),13.12,S,2.0,C,1.0,Fraco,182.14,168.49,156.24,154.3,219873396.64,False,0.0,False,0.0,True,0.75,False,0.0,False,0.0,True,False,0.41,188.0,False,False,False,False,False,True,False,14.927000000000001,999.0,-301.5563,80
IRFM11,IRFM11,ETF,IRFM11,13.12,S,0.5,C,0.0,Fraco,101.43,100.57,93.41,86.12,1819045.63,False,0.0,False,0.0,True,0.75,False,0.0,False,0.0,True,False,0.14,101.9,False,False,False,False,False,False,False,0.0,999.0,999.0,81
B5P211,B5P211,ETF,B5P211,13.12,S,0.5,C,0.0,Fraco,108.39,107.56,99.6,92.65,7231780.76,False,0.0,False,0.0,True,0.75,False,0.0,False,0.0,True,False,0.69,108.69,False,False,False,False,False,False,False,0.0,999.0,999.0,82
A1DM34,A1DM34,BDR,ADM (BDR: A1DM34),13.12,S,0.5,C,3.0,OK,80.29,78.18,69.63,66.99,268633723.03,False,0.0,False,0.0,True,0.75,False,0.0,False,0.0,True,False,0.93,82.69,False,False,False,False,False,False,False,4.7659997,35.84375,1.6970683,83
S2EI34,S2EI34,BDR,SEIC (BDR: S2EI34),13.12,S,2.0,C,5.0,Forte,94.51,89.91,84.31,83.62,66412651.05,False,0.0,False,0.0,True,0.75,False,0.0,False,0.0,True,False,1.05,96.19,False,False,False,False,False,True,False,29.627,16.127987,4.6435413,84
Z1IO34,Z1IO34,BDR,ZION (BDR: Z1IO34),13.12,S,2.0,C,3.0,OK,68.64,64.28,60.38,58.34,137849848.05,False,0.0,False,0.0,True,0.75,False,0.0,False,0.0,True,False,1.25,71.26,False,False,False,False,False,True,False,14.123,10.658385,1.424628,85
CNIC34,CNIC34,BDR,CNI (BDR: CNIC34),13.12,S,2.0,C,2.0,Fraco,122.68,115.83,106.68,103.42,89318646.38,False,0.0,False,0.0,True,0.75,False,0.0,False,0.0,True,False,0.47,123.0,False,False,False,False,False,True,False,21.846001,22.973782,4.864248,86
METB34,METB34,BDR,MET (BDR: METB34),13.12,S,2.0,C,3.0,OK,90.1,83.32,77.92,77.82,183214833.0,False,0.0,False,0.0,True,0.75,False,0.0,False,0.0,True,False,0.56,92.27,False,False,False,False,False,True,False,13.014000000000001,17.427465,2.130225,87
PHMO34,PHMO34,BDR,PM (BDR: PHMO34),13.12,S,2.0,C,1.0,Fraco,187.07,177.89,169.13,164.72,412513685.25,False,0.0,False,0.0,True,0.75,False,0.0,False,0.0,True,False,0.42,189.7,False,False,False,False,False,True,False,0.0,26.347889,-31.419216,88
G1LL34,G1LL34,BDR,GL (BDR: G1LL34),13.12,S,2.0,C,5.0,Forte,177.07,161.29,147.75,144.57,73991181.54,False,0.0,False,0.0,True,0.75,False,0.0,False,0.0,True,False,0.57,181.99,False,False,False,False,False,True,False,20.455000000000002,12.25398,2.266612,89
T1RO34,T1RO34,BDR,TROW (BDR: T1RO34),13.12,S,2.0,C,5.0,Forte,117.96,105.64,99.07,99.05,217404406.91,False,0.0,False,0.0,True,0.75,False,0.0,False,0.0,True,False,0.77,121.17,False,False,False,False,False,True,False,18.688999,12.656652,2.3518622,90
W2ST34,W2ST34,BDR,WST (BDR: W2ST34),13.12,S,2.0,C,4.0,Forte,353.68,323.35,279.44,277.17,252321673.01,False,0.0,False,0.0,True,0.75,False,0.0,False,0.0,True,False,0.79,367.66,False,False,False,False,False,True,False,19.131,47.28342,8.385414,91
MOOO34,MOOO34,BDR,MO (BDR: MOOO34),13.12,S,2.0,C,3.0,OK,72.81,70.67,64.49,63.12,337434730.05,False,0.0,False,0.0,True,0.75,False,0.0,False,0.0,True,False,0.6,74.15,False,False,False,False,False,True,False,0.0,15.2004175,-37.882412,92
I1RP34,I1RP34,BDR,TT (BDR: I1RP34),13.1,S,0.5,C,3.0,OK,472.29,471.06,439.63,434.63,284596763.96,False,0.0,False,0.0,True,0.6,False,0.0,True,0.8,False,False,0.42,505.87,False,False,False,False,False,False,False,36.630002,36.1078,12.160826,93
PFIN11,PFIN11,ETF,PFIN11,12.95,A,0.5,C,0.0,Fraco,62.5,62.37,58.05,56.32,524312.5,False,0.0,False,0.0,True,0.7,False,0.0,False,0.0,True,False,0.45,64.98,False,False,False,False,False,False,False,0.0,999.0,999.0,94
D1OM34,D1OM34,BDR,D (BDR: D1OM34),12.95,A,2.0,C,1.0,Fraco,69.86,65.97,62.21,61.37,338780204.72,False,0.0,False,0.0,True,0.7,False,0.0,False,0.0,True,False,0.8,70.59,False,False,False,False,False,True,False,9.786999999999999,20.60767,2.180944,95
E1QR34,E1QR34,BDR,EQR (BDR: E1QR34),12.95,A,2.0,C,2.0,Fraco,68.31,65.83,62.11,61.49,193028273.49,False,0.0,False,0.0,True,0.7,False,0.0,False,0.0,True,False,0.99,71.5,False,False,False,False,False,True,False,8.671,27.324,2.402321,96
KOPA11,KOPA11,ETF,KOPA11,12.95,A,0.5,C,0.0,Fraco,342.1,334.85,312.43,299.81,54393.9,False,0.0,False,0.0,True,0.7,False,0.0,False,0.0,True,False,0.36,350.97,False,False,False,False,False,False,False,0.0,999.0,999.0,97
CPRL34,CPRL34,BDR,CP (BDR: CPRL34),12.95,A,3.62,C,1.0,Fraco,89.4,87.16,81.09,79.12,207623815.14,False,0.0,False,0.0,True,0.7,False,0.0,False,0.0,True,False,0.81,91.32,True,False,False,False,False,True,False,8.428001,28.29114,2.4408813,98
ENEV3,ENEVA S.A,BR_STOCK,ENEV3,12.95,A,0.5,C,0.0,Fraco,25.5,25.57,23.29,21.87,180267150.0,False,0.0,False,0.0,True,0.7,False,0.0,True,1.0,False,False,1.01,27.0,False,False,False,False,False,False,False,0.0,0.0,0.0,99
COCA34,COCA34,BDR,KO (BDR: COCA34),12.95,A,2.0,C,3.0,OK,83.4,80.0,75.8,73.73,918730830.61,False,0.0,False,0.0,True,0.7,False,0.0,False,0.0,True,False,0.51,85.68,False,False,False,False,False,True,False,43.372001999999995,26.226416,10.67042,100
I1EX34,I1EX34,BDR,IEX (BDR: I1EX34),12.95,A,2.0,C,3.0,OK,218.39,215.52,199.91,190.98,136580450.45,False,0.0,False,0.0,True,0.7,False,0.0,False,0.0,True,False,0.98,229.43,False,False,False,False,False,True,False,12.748000000000001,32.306213,4.006715,101
SBUB34,SBUB34,BDR,SBUX (BDR: SBUB34),12.95,A,2.0,C,2.0,Fraco,103.87,102.08,95.43,92.2,665097389.36,False,0.0,False,0.0,True,0.7,False,0.0,False,0.0,True,False,0.81,105.75,False,False,False,False,False,True,False,0.0,79.290085,-13.981694,102
W1MB34,W1MB34,BDR,WMB (BDR: W1MB34),12.95,A,0.5,C,3.0,OK,75.27,73.85,69.17,66.75,303477411.24,False,0.0,False,0.0,True,0.7,False,0.0,False,0.0,True,False,0.46,79.0,False,False,False,False,False,False,False,19.656000000000002,33.013157,7.2014923,103
SAUD3,SAUD3,BR_STOCK,SAUD3,12.95,A,0.5,C,4.0,Forte,15.0,13.82,12.92,12.79,36903000.0,False,0.0,False,0.0,True,0.7,False,0.0,False,0.0,True,False,0.69,14.88,False,False,False,False,False,False,False,40.374002,14.423078,5.709935,104
UPAC34,UPAC34,BDR,UNP (BDR: UPAC34),12.95,A,2.0,C,3.0,OK,280.94,267.56,250.35,243.28,383317067.79,False,0.0,False,0.0,True,0.7,False,0.0,False,0.0,True,False,0.49,285.79,False,False,False,False,False,True,False,40.686,23.122635,8.589336,105
CLSC3,CENTRAIS ELET DE SANTA CATARINA S.A.,BR_STOCK,CLSC3,12.95,A,0.5,C,3.0,OK,127.3,126.83,119.95,112.65,76380.0,False,0.0,False,0.0,True,0.7,False,0.0,False,0.0,True,False,15.0,130.0,False,False,False,False,False,False,False,18.175,7.1516857,1.1855978,106
K1IM34,K1IM34,BDR,KIM (BDR: K1IM34),12.95,A,2.0,C,3.0,OK,24.97,24.34,22.57,22.09,81950039.55,False,0.0,False,0.0,True,0.7,False,0.0,False,0.0,True,False,0.75,26.08,False,False,False,False,False,True,False,5.8579996,28.701149,1.6209023,107
O1KE34,O1KE34,BDR,OKE (BDR: O1KE34),12.95,A,0.5,C,4.0,Forte,91.16,88.65,82.68,78.9,232041225.8,False,0.0,False,0.0,True,0.7,False,0.0,False,0.0,True,False,0.66,92.14,False,False,False,False,False,False,False,15.903,16.249554,2.5689006,108
AIRB34,AIRB34,BDR,ABNB (BDR: AIRB34),12.88,A,2.0,C,4.0,Forte,142.95,138.1,133.22,130.42,424323193.29,False,0.0,False,0.0,True,0.5,False,0.0,True,0.65,True,False,0.81,150.19,False,False,False,False,False,True,False,32.324999999999996,35.296295,11.138383,109
A1TT34,A1TT34,BDR,ALL (BDR: A1TT34),12.78,A,2.0,C,5.0,Forte,251.17,221.97,211.44,209.21,248841652.29,False,0.0,False,0.0,True,0.65,False,0.0,False,0.0,True,False,0.5,257.67,False,False,False,False,False,True,False,45.221000000000004,5.5556293,2.1888072,110
E1WL34,E1WL34,BDR,EW (BDR: E1WL34),12.78,A,2.0,C,3.0,OK,93.64,85.99,83.77,82.74,289645654.23,False,0.0,False,0.0,True,0.65,False,0.0,False,0.0,True,False,0.61,96.29,False,False,False,False,False,True,False,10.459999999999999,50.616215,5.231577,111
BILB34,BILB34,BDR,BBVA (BDR: BILB34),12.78,A,2.0,C,4.0,Forte,25.32,23.14,22.6,21.71,25814448.65,False,0.0,False,0.0,True,0.65,False,0.0,False,0.0,True,False,0.76,26.4,False,False,False,False,False,True,False,19.042999,12.231884,2.3059926,112
NASD11,NASD11,ETF,NASD11,12.78,A,0.5,C,0.0,Fraco,20.98,20.74,19.23,19.09,13582032.1,False,0.0,False,0.0,True,0.65,False,0.0,False,0.0,True,False,0.76,22.04,False,False,False,False,False,False,False,0.0,33.457085,999.0,113
I1FF34,I1FF34,BDR,IFF (BDR: I1FF34),12.72,A,0.5,C,1.0,Fraco,78.94,75.57,72.45,69.96,212361315.91,False,0.0,False,0.0,True,0.6,False,0.0,True,0.65,False,False,1.25,83.83,False,False,False,False,False,False,False,6.0510002,24.439629,1.4267383,114
USBC34,USBC34,BDR,USB (BDR: USBC34),12.6,A,2.0,C,3.0,OK,61.0,56.39,54.53,52.43,432270400.0,False,0.0,False,0.0,True,0.6,False,0.0,False,0.0,True,False,0.75,63.39,False,False,False,False,False,True,False,12.350000399999999,12.78826,1.6250633,115
A1EP34,A1EP34,BDR,AEP (BDR: A1EP34),12.6,A,2.0,C,2.0,Fraco,135.9,131.3,125.94,123.25,411196960.33,False,0.0,False,0.0,True,0.6,False,0.0,False,0.0,True,False,0.45,140.58,False,False,False,False,False,True,False,12.584999999999999,20.073854,2.3241496,116
MRCK34,MRCK34,BDR,MRK (BDR: MRCK34),12.6,A,2.0,C,2.0,Fraco,125.99,117.1,113.34,106.54,988385359.73,False,0.0,False,0.0,True,0.6,False,0.0,False,0.0,True,False,0.69,130.29,False,False,False,False,False,True,False,18.944,35.590397,6.7824073,117
C2OL34,C2OL34,BDR,CIB (BDR: C2OL34),12.6,A,0.5,C,3.0,OK,80.01,71.37,69.96,66.25,14143208.06,False,0.0,False,0.0,True,0.6,False,0.0,False,0.0,False,False,0.56,86.25,False,False,False,False,False,False,False,16.926001,10.231458,0.001802251,118
BBUS39,JPMORGAN BETABUILDERS US EQUITY ETF,BDR,BBUS (BDR: BBUS39),12.6,A,2.0,C,0.0,Fraco,134.42,133.07,126.04,124.64,22751391.21,False,0.0,False,0.0,True,0.6,False,0.0,False,0.0,True,False,0.86,136.05,False,False,False,False,False,True,False,0.0,26.927073,999.0,119
UPSS34,UPSS34,BDR,UPS (BDR: UPSS34),12.6,A,2.0,C,2.0,Fraco,109.94,104.47,102.96,98.64,282215106.75,False,0.0,False,0.0,True,0.6,False,0.0,False,0.0,True,False,0.6,112.3,False,False,False,False,False,True,False,33.353,17.789644,5.7521057,120
ACWX39,ISHARES MSCI ACWI EX U.S. ETF,BDR,ACWX (BDR: ACWX39),12.6,A,2.0,C,1.0,Fraco,74.92,74.68,70.97,69.23,102694789.41,False,0.0,False,0.0,True,0.6,False,0.0,False,0.0,True,False,0.77,77.57,False,False,False,False,False,True,False,0.0,18.27295,999.0,121
O2HI34,O2HI34,BDR,OHI (BDR: O2HI34),12.6,A,2.0,C,3.0,OK,49.36,46.75,45.25,44.07,52277522.17,False,0.0,False,0.0,True,0.6,False,0.0,False,0.0,True,False,0.53,50.1,False,False,False,False,False,True,False,12.630999000000001,23.845411,2.8314116,122
C2GN34,C2GN34,BDR,CGNX (BDR: C2GN34),12.43,A,0.5,C,3.0,OK,64.11,63.8,51.66,49.41,135183885.93,False,0.0,False,0.0,True,0.8,False,0.0,True,0.85,False,False,0.71,72.88,False,False,False,False,False,False,False,9.748,75.42353,7.218782,123
ISAE4,ISA ENERGIA BRASIL S.A,BR_STOCK,ISAE4,12.25,A,0.5,C,3.0,OK,28.79,28.2,27.84,26.8,60896609.94,False,0.0,False,0.0,False,0.0,False,0.0,True,0.7,True,False,0.77,29.08,False,False,False,False,False,False,False,11.273,8.087079,0.8853286,124
MCCI11,MCCI11,ETF,MCCI11,12.25,A,0.5,C,1.0,Fraco,94.62,93.91,90.42,88.15,3289464.4,False,0.0,False,0.0,True,0.5,False,0.0,False,0.0,True,False,0.5,95.34,False,False,False,False,False,False,False,0.0,9.03725,999.0,125
KNCR11,KNCR11,ETF,KNCR11,12.25,A,2.0,C,2.0,Fraco,107.81,104.94,101.85,100.19,19329038.84,False,0.0,False,0.0,True,0.5,False,0.0,False,0.0,True,False,1.0,108.1,False,False,False,False,False,True,False,15.479000000000001,8.909917,1.0688226,126
VGIA11,VGIA11,ETF,VGIA11,12.25,A,2.0,C,0.0,Fraco,9.8,9.65,9.42,9.18,2464180.65,False,0.0,False,0.0,True,0.5,False,0.0,False,0.0,True,False,1.8,9.85,False,False,False,False,False,True,False,0.0,999.0,999.0,127
ITSA4,ITAUSA S.A.,BR_STOCK,ITSA4,12.25,A,0.5,C,0.0,Fraco,13.33,13.01,12.96,12.28,225448955.71,False,0.0,False,0.0,False,0.0,False,0.0,True,0.7,True,False,0.82,13.65,False,False,False,False,False,False,False,0.0,0.0,0.0,128
VGIR11,VGIR11,ETF,VGIR11,12.25,A,2.0,C,0.0,Fraco,9.85,9.59,9.33,9.12,2934561.36,False,0.0,False,0.0,True,0.5,False,0.0,False,0.0,True,False,0.71,9.86,False,False,False,False,False,True,False,0.0,999.0,999.0,129
LFTS11,LFTS11,ETF,LFTS11,12.25,A,0.5,C,0.0,Fraco,155.92,153.94,149.86,147.97,11525294.42,False,0.0,False,0.0,True,0.5,False,0.0,False,0.0,True,False,0.77,155.91,False,False,False,False,False,False,False,0.0,999.0,999.0,130
KNOX11,KNOX11,ETF,KNOX11,12.25,A,0.5,C,0.0,Fraco,98.8,98.24,95.23,93.84,6249495.39,False,0.0,False,0.0,True,0.5,False,0.0,False,0.0,True,False,28.38,100.3,False,False,False,False,False,False,False,0.0,999.0,999.0,131
KNIP11,KNIP11,ETF,KNIP11,12.25,A,2.0,C,1.0,Fraco,92.72,91.08,87.77,85.93,11778129.04,False,0.0,False,0.0,True,0.5,False,0.0,False,0.0,True,False,0.74,93.28,False,False,False,False,False,True,False,0.0,8.33813,999.0,132
IRIM11,IRIM11,ETF,IRIM11,12.25,A,0.5,C,1.0,Fraco,66.74,65.79,64.18,64.02,3248302.44,False,0.0,False,0.0,True,0.5,False,0.0,False,0.0,True,False,1.29,67.59,False,False,False,False,False,False,False,0.0,7.6449027,999.0,133
MANA11,MANA11,ETF,MANA11,12.25,A,2.0,C,1.0,Fraco,9.18,9.09,8.79,8.59,1441296.77,False,0.0,False,0.0,True,0.5,False,0.0,False,0.0,True,False,1.18,9.26,False,False,False,False,False,True,False,0.0,5.631902,999.0,134
PORD11,PORD11,ETF,PORD11,12.25,A,0.5,C,1.0,Fraco,8.37,8.17,7.88,7.71,397039.31,False,0.0,False,0.0,True,0.5,False,0.0,False,0.0,True,False,0.78,8.46,False,False,False,False,False,False,False,12.647,1.0282555,0.8423065,135
BBJP39,JPMORGAN BETABUILDERS JAPAN ETF,BDR,BBJP (BDR: BBJP39),12.25,A,2.0,C,1.0,Fraco,74.77,74.66,71.35,69.57,217682526.97,False,0.0,False,0.0,True,0.5,False,0.0,False,0.0,True,False,2.38,78.64,False,False,False,False,False,True,False,0.0,18.339891,999.0,136
W1EC34,W1EC34,BDR,WEC (BDR: W1EC34),12.25,A,2.0,C,2.0,Fraco,116.24,113.47,111.19,111.06,170347159.59,False,0.0,False,0.0,True,0.5,False,0.0,False,0.0,True,False,0.69,119.91,False,False,False,False,False,True,False,11.679,23.29459,2.7789333,137
CAUT11,CAUT11,ETF,CAUT11,12.25,A,2.0,C,0.0,Fraco,99.97,98.22,95.58,94.3,60981.7,False,0.0,False,0.0,True,0.5,False,0.0,False,0.0,True,False,0.51,98.63,False,False,False,False,False,True,False,0.0,999.0,999.0,138
LFTB11,LFTB11,ETF,LFTB11,12.25,A,2.0,C,0.0,Fraco,123.46,122.11,119.05,117.66,35297213.74,False,0.0,False,0.0,True,0.5,False,0.0,False,0.0,True,False,0.68,123.38,False,False,False,False,False,True,False,0.0,999.0,999.0,139
RECR11,RECR11,ETF,RECR11,12.25,A,0.5,C,1.0,Fraco,80.85,80.71,78.31,76.24,2859502.75,False,0.0,False,0.0,True,0.5,False,0.0,False,0.0,True,False,0.81,83.46,False,False,False,False,False,False,False,0.0,7.534949,999.0,140
RCRI11,RCRI11,ETF,RCRI11,12.25,A,2.0,C,0.0,Fraco,100.7,100.65,98.31,96.27,62031.2,False,0.0,False,0.0,True,0.5,False,0.0,False,0.0,True,False,1.86,101.5,False,False,False,False,False,True,False,0.0,999.0,999.0,141
IWMI11,IWMI11,ETF,IWMI11,12.25,A,2.0,C,0.0,Fraco,83.13,80.38,77.64,76.57,59105.43,False,0.0,False,0.0,True,0.5,False,0.0,False,0.0,True,False,0.63,86.22,False,False,False,False,False,True,False,0.0,999.0,999.0,142
MXRF11,MXRF11,ETF,MXRF11,12.25,A,0.5,C,3.0,OK,9.68,9.66,9.33,9.2,9764148.55,False,0.0,False,0.0,True,0.5,False,0.0,False,0.0,True,False,0.57,9.79,False,False,False,False,False,False,False,10.7030004,13.828572,0.9752167,143
E1XR34,E1XR34,BDR,EXR (BDR: E1XR34),12.25,A,0.5,C,2.0,Fraco,143.99,143.38,138.31,137.35,103215347.71,False,0.0,False,0.0,True,0.5,False,0.0,False,0.0,True,False,0.63,150.12,False,False,False,False,False,False,False,6.83,32.357307,2.2809215,144
KNHY11,KNHY11,ETF,KNHY11,12.25,A,2.0,C,1.0,Fraco,99.18,98.09,95.27,94.12,3204803.35,False,0.0,False,0.0,True,0.5,False,0.0,False,0.0,True,False,1.36,99.95,False,False,False,False,False,True,False,0.0,6.950245,999.0,145
KNSC11,KNSC11,ETF,KNSC11,12.25,A,0.5,C,1.0,Fraco,9.16,8.96,8.61,8.44,3422991.18,False,0.0,False,0.0,True,0.5,False,0.0,False,0.0,True,False,0.83,9.2,False,False,False,False,False,False,False,0.0,8.807693,999.0,146
RZLC11,RZLC11,ETF,RZLC11,12.25,A,0.5,C,1.0,Fraco,1003.44,989.41,961.2,947.11,71244.24,False,0.0,False,0.0,True,0.5,False,0.0,False,0.0,True,False,0.16,1002.82,False,False,False,False,False,False,False,0.0,19.893736,999.0,147
PACG11,PACG11,ETF,PACG11,12.25,A,0.0,C,0.0,Fraco,114.9,114.62,112.49,111.29,119266.2,False,0.0,False,0.0,True,0.5,False,0.0,False,0.0,True,False,0.05,115.91,False,False,False,False,False,False,False,0.0,999.0,999.0,148
PACC11,PACC11,ETF,PACC11,12.25,A,2.0,C,0.0,Fraco,118.7,117.8,114.82,113.5,109441.4,False,0.0,False,0.0,True,0.5,False,0.0,False,0.0,True,False,0.08,119.5,False,False,False,False,False,True,False,0.0,999.0,999.0,149
ENDD11,ENDD11,ETF,ENDD11,12.25,A,0.0,C,0.0,Fraco,108.0,104.77,101.61,99.54,192672.0,False,0.0,False,0.0,True,0.5,False,0.0,False,0.0,True,False,0.65,108.98,False,False,False,False,False,False,False,0.0,999.0,999.0,150
KNUQ11,KNUQ11,ETF,KNUQ11,12.25,A,2.0,C,1.0,Fraco,105.02,102.92,100.28,98.65,2783344.97,False,0.0,False,0.0,True,0.5,False,0.0,False,0.0,True,False,0.62,105.99,False,False,False,False,False,True,False,0.0,7.490727,999.0,151
SNME11,SNME11,ETF,SNME11,12.25,A,0.5,C,1.0,Fraco,9.41,9.3,9.16,9.0,133885.48,False,0.0,False,0.0,True,0.5,False,0.0,False,0.0,True,False,0.81,9.45,False,False,False,False,False,False,False,0.0,4.8756475,999.0,152
RBIF11,RBIF11,ETF,RBIF11,12.25,A,0.0,C,0.0,Fraco,74.9,74.86,73.27,71.31,106582.7,False,0.0,False,0.0,True,0.5,False,0.0,False,0.0,True,False,0.58,77.26,False,False,False,False,False,False,False,0.0,999.0,999.0,153
IFRI11,IFRI11,ETF,IFRI11,12.25,A,2.0,C,0.0,Fraco,102.5,99.08,98.03,96.23,2133435.0,False,0.0,False,0.0,True,0.5,False,0.0,False,0.0,True,False,1.04,107.08,False,False,False,False,False,True,False,0.0,999.0,999.0,154
CYCR11,CYCR11,ETF,CYCR11,12.25,A,0.5,C,1.0,Fraco,8.82,8.72,8.51,8.29,143051.58,False,0.0,False,0.0,True,0.5,False,0.0,False,0.0,True,False,0.25,8.88,False,False,False,False,False,False,False,0.0,3.7531915,999.0,155
BOL511,BOL511,ETF,BOL511,12.25,A,0.0,C,0.0,Fraco,109.5,108.68,105.89,105.11,109500.0,False,0.0,False,0.0,True,0.5,False,0.0,False,0.0,True,False,0.08,109.55,False,False,False,False,False,False,False,0.0,999.0,999.0,156
GOAT11,GOAT11,ETF,GOAT11,12.25,A,2.0,C,0.0,Fraco,56.6,56.08,54.85,54.31,120331.6,False,0.0,False,0.0,True,0.5,False,0.0,False,0.0,True,False,0.52,56.84,False,False,False,False,False,True,False,0.0,27.20357,999.0,157
XPCI11,XPCI11,ETF,XPCI11,12.25,A,2.0,C,1.0,Fraco,83.39,82.0,80.04,78.9,1570066.91,False,0.0,False,0.0,True,0.5,False,0.0,False,0.0,True,False,0.85,84.48,False,False,False,False,False,True,False,0.0,6.2699246,999.0,158
DEBB11,DEBB11,ETF,DEBB11,12.25,A,0.5,C,0.0,Fraco,16.72,16.46,16.06,15.85,55101961.58,False,0.0,False,0.0,True,0.5,False,0.0,False,0.0,True,False,12.39,16.74,False,False,False,False,False,False,False,0.0,999.0,999.0,159
AFHI11,AFHI11,ETF,AFHI11,12.25,A,0.5,C,1.0,Fraco,95.75,95.23,92.52,91.01,1755289.0,False,0.0,False,0.0,True,0.5,False,0.0,False,0.0,True,False,3.21,96.0,False,False,False,False,False,False,False,0.0,8.800551,999.0,160
LFIN11,LFIN11,ETF,LFIN11,12.25,A,2.0,C,0.0,Fraco,111.26,109.83,106.93,106.36,3094474.44,False,0.0,False,0.0,True,0.5,False,0.0,False,0.0,True,False,1.8,111.45,False,False,False,False,False,True,False,0.0,999.0,999.0,161
SAPI11,SAPI11,ETF,SAPI11,12.25,A,2.0,C,1.0,Fraco,9.07,9.0,8.68,8.47,247674.48,False,0.0,False,0.0,True,0.5,False,0.0,False,0.0,True,False,1.75,9.2,False,False,False,False,False,True,False,0.0,8.892157,999.0,162
VGIP11,VGIP11,ETF,VGIP11,12.25,A,0.5,C,1.0,Fraco,81.25,79.66,77.57,76.02,1497681.25,False,0.0,False,0.0,True,0.5,False,0.0,False,0.0,True,False,0.7,81.85,False,False,False,False,False,False,False,0.0,7.9656863,999.0,163
SFIX11,SFIX11,ETF,SFIX11,12.25,A,0.0,C,0.0,Fraco,110.32,109.51,106.82,105.49,179490.64,False,0.0,False,0.0,True,0.5,False,0.0,False,0.0,True,False,1.29,111.3,False,False,False,False,False,False,False,0.0,999.0,999.0,164
RBFM11,RBFM11,ETF,RBFM11,12.25,A,0.5,C,1.0,Fraco,10.33,10.33,10.19,9.89,209760.98,False,0.0,False,0.0,True,0.5,False,0.0,False,0.0,True,False,0.71,10.5,False,False,False,False,False,False,False,0.0,3.8544774,999.0,165
ISET11,ISET11,ETF,ISET11,12.25,A,2.0,C,0.0,Fraco,116.22,114.12,111.02,109.47,417810.9,False,0.0,False,0.0,True,0.5,False,0.0,False,0.0,True,False,0.93,117.0,False,False,False,False,False,True,False,0.0,999.0,999.0,166
S2TA34,S2TA34,BDR,STAG (BDR: S2TA34),12.25,A,2.0,C,2.0,Fraco,38.6,37.94,37.46,37.2,48571420.28,False,0.0,False,0.0,True,0.5,False,0.0,False,0.0,True,False,0.75,39.74,False,False,False,False,False,True,False,6.915,29.92248,2.0583372,167
CLIN11,CLIN11,ETF,CLIN11,12.25,A,0.5,C,1.0,Fraco,90.87,90.7,87.86,85.84,904429.14,False,0.0,False,0.0,True,0.5,False,0.0,False,0.0,True,False,1.37,93.59,False,False,False,False,False,False,False,0.0,7.5473423,999.0,168
BINC11,BINC11,ETF,BINC11,12.25,A,0.5,C,0.0,Fraco,102.9,100.63,97.69,95.44,874341.31,False,0.0,False,0.0,True,0.5,False,0.0,False,0.0,True,False,1.66,104.15,False,False,False,False,False,False,False,0.0,999.0,999.0,169
SNCI11,SNCI11,ETF,SNCI11,12.25,A,2.0,C,1.0,Fraco,87.48,87.03,84.22,81.82,281685.61,False,0.0,False,0.0,True,0.5,False,0.0,False,0.0,True,False,0.83,88.27,False,False,False,False,False,True,False,0.0,6.1174827,999.0,170
GCRI11,GCRI11,ETF,GCRI11,12.25,A,2.0,C,1.0,Fraco,68.08,67.35,64.15,62.55,216494.41,False,0.0,False,0.0,True,0.5,False,0.0,False,0.0,True,False,1.31,70.0,False,False,False,False,False,True,False,0.0,5.8740296,999.0,171
NCDI11,NCDI11,ETF,NCDI11,12.25,A,2.0,C,0.0,Fraco,110.31,108.9,106.0,105.19,312949.46,False,0.0,False,0.0,True,0.5,False,0.0,False,0.0,True,False,2.95,110.32,False,False,False,False,False,True,False,0.0,999.0,999.0,172
R1IN34,R1IN34,BDR,O (BDR: R1IN34),12.25,A,0.5,C,3.0,OK,63.23,61.68,60.72,59.61,182345834.18,False,0.0,False,0.0,True,0.5,False,0.0,False,0.0,True,False,0.47,64.74,False,False,False,False,False,False,False,2.831,51.827866,1.5061218,173
A1DC34,A1DC34,BDR,ADC (BDR: A1DC34),12.25,A,2.0,C,3.0,OK,77.92,74.99,74.38,73.47,54458052.96,False,0.0,False,0.0,True,0.5,False,0.0,False,0.0,True,False,0.61,79.29,False,False,False,False,False,True,False,3.7039999999999997,42.118916,1.5409259,174
BMYB34,BMYB34,BDR,BMY (BDR: BMYB34),12.25,A,0.5,C,4.0,Forte,57.54,56.28,56.05,53.01,304030950.1,False,0.0,False,0.0,True,0.5,False,0.0,False,0.0,True,False,0.39,58.49,False,False,False,False,False,False,False,38.731998000000004,16.117647,5.854701,175
MARG11,MARG11,ETF,MARG11,12.25,A,0.5,C,0.0,Fraco,120.44,118.67,115.33,113.97,734081.81,False,0.0,False,0.0,True,0.5,False,0.0,False,0.0,True,False,2.04,120.62,False,False,False,False,False,False,False,0.0,999.0,999.0,176
ALUG11,ALUG11,ETF,ALUG11,12.25,A,0.5,C,0.0,Fraco,42.6,41.63,41.01,40.96,241882.79,False,0.0,False,0.0,True,0.5,False,0.0,False,0.0,True,False,0.26,44.0,False,False,False,False,False,False,False,0.0,999.0,999.0,177
HGBR11,HGBR11,ETF,HGBR11,12.25,A,0.5,C,0.0,Fraco,54.84,54.32,53.09,52.47,324323.76,False,0.0,False,0.0,True,0.5,False,0.0,False,0.0,True,False,0.95,55.43,False,False,False,False,False,False,False,0.0,999.0,999.0,178
BLFT11,BLFT11,ETF,BLFT11,12.25,A,0.5,C,0.0,Fraco,110.2,108.81,105.93,105.13,663624.38,False,0.0,False,0.0,True,0.5,False,0.0,False,0.0,True,False,0.98,110.5,False,False,False,False,False,False,False,0.0,999.0,999.0,179
B1TI34,B1TI34,BDR,BTI (BDR: B1TI34),12.25,A,0.5,C,4.0,Forte,61.39,61.38,58.92,57.07,163982019.65,False,0.0,False,0.0,True,0.5,False,0.0,False,0.0,True,False,0.54,63.14,False,False,False,False,False,False,False,15.824,13.316702,10.853463,180
ISEN11,ISEN11,ETF,ISEN11,12.25,A,2.0,C,0.0,Fraco,116.3,115.12,111.82,110.2,11833641.61,False,0.0,False,0.0,True,0.5,False,0.0,False,0.0,True,False,5.08,117.63,False,False,False,False,False,True,False,0.0,999.0,999.0,181
NTNS11,NTNS11,ETF,NTNS11,12.25,A,2.0,C,0.0,Fraco,65.79,65.33,63.67,62.92,5253068.41,False,0.0,False,0.0,True,0.5,False,0.0,False,0.0,True,False,11.33,65.83,False,False,False,False,False,True,False,0.0,999.0,999.0,182
C2PT34,C2PT34,BDR,CPT (BDR: C2PT34),12.25,A,2.0,C,1.0,Fraco,113.98,108.38,105.01,103.82,66584724.38,False,0.0,False,0.0,True,0.5,False,0.0,False,0.0,True,False,0.65,119.81,False,False,False,False,False,True,False,9.064999,31.927172,2.9414954,183
IB5M11,IB5M11,ETF,IB5M11,12.12,A,0.5,C,0.0,Fraco,122.46,122.77,116.49,110.34,1750443.23,False,0.0,False,0.0,True,0.75,False,0.0,False,0.0,True,False,0.9,124.41,False,False,False,False,False,False,False,0.0,999.0,999.0,184
QTOP39,ISHARES NASDAQ TOP 30 STOCKS ETF,BDR,QTOP (BDR: QTOP39),12.12,A,0.5,C,0.0,Fraco,37.29,37.5,33.68,33.14,5930191.56,False,0.0,False,0.0,True,0.75,False,0.0,False,0.0,True,False,1.13,39.18,False,False,False,False,False,False,False,0.0,33.088318,999.0,185
B5MB11,B5MB11,ETF,B5MB11,12.12,A,0.5,C,0.0,Fraco,129.69,129.7,123.16,116.8,1364209.14,False,0.0,False,0.0,True,0.75,False,0.0,False,0.0,True,False,0.54,131.54,False,False,False,False,False,False,False,0.0,999.0,999.0,186
DEEC34,DEEC34,BDR,DE (BDR: DEEC34),12.1,A,0.5,C,1.0,Fraco,596.74,578.69,556.35,532.94,494020152.02,False,0.0,False,0.0,True,0.6,False,0.0,True,1.0,False,False,0.57,638.99,False,False,False,False,False,False,False,18.349001,33.84799,5.8776484,187
PQDP11,PQDP11,ETF,PQDP11,12.1,A,0.5,C,0.0,Fraco,2540.48,2575.76,2396.95,2347.07,71133.44,False,0.0,False,0.0,True,0.6,False,0.0,True,0.8,False,False,1.14,2681.51,False,False,False,False,False,False,False,0.0,999.0,999.0,188
J1CI34,J1CI34,BDR,JCI (BDR: J1CI34),12.07,A,0.5,C,3.0,OK,140.23,141.77,132.38,127.23,293613424.82,False,0.0,False,0.0,True,0.7,False,0.0,True,0.65,False,False,0.35,151.18,False,False,False,False,False,False,False,13.449,42.753048,6.3292108,189
PLAG11,PLAG11,ETF,PLAG11,12.0,A,0.0,C,1.0,Fraco,62.38,62.34,57.81,54.77,87581.52,False,0.0,False,0.0,False,0.0,False,0.0,False,0.0,True,False,0.61,63.28,False,False,False,False,False,False,False,0.0,9.160059,999.0,190
UGPA3,ULTRAPAR PARTICIPACOES S.A.,BR_STOCK,UGPA3,12.0,A,2.0,C,0.0,Fraco,29.36,27.18,25.85,24.51,462437625.61,False,0.0,False,0.0,False,0.0,False,0.0,False,0.0,True,True,2.99,28.48,False,False,False,False,False,True,False,0.0,0.0,0.0,191
T1EC34,T1EC34,BDR,FTI (BDR: T1EC34),12.0,A,0.5,C,4.0,Forte,70.39,69.95,62.56,57.01,196569704.5,False,0.0,False,0.0,False,0.0,False,0.0,False,0.0,True,False,0.48,71.72,False,False,False,False,False,False,False,33.407003,26.969349,8.344991,192
B1SA34,B1SA34,BDR,BSAC (BDR: B1SA34),12.0,A,0.5,C,2.0,Fraco,33.06,31.56,31.62,30.39,10661222.3,False,0.0,False,0.0,False,0.0,False,0.0,True,1.0,True,False,0.87,34.29,False,False,False,False,False,False,False,22.057,14.311689,1.356586,193
R1LC34,R1LC34,BDR,RL (BDR: R1LC34),11.88,A,0.5,C,3.0,OK,380.36,373.78,363.17,353.33,253128429.17,False,0.0,False,0.0,True,0.5,False,0.0,True,0.85,False,False,1.02,420.57,False,False,False,False,False,False,False,34.664001999999996,25.189402,8.045179,194
TSMC34,TSMC34,BDR,TSM (BDR: TSMC34),11.8,A,0.5,C,4.0,Forte,436.98,421.86,364.43,345.18,4490860615.13,False,0.0,False,0.0,True,0.8,False,0.0,False,0.0,False,False,0.65,479.0,False,False,False,False,False,False,False,36.21,37.96525,98.75139,195
N1TA34,N1TA34,BDR,NTAP (BDR: N1TA34),11.8,A,0.5,C,3.0,OK,165.4,143.24,116.9,116.32,387303272.11,False,0.0,False,0.0,True,0.8,False,0.0,False,0.0,True,False,0.81,172.05,False,False,False,False,False,False,False,106.734,26.047243,23.995356,196
H1ST34,H1ST34,BDR,HST (BDR: H1ST34),11.8,A,0.5,C,4.0,Forte,22.76,22.35,19.54,18.6,142669377.19,False,0.0,False,0.0,True,0.8,False,0.0,False,0.0,False,False,0.59,24.47,False,False,False,False,False,False,False,14.87,15.482993,2.2833066,197
J2WA34,J2WA34,BDR,WLY (BDR: J2WA34),11.8,A,0.5,C,5.0,Forte,50.3,43.45,36.54,36.47,33846768.89,False,0.0,False,0.0,True,0.8,False,0.0,False,0.0,False,False,0.88,53.22,False,False,False,False,False,False,False,27.694000000000003,12.091347,3.0155873,198
TEXA34,TEXA34,BDR,TXN (BDR: TEXA34),11.8,A,0.5,C,4.0,Forte,301.32,297.71,231.94,215.78,1873066634.81,False,0.0,False,0.0,True,0.8,False,0.0,False,0.0,False,False,0.54,334.03,False,False,False,False,False,False,False,32.347,51.59589,16.343224,199
BOAC34,BOAC34,BDR,BAC (BDR: BOAC34),11.78,A,2.0,C,3.0,OK,58.3,54.06,52.82,52.45,1272526442.95,False,0.0,False,0.0,True,0.65,False,0.0,False,0.0,True,False,0.64,60.83,False,False,False,False,False,True,False,10.644,14.4665,1.5078626,200
USTK11,USTK11,ETF,USTK11,11.62,A,0.5,C,0.0,Fraco,21.28,20.89,18.72,18.6,347140.65,False,0.0,False,0.0,True,0.75,False,0.0,False,0.0,False,False,1.55,22.78,False,False,False,False,False,False,False,0.0,999.0,999.0,201
MSBR34,MSBR34,BDR,MS (BDR: MSBR34),11.62,A,0.5,C,4.0,Forte,218.07,205.67,184.56,178.14,882838542.91,False,0.0,False,0.0,True,0.75,False,0.0,False,0.0,False,False,0.7,230.47,False,False,False,False,False,False,False,16.387999999999998,19.752718,3.295204,202
COLD34,COLD34,BDR,COLD (BDR: COLD34),11.62,A,0.5,C,1.0,Fraco,15.72,14.32,12.74,12.48,63998982.13,False,0.0,False,0.0,True,0.75,False,0.0,False,0.0,False,False,0.76,16.88,False,False,False,False,False,False,False,-3.7019998,999.0,1.5904492,203
DEAI34,DEAI34,BDR,DAL (BDR: DEAI34),11.62,A,0.5,C,3.0,OK,87.29,79.24,71.55,68.26,661650787.29,False,0.0,False,0.0,True,0.75,False,0.0,False,0.0,False,False,0.94,95.68,False,False,False,False,False,False,False,24.990000000000002,12.743066,2.7992816,204
BCSA34,BCSA34,BDR,SAN (BDR: BCSA34),11.62,A,0.5,C,3.0,OK,13.57,12.63,12.01,11.53,194136486.63,False,0.0,False,0.0,True,0.75,False,0.0,False,0.0,False,False,1.83,14.39,False,False,False,False,False,False,False,12.886000000000001,13.435643,1.6267513,205
BPAC5,BCO BTG PACTUAL S.A.,BR_STOCK,BPAC5,11.62,A,0.5,C,4.0,Forte,18.26,16.7,13.93,13.07,171644.0,False,0.0,False,0.0,True,0.75,False,0.0,False,0.0,True,False,1.14,19.2,False,False,False,False,False,False,False,24.84,12.092715,1.1814182,206
UTEC11,UTEC11,ETF,UTEC11,11.62,A,0.5,C,0.0,Fraco,28.21,27.64,24.76,24.58,2956295.06,False,0.0,False,0.0,True,0.75,False,0.0,False,0.0,False,False,1.78,29.73,False,False,False,False,False,False,False,0.0,34.81784,999.0,207
R1KU34,R1KU34,BDR,ROKU (BDR: R1KU34),11.62,A,0.5,C,2.0,Fraco,139.25,128.95,110.26,107.51,472677580.25,False,0.0,False,0.0,True,0.75,False,0.0,False,0.0,False,False,0.63,148.88,False,False,False,False,False,False,False,7.754999999999999,102.3897,7.6937947,208
I1HG34,I1HG34,BDR,IHG (BDR: I1HG34),11.62,A,0.5,C,2.0,Fraco,163.46,158.34,144.32,139.12,48171173.6,False,0.0,False,0.0,True,0.75,False,0.0,False,0.0,False,False,1.25,175.89,False,False,False,False,False,False,False,0.0,33.564682,-53.84544,209
GSGI34,GSGI34,BDR,GS (BDR: GSGI34),11.62,A,0.5,C,3.0,OK,1029.64,1005.14,926.74,889.84,1075006983.33,False,0.0,False,0.0,True,0.75,False,0.0,False,0.0,False,False,0.49,1125.0,False,False,False,False,False,False,False,14.548,18.802776,2.8900473,210
R1OK34,R1OK34,BDR,ROK (BDR: R1OK34),11.62,A,0.5,C,3.0,OK,463.61,452.02,413.13,399.18,239507408.97,False,0.0,False,0.0,True,0.75,False,0.0,False,0.0,False,False,0.45,497.36,False,False,False,False,False,False,False,27.183,48.242455,14.6470995,211
M1GM34,M1GM34,BDR,MGM (BDR: M1GM34),11.62,A,0.5,C,1.0,Fraco,46.6,43.32,38.6,37.18,102372740.65,False,0.0,False,0.0,True,0.75,False,0.0,False,0.0,False,False,0.64,50.55,False,False,False,False,False,False,False,13.488,63.835613,4.89959,212
N1WG34,N1WG34,BDR,NWG (BDR: N1WG34),11.6,A,2.0,C,3.0,OK,17.51,16.23,16.15,15.71,66750117.01,False,0.0,False,0.0,True,0.6,False,0.0,False,0.0,True,False,0.68,18.4,False,False,False,False,False,True,False,14.072000000000001,9.516304,1.3331752,213
R1FC34,R1FC34,BDR,RF (BDR: R1FC34),11.6,A,2.0,C,3.0,OK,29.82,28.45,27.83,27.01,200166300.65,False,0.0,False,0.0,True,0.6,False,0.0,False,0.0,True,False,0.68,31.04,False,False,False,False,False,True,False,11.895,12.373444,1.4607623,214
RZAT11,RZAT11,ETF,RZAT11,11.6,A,0.5,C,1.0,Fraco,94.35,94.81,88.0,86.01,549116.99,False,0.0,False,0.0,True,0.6,False,0.0,False,0.0,True,False,0.73,96.37,False,False,False,False,False,False,False,0.0,7.849417,999.0,215
KCRE11,KCRE11,ETF,KCRE11,11.6,A,0.5,C,1.0,Fraco,9.0,9.02,8.57,8.35,538020.0,False,0.0,False,0.0,True,0.6,False,0.0,False,0.0,True,False,1.39,9.08,False,False,False,False,False,False,False,0.0,7.142857,999.0,216
T1FX34,T1FX34,BDR,TFX (BDR: T1FX34),11.6,A,0.5,C,2.0,Fraco,130.35,129.26,119.82,119.73,29269963.52,False,0.0,False,0.0,True,0.6,False,0.0,False,0.0,True,False,0.52,136.69,False,False,False,False,False,False,False,0.037999998,2607.0,1.8706142,217
BIIB34,BIIB34,BDR,BIIB (BDR: BIIB34),11.45,A,0.5,C,3.0,OK,200.36,196.81,186.79,178.54,375805034.78,False,0.0,False,0.0,True,0.7,False,0.0,False,0.0,False,False,1.43,219.72,False,False,False,False,False,False,False,7.7010006,21.544086,1.5855405,218
TUPY3,TUPY S.A.,BR_STOCK,TUPY3,11.45,A,0.5,C,0.0,Fraco,14.34,13.81,13.03,12.97,7471140.08,False,0.0,False,0.0,True,0.7,False,0.0,True,1.0,False,False,0.8,15.66,False,False,False,False,False,False,False,-26.069,999.0,0.75086397,219
LOGG3,LOG COMMERCIAL PROPERTIES,BR_STOCK,LOGG3,11.45,A,0.5,C,4.0,Forte,26.55,25.58,24.15,22.63,14344964.59,False,0.0,False,0.0,True,0.7,False,0.0,False,0.0,False,False,1.35,28.7,False,False,False,False,False,False,False,11.023,5.771739,0.62037057,220
H1LT34,H1LT34,BDR,HLT (BDR: H1LT34),11.45,A,0.5,C,2.0,Fraco,333.13,330.53,311.81,300.21,388071137.81,False,0.0,False,0.0,True,0.7,False,0.0,False,0.0,False,False,0.36,358.0,False,False,False,False,False,False,False,0.0,50.859543,-12.881062,221
Q1UA34,Q1UA34,BDR,PWR (BDR: Q1UA34),11.43,A,0.5,C,3.0,OK,666.33,714.04,579.04,542.2,423374098.92,False,0.0,False,0.0,True,0.8,False,0.0,True,0.85,False,False,0.36,742.62,False,False,False,False,False,False,False,13.533999999999999,91.4033,11.055016,222
S1WK34,S1WK34,BDR,SWK (BDR: S1WK34),11.28,A,0.5,C,2.0,Fraco,86.15,81.23,77.77,75.17,108117304.26,False,0.0,False,0.0,True,0.65,False,0.0,False,0.0,False,False,0.69,95.16,False,False,False,False,False,False,False,4.165,35.307377,1.4917749,223
U1AL34,U1AL34,BDR,UAL (BDR: U1AL34),11.28,A,0.5,C,4.0,Forte,126.22,109.29,105.84,103.73,628477911.8,False,0.0,False,0.0,True,0.65,False,0.0,False,0.0,False,False,0.9,138.77,False,False,False,False,False,False,False,25.726998000000002,11.289803,2.5807111,224
GEOO34,GEOO34,BDR,GE (BDR: GEOO34),11.28,A,0.5,C,2.0,Fraco,356.03,323.72,312.83,309.75,1196129420.83,False,0.0,False,0.0,True,0.65,False,0.0,False,0.0,False,False,0.63,382.49,False,False,False,False,False,False,False,45.428002,44.282337,20.571445,225
ACWI11,ACWI11,ETF,ACWI11,11.25,A,0.5,C,0.0,Fraco,16.93,16.59,16.11,15.98,990862.13,False,0.0,False,0.0,True,0.5,False,0.0,False,0.0,True,False,0.98,17.34,False,False,False,False,False,False,False,0.0,23.453821,999.0,226
CPTI11,CPTI11,ETF,CPTI11,11.25,A,2.0,C,0.0,Fraco,85.69,85.99,84.26,81.97,2115514.78,False,0.0,False,0.0,True,0.5,False,0.0,False,0.0,True,False,1.03,87.72,False,False,False,False,False,True,False,0.0,999.0,999.0,227
CPLE3,CIA PARANAENSE DE ENERGIA - COPEL,BR_STOCK,CPLE3,11.25,A,0.5,C,0.0,Fraco,14.81,14.92,14.18,13.54,214358465.07,False,0.0,False,0.0,False,0.0,False,0.0,True,0.7,True,False,0.97,15.35,False,False,False,False,False,False,False,0.0,0.0,0.0,228
BSTP39,PIMCO 1TO5 YEAR U.S. TIPS INDEX EXCHANGE-TF,BDR,BSTP (BDR: BSTP39),11.25,A,2.0,C,0.0,Fraco,39.3,38.96,37.73,37.41,59817.34,False,0.0,False,0.0,True,0.5,False,0.0,False,0.0,True,False,0.26,39.53,False,False,False,False,False,True,False,0.0,26.745596,999.0,229
SNEL11,SNEL11,ETF,SNEL11,11.25,A,0.5,C,0.0,Fraco,8.38,8.33,8.19,8.07,3768502.81,False,0.0,False,0.0,True,0.5,False,0.0,False,0.0,True,False,0.47,8.46,False,False,False,False,False,False,False,0.0,22.052631,999.0,230
AZIN11,AZIN11,ETF,AZIN11,11.25,A,2.0,C,0.0,Fraco,99.02,98.72,96.24,94.75,2102788.65,False,0.0,False,0.0,True,0.5,False,0.0,False,0.0,True,False,1.66,99.9,False,False,False,False,False,True,False,0.0,999.0,999.0,231
HTMX11,HTMX11,ETF,HTMX11,11.25,A,2.0,C,0.0,Fraco,137.68,132.55,132.48,130.96,379446.06,False,0.0,False,0.0,True,0.5,False,0.0,False,0.0,True,False,0.71,138.91,False,False,False,False,False,True,False,0.0,999.0,999.0,232
CCME11,CCME11,ETF,CCME11,11.25,A,0.5,C,1.0,Fraco,8.9,8.77,8.68,8.53,104094.4,False,0.0,False,0.0,True,0.5,False,0.0,False,0.0,True,False,0.39,9.02,False,False,False,False,False,False,False,0.0,6.3120565,999.0,233
IVVB11,IVVB11,ETF,IVVB11,11.25,A,2.0,C,0.0,Fraco,433.7,424.3,411.42,409.72,50104061.31,False,0.0,False,0.0,True,0.5,False,0.0,False,0.0,True,False,0.83,442.33,False,False,False,False,False,True,False,0.0,999.0,999.0,234
JPMC34,JPMC34,BDR,JPM (BDR: JPMC34),11.25,A,2.0,C,4.0,Forte,330.62,312.78,307.01,305.85,2030904403.31,False,0.0,False,0.0,True,0.5,False,0.0,False,0.0,True,False,0.62,341.91,False,False,False,False,False,True,False,16.465001,15.819139,2.5753434,235
AJFI11,AJFI11,ETF,AJFI11,11.25,A,0.5,C,0.0,Fraco,8.2,8.34,8.08,7.9,313838.59,False,0.0,False,0.0,True,0.5,False,0.0,False,0.0,True,False,2.11,8.63,False,False,False,False,False,False,False,0.0,999.0,999.0,236
IDKA11,IDKA11,ETF,IDKA11,11.25,A,2.0,C,0.0,Fraco,59.56,59.05,58.35,57.79,1728609.92,False,0.0,False,0.0,True,0.5,False,0.0,False,0.0,True,False,0.45,59.8,False,False,False,False,False,True,False,0.0,999.0,999.0,237
HGRU11,HGRU11,ETF,HGRU11,11.25,A,0.5,C,0.0,Fraco,128.0,128.36,124.96,123.43,4933632.0,False,0.0,False,0.0,True,0.5,False,0.0,False,0.0,True,False,0.88,130.9,False,False,False,False,False,False,False,0.0,12800.0,999.0,238
N2LY34,N2LY34,BDR,NLY (BDR: N2LY34),11.25,A,2.0,C,4.0,Forte,22.53,21.48,21.28,20.75,141785192.01,False,0.0,False,0.0,True,0.5,False,0.0,False,0.0,True,False,0.66,23.1,False,False,False,False,False,True,False,15.042,7.267742,1.13696,239
BBFO11,BBFO11,ETF,BBFO11,11.25,A,0.0,C,1.0,Fraco,68.38,68.73,65.55,63.18,90945.4,False,0.0,False,0.0,True,0.5,False,0.0,False,0.0,True,False,0.25,70.08,False,False,False,False,False,False,False,0.0,0.48617133,999.0,240
AZPL11,AZPL11,ETF,AZPL11,11.25,A,2.0,C,0.0,Fraco,7.51,7.49,7.36,7.29,155592.18,False,0.0,False,0.0,True,0.5,False,0.0,False,0.0,True,False,0.76,7.65,False,False,False,False,False,True,False,0.0,24.225807,999.0,241
SPXB11,SPXB11,ETF,SPXB11,11.25,A,2.0,C,0.0,Fraco,16.98,16.58,16.06,15.99,346663.67,False,0.0,False,0.0,True,0.5,False,0.0,False,0.0,True,False,1.46,17.42,False,False,False,False,False,True,False,0.0,26.76856,999.0,242
IAAG11,IAAG11,ETF,IAAG11,11.25,A,0.5,C,0.0,Fraco,8.38,8.3,8.1,7.81,117060.22,False,0.0,False,0.0,True,0.5,False,0.0,False,0.0,True,False,0.95,8.49,False,False,False,False,False,False,False,0.0,999.0,999.0,243
VWRA11,VWRA11,ETF,VWRA11,11.25,A,0.5,C,0.0,Fraco,110.85,108.55,105.36,104.71,1209373.48,False,0.0,False,0.0,True,0.5,False,0.0,False,0.0,True,False,1.61,115.46,False,False,False,False,False,False,False,0.0,999.0,999.0,244
BEES3,BANESTES S.A. - BCO EST ESPIRITO SANTO,BR_STOCK,BEES3,11.25,A,0.5,C,1.0,Fraco,8.61,8.63,8.28,8.04,87822.0,False,0.0,False,0.0,True,0.5,False,0.0,False,0.0,True,False,1.01,8.8,False,False,False,False,False,False,False,13.748999000000001,9.461537,1.2169611,245
SPYI11,SPYI11,ETF,SPYI11,11.25,A,0.5,C,0.0,Fraco,107.97,105.42,104.06,103.67,1206240.85,False,0.0,False,0.0,True,0.5,False,0.0,False,0.0,True,False,0.51,109.72,False,False,False,False,False,False,False,0.0,999.0,999.0,246
GPUS11,GPUS11,ETF,GPUS11,11.25,A,2.0,C,0.0,Fraco,116.3,113.66,110.17,109.75,437753.21,False,0.0,False,0.0,True,0.5,False,0.0,False,0.0,True,False,0.44,118.42,False,False,False,False,False,True,False,0.0,999.0,999.0,247
ICRI11,ICRI11,ETF,ICRI11,11.25,A,0.5,C,1.0,Fraco,94.52,94.65,90.71,88.17,609086.86,False,0.0,False,0.0,True,0.5,False,0.0,False,0.0,True,False,0.9,96.22,False,False,False,False,False,False,False,0.0,6.347884,999.0,248
FASL34,FASL34,BDR,FAST (BDR: FASL34),11.25,A,0.5,C,4.0,Forte,46.51,45.39,44.45,44.03,227371940.47,False,0.0,False,0.0,True,0.5,False,0.0,False,0.0,True,False,0.6,48.83,False,False,False,False,False,False,False,33.842,41.15929,13.384172,249
BTLG11,BTLG11,ETF,BTLG11,11.25,A,2.0,C,0.0,Fraco,102.43,102.09,100.37,99.54,9203130.67,False,0.0,False,0.0,True,0.5,False,0.0,False,0.0,True,False,1.0,102.8,False,False,False,False,False,True,False,8.615,94.57987,0.9903412,250
BCLO39,GLOBAL X CLOUD COMPUTING ETF,BDR,BCLO (BDR: BCLO39),11.25,A,2.0,C,0.0,Fraco,49.48,49.42,48.74,48.52,148044.16,False,0.0,False,0.0,True,0.5,False,0.0,False,0.0,True,False,0.3,49.59,False,False,False,False,False,True,False,0.0,999.0,999.0,251
M1SC34,M1SC34,BDR,MSCI (BDR: M1SC34),11.25,A,0.5,C,2.0,Fraco,604.23,591.74,570.3,566.91,221811617.37,False,0.0,False,0.0,True,0.5,False,0.0,False,0.0,True,False,0.41,619.97,False,False,False,False,False,False,False,0.0,34.50771,-15.878642,252
BODB11,BODB11,ETF,BODB11,11.25,A,2.0,C,0.0,Fraco,7.68,7.66,7.46,7.25,626879.99,False,0.0,False,0.0,True,0.5,False,0.0,False,0.0,True,False,0.8,7.87,False,False,False,False,False,True,False,0.0,999.0,999.0,253
EAIN34,EAIN34,BDR,EA (BDR: EAIN34),11.25,A,2.0,C,3.0,OK,204.89,202.49,202.32,201.03,208414722.05,False,0.0,False,0.0,True,0.5,False,0.0,False,0.0,True,False,0.48,206.01,False,False,False,False,False,True,False,13.489999999999998,58.37322,7.594425,254
BPRE11,BPRE11,ETF,BPRE11,11.25,A,0.0,C,0.0,Fraco,107.72,106.87,105.35,104.72,109658.96,False,0.0,False,0.0,True,0.5,False,0.0,False,0.0,True,False,0.55,108.04,False,False,False,False,False,False,False,0.0,999.0,999.0,255
FIGS11,FIGS11,ETF,FIGS11,11.25,A,0.0,C,0.0,Fraco,49.28,49.32,47.56,46.64,64064.0,False,0.0,False,0.0,True,0.5,False,0.0,False,0.0,True,False,0.7,50.67,False,False,False,False,False,False,False,-0.501,999.0,0.7003482,256
B1BT34,B1BT34,BDR,TFC (BDR: B1BT34),11.25,A,2.0,C,3.0,OK,49.69,49.14,48.79,47.43,268507907.67,False,0.0,False,0.0,True,0.5,False,0.0,False,0.0,True,False,0.62,52.07,False,False,False,False,False,True,False,8.579001,12.299504,1.0440172,257
SPXU11,SPXU11,ETF,SPXU11,11.25,A,0.5,C,0.0,Fraco,16.43,16.1,15.67,15.63,41687823.34,False,0.0,False,0.0,True,0.5,False,0.0,False,0.0,True,False,5.46,16.9,False,False,False,False,False,False,False,0.0,999.0,999.0,258
CPUR11,CPUR11,ETF,CPUR11,11.25,A,0.5,C,0.0,Fraco,10.49,10.18,10.16,10.07,12010619.65,False,0.0,False,0.0,True,0.5,False,0.0,False,0.0,True,True,11.62,10.25,False,False,False,False,False,False,False,0.0,22.319149,999.0,259
LLFT11,LLFT11,ETF,LLFT11,11.25,A,0.5,C,0.0,Fraco,115.93,114.44,112.17,111.98,6354587.04,False,0.0,False,0.0,True,0.5,False,0.0,False,0.0,True,False,0.59,116.0,False,False,False,False,False,False,False,0.0,999.0,999.0,260
JSCR11,JSCR11,ETF,JSCR11,11.25,A,0.5,C,1.0,Fraco,8.11,8.2,7.96,7.77,401801.82,False,0.0,False,0.0,True,0.5,False,0.0,False,0.0,True,False,1.64,8.35,False,False,False,False,False,False,False,0.0,5.963235,999.0,261
TBIL39,GLOBAL X 1-3 MONTH T-BILL ETF,BDR,TBIL (BDR: TBIL39),11.25,A,2.0,C,0.0,Fraco,49.9,49.72,49.37,49.19,75625498.21,False,0.0,False,0.0,True,0.5,False,0.0,False,0.0,True,False,0.66,49.9,False,False,False,False,False,True,False,0.0,999.0,999.0,262
WRLD11,WRLD11,ETF,WRLD11,11.25,A,2.0,C,0.0,Fraco,145.15,142.28,138.28,137.1,3684197.15,False,0.0,False,0.0,True,0.5,False,0.0,False,0.0,True,False,0.71,148.78,False,False,False,False,False,True,False,0.0,999.0,999.0,263
NMRH34,NMRH34,BDR,NMR (BDR: NMRH34),11.12,A,2.0,C,3.0,OK,9.45,8.4,8.44,8.12,12859767.64,False,0.0,False,0.0,False,0.0,False,0.0,True,0.65,True,False,1.17,9.56,False,False,False,False,False,True,False,10.07,12.770269,1.1848177,264
BROF11,BROF11,ETF,BROF11,11.1,A,0.5,C,1.0,Fraco,61.24,57.43,56.65,54.65,256411.89,False,0.0,False,0.0,True,0.6,False,0.0,False,0.0,False,False,0.14,66.14,False,False,False,False,False,False,False,0.0,9.019146,999.0,265
COLO39,GLOBAL X MSCI COLOMBIA ETF,BDR,COLO (BDR: COLO39),11.1,A,0.5,C,1.0,Fraco,42.86,39.95,39.16,37.59,4800191.49,False,0.0,False,0.0,True,0.6,False,0.0,False,0.0,False,False,0.59,47.31,False,False,False,False,False,False,False,0.0,11.478546,999.0,266
H1UM34,H1UM34,BDR,HUM (BDR: H1UM34),11.0,A,2.0,C,2.0,Fraco,396.29,324.3,250.86,253.23,334298362.51,False,0.0,False,0.0,False,0.0,False,0.0,False,0.0,True,False,0.6,415.0,False,False,False,False,False,True,False,6.280000500000001,42.383957,2.5607738,267
ISNN11,ISNN11,ETF,ISNN11,11.0,A,2.0,C,0.0,Fraco,1088.5,1074.72,1052.76,1052.76,658542.5,False,0.0,False,0.0,False,0.0,False,0.0,False,0.0,True,False,0.25,1097.99,False,False,False,False,False,True,False,0.0,999.0,999.0,268
D1EX34,D1EX34,BDR,DXCM (BDR: D1EX34),10.9,A,0.5,C,4.0,Forte,74.06,68.33,67.98,67.09,375488705.28,False,0.0,False,0.0,True,0.65,False,0.0,True,0.85,False,False,1.06,78.91,False,False,False,False,False,False,False,35.624,31.785408,9.665883,269
P1PG34,P1PG34,BDR,PPG (BDR: P1PG34),10.88,A,0.5,C,5.0,Forte,114.28,112.9,110.43,107.51,260469830.22,False,0.0,False,0.0,True,0.5,False,0.0,True,0.65,False,False,1.06,125.7,False,False,False,False,False,False,False,20.748,16.372492,3.1432738,270
ARXD11,ARXD11,ETF,ARXD11,10.88,A,0.5,C,1.0,Fraco,7.86,7.85,7.53,7.34,97078.86,False,0.0,False,0.0,True,0.5,False,0.0,True,0.65,False,False,1.62,9.08,False,False,False,False,False,False,False,0.0,12.476191,999.0,271
AMZO34,AMZO34,BDR,AMZN (BDR: AMZO34),10.85,A,0.5,C,4.0,Forte,243.62,254.6,235.03,233.17,6772576908.22,False,0.0,False,0.0,True,0.6,False,0.0,True,0.7,True,False,0.35,250.43,False,False,False,False,False,False,False,24.285,31.353926,5.9285035,272
MUTC34,MUTC34,BDR,MU (BDR: MUTC34),10.8,A,0.5,C,4.0,Forte,948.8,880.08,539.26,456.08,38474166841.0,False,0.0,False,0.0,True,0.8,False,0.0,False,0.0,False,False,0.67,1254.81,False,False,False,False,False,False,False,66.63799999999999,21.466063,14.770304,273
SVAL11,SVAL11,ETF,SVAL11,10.75,A,0.5,C,0.0,Fraco,149.55,145.78,140.76,137.98,696903.01,False,0.0,False,0.0,True,0.5,False,0.0,False,0.0,False,False,1.45,157.73,False,False,False,False,False,False,False,0.0,999.0,999.0,274
P1KG34,P1KG34,BDR,PKG (BDR: P1KG34),10.75,A,0.5,C,3.0,OK,224.46,223.13,216.89,213.06,106563286.03,False,0.0,False,0.0,True,0.5,False,0.0,False,0.0,False,False,0.82,243.5,False,False,False,False,False,False,False,16.313,27.273392,4.332201,275
NEXG11,NEXG11,ETF,NEXG11,10.75,A,0.5,C,0.0,Fraco,133.97,131.32,127.83,126.59,59482.68,False,0.0,False,0.0,True,0.5,False,0.0,False,0.0,True,False,1.65,138.62,False,False,False,False,False,False,False,0.0,999.0,999.0,276
Q1UE34,Q1UE34,BDR,DGX (BDR: Q1UE34),10.75,A,0.5,C,3.0,OK,208.21,197.76,192.9,190.26,118893327.29,False,0.0,False,0.0,True,0.5,False,0.0,False,0.0,False,False,0.61,219.2,False,False,False,False,False,False,False,14.538999,23.00663,3.137583,277
A1ME34,A1ME34,BDR,AME (BDR: A1ME34),10.75,A,0.5,C,3.0,OK,231.34,230.73,222.63,214.22,256654144.1,False,0.0,False,0.0,True,0.5,False,0.0,False,0.0,False,False,1.0,244.71,False,False,False,False,False,False,False,14.626999,34.89291,4.8560033,278
A1PD34,A1PD34,BDR,APD (BDR: A1PD34),10.75,A,0.5,C,1.0,Fraco,296.75,288.96,275.94,270.57,222437271.5,False,0.0,False,0.0,True,0.5,False,0.0,False,0.0,False,False,0.41,314.87,False,False,False,False,False,False,False,12.353,31.269758,4.2223964,279
FDXB34,FDXB34,BDR,FDX (BDR: FDXB34),10.62,A,0.5,C,2.0,Fraco,309.76,316.99,286.09,264.05,454201721.84,False,0.0,False,0.0,True,0.75,False,0.0,False,0.0,False,False,0.52,344.08,False,False,False,False,False,False,False,14.846,16.52935,2.358908,280
GOGL34,GOGL34,BDR,GOOGL (BDR: GOGL34),10.62,A,0.5,C,4.0,Forte,361.92,372.29,334.23,317.53,7919107030.13,False,0.0,False,0.0,True,0.75,False,0.0,False,0.0,True,False,0.53,376.0,False,False,False,False,False,False,False,38.884997,27.627481,9.159286,281
EQIX34,EQIX34,BDR,EQIX (BDR: EQIX34),10.62,A,0.5,C,2.0,Fraco,1015.97,1067.61,942.45,903.72,462876934.62,False,0.0,False,0.0,True,0.75,False,0.0,False,0.0,False,False,0.59,1124.0,False,False,False,False,False,False,False,10.059,70.45561,7.0078497,282
JTEK39,JTEK39,BDR,JTEK (BDR: JTEK39),10.62,A,0.5,C,0.0,Fraco,102.43,103.66,92.68,92.55,49311645.89,False,0.0,False,0.0,True,0.75,False,0.0,False,0.0,False,False,1.64,111.82,False,False,False,False,False,False,False,0.0,39.41517,999.0,283
GOGL35,GOGL35,BDR,GOOG (BDR: GOGL35),10.62,A,0.5,C,4.0,Forte,358.71,369.5,333.2,316.9,4911131853.04,False,0.0,False,0.0,True,0.75,False,0.0,False,0.0,True,False,0.49,373.6,False,False,False,False,False,False,False,38.884997,27.319878,9.078048,284
C1MI34,C1MI34,BDR,CMI (BDR: C1MI34),10.62,A,0.5,C,3.0,OK,669.21,676.51,597.65,557.3,363372342.2,False,0.0,False,0.0,True,0.75,False,0.0,False,0.0,False,False,0.46,737.76,False,False,False,False,False,False,False,21.993999,34.710064,7.476622,285
ORVR3,ORIZON VALORIZACAO DE RESIDUOS S.A.,BR_STOCK,ORVR3,10.6,A,0.5,C,1.0,Fraco,75.0,78.17,73.51,69.28,58215000.0,False,0.0,False,0.0,True,0.6,False,0.0,True,0.8,False,False,1.23,80.95,False,False,False,False,False,False,False,8.196,74.25742,4.938109,286
KMIC34,KMIC34,BDR,KMI (BDR: KMIC34),10.5,A,0.5,C,3.0,OK,32.48,32.17,30.8,29.71,160187200.3,False,0.0,False,0.0,False,0.0,False,0.0,False,0.0,True,False,0.45,33.34,False,False,False,False,False,False,False,10.597,21.798656,2.3069818,287
DMVF3,D1000 VAREJO FARMA PARTICIPAÇÕES S.A.,BR_STOCK,DMVF3,10.5,A,0.5,C,4.0,Forte,6.77,6.66,6.66,6.21,156387.0,False,0.0,False,0.0,False,0.0,False,0.0,True,1.0,False,False,0.79,7.21,False,False,False,False,False,False,False,2.6349999,14.404255,0.37205982,288
A1TM34,A1TM34,BDR,ATO (BDR: A1TM34),10.5,A,0.5,C,3.0,OK,177.09,175.52,175.34,174.23,118103974.91,False,0.0,False,0.0,False,0.0,False,0.0,False,0.0,True,False,0.5,179.79,False,False,False,False,False,False,False,9.6,21.809113,1.9827132,289
DUKB34,DUKB34,BDR,DUK (BDR: DUKB34),10.5,A,2.0,C,3.0,OK,126.79,124.81,123.21,122.8,234983205.24,False,0.0,False,0.0,False,0.0,False,0.0,False,0.0,True,False,0.44,130.37,False,False,False,False,False,True,False,9.661,19.506153,1.8443254,290
D2AR34,D2AR34,BDR,DAR (BDR: D2AR34),10.5,A,0.5,C,2.0,Fraco,61.02,59.04,51.88,47.06,134789092.67,False,0.0,False,0.0,False,0.0,False,0.0,False,0.0,True,False,0.75,60.61,False,False,False,False,False,False,False,4.879,44.217392,1.9887234,291
S1RE34,S1RE34,BDR,SRE (BDR: S1RE34),10.5,A,2.0,C,2.0,Fraco,95.33,91.46,90.85,90.46,186205709.33,False,0.0,False,0.0,False,0.0,False,0.0,False,0.0,True,False,0.48,95.51,False,False,False,False,False,True,False,5.689,32.42517,1.931908,292
N1GG34,N1GG34,BDR,NGG (BDR: N1GG34),10.5,A,0.5,C,3.0,OK,83.53,82.85,82.32,79.77,71099649.07,False,0.0,False,0.0,False,0.0,False,0.0,False,0.0,True,False,0.67,84.1,False,False,False,False,False,False,False,8.405999999999999,19.335648,9.639901,293
GTWR11,GTWR11,ETF,GTWR11,10.5,A,0.5,C,1.0,Fraco,79.86,79.78,79.08,76.77,1026680.17,False,0.0,False,0.0,False,0.0,False,0.0,False,0.0,True,False,1.5,80.74,False,False,False,False,False,False,False,0.0,10.160305,999.0,294
DESK3,DESKTOP S.A.,BR_STOCK,DESK3,10.5,A,2.0,C,1.0,Fraco,17.87,17.84,16.82,15.97,6299175.3,False,0.0,False,0.0,False,0.0,False,0.0,False,0.0,True,False,0.82,17.97,False,False,False,False,False,True,False,4.9889997,35.03922,1.4614002,295
C1MS34,C1MS34,BDR,CMS (BDR: C1MS34),10.5,A,2.0,C,2.0,Fraco,76.19,74.05,73.47,73.11,264257556.85,False,0.0,False,0.0,False,0.0,False,0.0,False,0.0,True,False,1.02,78.87,False,False,False,False,False,True,False,10.3719994,21.105265,2.5465424,296
CPTR11,CPTR11,ETF,CPTR11,10.5,A,0.5,C,0.0,Fraco,8.06,8.02,7.88,7.58,224285.63,False,0.0,False,0.0,False,0.0,False,0.0,False,0.0,True,False,1.37,8.23,False,False,False,False,False,False,False,0.0,999.0,999.0,297
C1TV34,C1TV34,BDR,CTVA (BDR: C1TV34),10.5,A,2.0,C,3.0,OK,85.18,80.14,76.34,73.32,188946021.14,False,0.0,False,0.0,False,0.0,False,0.0,False,0.0,True,False,0.52,87.69,False,False,False,False,False,True,False,5.1370002,46.043243,2.3427486,298
ABUD34,ABUD34,BDR,BUD (BDR: ABUD34),10.45,A,0.5,C,3.0,OK,79.13,80.23,73.04,69.84,133405737.15,False,0.0,False,0.0,True,0.7,False,0.0,False,0.0,False,False,0.54,85.56,False,False,False,False,False,False,False,0.0,21.919668,10.589615,299
W1AB34,W1AB34,BDR,WAB (BDR: W1AB34),10.45,A,0.5,C,3.0,OK,259.0,264.62,247.5,235.38,94963386.0,False,0.0,False,0.0,True,0.7,False,0.0,False,0.0,False,False,0.39,284.91,False,False,False,False,False,False,False,11.305001,36.58192,3.9632747,300
M1TT34,M1TT34,BDR,MAR (BDR: M1TT34),10.45,A,0.5,C,2.0,Fraco,371.16,372.94,342.55,324.99,512770906.82,False,0.0,False,0.0,True,0.7,False,0.0,False,0.0,False,False,0.8,410.98,False,False,False,False,False,False,False,0.0,38.82427,-24.009315,301
A1RC34,A1RC34,BDR,ARCO (BDR: A1RC34),10.38,A,0.5,C,4.0,Forte,8.18,8.49,8.12,7.81,5997911.6,False,0.0,False,0.0,True,0.5,False,0.0,True,0.85,False,False,0.48,9.0,False,False,False,False,False,False,False,36.284,7.3693695,2.2222223,302
CATP34,CATP34,BDR,CAT (BDR: CATP34),10.3,A,0.5,C,3.0,OK,948.08,920.77,761.84,702.74,2026583609.81,False,0.0,False,0.0,True,0.8,False,0.0,False,0.0,False,False,0.46,1073.46,False,False,False,False,False,False,False,51.331,47.121273,23.403027,303
M2RV34,M2RV34,BDR,MRVL (BDR: M2RV34),10.3,A,0.5,C,3.0,OK,231.71,228.12,138.19,125.06,5536355630.7,False,0.0,False,0.0,True,0.8,False,0.0,False,0.0,False,False,0.65,329.88,False,False,False,False,False,False,False,16.028000000000002,79.62543,11.137762,304
K1LA34,K1LA34,BDR,KLAC (BDR: K1LA34),10.3,A,0.5,C,3.0,OK,221.18,211.03,167.16,153.55,2755427614.12,False,0.0,False,0.0,True,0.8,False,0.0,False,0.0,False,False,0.71,307.37,False,False,False,False,False,False,False,94.975996,62.657223,49.58081,305
CSCO34,CSCO34,BDR,CSCO (BDR: CSCO34),10.3,A,0.5,C,4.0,Forte,113.82,112.07,89.66,84.85,1910821764.52,False,0.0,False,0.0,True,0.8,False,0.0,False,0.0,False,False,0.61,125.97,False,False,False,False,False,False,False,25.229000000000003,37.94,9.178292,306
M2KS34,M2KS34,BDR,MKSI (BDR: M2KS34),10.3,A,0.5,C,2.0,Fraco,349.39,335.05,257.15,227.52,427739327.87,False,0.0,False,0.0,True,0.8,False,0.0,False,0.0,False,False,0.64,447.62,False,False,False,False,False,False,False,12.662,72.94155,8.365016,307
S1TX34,S1TX34,BDR,STX (BDR: S1TX34),10.3,A,0.5,C,3.0,OK,860.02,855.76,539.77,465.49,4139079409.42,False,0.0,False,0.0,True,0.8,False,0.0,False,0.0,False,False,0.94,1144.18,False,False,False,False,False,False,False,1787.97,81.828735,176.23361,308
W1DC34,W1DC34,BDR,WDC (BDR: W1DC34),10.3,A,0.5,C,4.0,Forte,550.3,538.9,351.12,297.23,3561300489.6,False,0.0,False,0.0,True,0.8,False,0.0,False,0.0,False,False,0.57,799.87,False,False,False,False,False,False,False,85.920995,32.932377,26.311258,309
A1MT34,A1MT34,BDR,AMAT (BDR: A1MT34),10.3,A,0.5,C,4.0,Forte,570.5,499.87,385.29,344.65,4268134136.0,False,0.0,False,0.0,True,0.8,False,0.0,False,0.0,False,False,0.5,739.67,False,False,False,False,False,False,False,39.692003,53.568077,18.944677,310
GPRK34,GPRK34,BDR,GPRK (BDR: GPRK34),10.3,A,0.5,C,3.0,OK,9.95,9.94,8.84,8.39,4060475.52,False,0.0,False,0.0,True,0.8,False,0.0,False,0.0,False,False,0.77,11.67,False,False,False,False,False,False,False,22.567,9.386793,2.1998675,311
G2EV34,G2EV34,BDR,GEV (BDR: G2EV34),10.3,A,0.5,C,4.0,Forte,1070.99,1039.21,870.78,801.01,2249405631.44,False,0.0,False,0.0,True,0.8,False,0.0,False,0.0,False,False,0.67,1195.94,False,False,False,False,False,False,False,75.708,31.269781,20.671892,312
STMN34,STMN34,BDR,STM (BDR: STMN34),10.3,A,0.5,C,2.0,Fraco,68.54,67.48,43.58,39.14,582588774.06,False,0.0,False,0.0,True,0.8,False,0.0,False,0.0,False,False,0.74,81.08,False,False,False,False,False,False,False,0.9079999999999999,428.37503,3.428543,313
H1PE34,H1PE34,BDR,HPE (BDR: H1PE34),10.3,A,0.5,C,2.0,Fraco,44.67,40.23,28.73,27.35,676394139.68,False,0.0,False,0.0,True,0.8,False,0.0,False,0.0,False,False,0.7,50.72,False,False,False,False,False,False,False,6.3149999999999995,41.74766,2.3371525,314
L1RC34,L1RC34,BDR,LRCX (BDR: L1RC34),10.3,A,0.5,C,4.0,Forte,333.15,325.28,252.22,225.71,2630947467.7,False,0.0,False,0.0,True,0.8,False,0.0,False,0.0,False,False,0.49,438.5,False,False,False,False,False,False,False,66.762,63.09659,39.360825,315
M1RN34,M1RN34,BDR,MRNA (BDR: M1RN34),10.3,A,0.5,C,2.0,Fraco,73.8,54.18,47.26,41.92,475063460.84,False,0.0,False,0.0,True,0.8,False,0.0,False,0.0,False,False,0.59,85.6,False,False,False,False,False,False,False,-36.556998,999.0,3.9549842,316
A1MD34,A1MD34,BDR,AMD (BDR: A1MD34),10.3,A,0.5,C,3.0,OK,517.41,472.96,305.37,283.73,11809475390.24,False,0.0,False,0.0,True,0.8,False,0.0,False,0.0,False,False,0.73,584.73,False,False,False,False,False,False,False,8.062999999999999,173.04517,13.083294,317
ASML34,ASML34,BDR,ASML (BDR: ASML34),10.3,A,0.5,C,4.0,Forte,1768.65,1667.59,1431.37,1325.18,2430724705.9,False,0.0,False,0.0,True,0.8,False,0.0,False,0.0,False,False,0.6,1999.96,False,False,False,False,False,False,False,52.236000000000004,59.89333,1601.2985,318
R1VT34,R1VT34,BDR,RVTY (BDR: R1VT34),10.28,A,0.5,C,3.0,OK,109.35,99.81,98.31,96.91,102727434.52,False,0.0,False,0.0,True,0.65,False,0.0,False,0.0,False,False,0.53,116.16,False,False,False,False,False,False,False,3.227,52.572117,1.6994327,319
B1CS34,B1CS34,BDR,BCS (BDR: B1CS34),10.28,A,0.5,C,3.0,OK,26.79,24.78,24.26,23.37,132325941.14,False,0.0,False,0.0,True,0.65,False,0.0,False,0.0,False,False,1.15,28.43,False,False,False,False,False,False,False,9.552,11.69869,1.0846906,320
BTCI11,BTCI11,ETF,BTCI11,10.25,A,2.0,C,1.0,Fraco,9.08,9.14,8.97,8.87,2576549.86,False,0.0,False,0.0,True,0.5,False,0.0,False,0.0,True,False,0.78,9.3,False,False,False,False,False,True,False,0.0,7.264,0.872909,321
BIDB11,BIDB11,ETF,BIDB11,10.25,A,2.0,C,0.0,Fraco,77.58,77.72,76.36,74.82,63150.12,False,0.0,False,0.0,True,0.5,False,0.0,False,0.0,True,False,0.27,79.16,False,False,False,False,False,True,False,0.0,999.0,999.0,322
PHIP11,PHIP11,ETF,PHIP11,10.25,A,2.0,C,0.0,Fraco,116.77,116.78,115.43,115.27,59085.62,False,0.0,False,0.0,True,0.5,False,0.0,False,0.0,True,False,1.51,118.34,False,False,False,False,False,True,False,0.0,999.0,999.0,323
BRSR3,BCO ESTADO DO RIO GRANDE DO SUL S.A.,BR_STOCK,BRSR3,10.25,A,0.5,C,2.0,Fraco,17.65,17.44,17.49,16.38,51185.0,False,0.0,False,0.0,False,0.0,False,0.0,True,0.7,True,False,0.55,18.29,False,False,False,False,False,False,False,15.590000000000002,4.0951276,0.6374833,324
HSAF11,HSAF11,ETF,HSAF11,10.25,A,0.0,C,1.0,Fraco,77.83,78.41,76.49,75.1,104525.69,False,0.0,False,0.0,True,0.5,False,0.0,False,0.0,True,False,0.19,80.34,False,False,False,False,False,False,False,0.0,7.5489817,999.0,325
PMIS11,PMIS11,ETF,PMIS11,10.25,A,0.5,C,0.0,Fraco,7.75,7.76,7.73,7.56,115374.25,False,0.0,False,0.0,True,0.5,False,0.0,False,0.0,True,False,0.93,7.86,False,False,False,False,False,False,False,0.0,999.0,999.0,326
PACL11,PACL11,ETF,PACL11,10.25,A,0.0,C,0.0,Fraco,108.18,108.43,107.05,105.93,112507.2,False,0.0,False,0.0,True,0.5,False,0.0,False,0.0,True,False,0.1,110.45,False,False,False,False,False,False,False,0.0,999.0,999.0,327
SHPH11,SHPH11,ETF,SHPH11,10.25,A,2.0,C,0.0,Fraco,930.0,898.17,894.77,890.94,221340.0,False,0.0,False,0.0,True,0.5,False,0.0,False,0.0,True,False,1.83,950.0,False,False,False,False,False,True,False,0.0,999.0,999.0,328
GAME11,GAME11,ETF,GAME11,10.25,A,0.5,C,1.0,Fraco,8.64,8.76,8.63,8.41,341660.17,False,0.0,False,0.0,True,0.5,False,0.0,False,0.0,True,False,1.2,8.85,False,False,False,False,False,False,False,0.0,6.0845075,999.0,329
M1AA34,M1AA34,BDR,MAA (BDR: M1AA34),10.25,A,2.0,C,2.0,Fraco,137.86,133.21,130.79,130.58,88402449.67,False,0.0,False,0.0,True,0.5,False,0.0,False,0.0,True,False,0.65,144.41,False,False,False,False,False,True,False,6.711,41.775757,2.895063,330
E1CO34,E1CO34,BDR,EC (BDR: E1CO34),10.12,A,0.5,C,1.0,Fraco,15.13,14.59,12.65,11.73,33535630.12,False,0.0,False,0.0,True,0.75,False,0.0,False,0.0,False,False,0.77,17.75,False,False,False,False,False,False,False,12.037,10.807143,0.007707406,331
TEND3,CONSTRUTORA TENDA S.A.,BR_STOCK,TEND3,10.12,A,0.5,C,0.0,Fraco,33.22,32.42,29.6,28.16,162106961.96,False,0.0,False,0.0,True,0.75,False,0.0,False,0.0,False,False,1.93,37.94,False,False,False,False,False,False,False,0.0,0.0,0.0,332
B2RK34,B2RK34,BDR,BRKR (BDR: B2RK34),10.12,A,0.5,C,2.0,Fraco,57.21,50.79,45.1,43.44,92333849.18,False,0.0,False,0.0,True,0.75,False,0.0,False,0.0,False,False,0.66,63.04,False,False,False,False,False,False,False,-0.43200003,999.0,3.5558455,333
G1SK34,G1SK34,BDR,GSK (BDR: G1SK34),10.12,A,0.5,C,4.0,Forte,52.52,51.34,52.27,50.15,153913642.78,False,0.0,False,0.0,False,0.0,False,0.0,True,0.85,True,False,0.79,54.29,False,False,False,False,False,False,False,40.905997,14.005334,4.4147577,334
O1DF34,O1DF34,BDR,ODFL (BDR: O1DF34),10.12,A,0.5,C,2.0,Fraco,218.25,217.67,194.99,180.53,323667369.0,False,0.0,False,0.0,True,0.75,False,0.0,False,0.0,False,False,0.92,252.03,False,False,False,False,False,False,False,23.331,45.658993,10.3250065,335
BRZP11,BRZP11,ETF,BRZP11,10.1,A,0.5,C,0.0,Fraco,178.8,184.21,174.2,165.5,335965.21,False,0.0,False,0.0,True,0.6,False,0.0,False,0.0,False,False,0.41,189.66,False,False,False,False,False,False,False,0.0,999.0,999.0,336
P1LD34,P1LD34,BDR,PLD (BDR: P1LD34),10.1,A,0.5,C,3.0,OK,141.0,141.9,135.01,130.87,562060686.0,False,0.0,False,0.0,True,0.6,False,0.0,False,0.0,False,False,0.98,149.1,False,False,False,False,False,False,False,6.844,35.427135,2.4598315,337
ABEV3,AMBEV S.A.,BR_STOCK,ABEV3,10.1,A,0.5,C,0.0,Fraco,15.62,16.08,15.16,14.37,378324207.23,False,0.0,False,0.0,True,0.6,False,0.0,False,0.0,False,False,1.13,16.85,False,False,False,False,False,False,False,0.0,0.0,0.0,338
IGTI3,IGUATEMI S.A.,BR_STOCK,IGTI3,10.1,A,0.5,C,5.0,Forte,3.4,3.42,3.24,3.15,53380.0,False,0.0,False,0.0,True,0.6,False,0.0,False,0.0,True,False,0.45,3.55,False,False,False,False,False,False,False,15.360999999999999,5.862069,0.20656137,339
GGBR3,GERDAU S.A.,BR_STOCK,GGBR3,10.1,A,0.5,C,2.0,Fraco,18.96,19.57,18.25,17.49,551735.97,False,0.0,False,0.0,True,0.6,False,0.0,False,0.0,False,False,1.64,20.95,False,False,False,False,False,False,False,3.066,22.843372,0.70688236,340
E1TN34,E1TN34,BDR,ETN (BDR: E1TN34),10.1,A,0.5,C,2.0,Fraco,399.56,405.69,372.12,370.27,535542651.09,False,0.0,False,0.0,True,0.6,False,0.0,False,0.0,False,False,0.52,436.74,False,False,False,False,False,False,False,20.844999,39.134182,7.867213,341
C2SW34,C2SW34,BDR,COLM (BDR: C2SW34),10.1,A,0.5,C,2.0,Fraco,62.63,63.02,58.89,57.04,26830254.05,False,0.0,False,0.0,True,0.6,False,0.0,False,0.0,False,False,0.82,69.06,False,False,False,False,False,False,False,10.285,20.009584,2.0246985,342
NVDC34,NVDC34,BDR,NVDA (BDR: NVDC34),10.1,A,0.5,C,4.0,Forte,204.12,209.52,192.92,191.39,29761940215.94,False,0.0,False,0.0,True,0.6,False,0.0,False,0.0,True,False,0.99,213.99,False,False,False,False,False,False,False,114.28799999999998,31.211008,25.29368,343
5PRE11,5PRE11,ETF,5PRE11,10.0,A,0.0,C,0.0,Fraco,49.85,49.72,49.7,,91524.6,False,0.0,False,0.0,False,0.0,False,0.0,False,0.0,True,False,0.04,50.7,False,False,False,False,False,False,False,0.0,999.0,999.0,344
NGRD3,NEOGRID PARTICIPACOES S.A.,BR_STOCK,NGRD3,9.95,A,0.5,C,1.0,Fraco,33.73,33.69,29.96,28.89,290078.0,False,0.0,False,0.0,True,0.7,False,0.0,False,0.0,False,False,0.3,40.95,False,False,False,False,False,False,False,-2.2270000000000003,999.0,0.6951056,345
A1PH34,A1PH34,BDR,APH (BDR: A1PH34),9.78,A,0.5,C,3.0,OK,158.22,146.64,141.88,139.01,988452085.57,False,0.0,False,0.0,True,0.65,False,0.0,False,0.0,False,False,0.7,178.52,False,False,False,False,False,False,False,36.825,45.596542,13.915567,346
S1OU34,S1OU34,BDR,LUV (BDR: S1OU34),9.78,A,0.5,C,2.0,Fraco,48.66,43.41,42.94,40.21,215394803.14,False,0.0,False,0.0,True,0.65,False,0.0,False,0.0,False,False,0.64,53.13,False,False,False,False,False,False,False,10.062,32.44,3.4594057,347
AALL34,AALL34,BDR,AAL (BDR: AALL34),9.78,A,0.5,C,1.0,Fraco,16.52,14.39,13.73,13.42,2871251542.92,False,0.0,False,0.0,True,0.65,False,0.0,False,0.0,False,False,1.09,18.79,False,False,False,False,False,False,False,0.0,53.290325,-2.680078,348
C2CA34,C2CA34,BDR,KOF (BDR: C2CA34),9.75,A,0.5,C,3.0,OK,104.53,105.91,101.89,97.59,9440417.78,False,0.0,False,0.0,True,0.5,False,0.0,False,0.0,False,False,0.66,110.19,False,False,False,False,False,False,False,15.825,999.0,2.7622626,349
JPPA11,JPPA11,ETF,JPPA11,9.75,A,0.5,C,1.0,Fraco,82.28,82.68,79.35,76.79,58007.4,False,0.0,False,0.0,True,0.5,False,0.0,False,0.0,False,False,0.44,86.87,False,False,False,False,False,False,False,0.0,5.923686,999.0,350
KNDI11,KNDI11,ETF,KNDI11,9.75,A,0.5,C,0.0,Fraco,101.81,102.1,99.29,97.01,2643598.4,False,0.0,False,0.0,True,0.5,False,0.0,False,0.0,False,False,2.58,111.71,False,False,False,False,False,False,False,0.0,999.0,999.0,351
A1ES34,A1ES34,BDR,AES (BDR: A1ES34),9.75,A,0.5,C,3.0,OK,14.64,14.56,14.42,14.21,86606508.83,False,0.0,False,0.0,True,0.5,False,0.0,False,0.0,True,False,0.69,14.72,False,False,False,False,False,False,False,5.2600004,7.6250005,2.3620524,352
E2TS34,E2TS34,BDR,ETSY (BDR: E2TS34),9.5,A,2.0,C,1.0,Fraco,77.2,67.87,59.38,60.68,123817601.11,False,0.0,False,0.0,False,0.0,False,0.0,False,0.0,True,False,0.53,80.41,False,False,False,False,False,True,False,0.0,29.578545,-6.4435353,353
I1VZ34,I1VZ34,BDR,IVZ (BDR: I1VZ34),9.5,A,0.5,C,3.0,OK,27.03,27.25,26.13,25.3,104237170.18,False,0.0,False,0.0,False,0.0,False,0.0,True,1.0,False,False,0.7,29.82,False,False,False,False,False,False,False,-1.5350000000000001,999.0,1.2296424,354
T1SO34,T1SO34,BDR,SO (BDR: T1SO34),9.5,A,2.0,C,1.0,Fraco,96.38,93.75,91.63,91.63,379877036.55,False,0.0,False,0.0,False,0.0,False,0.0,False,0.0,True,False,0.61,99.26,False,False,False,False,False,True,False,10.9910004,24.649614,2.9268143,355
S2NW34,S2NW34,BDR,SNOW (BDR: S2NW34),9.5,A,0.5,C,1.0,Fraco,261.31,205.28,193.38,207.16,1070928069.54,False,0.0,False,0.0,False,0.0,False,0.0,False,0.0,True,False,0.54,270.95,False,False,False,False,False,False,False,-54.869,999.0,46.69585,356
KNHF11,KNHF11,ETF,KNHF11,9.5,A,2.0,C,1.0,Fraco,94.15,95.07,93.12,90.97,2773376.59,False,0.0,False,0.0,False,0.0,False,0.0,False,0.0,True,False,0.79,95.73,False,False,False,False,False,True,False,0.0,7.3785267,999.0,357
CLSC4,CENTRAIS ELET DE SANTA CATARINA S.A.,BR_STOCK,CLSC4,9.5,A,0.5,C,3.0,OK,136.61,138.06,134.08,124.93,136610.0,False,0.0,False,0.0,False,0.0,False,0.0,False,0.0,True,False,0.27,138.35,False,False,False,False,False,False,False,18.175,7.6747193,1.2723056,358
UTLL11,UTLL11,ETF,UTLL11,9.5,A,0.5,C,0.0,Fraco,123.47,124.32,123.32,118.53,3244915.1,False,0.0,False,0.0,False,0.0,False,0.0,False,0.0,True,False,1.37,126.99,False,False,False,False,False,False,False,0.0,999.0,999.0,359
E1XC34,E1XC34,BDR,EXC (BDR: E1XC34),9.5,A,0.5,C,2.0,Fraco,47.28,45.78,45.89,45.79,324035551.95,False,0.0,False,0.0,False,0.0,False,0.0,False,0.0,True,False,0.67,48.54,False,False,False,False,False,False,False,9.764000000000001,17.31868,1.6502618,360
BBYY34,BBYY34,BDR,BBY (BDR: BBYY34),9.5,A,2.0,C,4.0,Forte,78.07,67.85,65.95,68.12,150578761.03,False,0.0,False,0.0,False,0.0,False,0.0,False,0.0,True,False,0.5,80.15,False,False,False,False,False,True,False,39.104,14.457407,5.335566,361
N1IS34,N1IS34,BDR,NI (BDR: N1IS34),9.5,A,2.0,C,2.0,Fraco,46.85,47.19,45.3,44.56,166544763.93,False,0.0,False,0.0,False,0.0,False,0.0,False,0.0,True,False,0.64,49.21,False,False,False,False,False,True,False,9.1120005,23.308456,2.3252926,362
BDIF11,BDIF11,ETF,BDIF11,9.5,A,0.5,C,0.0,Fraco,71.68,72.26,71.39,70.18,1940951.05,False,0.0,False,0.0,False,0.0,False,0.0,False,0.0,True,False,0.81,73.25,False,False,False,False,False,False,False,0.0,999.0,999.0,363
TECK11,TECK11,ETF,TECK11,9.5,A,0.5,C,0.0,Fraco,115.76,113.05,107.15,108.86,2364745.32,False,0.0,False,0.0,False,0.0,False,0.0,False,0.0,True,False,0.23,119.11,False,False,False,False,False,False,False,0.0,35.02412,999.0,364
D1DG34,D1DG34,BDR,DDOG (BDR: D1DG34),9.5,A,0.5,C,3.0,OK,261.09,215.61,157.02,157.92,857525028.33,False,0.0,False,0.0,False,0.0,False,0.0,False,0.0,True,False,0.72,271.26,False,False,False,False,False,False,False,3.9300002000000003,669.46155,23.294968,365
P1HC34,P1HC34,BDR,PH (BDR: P1HC34),9.5,A,0.5,C,3.0,OK,939.13,904.59,922.29,886.07,395383123.36,False,0.0,False,0.0,False,0.0,False,0.0,True,1.0,False,False,0.69,1003.79,False,False,False,False,False,False,False,24.841999,34.654243,8.105381,366
S1YY34,S1YY34,BDR,SYY (BDR: S1YY34),9.5,A,0.5,C,2.0,Fraco,83.17,76.54,77.68,77.28,149173126.53,False,0.0,False,0.0,False,0.0,False,0.0,False,0.0,True,False,0.46,85.31,False,False,False,False,False,False,False,81.894994,23.102777,17.312656,367
WHGR11,WHGR11,ETF,WHGR11,9.5,A,0.5,C,1.0,Fraco,9.07,9.21,8.99,8.76,97284.82,False,0.0,False,0.0,False,0.0,False,0.0,False,0.0,True,False,0.23,9.26,False,False,False,False,False,False,False,0.0,6.976923,999.0,368
RZAK11,RZAK11,ETF,RZAK11,9.5,A,0.5,C,1.0,Fraco,81.45,81.8,80.25,78.66,683121.12,False,0.0,False,0.0,False,0.0,False,0.0,False,0.0,True,False,0.62,82.54,False,False,False,False,False,False,False,0.0,6.943734,999.0,369
YUMR34,YUMR34,BDR,YUM (BDR: YUMR34),9.5,A,2.0,C,2.0,Fraco,165.25,153.9,155.08,152.68,323141748.0,False,0.0,False,0.0,False,0.0,False,0.0,False,0.0,True,False,0.84,170.14,False,False,False,False,False,True,False,0.0,26.653227,-6.2490544,370
W1MC34,W1MC34,BDR,WM (BDR: W1MC34),9.5,A,0.5,C,3.0,OK,233.94,221.03,224.42,221.0,409708483.88,False,0.0,False,0.0,False,0.0,False,0.0,False,0.0,True,False,0.68,238.2,False,False,False,False,False,False,False,29.936,33.904346,9.391032,371
A1RG34,A1RG34,BDR,ARGX (BDR: A1RG34),9.5,A,2.0,C,3.0,OK,915.3,844.06,817.7,820.42,221833020.34,False,0.0,False,0.0,False,0.0,False,0.0,False,0.0,True,False,0.56,953.58,False,False,False,False,False,True,False,0.0,40.607807,193.36725,372
XPML11,XPML11,ETF,XPML11,9.5,A,2.0,C,0.0,Fraco,105.25,105.62,85.56,67.54,12113433.0,False,0.0,False,0.0,False,0.0,False,0.0,False,0.0,True,False,0.83,105.92,False,False,False,False,False,True,False,0.0,999.0,999.0,373
ALZC11,ALZC11,ETF,ALZC11,9.5,A,2.0,C,0.0,Fraco,7.48,7.46,7.4,7.27,647034.96,False,0.0,False,0.0,False,0.0,False,0.0,False,0.0,True,False,2.98,7.56,False,False,False,False,False,True,False,0.0,20.777777,999.0,374
ABBV34,ABBV34,BDR,ABBV (BDR: ABBV34),9.5,A,2.0,C,1.0,Fraco,252.74,221.86,219.36,220.34,986059318.41,False,0.0,False,0.0,False,0.0,False,0.0,False,0.0,True,False,0.31,261.64,False,False,False,False,False,True,False,0.0,123.89216,-67.09318,375
BTHF11,BTHF11,ETF,BTHF11,9.5,A,2.0,C,1.0,Fraco,9.0,9.09,8.85,8.59,2692449.0,False,0.0,False,0.0,False,0.0,False,0.0,False,0.0,True,False,0.82,9.23,False,False,False,False,False,True,False,0.0,12.162162,999.0,376
P1DT34,P1DT34,BDR,PRU (BDR: P1DT34),9.5,A,2.0,C,2.0,Fraco,112.67,103.64,102.94,102.2,92551305.29,False,0.0,False,0.0,False,0.0,False,0.0,False,0.0,True,False,0.47,116.5,False,False,False,False,False,True,False,10.711,11.603501,1.2238624,377
SNFF11,SNFF11,ETF,SNFF11,9.5,A,0.5,C,0.0,Fraco,73.3,72.77,72.3,70.43,366206.82,False,0.0,False,0.0,False,0.0,False,0.0,False,0.0,True,False,1.35,73.4,False,False,False,False,False,False,False,0.0,29.556452,999.0,378
AMGN34,AMGN34,BDR,AMGN (BDR: AMGN34),9.5,A,0.5,C,3.0,OK,367.99,341.97,344.1,333.09,636372081.92,False,0.0,False,0.0,False,0.0,False,0.0,False,0.0,True,False,0.69,375.25,False,False,False,False,False,False,False,101.318,25.626045,21.610876,379
E2LS34,E2LS34,BDR,ELS (BDR: E2LS34),9.5,A,0.5,C,2.0,Fraco,63.81,62.63,62.79,62.1,46343927.8,False,0.0,False,0.0,False,0.0,False,0.0,False,0.0,True,False,0.47,66.41,False,False,False,False,False,False,False,21.85,31.905,7.024439,380
N2ET34,N2ET34,BDR,NET (BDR: N2ET34),9.5,A,2.0,C,1.0,Fraco,273.4,228.85,206.02,208.88,1003463278.4,False,0.0,False,0.0,False,0.0,False,0.0,False,0.0,True,False,1.07,274.0,False,False,False,False,False,True,False,-5.876,999.0,63.287033,381
I2NV34,I2NV34,BDR,INVH (BDR: I2NV34),9.5,A,2.0,C,2.0,Fraco,29.63,28.91,26.88,27.04,62818798.26,False,0.0,False,0.0,False,0.0,False,0.0,False,0.0,True,False,0.37,30.71,False,False,False,False,False,True,False,6.1929997,31.189474,1.9359685,382
C2PR34,C2PR34,BDR,CUZ (BDR: C2PR34),9.5,A,2.0,C,2.0,Fraco,30.02,27.36,24.94,25.12,34426035.92,False,0.0,False,0.0,False,0.0,False,0.0,False,0.0,True,False,0.72,31.23,False,False,False,False,False,True,False,-0.096000003,999.0,1.095061,383
UNHH34,UNHH34,BDR,UNH (BDR: UNHH34),9.5,A,2.0,C,3.0,OK,425.6,393.15,334.13,334.77,1629381108.17,False,0.0,False,0.0,False,0.0,False,0.0,False,0.0,True,False,0.62,430.2,False,False,False,False,False,True,False,12.175999599999999,32.072342,3.9481254,384
E1SE34,E1SE34,BDR,ES (BDR: E1SE34),9.5,A,2.0,C,3.0,OK,73.8,69.53,68.68,68.77,88645685.47,False,0.0,False,0.0,False,0.0,False,0.0,False,0.0,True,False,0.44,75.63,False,False,False,False,False,True,False,10.911999999999999,15.802999,1.6784936,385
BTAL11,BTAL11,ETF,BTAL11,9.5,A,0.5,C,1.0,Fraco,85.85,86.53,84.01,80.89,374305.99,False,0.0,False,0.0,False,0.0,False,0.0,False,0.0,True,False,0.8,88.41,False,False,False,False,False,False,False,11.159000500000001,6.818904,0.7537777,386
USIM5,USINAS SID DE MINAS GERAIS S.A.-USIMINAS,BR_STOCK,USIM5,9.3,B,0.5,C,0.0,Fraco,8.35,9.49,7.48,6.84,70959138.24,False,0.0,False,0.0,True,0.8,False,0.0,False,0.0,False,False,0.81,11.5,False,False,False,False,False,False,False,0.0,0.0,0.0,387
S2ED34,S2ED34,BDR,SEDG (BDR: S2ED34),9.3,B,0.5,C,2.0,Fraco,52.41,55.7,43.2,41.72,175923545.88,False,0.0,False,0.0,True,0.8,False,0.0,False,0.0,False,False,1.25,68.19,False,False,False,False,False,False,False,-72.501,999.0,7.7609954,388
V1RT34,V1RT34,BDR,VRT (BDR: V1RT34),9.3,B,0.5,C,4.0,Forte,317.81,324.39,256.6,235.03,1232050521.63,False,0.0,False,0.0,True,0.8,False,0.0,False,0.0,False,False,0.46,358.54,False,False,False,False,False,False,False,45.097,80.052895,30.846354,389
TPIS3,TPI - TRIUNFO PARTICIP. E INVEST. S.A.,BR_STOCK,TPIS3,9.3,B,0.5,C,0.0,Fraco,10.04,10.37,7.58,6.61,118472.0,False,0.0,False,0.0,True,0.8,False,0.0,False,0.0,False,False,0.48,11.3,False,False,False,False,False,False,False,-66.175,999.0,0.8679115,390
A1DI34,A1DI34,BDR,ADI (BDR: A1DI34),9.3,B,0.5,C,3.0,OK,385.4,408.1,345.92,318.89,983348855.23,False,0.0,False,0.0,True,0.8,False,0.0,False,0.0,False,False,0.4,445.91,False,False,False,False,False,False,False,9.639000000000001,57.43666,5.5634947,391
J2BL34,J2BL34,BDR,JBL (BDR: J2BL34),9.3,B,0.5,C,3.0,OK,325.21,358.51,289.4,269.45,285517461.58,False,0.0,False,0.0,True,0.8,False,0.0,False,0.0,False,False,0.48,428.93,False,False,False,False,False,False,False,65.876,40.70213,25.76737,392
N1UE34,N1UE34,BDR,NUE (BDR: N1UE34),9.3,B,0.5,C,3.0,OK,226.68,237.48,194.87,181.43,230099687.05,False,0.0,False,0.0,True,0.8,False,0.0,False,0.0,False,False,0.55,270.24,False,False,False,False,False,False,False,12.285,22.510427,2.406395,393
NOKI34,NOKI34,BDR,NOK (BDR: NOKI34),9.3,B,0.5,C,2.0,Fraco,11.95,13.86,9.64,8.71,658340642.09,False,0.0,False,0.0,True,0.8,False,0.0,False,0.0,False,False,0.69,15.07,False,False,False,False,False,False,False,3.7249997,74.6875,2.7649302,394
A2RW34,A2RW34,BDR,ARW (BDR: A2RW34),9.3,B,0.5,C,4.0,Forte,198.52,210.81,161.39,149.86,78030868.44,False,0.0,False,0.0,True,0.8,False,0.0,False,0.0,False,False,0.55,237.33,False,False,False,False,False,False,False,11.3299996,14.200287,1.5042585,395
E2NT34,E2NT34,BDR,ENTG (BDR: E2NT34),9.3,B,0.5,C,3.0,OK,138.71,147.22,125.24,115.86,460249422.1,False,0.0,False,0.0,True,0.8,False,0.0,False,0.0,False,False,0.79,186.94,False,False,False,False,False,False,False,6.788000499999999,80.182076,5.2173996,396
ARMT34,ARMT34,BDR,MT (BDR: ARMT34),9.3,B,0.5,C,3.0,OK,63.21,63.76,56.94,52.28,123725798.38,False,0.0,False,0.0,True,0.8,False,0.0,False,0.0,False,False,1.17,71.53,False,False,False,False,False,False,False,5.4330003,16.547121,1.743075,397
ITLC34,ITLC34,BDR,INTC (BDR: ITLC34),9.3,B,0.5,C,2.0,Fraco,110.24,115.95,70.03,61.64,11409215048.83,False,0.0,False,0.0,True,0.8,False,0.0,False,0.0,False,False,0.9,142.35,False,False,False,False,False,False,False,-2.911,999.0,4.970916,398
G1LW34,G1LW34,BDR,GLW (BDR: G1LW34),9.3,B,0.5,C,4.0,Forte,184.03,189.44,143.46,128.54,1319926825.62,False,0.0,False,0.0,True,0.8,False,0.0,False,0.0,False,False,0.32,271.78,False,False,False,False,False,False,False,16.74,88.47597,14.131153,399
O2NS34,O2NS34,BDR,ON (BDR: O2NS34),9.3,B,0.5,C,2.0,Fraco,93.79,110.58,79.03,71.68,1022798530.4,False,0.0,False,0.0,True,0.8,False,0.0,False,0.0,False,False,0.64,132.42,False,False,False,False,False,False,False,7.4939995999999995,68.963234,5.0335426,400
L2SC34,L2SC34,BDR,LSCC (BDR: L2SC34),9.3,B,0.5,C,3.0,OK,132.48,136.65,105.4,96.46,204937809.71,False,0.0,False,0.0,True,0.8,False,0.0,False,0.0,False,False,0.69,157.01,False,False,False,False,False,False,False,2.7460001000000003,946.2857,24.492512,401
BRCO11,BRCO11,ETF,BRCO11,9.25,B,0.5,C,0.0,Fraco,113.05,114.2,113.53,112.04,6794531.28,False,0.0,False,0.0,True,0.5,False,0.0,False,0.0,True,False,1.29,114.74,False,False,False,False,False,False,False,0.0,999.0,999.0,402
MLAS3,GRUPO MULTI S.A.,BR_STOCK,MLAS3,9.12,B,0.5,C,4.0,Forte,1.57,1.63,1.46,1.35,1032275.03,False,0.0,False,0.0,True,0.75,False,0.0,False,0.0,False,False,0.65,1.86,False,False,False,False,False,False,False,5.9809998,7.136364,0.41035026,403
EUCA4,EUCATEX S.A. INDUSTRIA E COMERCIO,BR_STOCK,EUCA4,9.12,B,0.5,C,4.0,Forte,23.16,24.67,21.26,20.0,1750895.99,False,0.0,False,0.0,True,0.75,False,0.0,False,0.0,False,False,1.11,27.45,False,False,False,False,False,False,False,14.633,5.216216,0.7246558,404
S1KM34,S1KM34,BDR,SKM (BDR: S1KM34),9.12,B,0.5,C,1.0,Fraco,32.32,36.99,30.53,28.11,80362741.96,False,0.0,False,0.0,True,0.75,False,0.0,False,0.0,False,False,1.13,41.38,False,False,False,False,False,False,False,2.609,54.779663,1.447223,405
U2NF34,U2NF34,BDR,UNFI (BDR: U2NF34),9.12,B,0.5,C,0.0,Fraco,47.18,50.17,42.53,41.34,20030693.75,False,0.0,False,0.0,True,0.75,False,0.0,False,0.0,False,False,0.56,57.02,False,False,False,False,False,False,False,-2.2960000000000003,999.0,1.7921447,406
M2PR34,M2PR34,BDR,MPWR (BDR: M2PR34),9.12,B,0.5,C,4.0,Forte,1315.51,1524.03,1244.28,1171.91,907859767.94,False,0.0,False,0.0,True,0.75,False,0.0,False,0.0,False,False,0.47,1664.1,False,False,False,False,False,False,False,19.573999999999998,93.965004,17.574816,407
K1SG34,K1SG34,BDR,KEYS (BDR: K1SG34),9.12,B,0.5,C,4.0,Forte,317.24,344.85,283.68,256.5,251988800.08,False,0.0,False,0.0,True,0.75,False,0.0,False,0.0,False,False,0.42,374.96,False,False,False,False,False,False,False,18.174,51.085346,8.5564785,408
DTCR39,GLOBAL X DATA CENTER & DIGITAL INFRASTRUCTURE ETF,BDR,DTCR (BDR: DTCR39),9.12,B,0.5,C,1.0,Fraco,28.59,30.32,26.09,24.84,35143257.04,False,0.0,False,0.0,True,0.75,False,0.0,False,0.0,False,False,0.53,32.49,False,False,False,False,False,False,False,0.0,19.835432,999.0,409
M1CH34,M1CH34,BDR,MCHP (BDR: M1CH34),9.12,B,0.5,C,2.0,Fraco,85.49,93.39,78.02,73.44,585909803.88,False,0.0,False,0.0,True,0.75,False,0.0,False,0.0,False,False,0.46,104.03,False,False,False,False,False,False,False,3.405,388.5909,7.204618,410
N1XP34,N1XP34,BDR,NXPI (BDR: N1XP34),9.12,B,0.5,C,3.0,OK,283.81,296.5,244.77,235.85,1034799915.91,False,0.0,False,0.0,True,0.75,False,0.0,False,0.0,False,False,0.78,326.39,False,False,False,False,False,False,False,25.812997999999997,27.132887,6.561474,411
ABCB4,BCO ABC BRASIL S.A.,BR_STOCK,ABCB4,9.12,B,0.5,C,3.0,OK,24.03,23.35,23.96,23.07,36489556.04,False,0.0,False,0.0,False,0.0,False,0.0,True,0.85,True,False,2.41,24.3,False,False,False,False,False,False,False,15.0,4.441775,0.8136385,412
INEP3,INEPAR S.A. INDUSTRIA E CONSTRUCOES,BR_STOCK,INEP3,9.12,B,0.5,C,1.0,Fraco,1.95,2.08,1.63,1.55,69810.0,False,0.0,False,0.0,True,0.75,False,0.0,False,0.0,False,False,0.41,2.7,False,False,False,False,False,False,False,0.0,999.0,-0.046077505,413
C1RR34,C1RR34,BDR,CARR (BDR: C1RR34),9.12,B,0.5,C,2.0,Fraco,66.74,67.54,61.06,59.93,355740339.69,False,0.0,False,0.0,True,0.75,False,0.0,False,0.0,False,False,0.96,76.76,False,False,False,False,False,False,False,9.907,44.493332,4.1248455,414
A1KA34,A1KA34,BDR,AKAM (BDR: A1KA34),9.12,B,0.5,C,1.0,Fraco,126.57,131.37,108.9,101.43,881123254.81,False,0.0,False,0.0,True,0.75,False,0.0,False,0.0,False,False,1.74,150.36,False,False,False,False,False,False,False,9.1680005,42.760136,3.7528908,415
I1RM34,I1RM34,BDR,IRM (BDR: I1RM34),9.12,B,0.5,C,2.0,Fraco,115.46,125.14,106.13,103.89,195350929.01,False,0.0,False,0.0,True,0.75,False,0.0,False,0.0,False,False,0.79,134.68,False,False,False,False,False,False,False,0.0,126.87912,-28.271301,416
T2ER34,T2ER34,BDR,TER (BDR: T2ER34),9.12,B,0.5,C,4.0,Forte,351.57,382.02,310.38,271.41,1104099631.31,False,0.0,False,0.0,True,0.75,False,0.0,False,0.0,False,False,0.52,487.91,False,False,False,False,False,False,False,28.749999999999996,65.22635,17.505852,417
Y2PF34,Y2PF34,BDR,YPF (BDR: Y2PF34),9.12,B,0.5,C,2.0,Fraco,47.9,48.19,41.57,38.89,148037876.62,False,0.0,False,0.0,True,0.75,False,0.0,False,0.0,False,False,2.14,57.49,False,False,False,False,False,False,False,-2.9409999,999.0,1.7880952,418
POSB11,POSB11,ETF,POSB11,9.0,B,2.0,C,0.0,Fraco,103.98,102.95,,,16067198.08,False,0.0,False,0.0,False,0.0,False,0.0,False,0.0,True,False,1.93,105.0,False,False,False,False,False,True,False,0.0,999.0,999.0,419
LFIX11,LFIX11,ETF,LFIX11,9.0,B,2.0,C,0.0,Fraco,21.14,20.87,20.58,20.58,470830.07,False,0.0,False,0.0,False,0.0,False,0.0,False,0.0,True,False,0.06,21.14,False,False,False,False,False,True,False,0.0,999.0,999.0,420
SBSP3,CIA SANEAMENTO BASICO EST SAO PAULO,BR_STOCK,SBSP3,9.0,B,0.5,C,0.0,Fraco,29.25,29.21,28.99,27.98,169182000.0,False,0.0,False,0.0,False,0.0,False,0.0,False,0.0,True,False,0.42,30.65,False,False,False,False,False,False,False,0.0,0.0,0.0,421
LFTX11,LFTX11,ETF,LFTX11,9.0,B,0.5,C,0.0,Fraco,25.95,25.61,,,1093662.78,False,0.0,False,0.0,False,0.0,False,0.0,False,0.0,True,False,0.98,25.96,False,False,False,False,False,False,False,0.0,999.0,999.0,422
LTBX11,LTBX11,ETF,LTBX11,9.0,B,2.0,C,0.0,Fraco,25.93,25.67,,,5801656.06,False,0.0,False,0.0,False,0.0,False,0.0,False,0.0,True,False,0.93,25.93,False,False,False,False,False,True,False,0.0,999.0,999.0,423
GPCA11,GPCA11,ETF,GPCA11,9.0,B,2.0,C,0.0,Fraco,25.28,25.11,,,4328947.32,False,0.0,False,0.0,False,0.0,False,0.0,False,0.0,True,False,1.08,25.48,False,False,False,False,False,True,False,0.0,999.0,999.0,424
AUPO11,AUPO11,ETF,AUPO11,9.0,B,2.0,C,0.0,Fraco,107.47,106.54,,,9586646.52,False,0.0,False,0.0,False,0.0,False,0.0,False,0.0,True,False,1.26,107.49,False,False,False,False,False,True,False,0.0,999.0,999.0,425
C1FI34,C1FI34,BDR,CF (BDR: C1FI34),9.0,B,0.5,C,5.0,Forte,117.02,115.38,104.93,99.66,464195390.76,False,0.0,False,0.0,False,0.0,False,0.0,False,0.0,True,False,1.47,115.92,False,False,False,False,False,False,False,27.3,10.542341,3.3649642,426
F1SL34,F1SL34,BDR,FSLY (BDR: F1SL34),9.0,B,0.5,C,2.0,Fraco,19.74,19.65,17.84,15.71,95395878.21,False,0.0,False,0.0,False,0.0,False,0.0,False,0.0,True,False,1.0,19.85,False,False,False,False,False,False,False,-10.656,999.0,3.1589053,427
JMBI11,JMBI11,ETF,JMBI11,9.0,B,0.5,C,0.0,Fraco,85.84,84.48,,,1299960.9,False,0.0,False,0.0,False,0.0,False,0.0,False,0.0,True,False,1.28,86.01,False,False,False,False,False,False,False,0.0,999.0,999.0,428
TPRY34,TPRY34,BDR,TPR (BDR: TPRY34),9.0,B,0.5,C,3.0,OK,140.14,141.59,139.45,132.03,236352975.83,False,0.0,False,0.0,False,0.0,False,0.0,True,1.0,False,False,0.58,156.74,False,False,False,False,False,False,False,60.914004,42.72561,41.547585,429
BPML11,BPML11,ETF,BPML11,9.0,B,0.5,C,1.0,Fraco,85.98,87.79,86.58,83.08,408920.9,False,0.0,False,0.0,False,0.0,False,0.0,True,0.8,True,False,0.58,89.06,False,False,False,False,False,False,False,0.0,8.355685,999.0,430
SPBZ11,SPBZ11,ETF,SPBZ11,9.0,B,2.0,C,0.0,Fraco,117.06,116.19,,,252732.53,False,0.0,False,0.0,False,0.0,False,0.0,False,0.0,True,False,0.5,118.15,False,False,False,False,False,True,False,0.0,999.0,999.0,431
VIGT11,VIGT11,ETF,VIGT11,9.0,B,2.0,C,0.0,Fraco,52.58,50.19,,,137654.44,False,0.0,False,0.0,False,0.0,False,0.0,False,0.0,True,False,0.25,53.99,False,False,False,False,False,True,False,0.0,999.0,999.0,432
LFTI11,LFTI11,ETF,LFTI11,9.0,B,0.5,C,0.0,Fraco,53.78,53.22,,,686770.58,False,0.0,False,0.0,False,0.0,False,0.0,False,0.0,True,False,3.66,53.98,False,False,False,False,False,False,False,0.0,999.0,999.0,433
XB3011,XB3011,ETF,XB3011,9.0,B,0.5,C,0.0,Fraco,51.53,51.27,,,355453.93,False,0.0,False,0.0,False,0.0,False,0.0,False,0.0,True,False,4.44,52.06,False,False,False,False,False,False,False,0.0,999.0,999.0,434
ROST34,ROST34,BDR,ROST (BDR: ROST34),8.95,B,0.5,C,4.0,Forte,217.72,224.13,207.06,194.55,494000804.33,False,0.0,False,0.0,True,0.7,False,0.0,False,0.0,False,False,0.56,242.81,False,False,False,False,False,False,False,38.981998000000004,30.365412,11.08554,435
USIM3,USINAS SID DE MINAS GERAIS S.A.-USIMINAS,BR_STOCK,USIM3,8.95,B,0.5,C,2.0,Fraco,7.55,8.74,7.2,6.63,1704035.04,False,0.0,False,0.0,True,0.7,False,0.0,False,0.0,False,False,0.6,10.31,False,False,False,False,False,False,False,-9.325,999.0,0.45252937,436
E2NP34,E2NP34,BDR,ENPH (BDR: E2NP34),8.78,B,0.5,C,1.0,Fraco,43.02,49.52,41.85,39.75,172973355.16,False,0.0,False,0.0,True,0.65,False,0.0,False,0.0,False,False,0.54,60.0,False,False,False,False,False,False,False,14.113000000000001,42.59406,5.1428576,437
AVGO34,AVGO34,BDR,AVGO (BDR: AVGO34),8.78,B,0.5,C,4.0,Forte,388.69,406.29,364.48,360.65,11172718432.3,False,0.0,False,0.0,True,0.65,False,0.0,False,0.0,False,False,1.05,414.64,False,False,False,False,False,False,False,37.280998,64.673874,21.09007,438
MACY34,MACY34,BDR,M (BDR: MACY34),8.78,B,0.5,C,3.0,OK,22.7,21.67,20.75,20.18,95404539.31,False,0.0,False,0.0,True,0.65,False,0.0,False,0.0,False,False,0.73,26.1,False,False,False,False,False,False,False,14.363000000000001,9.380165,1.2344337,439
SNID11,SNID11,ETF,SNID11,8.75,B,0.5,C,0.0,Fraco,10.92,10.95,10.69,10.37,115686.48,False,0.0,False,0.0,True,0.5,False,0.0,False,0.0,True,False,1.46,11.3,False,False,False,False,False,False,False,0.0,999.0,999.0,440
LVOL11,LVOL11,ETF,LVOL11,8.75,B,0.5,C,1.0,Fraco,136.47,137.16,137.59,132.45,470002.68,False,0.0,False,0.0,False,0.0,False,0.0,True,0.5,True,False,0.66,140.1,False,False,False,False,False,False,False,0.0,11.27149,999.0,441
FPAB11,FPAB11,ETF,FPAB11,8.75,B,0.5,C,1.0,Fraco,202.0,202.14,201.26,199.27,102212.0,False,0.0,False,0.0,True,0.5,False,0.0,False,0.0,True,False,6.31,206.0,False,False,False,False,False,False,False,6.563000400000001,3.551773,0.5668107,442
C1HT34,C1HT34,BDR,CHT (BDR: C1HT34),8.75,B,0.5,C,3.0,OK,43.54,44.25,42.96,42.95,4385610.13,False,0.0,False,0.0,True,0.5,False,0.0,False,0.0,False,False,0.67,46.48,False,False,False,False,False,False,False,9.986,27.732483,10.937915,443
HTEK11,HTEK11,ETF,HTEK11,8.75,B,0.5,C,0.0,Fraco,62.77,56.18,57.19,56.34,51659.71,False,0.0,False,0.0,False,0.0,False,0.0,True,0.7,False,False,0.56,68.13,False,False,False,False,False,False,False,0.0,32.872864,999.0,444
ARGE11,ARGE11,ETF,ARGE11,8.62,B,0.5,C,0.0,Fraco,12.95,12.69,12.54,12.02,132892.9,False,0.0,False,0.0,False,0.0,False,0.0,True,0.85,False,False,0.4,14.7,False,False,False,False,False,False,False,0.0,999.0,999.0,445
GOAU4,METALURGICA GERDAU S.A.,BR_STOCK,GOAU4,8.6,B,0.5,C,0.0,Fraco,9.69,9.99,9.34,8.9,38722207.32,False,0.0,False,0.0,True,0.6,False,0.0,False,0.0,False,False,0.7,10.77,False,False,False,False,False,False,False,0.0,0.0,0.0,446
GGBR4,GERDAU S.A.,BR_STOCK,GGBR4,8.6,B,0.5,C,0.0,Fraco,22.14,22.85,21.19,20.28,224459741.81,False,0.0,False,0.0,True,0.6,False,0.0,False,0.0,False,False,1.17,24.55,False,False,False,False,False,False,False,0.0,0.0,0.0,447
CRIN34,CRIN34,BDR,CRI (BDR: CRIN34),8.6,B,0.5,C,2.0,Fraco,37.91,38.34,36.15,34.58,20724828.27,False,0.0,False,0.0,True,0.6,False,0.0,False,0.0,False,False,0.55,44.28,False,False,False,False,False,False,False,10.204001,15.224899,1.5046636,448
TXSA34,TXSA34,BDR,TX (BDR: TXSA34),8.6,B,0.5,C,3.0,OK,42.89,45.53,41.58,39.88,28139313.69,False,0.0,False,0.0,True,0.6,False,0.0,False,0.0,False,False,1.52,51.0,False,False,False,False,False,False,False,3.227,14.296666,0.6903045,449
RINV11,RINV11,ETF,RINV11,8.5,B,2.0,C,1.0,Fraco,105.36,106.36,104.5,101.94,232740.24,False,0.0,False,0.0,False,0.0,False,0.0,False,0.0,True,False,0.45,108.88,False,False,False,False,False,True,False,0.0,5.1370063,999.0,450
HABT11,HABT11,ETF,HABT11,8.5,B,0.5,C,0.0,Fraco,70.83,71.45,71.1,69.7,722536.85,False,0.0,False,0.0,False,0.0,False,0.0,False,0.0,True,False,0.68,73.49,False,False,False,False,False,False,False,0.0,999.0,999.0,451
QQQI11,QQQI11,ETF,QQQI11,8.5,B,0.5,C,0.0,Fraco,97.5,97.23,96.43,97.48,923910.0,False,0.0,False,0.0,False,0.0,False,0.0,False,0.0,True,False,0.54,101.0,False,False,False,False,False,False,False,0.0,33.42064,999.0,452
GCRA11,GCRA11,ETF,GCRA11,8.5,B,0.5,C,0.0,Fraco,52.0,52.18,51.73,50.21,119080.0,False,0.0,False,0.0,False,0.0,False,0.0,False,0.0,True,False,0.62,52.91,False,False,False,False,False,False,False,0.0,999.0,999.0,453
RIFF11,RIFF11,ETF,RIFF11,8.5,B,0.5,C,0.0,Fraco,7.6,7.62,7.57,7.4,130849.2,False,0.0,False,0.0,False,0.0,False,0.0,False,0.0,True,False,0.83,7.74,False,False,False,False,False,False,False,0.0,999.0,999.0,454
RYTT34,RYTT34,BDR,RTX (BDR: RYTT34),8.5,B,0.5,C,3.0,OK,194.91,180.74,188.5,183.39,621271738.47,False,0.0,False,0.0,False,0.0,False,0.0,False,0.0,True,False,0.67,203.94,False,False,False,False,False,False,False,11.571,36.63722,3.9602172,455
CRAA11,CRAA11,ETF,CRAA11,8.5,B,0.5,C,0.0,Fraco,95.0,98.57,95.87,93.47,519650.0,False,0.0,False,0.0,False,0.0,False,0.0,False,0.0,True,False,1.28,99.64,False,False,False,False,False,False,False,0.0,999.0,999.0,456
T1CH34,T1CH34,BDR,TECH (BDR: T1CH34),8.5,B,2.0,C,2.0,Fraco,70.96,54.88,57.76,58.22,386147497.5,False,0.0,False,0.0,False,0.0,False,0.0,False,0.0,True,False,0.41,71.23,False,False,False,False,False,True,False,5.3400002,101.37143,5.3261275,457
CDII11,CDII11,ETF,CDII11,8.5,B,0.5,C,0.0,Fraco,100.7,99.92,100.41,99.63,4238563.57,False,0.0,False,0.0,False,0.0,False,0.0,False,0.0,True,False,0.82,102.73,False,False,False,False,False,False,False,0.0,999.0,999.0,458
D1LR34,D1LR34,BDR,DLR (BDR: D1LR34),8.5,B,0.5,C,3.0,OK,176.3,188.48,175.72,173.19,484652410.69,False,0.0,False,0.0,False,0.0,False,0.0,True,0.8,False,False,0.55,197.03,False,False,False,False,False,False,False,5.688,46.640213,2.7174501,459
MCRE11,MCRE11,ETF,MCRE11,8.5,B,0.5,C,1.0,Fraco,9.05,9.14,9.02,8.75,1263678.68,False,0.0,False,0.0,False,0.0,False,0.0,False,0.0,True,False,0.48,9.26,False,False,False,False,False,False,False,0.0,7.5416665,999.0,460
TRXF11,TRXF11,ETF,TRXF11,8.5,B,2.0,C,1.0,Fraco,91.0,89.66,89.36,89.95,11548810.0,False,0.0,False,0.0,False,0.0,False,0.0,False,0.0,True,False,0.58,91.67,False,False,False,False,False,True,False,0.0,7.210777,999.0,461
PMLL11,PMLL11,ETF,PMLL11,8.5,B,0.5,C,0.0,Fraco,102.5,104.54,102.35,100.04,4167650.0,False,0.0,False,0.0,False,0.0,False,0.0,False,0.0,True,False,0.72,105.14,False,False,False,False,False,False,False,0.0,205.0,999.0,462
JEPI39,JPMORGAN EQUITY PREMIUM INCOME ETF,BDR,JEPI (BDR: JEPI39),8.5,B,2.0,C,0.0,Fraco,56.52,55.81,56.12,55.58,258738614.58,False,0.0,False,0.0,False,0.0,False,0.0,False,0.0,True,False,0.97,57.0,False,False,False,False,False,True,False,0.0,26.824957,999.0,463
AREA11,AREA11,ETF,AREA11,8.5,B,0.0,C,0.0,Fraco,103.38,103.89,102.41,102.04,189598.91,False,0.0,False,0.0,False,0.0,False,0.0,False,0.0,True,False,0.57,105.81,False,False,False,False,False,False,False,0.0,999.0,999.0,464
VRTM11,VRTM11,ETF,VRTM11,8.5,B,0.5,C,1.0,Fraco,6.98,6.99,6.84,6.66,93203.94,False,0.0,False,0.0,False,0.0,False,0.0,False,0.0,True,False,0.91,7.06,False,False,False,False,False,False,False,0.0,5.8166666,999.0,465
DIVS11,DIVS11,ETF,DIVS11,8.5,B,0.5,C,0.0,Fraco,98.2,100.31,98.5,96.9,1517484.55,False,0.0,False,0.0,False,0.0,False,0.0,False,0.0,True,False,1.49,101.68,False,False,False,False,False,False,False,0.0,999.0,999.0,466
O1MC34,O1MC34,BDR,OMC (BDR: O1MC34),8.5,B,0.5,C,1.0,Fraco,78.6,74.67,75.55,75.08,174097110.22,False,0.0,False,0.0,False,0.0,False,0.0,False,0.0,True,False,0.46,81.88,False,False,False,False,False,False,False,2.015,999.0,2.3737617,467
P1AC34,P1AC34,BDR,PCAR (BDR: P1AC34),8.5,B,0.5,C,2.0,Fraco,122.5,116.29,117.75,112.36,522391205.0,False,0.0,False,0.0,False,0.0,False,0.0,False,0.0,True,False,1.32,126.24,False,False,False,False,False,False,False,13.108,26.063831,3.2630122,468
GGRC11,GGRC11,ETF,GGRC11,8.5,B,0.5,C,0.0,Fraco,9.66,9.85,9.64,9.51,15653527.43,False,0.0,False,0.0,False,0.0,False,0.0,False,0.0,True,False,1.18,9.94,False,False,False,False,False,False,False,0.0,999.0,999.0,469
PACB11,PACB11,ETF,PACB11,8.5,B,0.5,C,0.0,Fraco,10.75,10.8,10.68,10.58,529491.25,False,0.0,False,0.0,False,0.0,False,0.0,False,0.0,True,False,1.88,11.1,False,False,False,False,False,False,False,0.0,999.0,999.0,470
LASC11,LASC11,ETF,LASC11,8.5,B,0.5,C,1.0,Fraco,110.0,111.31,108.96,105.02,71830.0,False,0.0,False,0.0,False,0.0,False,0.0,False,0.0,True,False,0.23,114.41,False,False,False,False,False,False,False,0.0,12.048193,999.0,471
PLCA11,PLCA11,ETF,PLCA11,8.5,B,0.5,C,0.0,Fraco,73.1,73.61,73.2,70.72,64254.9,False,0.0,False,0.0,False,0.0,False,0.0,False,0.0,True,False,1.53,74.79,False,False,False,False,False,False,False,0.0,999.0,999.0,472
JURO11,JURO11,ETF,JURO11,8.5,B,2.0,C,0.0,Fraco,99.0,97.6,98.54,97.03,10254915.0,False,0.0,False,0.0,False,0.0,False,0.0,False,0.0,True,True,1.94,98.88,False,False,False,False,False,True,False,0.0,999.0,999.0,473
BCIA11,BCIA11,ETF,BCIA11,8.5,B,0.5,C,0.0,Fraco,86.83,89.27,88.15,85.47,343412.66,False,0.0,False,0.0,False,0.0,False,0.0,False,0.0,True,False,0.69,89.21,False,False,False,False,False,False,False,0.0,999.0,999.0,474
DDNB34,DDNB34,BDR,DD (BDR: DDNB34),8.25,B,0.5,C,2.0,Fraco,136.97,142.32,136.68,128.63,135414158.98,False,0.0,False,0.0,True,0.5,False,0.0,False,0.0,False,False,0.58,148.68,False,False,False,False,False,False,False,0.8959999999999999,120.149124,1.3328339,475
D1OV34,D1OV34,BDR,DOV (BDR: D1OV34),8.25,B,0.5,C,3.0,OK,211.47,217.8,212.18,202.32,134316440.1,False,0.0,False,0.0,True,0.5,False,0.0,True,0.8,False,False,0.52,233.65,False,False,False,False,False,False,False,14.998001,26.40075,3.8020496,476
BMGB4,BANCO BMG S.A.,BR_STOCK,BMGB4,8.12,B,0.5,C,2.0,Fraco,5.22,5.22,4.96,4.64,4844681.81,False,0.0,False,0.0,False,0.0,False,0.0,True,0.65,False,False,0.75,5.52,False,False,False,False,False,False,False,13.51,5.22,0.67924523,477
TECX11,TECX11,ETF,TECX11,8.12,B,0.5,C,0.0,Fraco,185.1,187.99,168.51,164.33,402222.31,False,0.0,False,0.0,True,0.75,False,0.0,False,0.0,False,False,1.9,226.28,False,False,False,False,False,False,False,0.0,999.0,999.0,478
QCOM34,QCOM34,BDR,QCOM (BDR: QCOM34),8.12,B,0.5,C,3.0,OK,186.56,205.22,167.96,167.83,1867814442.76,False,0.0,False,0.0,True,0.75,False,0.0,False,0.0,False,False,0.42,233.44,False,False,False,False,False,False,False,36.083,20.081808,7.2427983,479
I1TW34,I1TW34,BDR,ITW (BDR: I1TW34),8.0,B,0.5,C,3.0,OK,265.1,256.38,261.11,257.12,234091788.59,False,0.0,False,0.0,False,0.0,False,0.0,False,0.0,True,False,0.6,275.6,False,False,False,False,False,False,False,96.848,24.637547,23.621136,480
Z1TO34,Z1TO34,BDR,ZTO (BDR: Z1TO34),8.0,B,0.5,C,4.0,Forte,23.22,23.31,23.03,21.97,19444845.38,False,0.0,False,0.0,False,0.0,False,0.0,False,0.0,True,False,0.55,23.28,False,False,False,False,False,False,False,14.876000000000001,13.821428,1.8788067,481
CDIB11,CDIB11,ETF,CDIB11,8.0,B,0.5,C,0.0,Fraco,50.66,,,,2380614.71,False,0.0,False,0.0,False,0.0,False,0.0,False,0.0,True,False,1.13,50.71,False,False,False,False,False,False,False,0.0,999.0,999.0,482
VCRI11,VCRI11,ETF,VCRI11,8.0,B,0.5,C,1.0,Fraco,7.15,7.23,7.07,6.76,174224.05,False,0.0,False,0.0,False,0.0,False,0.0,False,0.0,False,False,1.39,7.65,False,False,False,False,False,False,False,0.0,5.6746035,999.0,483
BULZ11,BULZ11,ETF,BULZ11,8.0,B,0.0,C,0.0,Fraco,81.4,,,,84981.6,False,0.0,False,0.0,False,0.0,False,0.0,False,0.0,True,False,0.0,,False,False,False,False,False,False,False,0.0,999.0,999.0,484
DOLX11,DOLX11,ETF,DOLX11,8.0,B,0.5,C,0.0,Fraco,47.64,,,,1930039.3,False,0.0,False,0.0,False,0.0,False,0.0,False,0.0,True,False,0.31,48.29,False,False,False,False,False,False,False,0.0,999.0,999.0,485
VRTX34,VRTX34,BDR,VRTX (BDR: VRTX34),8.0,B,0.5,C,4.0,Forte,498.43,451.86,456.2,445.8,1049156257.04,False,0.0,False,0.0,False,0.0,False,0.0,False,0.0,False,False,0.88,533.67,False,False,False,False,False,False,False,24.197,29.545345,6.542879,486
IBOV11,IBOV11,ETF,IBOV11,8.0,B,2.0,C,0.0,Fraco,170692.0,,,,7349314752.0,False,0.0,False,0.0,False,0.0,False,0.0,False,0.0,True,False,0.0,,False,False,False,False,False,True,False,0.0,999.0,999.0,487
GILD34,GILD34,BDR,GILD (BDR: GILD34),8.0,B,0.5,C,5.0,Forte,135.82,129.12,132.6,128.8,1148011549.27,False,0.0,False,0.0,False,0.0,False,0.0,False,0.0,True,False,0.92,136.6,False,False,False,False,False,False,False,43.36,18.478912,7.173718,488
BTRA11,BTRA11,ETF,BTRA11,8.0,B,0.0,C,1.0,Fraco,63.25,62.11,62.11,59.62,71282.75,False,0.0,False,0.0,False,0.0,False,0.0,False,0.0,False,False,0.51,67.27,False,False,False,False,False,False,False,0.0,5.6777377,999.0,489
NLFA11,NLFA11,ETF,NLFA11,8.0,B,2.0,C,0.0,Fraco,107.75,,,,2198100.0,False,0.0,False,0.0,False,0.0,False,0.0,False,0.0,True,False,1.34,108.09,False,False,False,False,False,True,False,0.0,999.0,999.0,490
BLAU3,BLAU FARMACÊUTICA S.A.,BR_STOCK,BLAU3,8.0,B,0.5,C,3.0,OK,10.39,10.2,10.16,9.94,2109170.07,False,0.0,False,0.0,False,0.0,False,0.0,False,0.0,True,False,1.45,10.31,False,False,False,False,False,False,False,10.8610004,11.053192,1.0463243,491
IRBR3,IRB - BRASIL RESSEGUROS S.A.,BR_STOCK,IRBR3,8.0,B,0.5,C,2.0,Fraco,54.85,52.38,53.35,51.81,11189399.69,False,0.0,False,0.0,False,0.0,False,0.0,False,0.0,True,False,0.58,55.47,False,False,False,False,False,False,False,6.737,12.785547,0.84235585,492
ITUB4,ITAU UNIBANCO HOLDING S.A.,BR_STOCK,ITUB4,8.0,B,0.5,C,0.0,Fraco,41.89,40.51,41.59,39.94,775409022.7,False,0.0,False,0.0,False,0.0,False,0.0,False,0.0,True,False,0.85,43.18,False,False,False,False,False,False,False,0.0,0.0,0.0,493
PDTC3,PADTEC HOLDING S.A.,BR_STOCK,PDTC3,8.0,B,0.5,C,1.0,Fraco,1.56,1.45,1.47,1.37,103740.0,False,0.0,False,0.0,False,0.0,False,0.0,False,0.0,True,True,2.54,1.55,False,False,False,False,False,False,False,11.092,8.210526,0.86283183,494
T2DH34,T2DH34,BDR,TDOC (BDR: T2DH34),8.0,B,0.5,C,1.0,Fraco,9.07,7.3,6.42,6.84,27002395.86,False,0.0,False,0.0,False,0.0,False,0.0,False,0.0,False,False,0.6,9.68,False,False,False,False,False,False,False,-12.386999999999999,999.0,1.2246826,495
AIEC11,AIEC11,ETF,AIEC11,8.0,B,0.5,C,1.0,Fraco,57.4,60.32,56.62,54.9,239071.01,False,0.0,False,0.0,False,0.0,False,0.0,False,0.0,False,False,0.82,60.85,False,False,False,False,False,False,False,0.0,9.862543,999.0,496
U1RI34,U1RI34,BDR,URI (BDR: U1RI34),8.0,B,0.5,C,3.0,OK,1071.49,1017.9,888.03,891.03,315151993.38,False,0.0,False,0.0,False,0.0,False,0.0,False,0.0,False,False,0.61,1143.69,False,False,False,False,False,False,False,28.237000000000002,27.347881,7.4949813,497
C2RW34,C2RW34,BDR,CRWD (BDR: C2RW34),8.0,B,0.5,C,2.0,Fraco,191.12,160.06,126.45,126.82,1435850312.84,False,0.0,False,0.0,False,0.0,False,0.0,False,0.0,False,False,0.64,209.5,False,False,False,False,False,False,False,-0.24899999,999.0,41.995163,498
CMIG3,CIA ENERGETICA DE MINAS GERAIS - CEMIG,BR_STOCK,CMIG3,8.0,B,0.5,C,4.0,Forte,15.69,15.79,15.13,14.66,1198715.97,False,0.0,False,0.0,False,0.0,False,0.0,False,0.0,True,False,0.88,15.97,False,False,False,False,False,False,False,17.038,9.175438,1.553773,499
SPXH11,SPXH11,ETF,SPXH11,8.0,B,0.5,C,0.0,Fraco,56.56,,,,20372969.05,False,0.0,False,0.0,False,0.0,False,0.0,False,0.0,True,False,3.43,57.52,False,False,False,False,False,False,False,0.0,999.0,999.0,500
SPYR11,SPYR11,ETF,SPYR11,8.0,B,0.0,C,0.0,Fraco,112.28,,,,224560.0,False,0.0,False,0.0,False,0.0,False,0.0,False,0.0,True,False,1.98,113.2,False,False,False,False,False,False,False,0.0,999.0,999.0,501
XB6011,XB6011,ETF,XB6011,8.0,B,0.0,C,0.0,Fraco,50.56,50.61,,,75840.0,False,0.0,False,0.0,False,0.0,False,0.0,False,0.0,True,False,1.69,51.81,False,False,False,False,False,False,False,0.0,999.0,999.0,502
FIQE3,UNIFIQUE TELECOMUNICAÇÕES S.A.,BR_STOCK,FIQE3,8.0,B,0.5,C,4.0,Forte,5.96,6.25,5.73,5.26,3130788.02,False,0.0,False,0.0,False,0.0,False,0.0,False,0.0,True,False,0.67,6.24,False,False,False,False,False,False,False,18.761998,9.612904,1.984682,503
INRD11,INRD11,ETF,INRD11,8.0,B,0.0,C,1.0,Fraco,74.79,75.28,74.1,72.75,74864.79,False,0.0,False,0.0,False,0.0,False,0.0,False,0.0,False,False,0.79,78.85,False,False,False,False,False,False,False,0.0,8.967626,999.0,504
AGRX11,AGRX11,ETF,AGRX11,8.0,B,2.0,C,0.0,Fraco,8.26,,,,130508.0,False,0.0,False,0.0,False,0.0,False,0.0,False,0.0,True,False,0.0,,False,False,False,False,False,True,False,0.0,999.0,999.0,505
TAKP34,TAKP34,BDR,TAK (BDR: TAKP34),8.0,B,0.5,C,2.0,Fraco,16.75,16.13,16.7,16.07,35622694.0,False,0.0,False,0.0,False,0.0,False,0.0,False,0.0,True,False,0.71,17.12,False,False,False,False,False,False,False,-2.118,999.0,1.154745,506
T1EV34,T1EV34,BDR,TEVA (BDR: T1EV34),7.95,B,0.5,C,3.0,OK,33.24,34.2,32.37,29.64,175566675.23,False,0.0,False,0.0,True,0.7,False,0.0,False,0.0,False,False,1.01,35.47,False,False,False,False,False,False,False,21.599,24.805971,4.7042174,507
FDMO34,FDMO34,BDR,F (BDR: FDMO34),7.78,B,0.5,C,2.0,Fraco,13.5,13.87,13.17,12.91,506851236.0,False,0.0,False,0.0,True,0.65,False,0.0,False,0.0,False,False,0.7,15.48,False,False,False,False,False,False,False,-14.813,999.0,1.436323,508
CEBR6,CIA ENERGETICA DE BRASILIA,BR_STOCK,CEBR6,7.75,B,0.5,C,3.0,OK,28.9,29.7,29.47,27.95,54910.0,False,0.0,False,0.0,False,0.0,False,0.0,True,0.7,True,False,0.42,30.08,False,False,False,False,False,False,False,16.638,13.018018,2.202744,509
EGIE3,ENGIE BRASIL ENERGIA S.A.,BR_STOCK,EGIE3,7.62,B,0.5,C,3.0,OK,32.42,33.44,32.61,31.69,31635434.21,False,0.0,False,0.0,False,0.0,False,0.0,True,0.85,False,False,0.44,35.94,False,False,False,False,False,False,False,20.204,14.408888,2.722768,510
A2FY34,A2FY34,BDR,AFYA (BDR: A2FY34),7.62,B,0.5,C,5.0,Forte,14.82,14.29,14.23,14.24,1099569.88,False,0.0,False,0.0,False,0.0,False,0.0,True,0.65,True,False,0.51,15.37,False,False,False,False,False,False,False,16.756999999999998,9.204968,1.4329864,511
IBOB11,IBOB11,ETF,IBOB11,7.5,B,0.5,C,1.0,Fraco,140.63,144.16,145.15,139.42,22147256.95,False,0.0,False,0.0,False,0.0,False,0.0,False,0.0,True,False,1.87,143.78,False,False,False,False,False,False,False,0.0,10.993698,999.0,512
SNFZ11,SNFZ11,ETF,SNFZ11,7.5,B,0.5,C,0.0,Fraco,9.32,9.54,9.4,9.3,289917.23,False,0.0,False,0.0,False,0.0,False,0.0,False,0.0,True,False,1.38,9.78,False,False,False,False,False,False,False,0.0,999.0,999.0,513
HGBS11,HGBS11,ETF,HGBS11,7.5,B,0.5,C,3.0,OK,19.33,19.55,19.46,19.26,2956407.51,False,0.0,False,0.0,False,0.0,False,0.0,False,0.0,True,False,0.84,19.58,False,False,False,False,False,False,False,5.2449997999999995,17.572727,0.93156624,514
K2RC34,K2RC34,BDR,KRC (BDR: K2RC34),7.5,B,2.0,C,1.0,Fraco,38.34,35.47,33.61,35.17,33799777.33,False,0.0,False,0.0,False,0.0,False,0.0,False,0.0,True,False,0.63,39.78,False,False,False,False,False,True,False,4.414,20.950819,0.8467315,515
DOLA11,DOLA11,ETF,DOLA11,7.5,B,2.0,C,0.0,Fraco,10.2,9.95,10.1,10.13,997651.78,False,0.0,False,0.0,False,0.0,False,0.0,False,0.0,True,False,0.48,10.29,False,False,False,False,False,True,False,0.0,999.0,999.0,516
XFIX11,XFIX11,ETF,XFIX11,7.5,B,0.5,C,1.0,Fraco,13.39,13.57,13.51,13.32,1181198.88,False,0.0,False,0.0,False,0.0,False,0.0,False,0.0,True,False,3.89,13.63,False,False,False,False,False,False,False,0.0,8.471308,999.0,517
A1VB34,A1VB34,BDR,AVB (BDR: A1VB34),7.5,B,2.0,C,3.0,OK,189.12,184.03,175.72,176.38,98811036.81,False,0.0,False,0.0,False,0.0,False,0.0,False,0.0,True,False,0.48,198.63,False,False,False,False,False,True,False,9.719,23.434944,2.2863774,518
GXUS11,GXUS11,ETF,GXUS11,7.5,B,0.5,C,1.0,Fraco,110.68,110.46,,,8687937.3,False,0.0,False,0.0,False,0.0,False,0.0,False,0.0,True,False,71.11,115.01,False,False,False,False,False,False,False,0.0,17.77137,999.0,519
DIVO11,DIVO11,ETF,DIVO11,7.5,B,0.5,C,1.0,Fraco,124.84,125.31,126.45,121.95,10573198.65,False,0.0,False,0.0,False,0.0,False,0.0,False,0.0,True,False,0.51,126.76,False,False,False,False,False,False,False,0.0,8.891117,999.0,520
BBOV11,BBOV11,ETF,BBOV11,7.5,B,0.5,C,1.0,Fraco,89.56,91.98,92.61,88.93,22790780.38,False,0.0,False,0.0,False,0.0,False,0.0,False,0.0,True,False,2.1,91.8,False,False,False,False,False,False,False,0.0,10.986697,999.0,521
VCRA11,VCRA11,ETF,VCRA11,7.5,B,0.5,C,0.0,Fraco,59.61,61.29,60.72,59.1,1033458.58,False,0.0,False,0.0,False,0.0,False,0.0,False,0.0,True,False,1.48,62.36,False,False,False,False,False,False,False,0.0,999.0,999.0,522
KDIF11,KDIF11,ETF,KDIF11,7.5,B,0.5,C,0.0,Fraco,121.72,121.48,122.0,119.68,2968142.23,False,0.0,False,0.0,False,0.0,False,0.0,False,0.0,True,False,0.97,123.98,False,False,False,False,False,False,False,0.0,999.0,999.0,523
CPTS11,CPTS11,ETF,CPTS11,7.5,B,0.5,C,0.0,Fraco,7.48,7.51,7.51,7.34,8519832.22,False,0.0,False,0.0,False,0.0,False,0.0,False,0.0,True,False,1.45,7.6,False,False,False,False,False,False,False,0.0,999.0,999.0,524
GRUL11,GRUL11,ETF,GRUL11,7.5,B,0.5,C,1.0,Fraco,8.19,8.36,8.35,8.16,211400.27,False,0.0,False,0.0,False,0.0,False,0.0,False,0.0,True,False,0.7,8.43,False,False,False,False,False,False,False,0.0,7.121739,999.0,525
CGAS5,CIA GAS DE SAO PAULO - COMGAS,BR_STOCK,CGAS5,7.5,B,0.5,C,2.0,Fraco,124.0,122.09,125.36,123.94,99200.0,False,0.0,False,0.0,False,0.0,False,0.0,False,0.0,True,False,2.67,128.11,False,False,False,False,False,False,False,97.99,10.905892,9.5436,526
RBRX11,RBRX11,ETF,RBRX11,7.5,B,0.5,C,0.0,Fraco,8.06,8.24,8.13,7.89,2429533.99,False,0.0,False,0.0,False,0.0,False,0.0,False,0.0,True,False,0.96,8.4,False,False,False,False,False,False,False,0.0,31.000002,999.0,527
BOVA11,BOVA11,ETF,BOVA11,7.5,B,0.5,C,1.0,Fraco,167.56,172.05,173.29,166.43,322006582.15,False,0.0,False,0.0,False,0.0,False,0.0,False,0.0,True,False,0.7,171.72,False,False,False,False,False,False,False,0.0,10.972696,999.0,528
BOVB11,BOVB11,ETF,BOVB11,7.5,B,0.0,C,1.0,Fraco,174.85,179.35,180.62,173.34,208071.51,False,0.0,False,0.0,False,0.0,False,0.0,False,0.0,True,False,0.02,178.66,False,False,False,False,False,False,False,0.0,10.9864435,999.0,529
BOVX11,BOVX11,ETF,BOVX11,7.5,B,0.5,C,0.0,Fraco,17.49,17.97,18.09,17.37,11054869.18,False,0.0,False,0.0,False,0.0,False,0.0,False,0.0,True,False,0.79,17.92,False,False,False,False,False,False,False,0.0,999.0,999.0,530
BOVV11,BOVV11,ETF,BOVV11,7.5,B,0.5,C,1.0,Fraco,176.06,180.59,181.81,174.47,107942208.44,False,0.0,False,0.0,False,0.0,False,0.0,False,0.0,True,False,2.17,180.07,False,False,False,False,False,False,False,0.0,10.9851885,999.0,531
RURA11,RURA11,ETF,RURA11,7.5,B,0.5,C,0.0,Fraco,8.16,8.45,8.35,8.11,3119494.5,False,0.0,False,0.0,False,0.0,False,0.0,False,0.0,True,False,1.19,8.42,False,False,False,False,False,False,False,0.0,999.0,999.0,532
HFOF11,HFOF11,ETF,HFOF11,7.5,B,0.5,C,1.0,Fraco,6.3,6.44,6.41,6.23,2385860.47,False,0.0,False,0.0,False,0.0,False,0.0,False,0.0,True,False,1.19,6.54,False,False,False,False,False,False,False,0.0,3.5195532,999.0,533
PIBB11,PIBB11,ETF,PIBB11,7.5,B,0.5,C,1.0,Fraco,303.81,312.76,314.26,301.14,216616.53,False,0.0,False,0.0,False,0.0,False,0.0,False,0.0,True,False,0.51,311.68,False,False,False,False,False,False,False,0.0,10.85573,999.0,534
LSAG11,LSAG11,ETF,LSAG11,7.5,B,0.5,C,0.0,Fraco,75.91,74.94,77.29,74.82,51163.34,False,0.0,False,0.0,False,0.0,False,0.0,False,0.0,True,False,1.51,78.96,False,False,False,False,False,False,False,0.0,999.0,999.0,535
XB5011,XB5011,ETF,XB5011,7.5,B,0.0,C,0.0,Fraco,51.66,51.94,51.44,51.44,63541.8,False,0.0,False,0.0,False,0.0,False,0.0,False,0.0,True,False,0.58,52.82,False,False,False,False,False,False,False,0.0,999.0,999.0,536
SCHW34,SCHW34,BDR,SCHW (BDR: SCHW34),7.5,B,2.0,C,3.0,OK,101.7,91.05,94.78,94.32,663275176.1,False,0.0,False,0.0,False,0.0,False,0.0,False,0.0,True,False,0.58,102.54,False,False,False,False,False,True,False,19.083,20.218687,4.1620626,537
HGCR11,HGCR11,ETF,HGCR11,7.5,B,0.5,C,0.0,Fraco,91.79,93.52,92.3,90.59,2577830.39,False,0.0,False,0.0,False,0.0,False,0.0,False,0.0,True,False,0.54,94.36,False,False,False,False,False,False,False,0.0,999.0,999.0,538
KNRI11,KNRI11,ETF,KNRI11,7.5,B,0.5,C,1.0,Fraco,154.9,156.11,155.97,151.39,6051787.86,False,0.0,False,0.0,False,0.0,False,0.0,False,0.0,True,False,0.65,157.8,False,False,False,False,False,False,False,7.609000000000001,10.510958,0.96700686,539
XB3511,XB3511,ETF,XB3511,7.5,B,2.0,C,0.0,Fraco,51.9,51.98,51.33,51.33,114439.5,False,0.0,False,0.0,False,0.0,False,0.0,False,0.0,True,False,0.62,52.53,False,False,False,False,False,True,False,0.0,999.0,999.0,540
RCRB11,RCRB11,ETF,RCRB11,7.5,B,0.5,C,1.0,Fraco,134.45,137.82,135.56,131.32,345536.49,False,0.0,False,0.0,False,0.0,False,0.0,False,0.0,True,False,0.48,140.14,False,False,False,False,False,False,False,9.1800004,18.417807,0.6484549,541
C1IC34,C1IC34,BDR,CI (BDR: C1IC34),7.5,B,2.0,C,5.0,Forte,289.73,285.33,278.02,279.02,244260362.52,False,0.0,False,0.0,False,0.0,False,0.0,False,0.0,True,False,0.45,299.27,False,False,False,False,False,True,False,16.268998,12.281899,1.8162158,542
ALUP4,ALUPAR INVESTIMENTO S/A,BR_STOCK,ALUP4,7.5,B,0.5,C,2.0,Fraco,10.44,10.39,10.57,10.44,89784.0,False,0.0,False,0.0,False,0.0,False,0.0,False,0.0,True,False,0.73,10.85,False,False,False,False,False,False,False,12.679000000000002,9.157894,1.1116631,543
DGCO34,DGCO34,BDR,DG (BDR: DGCO34),7.5,B,0.5,C,4.0,Forte,114.8,110.61,126.78,120.21,230617478.53,False,0.0,False,0.0,False,0.0,False,0.0,True,1.0,True,False,0.75,120.32,False,False,False,False,False,False,False,18.91,16.260624,2.863557,544
CGRA4,GRAZZIOTIN S.A.,BR_STOCK,CGRA4,7.5,B,0.5,C,3.0,OK,24.43,24.44,24.93,24.65,239414.0,False,0.0,False,0.0,False,0.0,False,0.0,True,0.8,True,False,3.38,25.37,False,False,False,False,False,False,False,9.2480004,6.0620346,0.6511541,545
VCJR11,VCJR11,ETF,VCJR11,7.5,B,0.5,C,1.0,Fraco,74.38,75.4,74.84,73.48,1209567.52,False,0.0,False,0.0,False,0.0,False,0.0,False,0.0,True,False,0.66,77.19,False,False,False,False,False,False,False,0.0,6.2820945,999.0,546
FYTO11,FYTO11,ETF,FYTO11,7.5,B,0.5,C,0.0,Fraco,8.16,8.37,8.21,7.96,110772.0,False,0.0,False,0.0,False,0.0,False,0.0,False,0.0,True,False,1.05,8.48,False,False,False,False,False,False,False,0.0,999.0,999.0,547
IBMB34,IBMB34,BDR,IBM (BDR: IBMB34),7.5,B,0.5,C,3.0,OK,302.05,258.9,266.85,272.2,1120994797.15,False,0.0,False,0.0,False,0.0,False,0.0,False,0.0,True,False,0.44,311.8,False,False,False,False,False,False,False,35.772,26.730087,8.609583,548
XPSF11,XPSF11,ETF,XPSF11,7.5,B,0.5,C,1.0,Fraco,6.22,6.34,6.31,6.16,132678.82,False,0.0,False,0.0,False,0.0,False,0.0,False,0.0,True,False,0.6,6.33,False,False,False,False,False,False,False,0.0,3.863354,999.0,549
RBIR11,RBIR11,ETF,RBIR11,7.5,B,0.5,C,1.0,Fraco,74.22,73.16,74.49,73.83,305786.41,False,0.0,False,0.0,False,0.0,False,0.0,False,0.0,True,False,8.18,78.08,False,False,False,False,False,False,False,0.0,8.711267,999.0,550
GDIV11,GDIV11,ETF,GDIV11,7.5,B,2.0,C,0.0,Fraco,97.63,96.84,,,186375.66,False,0.0,False,0.0,False,0.0,False,0.0,False,0.0,True,False,3.86,100.18,False,False,False,False,False,True,False,0.0,999.0,999.0,551
TAEE3,TRANSMISSORA ALIANÇA DE ENERGIA ELÉTRICA S.A.,BR_STOCK,TAEE3,7.5,B,0.5,C,3.0,OK,13.15,13.14,13.4,13.07,1209799.96,False,0.0,False,0.0,False,0.0,False,0.0,False,0.0,True,False,1.03,13.72,False,False,False,False,False,False,False,20.559,8.651316,0.56916547,552
VISA34,VISA34,BDR,V (BDR: VISA34),7.5,B,2.0,C,4.0,Forte,347.53,328.37,324.73,328.04,1926835246.86,False,0.0,False,0.0,False,0.0,False,0.0,False,0.0,True,False,0.53,365.02,False,False,False,False,False,True,False,60.349,30.27265,18.642313,553
N1VO34,N1VO34,BDR,NVO (BDR: N1VO34),7.25,B,2.0,C,5.0,Forte,48.89,45.06,44.97,46.53,368477716.37,False,0.0,False,0.0,False,0.0,False,0.0,True,0.5,True,False,0.57,50.9,False,False,False,False,False,True,False,71.402,11.752404,6.988425,554
BOEI34,BOEI34,BDR,BA (BDR: BOEI34),7.12,B,0.5,C,2.0,Fraco,224.95,223.65,222.61,218.55,895822871.85,False,0.0,False,0.0,False,0.0,False,0.0,True,0.65,False,False,0.67,237.48,False,False,False,False,False,False,False,169.947,88.91304,29.633776,555
DLTR34,DLTR34,BDR,DLTR (BDR: DLTR34),7.0,B,0.5,C,4.0,Forte,123.61,105.73,114.73,110.63,380354523.21,False,0.0,False,0.0,False,0.0,False,0.0,False,0.0,True,False,0.63,126.62,False,False,False,False,False,False,False,33.976,19.841091,6.8164773,556
H1EI34,H1EI34,BDR,HEI (BDR: H1EI34),7.0,B,0.5,C,4.0,Forte,347.78,316.81,315.16,315.19,142283057.54,False,0.0,False,0.0,False,0.0,False,0.0,False,0.0,False,False,0.88,369.48,False,False,False,False,False,False,False,17.206,62.21467,10.163657,557
KHCB34,KHCB34,BDR,KHC (BDR: KHCB34),7.0,B,2.0,C,3.0,OK,24.92,23.47,23.36,23.64,227743332.46,False,0.0,False,0.0,False,0.0,False,0.0,False,0.0,True,False,0.62,25.75,False,False,False,False,False,True,False,-12.576,999.0,0.7049904,558
UNIP3,UNIPAR CARBOCLORO S.A.,BR_STOCK,UNIP3,7.0,B,0.5,C,2.0,Fraco,58.36,58.8,59.38,58.17,332652.0,False,0.0,False,0.0,False,0.0,False,0.0,True,0.8,True,False,0.97,60.88,False,False,False,False,False,False,False,16.176,18.585987,3.478572,559
CASH3,MÉLIUZ S.A.,BR_STOCK,CASH3,7.0,B,2.0,C,0.0,Fraco,4.77,4.15,3.94,4.02,23811839.9,False,0.0,False,0.0,False,0.0,False,0.0,False,0.0,True,False,4.18,4.77,False,False,False,False,False,True,True,0.0,0.0,0.0,560
H1OG34,H1OG34,BDR,HOG (BDR: H1OG34),7.0,B,0.5,C,2.0,Fraco,25.36,24.55,21.72,22.72,34508494.03,False,0.0,False,0.0,False,0.0,False,0.0,False,0.0,True,False,0.39,26.5,False,False,False,False,False,False,False,7.115,13.139897,0.8712382,561
R1YA34,R1YA34,BDR,RYAAY (BDR: R1YA34),7.0,B,0.5,C,4.0,Forte,65.51,59.2,63.56,62.97,188910865.61,False,0.0,False,0.0,False,0.0,False,0.0,False,0.0,True,False,2.15,67.13,False,False,False,False,False,False,False,25.367,14.088172,2.9753547,562
KMBB34,KMBB34,BDR,KMB (BDR: KMBB34),7.0,B,2.0,C,3.0,OK,110.98,101.17,100.84,103.58,437317369.11,False,0.0,False,0.0,False,0.0,False,0.0,False,0.0,True,False,0.72,116.82,False,False,False,False,False,True,False,111.727,21.46615,20.510073,563
A1ZN34,A1ZN34,BDR,AZN (BDR: A1ZN34),7.0,B,0.5,C,4.0,Forte,189.28,184.11,188.54,183.07,347414163.04,False,0.0,False,0.0,False,0.0,False,0.0,False,0.0,True,False,0.85,196.41,False,False,False,False,False,False,False,23.482999,28.506025,6.1943254,564
PHGN34,PHGN34,BDR,PHG (BDR: PHGN34),7.0,B,0.5,C,2.0,Fraco,27.58,26.37,27.17,27.09,19702958.89,False,0.0,False,0.0,False,0.0,False,0.0,False,0.0,True,False,0.78,28.53,False,False,False,False,False,False,False,8.364,24.192984,2.0145297,565
X1YZ34,X1YZ34,BDR,XYZ (BDR: X1YZ34),7.0,B,0.5,C,2.0,Fraco,76.55,72.44,65.74,67.37,377319175.29,False,0.0,False,0.0,False,0.0,False,0.0,False,0.0,False,False,0.79,81.04,False,False,False,False,False,False,False,3.743,59.80469,2.075707,566
WFCO34,WFCO34,BDR,WFC (BDR: WFCO34),7.0,B,2.0,C,3.0,OK,85.56,80.28,84.0,83.76,660036515.89,False,0.0,False,0.0,False,0.0,False,0.0,False,0.0,True,False,0.57,88.57,False,False,False,False,False,True,False,12.028,13.224112,1.6084521,567
E1CL34,E1CL34,BDR,ECL (BDR: E1CL34),7.0,B,0.5,C,4.0,Forte,274.12,262.12,270.51,269.36,255884710.68,False,0.0,False,0.0,False,0.0,False,0.0,False,0.0,True,False,0.57,288.3,False,False,False,False,False,False,False,22.427,37.09337,7.711697,568
NEXT34,NEXT34,BDR,NEE (BDR: NEXT34),7.0,B,0.5,C,2.0,Fraco,87.44,89.37,88.17,86.38,671254164.34,False,0.0,False,0.0,False,0.0,False,0.0,False,0.0,True,False,0.59,89.25,False,False,False,False,False,False,False,10.325,22.192894,3.30199,569
Z1OM34,Z1OM34,BDR,ZM (BDR: Z1OM34),6.6,B,0.5,C,5.0,Forte,87.4,96.71,88.89,87.3,314045947.68,False,0.0,False,0.0,True,0.6,False,0.0,False,0.0,False,False,1.03,102.8,False,False,False,False,False,False,False,21.948,12.871871,2.6334028,570
SEER3,SER EDUCACIONAL S.A.,BR_STOCK,SEER3,6.5,B,0.5,C,4.0,Forte,11.47,11.75,11.21,10.92,8088644.19,False,0.0,False,0.0,False,0.0,False,0.0,False,0.0,False,False,1.08,12.18,False,False,False,False,False,False,False,18.484,1.5755495,1.0353855,571
PETR3,PETROLEO BRASILEIRO S.A. PETROBRAS,BR_STOCK,PETR3,6.5,B,0.5,C,0.0,Fraco,44.16,46.72,42.58,39.79,496981054.28,False,0.0,False,0.0,False,0.0,False,0.0,False,0.0,False,False,1.24,47.57,False,False,False,False,False,False,False,0.0,0.0,0.0,572
ARGT39,GLOBAL X MSCI ARGENTINA ETF,BDR,ARGT (BDR: ARGT39),6.5,B,0.5,C,1.0,Fraco,92.44,92.38,91.91,88.9,13026182.94,False,0.0,False,0.0,False,0.0,False,0.0,False,0.0,False,False,0.57,99.64,False,False,False,False,False,False,False,0.0,15.43647,999.0,573
JHSF3,JHSF PARTICIPACOES S.A.,BR_STOCK,JHSF3,6.5,B,0.5,C,5.0,Forte,10.35,11.03,9.74,8.85,26852040.99,False,0.0,False,0.0,False,0.0,False,0.0,False,0.0,False,False,0.75,11.63,False,False,False,False,False,False,False,27.879998,3.2753165,0.9771526,574
COPH34,COPH34,BDR,COP (BDR: COPH34),6.5,B,0.5,C,2.0,Fraco,110.72,115.44,110.35,104.75,1003716891.71,False,0.0,False,0.0,False,0.0,False,0.0,False,0.0,False,False,1.21,121.52,False,False,False,False,False,False,False,11.2840004,18.766102,2.0899634,575
EGAF11,EGAF11,ETF,EGAF11,6.5,B,0.0,C,0.0,Fraco,87.55,87.68,89.0,87.01,134476.8,False,0.0,False,0.0,False,0.0,False,0.0,False,0.0,True,False,0.19,88.73,False,False,False,False,False,False,False,0.0,999.0,999.0,576
KFOF11,KFOF11,ETF,KFOF11,6.5,B,0.5,C,0.0,Fraco,78.91,79.27,79.94,78.42,1174023.03,False,0.0,False,0.0,False,0.0,False,0.0,False,0.0,True,False,1.09,80.8,False,False,False,False,False,False,False,0.0,20.285347,999.0,577
E1QN34,E1QN34,BDR,EQNR (BDR: E1QN34),6.5,B,0.5,C,3.0,OK,34.27,36.3,31.81,29.66,173339444.36,False,0.0,False,0.0,False,0.0,False,0.0,False,0.0,False,False,1.56,38.45,False,False,False,False,False,False,False,12.361,15.506787,3.9264438,578
U1AI34,U1AI34,BDR,UA (BDR: U1AI34),6.5,B,0.5,C,0.0,Fraco,6.32,5.74,5.8,5.49,13696893.97,False,0.0,False,0.0,False,0.0,False,0.0,False,0.0,False,False,0.41,6.76,False,False,False,False,False,False,False,-29.997,999.0,1.9047619,579
A1WK34,A1WK34,BDR,AWK (BDR: A1WK34),6.5,B,0.5,C,1.0,Fraco,131.88,126.8,129.54,130.34,170290451.94,False,0.0,False,0.0,False,0.0,False,0.0,False,0.0,True,False,0.5,138.42,False,False,False,False,False,False,False,10.217,23.38298,2.3333747,580
BDIV11,BDIV11,ETF,BDIV11,6.5,B,0.5,C,0.0,Fraco,37.0,36.55,37.37,37.15,250194.0,False,0.0,False,0.0,False,0.0,False,0.0,False,0.0,True,False,1.95,38.25,False,False,False,False,False,False,False,0.0,999.0,999.0,581
T1SS34,T1SS34,BDR,TS (BDR: T1SS34),6.5,B,0.5,C,4.0,Forte,55.13,60.05,51.99,48.2,73893055.89,False,0.0,False,0.0,False,0.0,False,0.0,False,0.0,False,False,1.27,63.22,False,False,False,False,False,False,False,11.625,14.507895,3.2561574,582
GOLB11,GOLB11,ETF,GOLB11,6.5,B,2.0,C,0.0,Fraco,101.68,,,,411498.96,False,0.0,False,0.0,False,0.0,False,0.0,False,0.0,True,False,0.25,106.15,False,False,False,False,False,True,False,0.0,999.0,999.0,583
C1DN34,C1DN34,BDR,CDNS (BDR: C1DN34),6.5,B,0.5,C,4.0,Forte,374.06,370.38,326.01,327.76,534825747.67,False,0.0,False,0.0,False,0.0,False,0.0,False,0.0,False,False,0.62,406.67,False,False,False,False,False,False,False,20.656,86.99069,15.724074,584
BRAX11,BRAX11,ETF,BRAX11,6.5,B,0.5,C,1.0,Fraco,142.93,146.81,147.86,142.09,511260.58,False,0.0,False,0.0,False,0.0,False,0.0,False,0.0,True,False,0.68,147.67,False,False,False,False,False,False,False,0.0,10.811507,999.0,585
CASA11,CASA11,ETF,CASA11,6.5,B,0.0,C,0.0,Fraco,87.96,85.95,86.28,86.45,128773.44,False,0.0,False,0.0,False,0.0,False,0.0,False,0.0,True,False,1.87,91.87,False,False,False,False,False,False,False,0.0,999.0,999.0,586
A1PA34,A1PA34,BDR,APA (BDR: A1PA34),6.5,B,0.5,C,4.0,Forte,35.06,36.67,32.44,30.13,243555729.1,False,0.0,False,0.0,False,0.0,False,0.0,False,0.0,False,False,1.26,38.7,False,False,False,False,False,False,False,26.217000000000002,8.172495,1.9194131,587
A1ON34,A1ON34,BDR,AON (BDR: A1ON34),6.5,B,2.0,C,4.0,Forte,357.51,324.59,331.16,335.44,165322638.8,False,0.0,False,0.0,False,0.0,False,0.0,False,0.0,True,False,0.23,366.45,False,False,False,False,False,True,False,46.447,19.632622,7.7653728,588
R1JF34,R1JF34,BDR,RJF (BDR: R1JF34),6.5,B,2.0,C,5.0,Forte,165.35,153.31,155.63,157.02,133973188.95,False,0.0,False,0.0,False,0.0,False,0.0,False,0.0,True,False,0.48,168.5,False,False,False,False,False,True,False,17.288999999999998,15.613787,2.5610247,589
CXCE11,CXCE11,ETF,CXCE11,6.5,B,0.5,C,0.0,Fraco,40.28,40.4,39.7,39.01,130950.28,False,0.0,False,0.0,False,0.0,False,0.0,False,0.0,False,False,12.29,43.99,False,False,False,False,False,False,False,0.0,999.0,999.0,590
PRIO3,PRIO S.A.,BR_STOCK,PRIO3,6.5,B,0.5,C,0.0,Fraco,56.42,61.38,55.37,50.96,702671583.2,False,0.0,False,0.0,False,0.0,False,0.0,False,0.0,False,False,1.46,64.21,False,False,False,False,False,False,False,0.0,0.0,0.0,591
FTCA11,FTCA11,ETF,FTCA11,6.5,B,0.5,C,0.0,Fraco,8.4,8.53,,,84176.4,False,0.0,False,0.0,False,0.0,False,0.0,False,0.0,True,False,2.58,8.79,False,False,False,False,False,False,False,0.0,999.0,999.0,592
PETR4,PETROLEO BRASILEIRO S.A. PETROBRAS,BR_STOCK,PETR4,6.5,B,0.5,C,0.0,Fraco,39.65,41.97,38.91,36.5,1589790601.18,False,0.0,False,0.0,False,0.0,False,0.0,False,0.0,False,False,1.49,42.15,False,False,False,False,False,False,False,0.0,0.0,0.0,593
D1VN34,D1VN34,BDR,DVN (BDR: D1VN34),6.5,B,0.5,C,3.0,OK,43.31,45.33,42.99,40.61,570570029.23,False,0.0,False,0.0,False,0.0,False,0.0,False,0.0,False,False,0.92,46.92,False,False,False,False,False,False,False,15.178001,12.064068,1.7432781,594
SPXS11,SPXS11,ETF,SPXS11,6.5,B,0.5,C,1.0,Fraco,8.13,8.24,8.24,8.11,330476.37,False,0.0,False,0.0,False,0.0,False,0.0,False,0.0,True,False,0.85,8.31,False,False,False,False,False,False,False,0.0,5.530612,999.0,595
AIGB34,AIGB34,BDR,AIG (BDR: AIGB34),6.5,B,2.0,C,4.0,Forte,79.62,75.68,76.6,76.71,187972794.36,False,0.0,False,0.0,False,0.0,False,0.0,False,0.0,True,False,0.48,82.45,False,False,False,False,False,True,False,7.722999999999999,14.017607,1.0501187,596
SNAG11,SNAG11,ETF,SNAG11,6.5,B,0.5,C,0.0,Fraco,9.92,10.19,10.21,9.83,2042329.62,False,0.0,False,0.0,False,0.0,False,0.0,False,0.0,True,False,0.89,10.25,False,False,False,False,False,False,False,0.0,999.0,999.0,597
CLOV34,CLOV34,BDR,CLOV (BDR: CLOV34),6.5,B,0.5,C,1.0,Fraco,4.66,4.01,2.83,2.84,33465215.72,False,0.0,False,0.0,False,0.0,False,0.0,False,0.0,False,False,0.93,5.59,False,False,False,False,False,False,False,-16.858999999999998,999.0,7.2136216,598
CPSH11,CPSH11,ETF,CPSH11,6.5,B,0.5,C,0.0,Fraco,10.0,10.02,10.18,9.94,1120370.0,False,0.0,False,0.0,False,0.0,False,0.0,False,0.0,True,False,1.18,10.06,False,False,False,False,False,False,False,0.0,999.0,999.0,599
W1RB34,W1RB34,BDR,WRB (BDR: W1RB34),6.5,B,2.0,C,5.0,Forte,71.28,67.15,67.64,69.15,84405925.43,False,0.0,False,0.0,False,0.0,False,0.0,False,0.0,True,False,0.59,73.08,False,False,False,False,False,True,False,20.164,15.101695,2.854854,600
P2AN34,P2AN34,BDR,PANW (BDR: P2AN34),6.5,B,0.5,C,2.0,Fraco,320.59,261.08,202.17,203.49,2922507383.14,False,0.0,False,0.0,False,0.0,False,0.0,False,0.0,False,False,1.14,368.17,False,False,False,False,False,False,False,4.8309997000000005,278.77393,9.420251,601
OXYP34,OXYP34,BDR,OXY (BDR: OXYP34),6.5,B,0.5,C,2.0,Fraco,53.59,55.46,51.29,49.03,986117149.0,False,0.0,False,0.0,False,0.0,False,0.0,False,0.0,False,False,1.98,58.46,False,False,False,False,False,False,False,4.053,72.418915,1.7333506,602
BRAV3,BRAVA ENERGIA S.A.,BR_STOCK,BRAV3,6.5,B,0.5,C,0.0,Fraco,18.88,19.33,18.22,17.6,105918683.29,False,0.0,False,0.0,False,0.0,False,0.0,False,0.0,False,False,1.41,21.24,False,False,False,False,False,False,False,0.0,0.0,0.0,603
XPCA11,XPCA11,ETF,XPCA11,6.5,B,0.5,C,0.0,Fraco,7.81,7.83,7.88,7.68,402878.85,False,0.0,False,0.0,False,0.0,False,0.0,False,0.0,True,False,0.76,7.92,False,False,False,False,False,False,False,0.0,999.0,999.0,604
P2EN34,P2EN34,BDR,PENN (BDR: P2EN34),6.5,B,0.5,C,1.0,Fraco,20.12,19.03,15.88,16.1,59683065.09,False,0.0,False,0.0,False,0.0,False,0.0,False,0.0,False,False,0.61,22.36,False,False,False,False,False,False,False,-40.058997000000005,999.0,1.3983877,605
VISC11,VISC11,ETF,VISC11,6.5,B,0.5,C,0.0,Fraco,104.62,105.32,105.34,104.22,4652660.76,False,0.0,False,0.0,False,0.0,False,0.0,False,0.0,True,False,0.86,105.84,False,False,False,False,False,False,False,0.0,72.65278,999.0,606
JSAF11,JSAF11,ETF,JSAF11,6.5,B,0.5,C,1.0,Fraco,7.32,7.38,7.4,7.24,1061766.02,False,0.0,False,0.0,False,0.0,False,0.0,False,0.0,True,False,0.78,7.5,False,False,False,False,False,False,False,0.0,3.8730159,999.0,607
VILG11,VILG11,ETF,VILG11,6.5,B,0.5,C,1.0,Fraco,93.49,95.39,95.67,92.47,2537038.07,False,0.0,False,0.0,False,0.0,False,0.0,False,0.0,True,False,0.86,96.63,False,False,False,False,False,False,False,0.0,15.030547,999.0,608
BTER11,BTER11,ETF,BTER11,6.5,B,0.5,C,0.0,Fraco,20.74,,,,552098.79,False,0.0,False,0.0,False,0.0,False,0.0,False,0.0,False,False,0.54,23.0,False,False,False,False,False,False,False,0.0,999.0,999.0,609
GOAU3,METALURGICA GERDAU S.A.,BR_STOCK,GOAU3,6.25,C,0.5,C,2.0,Fraco,8.83,9.25,8.86,8.52,638408.99,False,0.0,False,0.0,True,0.5,False,0.0,False,0.0,False,False,1.95,9.76,False,False,False,False,False,False,False,3.0550001,23.864864,0.61843395,610
BRAP4,BRADESPAR S.A.,BR_STOCK,BRAP4,6.12,C,0.5,C,0.0,Fraco,20.93,22.64,22.53,20.89,71961527.05,False,0.0,False,0.0,False,0.0,False,0.0,True,0.65,False,False,2.44,23.47,False,False,False,False,False,False,False,0.0,0.0,0.0,611
COWC34,COWC34,BDR,COST (BDR: COWC34),6.0,C,0.5,C,4.0,Forte,953.13,988.64,967.07,955.32,1540221868.95,False,0.0,False,0.0,False,0.0,False,0.0,False,0.0,True,False,0.53,995.38,False,False,False,False,False,False,False,29.152,47.89598,25.568163,612
WEGE3,WEG S.A.,BR_STOCK,WEGE3,6.0,C,0.5,C,0.0,Fraco,45.35,44.17,47.07,44.94,149224169.98,False,0.0,False,0.0,False,0.0,False,0.0,False,0.0,True,False,0.6,47.37,False,False,False,False,False,False,False,0.0,0.0,0.0,613
EPHE39,ISHARES MSCI PHILIPPINES ETF,BDR,EPHE (BDR: EPHE39),6.0,C,0.5,C,1.0,Fraco,25.02,24.34,24.87,24.69,816802.93,False,0.0,False,0.0,False,0.0,False,0.0,False,0.0,True,False,0.2,26.33,False,False,False,False,False,False,False,0.0,8.687887,999.0,614
CPFE3,CPFL ENERGIA S.A.,BR_STOCK,CPFE3,6.0,C,0.5,C,4.0,Forte,45.46,44.97,46.36,44.39,34454133.31,False,0.0,False,0.0,False,0.0,False,0.0,False,0.0,True,False,0.56,46.17,False,False,False,False,False,False,False,24.762999999999998,9.092,2.1558306,615
T1TW34,T1TW34,BDR,TTWO (BDR: T1TW34),6.0,C,0.5,C,2.0,Fraco,251.38,228.86,224.54,230.97,374855098.1,False,0.0,False,0.0,False,0.0,False,0.0,False,0.0,False,False,0.47,265.94,False,False,False,False,False,False,False,-10.5579995,999.0,13.274542,616
OIAG11,OIAG11,ETF,OIAG11,6.0,C,0.5,C,0.0,Fraco,8.24,8.62,8.5,8.23,143359.52,False,0.0,False,0.0,False,0.0,False,0.0,False,0.0,True,False,1.52,8.71,False,False,False,False,False,False,False,0.0,999.0,999.0,617
BISE11,BISE11,ETF,BISE11,6.0,C,0.5,C,0.0,Fraco,103.6,103.5,,,3446875.55,False,0.0,False,0.0,False,0.0,False,0.0,False,0.0,False,False,0.84,111.0,False,False,False,False,False,False,False,0.0,999.0,999.0,618
DIVD11,DIVD11,ETF,DIVD11,6.0,C,0.5,C,0.0,Fraco,61.13,61.48,62.04,59.83,835830.5,False,0.0,False,0.0,False,0.0,False,0.0,False,0.0,True,False,0.58,62.24,False,False,False,False,False,False,False,0.0,999.0,999.0,619
PRNR3,PRINER SERVIÇOS INDUSTRIAIS S.A.,BR_STOCK,PRNR3,6.0,C,0.5,C,2.0,Fraco,18.16,18.31,18.49,17.82,5019423.96,False,0.0,False,0.0,False,0.0,False,0.0,False,0.0,True,False,0.74,18.89,False,False,False,False,False,False,False,11.630999000000001,26.31884,1.9041628,620
TAEE4,TRANSMISSORA ALIANÇA DE ENERGIA ELÉTRICA S.A.,BR_STOCK,TAEE4,6.0,C,0.5,C,3.0,OK,13.45,13.34,13.62,13.27,2418309.97,False,0.0,False,0.0,False,0.0,False,0.0,False,0.0,True,False,1.43,13.95,False,False,False,False,False,False,False,20.559,8.848684,0.5821503,621
A1MP34,A1MP34,BDR,AMP (BDR: A1MP34),6.0,C,2.0,C,5.0,Forte,490.58,463.74,471.56,470.71,321420648.5,False,0.0,False,0.0,False,0.0,False,0.0,False,0.0,True,False,0.71,512.7,False,False,False,False,False,True,False,66.93599999999999,12.227817,7.113876,622
IVWO11,IVWO11,ETF,IVWO11,6.0,C,0.5,C,1.0,Fraco,21.28,21.16,,,54668.32,False,0.0,False,0.0,False,0.0,False,0.0,False,0.0,False,False,0.65,22.59,False,False,False,False,False,False,False,0.0,16.443615,999.0,623
FLMA11,FLMA11,ETF,FLMA11,6.0,C,0.0,C,0.0,Fraco,148.17,154.26,150.83,147.32,238109.19,False,0.0,False,0.0,False,0.0,False,0.0,False,0.0,False,False,7.44,156.61,False,False,False,False,False,False,False,0.0,999.0,999.0,624
Z1BR34,Z1BR34,BDR,ZBRA (BDR: Z1BR34),6.0,C,2.0,C,3.0,OK,264.32,242.11,239.24,249.05,97118307.33,False,0.0,False,0.0,False,0.0,False,0.0,False,0.0,True,False,0.44,276.0,False,False,False,False,False,True,False,11.781,31.922707,3.685495,625
VIVT3,TELEFÔNICA BRASIL S.A,BR_STOCK,VIVT3,6.0,C,0.5,C,0.0,Fraco,34.31,34.28,35.51,34.54,95227408.81,False,0.0,False,0.0,False,0.0,False,0.0,False,0.0,True,False,0.51,35.4,False,False,False,False,False,False,False,0.0,0.0,0.0,626
T1DG34,T1DG34,BDR,TDG (BDR: T1DG34),6.0,C,2.0,C,2.0,Fraco,1296.43,1242.57,1277.41,1284.91,272138818.29,False,0.0,False,0.0,False,0.0,False,0.0,False,0.0,True,False,0.51,1361.77,False,False,False,False,False,True,False,0.0,40.46286,-7.8874106,627
PGCO34,PGCO34,BDR,PG (BDR: PGCO34),6.0,C,0.5,C,4.0,Forte,148.4,146.41,146.94,147.02,863870644.87,False,0.0,False,0.0,False,0.0,False,0.0,False,0.0,True,False,0.59,153.49,False,False,False,False,False,False,False,31.112000000000002,21.695906,6.4295306,628
CXCO11,CXCO11,ETF,CXCO11,6.0,C,0.5,C,1.0,Fraco,66.71,68.03,67.2,64.06,475041.9,False,0.0,False,0.0,False,0.0,False,0.0,False,0.0,True,False,2.12,69.25,False,False,False,False,False,False,False,0.0,7.989221,999.0,629
SHOW3,T4F ENTRETENIMENTO S.A.,BR_STOCK,SHOW3,6.0,C,2.0,C,2.0,Fraco,5.94,5.78,5.62,5.7,87318.0,False,0.0,False,0.0,False,0.0,False,0.0,False,0.0,True,False,0.68,5.95,False,False,False,False,False,True,False,-39.883998,999.0,0.3998654,630
M1SI34,M1SI34,BDR,MSI (BDR: M1SI34),6.0,C,0.5,C,2.0,Fraco,420.54,410.26,416.13,417.17,354860070.01,False,0.0,False,0.0,False,0.0,False,0.0,False,0.0,True,False,0.8,432.0,False,False,False,False,False,False,False,99.289,33.941887,27.473705,631
TAEE11,TRANSMISSORA ALIANÇA DE ENERGIA ELÉTRICA S.A.,BR_STOCK,TAEE11,6.0,C,0.5,C,2.0,Fraco,39.79,39.67,40.6,39.58,54822663.26,False,0.0,False,0.0,False,0.0,False,0.0,False,0.0,True,False,0.94,41.64,False,False,False,False,False,False,False,20.559,38.63107,1.7222127,632
HGRE11,HGRE11,ETF,HGRE11,6.0,C,0.5,C,1.0,Fraco,120.19,125.57,121.93,118.88,3668559.44,False,0.0,False,0.0,False,0.0,False,0.0,False,0.0,False,False,2.08,128.12,False,False,False,False,False,False,False,2.2640000000000002,18.019491,0.7284905,633
GZIT11,GZIT11,ETF,GZIT11,6.0,C,0.5,C,1.0,Fraco,43.0,41.36,43.08,42.52,696127.0,False,0.0,False,0.0,False,0.0,False,0.0,False,0.0,True,False,1.38,43.35,False,False,False,False,False,False,False,0.0,10.117647,999.0,634
SMIN39,ISHARES MSCI INDIA SMALL-CAP ETF,BDR,SMIN (BDR: SMIN39),6.0,C,2.0,C,0.0,Fraco,69.11,67.65,66.6,67.92,7322342.78,False,0.0,False,0.0,False,0.0,False,0.0,False,0.0,True,False,0.41,71.2,False,False,False,False,False,True,False,0.0,29.430601,999.0,635
M1DB34,M1DB34,BDR,MDB (BDR: M1DB34),6.0,C,0.5,C,2.0,Fraco,359.4,322.7,333.01,333.1,357293909.93,False,0.0,False,0.0,False,0.0,False,0.0,False,0.0,True,False,0.59,370.0,False,False,False,False,False,False,False,-0.975,999.0,9.857919,636
CHVX34,CHVX34,BDR,CVX (BDR: CHVX34),5.5,C,0.5,C,2.0,Fraco,175.97,182.65,177.01,170.21,1410466252.41,False,0.0,False,0.0,False,0.0,False,0.0,False,0.0,False,False,0.76,192.69,False,False,False,False,False,False,False,6.638,30.656796,1.894065,637
Z1TA34,Z1TA34,BDR,ZETA (BDR: Z1TA34),5.5,C,0.5,C,2.0,Fraco,21.66,19.5,18.67,18.75,131225051.38,False,0.0,False,0.0,False,0.0,False,0.0,False,0.0,False,False,0.63,22.9,False,False,False,False,False,False,False,-2.9749999,999.0,6.591601,638
SLBG34,SLBG34,BDR,SLB (BDR: SLBG34),5.5,C,0.5,C,2.0,Fraco,47.43,53.32,48.95,45.37,821243198.49,False,0.0,False,0.0,False,0.0,False,0.0,False,0.0,False,False,1.04,57.36,False,False,False,False,False,False,False,14.066,20.894274,2.7088926,639
B1PP34,B1PP34,BDR,BP (BDR: B1PP34),5.5,C,0.5,C,3.0,OK,39.21,42.3,39.97,38.43,352127984.64,False,0.0,False,0.0,False,0.0,False,0.0,False,0.0,False,False,0.71,44.16,False,False,False,False,False,False,False,5.842,31.620966,7.2269835,640
I1PG34,I1PG34,BDR,IPGP (BDR: I1PG34),5.5,C,0.5,C,2.0,Fraco,102.28,111.6,106.58,100.67,38697739.82,False,0.0,False,0.0,False,0.0,False,0.0,False,0.0,False,False,0.89,121.73,False,False,False,False,False,False,False,1.385,150.41176,2.0517552,641
EXXO34,EXXO34,BDR,XOM (BDR: EXXO34),5.5,C,0.5,C,2.0,Fraco,141.13,147.02,142.13,134.72,2118601012.04,False,0.0,False,0.0,False,0.0,False,0.0,False,0.0,False,False,0.93,153.81,False,False,False,False,False,False,False,9.873,23.75926,2.2737598,642
TVRI11,TVRI11,ETF,TVRI11,5.5,C,0.5,C,1.0,Fraco,90.0,90.49,92.71,90.76,434160.0,False,0.0,False,0.0,False,0.0,False,0.0,False,0.0,True,False,0.46,92.51,False,False,False,False,False,False,False,10.863,6.081081,0.87473756,643
E1RI34,E1RI34,BDR,ERIC (BDR: E1RI34),5.5,C,0.5,C,3.0,OK,11.04,12.07,11.08,10.57,196750717.24,False,0.0,False,0.0,False,0.0,False,0.0,False,0.0,False,False,1.99,12.71,False,False,False,False,False,False,False,27.006999999999998,14.337663,0.35854632,644
ISAE3,ISA ENERGIA BRASIL S.A,BR_STOCK,ISAE3,5.5,C,0.5,C,3.0,OK,32.43,33.31,33.32,32.49,171879.0,False,0.0,False,0.0,False,0.0,False,0.0,False,0.0,True,False,1.66,34.0,False,False,False,False,False,False,False,11.273,9.10955,0.99726313,645
LVBI11,LVBI11,ETF,LVBI11,5.5,C,0.5,C,0.0,Fraco,102.8,104.71,105.81,104.58,2230348.87,False,0.0,False,0.0,False,0.0,False,0.0,False,0.0,True,False,0.71,104.99,False,False,False,False,False,False,False,0.0,999.0,999.0,646
OFSA3,OUROFINO S.A.,BR_STOCK,OFSA3,5.5,C,0.5,C,5.0,Forte,26.66,30.23,26.73,25.37,63984.0,False,0.0,False,0.0,False,0.0,False,0.0,False,0.0,False,False,0.11,30.8,False,False,False,False,False,False,False,33.278999999999996,5.937639,1.7556798,647
V2TX34,V2TX34,BDR,VTEX (BDR: V2TX34),5.5,C,0.5,C,3.0,OK,3.94,3.75,3.7,3.84,1614856.3,False,0.0,False,0.0,False,0.0,False,0.0,False,0.0,False,False,0.18,4.29,False,False,False,False,False,False,False,9.696,30.307693,2.9185185,648
EXGR34,EXGR34,BDR,EXPE (BDR: EXGR34),5.5,C,0.5,C,2.0,Fraco,260.31,237.27,246.89,242.22,346061056.64,False,0.0,False,0.0,False,0.0,False,0.0,False,0.0,False,False,0.81,275.81,False,False,False,False,False,False,False,71.494,23.015915,54.231247,649
HSLG11,HSLG11,ETF,HSLG11,5.5,C,0.5,C,1.0,Fraco,86.55,87.83,88.21,86.69,611302.67,False,0.0,False,0.0,False,0.0,False,0.0,False,0.0,True,False,0.58,88.85,False,False,False,False,False,False,False,0.0,6.195419,999.0,650
MDLZ34,MDLZ34,BDR,MDLZ (BDR: MDLZ34),5.5,C,0.5,C,3.0,OK,59.48,60.67,57.67,57.79,487775669.41,False,0.0,False,0.0,False,0.0,False,0.0,False,0.0,False,False,0.77,63.82,False,False,False,False,False,False,False,10.1610005,29.445545,2.9651048,651
A1LG34,A1LG34,BDR,ALGN (BDR: A1LG34),5.5,C,0.5,C,3.0,OK,174.68,171.58,172.32,162.77,173010051.95,False,0.0,False,0.0,False,0.0,False,0.0,False,0.0,False,False,0.8,190.97,False,False,False,False,False,False,False,10.824,29.357983,3.014895,652
B1KR34,B1KR34,BDR,BKR (BDR: B1KR34),5.5,C,0.5,C,5.0,Forte,57.58,62.77,58.13,55.46,913915547.06,False,0.0,False,0.0,False,0.0,False,0.0,False,0.0,False,False,1.52,65.45,False,False,False,False,False,False,False,17.183999999999997,18.396166,2.9567628,653
B1AX34,B1AX34,BDR,BAX (BDR: B1AX34),5.5,C,0.5,C,1.0,Fraco,21.98,19.33,19.08,19.53,106851173.95,False,0.0,False,0.0,False,0.0,False,0.0,False,0.0,False,False,0.75,23.53,False,False,False,False,False,False,False,-15.010999,999.0,1.8784719,654
RIGG34,RIGG34,BDR,RIG (BDR: RIGG34),5.5,C,0.5,C,2.0,Fraco,5.23,6.1,5.65,5.16,201690269.89,False,0.0,False,0.0,False,0.0,False,0.0,False,0.0,False,False,1.0,6.22,False,False,False,False,False,False,False,-30.049,999.0,0.7067568,655
HGLG11,HGLG11,ETF,HGLG11,5.5,C,2.0,C,2.0,Fraco,148.4,151.55,151.65,151.17,13694054.64,False,0.0,False,0.0,False,0.0,False,0.0,False,0.0,True,False,1.01,151.49,False,False,False,False,False,True,False,12.235999999999999,9.555698,0.93782187,656
XPLG11,XPLG11,ETF,XPLG11,5.5,C,0.5,C,1.0,Fraco,91.19,94.13,96.87,96.19,6506953.81,False,0.0,False,0.0,False,0.0,False,0.0,False,0.0,True,False,0.69,93.65,False,False,False,False,False,False,False,0.0,18.02174,999.0,657
IFRA11,IFRA11,ETF,IFRA11,5.5,C,0.5,C,0.0,Fraco,92.15,94.64,94.9,93.29,2182941.39,False,0.0,False,0.0,False,0.0,False,0.0,False,0.0,True,False,1.09,94.48,False,False,False,False,False,False,False,0.0,999.0,999.0,658
N1WL34,N1WL34,BDR,NWL (BDR: N1WL34),5.5,C,0.5,C,0.0,Fraco,5.06,4.42,4.1,4.11,57694417.89,False,0.0,False,0.0,False,0.0,False,0.0,False,0.0,False,False,0.58,6.2,False,False,False,False,False,False,False,-11.169,999.0,0.91799706,659
V2RN34,V2RN34,BDR,VRNS (BDR: V2RN34),5.5,C,0.5,C,1.0,Fraco,45.07,32.91,29.42,34.24,88951638.71,False,0.0,False,0.0,False,0.0,False,0.0,False,0.0,False,False,0.54,47.58,False,False,False,False,False,False,False,-31.755,999.0,11.410127,660
RZTR11,RZTR11,ETF,RZTR11,5.5,C,0.5,C,1.0,Fraco,86.09,88.16,89.91,88.51,2955900.02,False,0.0,False,0.0,False,0.0,False,0.0,False,0.0,True,False,0.87,89.59,False,False,False,False,False,False,False,0.0,9.296976,999.0,661
VRTA11,VRTA11,ETF,VRTA11,5.5,C,0.5,C,1.0,Fraco,71.61,73.42,73.96,72.94,3493064.22,False,0.0,False,0.0,False,0.0,False,0.0,False,0.0,True,False,0.9,74.39,False,False,False,False,False,False,False,8.1949994,10.634095,0.7854472,662
FATN11,FATN11,ETF,FATN11,5.5,C,0.5,C,1.0,Fraco,79.4,81.84,82.02,81.03,2626393.25,False,0.0,False,0.0,False,0.0,False,0.0,False,0.0,True,False,0.88,81.86,False,False,False,False,False,False,False,0.0,14.358047,999.0,663
TEPP11,TEPP11,ETF,TEPP11,5.5,C,0.5,C,1.0,Fraco,7.9,8.16,8.23,8.01,2265806.93,False,0.0,False,0.0,False,0.0,False,0.0,False,0.0,True,False,1.93,8.15,False,False,False,False,False,False,False,0.0,2.5483873,999.0,664
INTB3,INTELBRAS S.A. IND DE TELEC ELETRONICA BRASILEIRA,BR_STOCK,INTB3,5.5,C,0.5,C,5.0,Forte,12.8,13.81,13.23,12.71,13688320.2,False,0.0,False,0.0,False,0.0,False,0.0,False,0.0,False,False,0.7,14.16,False,False,False,False,False,False,False,18.765,7.2727275,1.3323618,665
BSCZ39,ISHARES MSCI EAFE SMALL-CAP ETF,BDR,BSCZ (BDR: BSCZ39),5.5,C,2.0,C,0.0,Fraco,20.32,20.37,20.38,20.34,4926692.35,False,0.0,False,0.0,False,0.0,False,0.0,False,0.0,True,False,2.96,20.57,False,False,False,False,False,True,False,0.0,999.0,999.0,666
R2AR34,R2AR34,BDR,RARE (BDR: R2AR34),5.5,C,0.5,C,0.0,Fraco,34.67,26.1,25.43,27.1,95145396.03,False,0.0,False,0.0,False,0.0,False,0.0,False,0.0,False,False,0.63,36.57,False,False,False,False,False,False,False,0.0,999.0,-14.39784,667
HSML11,HSML11,ETF,HSML11,5.5,C,0.5,C,1.0,Fraco,85.15,87.92,88.6,86.38,3067869.4,False,0.0,False,0.0,False,0.0,False,0.0,False,0.0,True,False,0.57,88.02,False,False,False,False,False,False,False,0.0,18.714285,999.0,668
HALI34,HALI34,BDR,HAL (BDR: HALI34),5.5,C,0.5,C,3.0,OK,34.97,38.83,35.38,32.8,429694869.16,False,0.0,False,0.0,False,0.0,False,0.0,False,0.0,False,False,1.04,40.67,False,False,False,False,False,False,False,14.626999,19.320444,2.708753,669
KNCA11,KNCA11,ETF,KNCA11,5.5,C,0.5,C,0.0,Fraco,89.91,90.79,91.17,89.96,2586620.9,False,0.0,False,0.0,False,0.0,False,0.0,False,0.0,True,False,0.57,92.24,False,False,False,False,False,False,False,0.0,999.0,999.0,670
ALZR11,ALZR11,ETF,ALZR11,5.5,C,0.5,C,1.0,Fraco,9.95,10.16,10.25,10.16,2353483.4,False,0.0,False,0.0,False,0.0,False,0.0,False,0.0,True,False,0.82,10.37,False,False,False,False,False,False,False,0.0,9.12844,999.0,671
RBRY11,RBRY11,ETF,RBRY11,5.5,C,0.5,C,0.0,Fraco,87.82,90.36,91.51,90.32,5332166.92,False,0.0,False,0.0,False,0.0,False,0.0,False,0.0,True,False,1.29,90.74,False,False,False,False,False,False,False,0.0,999.0,999.0,672
R1HI34,R1HI34,BDR,RHI (BDR: R1HI34),5.5,C,0.5,C,1.0,Fraco,33.01,29.0,26.76,27.06,38175534.9,False,0.0,False,0.0,False,0.0,False,0.0,False,0.0,False,False,0.54,34.92,False,False,False,False,False,False,False,10.1739995,25.392307,2.695354,673
H1RL34,H1RL34,BDR,HRL (BDR: H1RL34),5.5,C,0.5,C,1.0,Fraco,24.54,22.79,22.98,22.88,59605674.48,False,0.0,False,0.0,False,0.0,False,0.0,False,0.0,False,False,0.5,26.6,False,False,False,False,False,False,False,5.831,28.870588,1.6988578,674
I2ND34,I2ND34,BDR,INDI (BDR: I2ND34),5.5,C,0.5,C,1.0,Fraco,4.37,4.32,3.82,3.98,23349368.24,False,0.0,False,0.0,False,0.0,False,0.0,False,0.0,False,False,0.73,4.85,False,False,False,False,False,False,False,-41.160000000000004,999.0,2.8157215,675
HPQB34,HPQB34,BDR,HPQ (BDR: HPQB34),5.5,C,0.5,C,3.0,OK,23.78,22.93,20.98,22.06,289885960.65,False,0.0,False,0.0,False,0.0,False,0.0,False,0.0,False,False,0.81,25.76,False,False,False,False,False,False,False,0.0,8.807407,-151.46497,676
RZAG11,RZAG11,ETF,RZAG11,5.5,C,0.5,C,0.0,Fraco,8.42,8.62,8.65,8.54,993139.01,False,0.0,False,0.0,False,0.0,False,0.0,False,0.0,True,False,0.72,8.66,False,False,False,False,False,False,False,0.0,999.0,999.0,677
FGAA11,FGAA11,ETF,FGAA11,5.5,C,0.5,C,0.0,Fraco,8.29,8.62,8.65,8.47,1278284.83,False,0.0,False,0.0,False,0.0,False,0.0,False,0.0,True,False,1.85,8.63,False,False,False,False,False,False,False,0.0,999.0,999.0,678
V1NO34,V1NO34,BDR,VNO (BDR: V1NO34),5.5,C,0.5,C,1.0,Fraco,38.06,34.62,31.71,33.12,53654554.1,False,0.0,False,0.0,False,0.0,False,0.0,False,0.0,False,False,0.86,41.0,False,False,False,False,False,False,False,12.604000000000001,10.427398,1.480473,679
RIOT34,RIOT34,BDR,RIO (BDR: RIOT34),5.5,C,0.5,C,4.0,Forte,88.8,101.65,92.31,85.92,488015335.17,False,0.0,False,0.0,False,0.0,False,0.0,False,0.0,False,False,2.16,107.4,False,False,False,False,False,False,False,16.399999,14.581281,2.3196888,680
KISU11,KISU11,ETF,KISU11,5.5,C,0.5,C,1.0,Fraco,6.42,6.55,6.63,6.52,396743.16,False,0.0,False,0.0,False,0.0,False,0.0,False,0.0,True,False,0.9,6.5,False,False,False,False,False,False,False,0.0,4.1688313,999.0,681
A1CR34,A1CR34,BDR,AMCR (BDR: A1CR34),5.5,C,0.5,C,1.0,Fraco,41.95,39.51,41.18,40.83,129331894.3,False,0.0,False,0.0,False,0.0,False,0.0,False,0.0,False,False,0.96,45.39,False,False,False,False,False,False,False,8.737001,33.830647,1.6639562,682
F2IV34,F2IV34,BDR,FIVN (BDR: F2IV34),5.5,C,0.5,C,3.0,OK,24.2,21.69,19.04,19.84,47708970.5,False,0.0,False,0.0,False,0.0,False,0.0,False,0.0,False,False,0.75,25.69,False,False,False,False,False,False,False,7.664999999999999,37.23077,2.2332964,683
SHLD39,GLOBAL X DEFENSE TECH ETF,BDR,SHLD (BDR: SHLD39),5.12,C,0.5,C,0.0,Fraco,62.67,63.9,69.09,68.43,82114493.16,False,0.0,False,0.0,False,0.0,False,0.0,True,0.85,True,False,0.75,65.11,False,False,False,False,False,False,False,0.0,29.67444,999.0,684
BRAP3,BRADESPAR S.A.,BR_STOCK,BRAP3,5.12,C,0.5,C,3.0,OK,18.42,19.4,19.49,18.24,1326240.01,False,0.0,False,0.0,False,0.0,False,0.0,True,0.65,False,False,2.41,19.8,False,False,False,False,False,False,False,9.4849996,9.850267,0.92548865,685
LWSA3,LWSA S.A.,BR_STOCK,LWSA3,5.12,C,0.5,C,3.0,OK,3.84,3.82,3.94,3.93,9068543.8,False,0.0,False,0.0,False,0.0,False,0.0,True,0.65,False,False,0.74,4.21,False,False,False,False,False,False,False,-8.613,999.0,0.8986661,686
M1TA34,M1TA34,BDR,META (BDR: M1TA34),5.12,C,0.5,C,4.0,Forte,603.12,601.05,628.99,642.86,8016141435.74,False,0.0,False,0.0,False,0.0,False,0.0,True,0.85,True,False,0.67,628.28,False,False,False,False,False,False,False,32.930002,21.915697,6.281649,687
BBDC4,BCO BRADESCO S.A.,BR_STOCK,BBDC4,5.0,C,0.5,C,0.0,Fraco,17.69,17.61,18.47,18.08,605953278.29,False,0.0,False,0.0,False,0.0,False,0.0,False,0.0,True,False,0.9,18.15,False,False,False,False,False,False,False,0.0,0.0,0.0,688
LMTB34,LMTB34,BDR,LMT (BDR: LMTB34),5.0,C,0.5,C,2.0,Fraco,527.96,520.44,559.65,538.98,374670525.31,False,0.0,False,0.0,False,0.0,False,0.0,False,0.0,True,False,0.51,550.99,False,False,False,False,False,False,False,67.64,25.542334,16.21449,689
RANI3,IRANI PAPEL E EMBALAGEM S.A.,BR_STOCK,RANI3,5.0,C,0.5,C,1.0,Fraco,7.88,7.87,8.49,8.42,3493204.05,False,0.0,False,0.0,False,0.0,False,0.0,False,0.0,True,False,0.98,8.1,False,False,False,False,False,False,False,14.743999999999998,8.565217,1.2345293,690
WIZC3,WIZ CO PARTICIPAÇÕES E CORRETAGEM DE SEGUROS S.A.,BR_STOCK,WIZC3,5.0,C,0.5,C,3.0,OK,8.25,7.98,8.51,8.33,1938750.0,False,0.0,False,0.0,False,0.0,False,0.0,False,0.0,True,False,0.79,8.45,False,False,False,False,False,False,False,28.619,6.762295,1.8904675,691
R2PD34,R2PD34,BDR,RPD (BDR: R2PD34),5.0,C,2.0,C,1.0,Fraco,11.48,7.33,9.13,11.17,47083496.12,False,0.0,False,0.0,False,0.0,False,0.0,False,0.0,True,False,1.34,11.86,False,False,False,False,False,True,False,19.698,32.8,4.386702,692
M1CK34,M1CK34,BDR,MCK (BDR: M1CK34),5.0,C,0.5,C,2.0,Fraco,818.66,770.42,836.78,828.03,700192507.09,False,0.0,False,0.0,False,0.0,False,0.0,False,0.0,True,False,0.65,811.91,False,False,False,False,False,False,False,0.0,21.347067,-45.22983,693
C1DW34,C1DW34,BDR,CDW (BDR: C1DW34),5.0,C,2.0,C,4.0,Forte,137.72,124.7,127.95,133.31,236400651.42,False,0.0,False,0.0,False,0.0,False,0.0,False,0.0,True,False,0.91,144.33,False,False,False,False,False,True,False,44.157000000000004,16.754257,6.898417,694
MCOR34,MCOR34,BDR,MCO (BDR: MCOR34),5.0,C,2.0,C,3.0,OK,485.1,453.49,466.12,469.26,223678642.61,False,0.0,False,0.0,False,0.0,False,0.0,False,0.0,True,False,0.4,504.91,False,False,False,False,False,True,False,71.36099999999999,34.749283,28.302217,695
PCIP11,PCIP11,ETF,PCIP11,5.0,C,0.5,C,1.0,Fraco,78.45,81.41,81.12,79.85,2724803.74,False,0.0,False,0.0,False,0.0,False,0.0,False,0.0,False,False,1.3,83.48,False,False,False,False,False,False,False,0.0,7.661133,999.0,696
E2EF34,E2EF34,BDR,EEFT (BDR: E2EF34),5.0,C,0.5,C,3.0,OK,75.96,69.94,71.68,73.87,91437456.58,False,0.0,False,0.0,False,0.0,False,0.0,False,0.0,True,False,1.94,79.51,False,False,False,False,False,False,False,24.67,11.13783,2.3874779,697
I1QV34,I1QV34,BDR,IQV (BDR: I1QV34),5.0,C,2.0,C,3.0,OK,203.79,178.39,191.19,195.68,148149211.42,False,0.0,False,0.0,False,0.0,False,0.0,False,0.0,True,False,0.47,211.1,False,False,False,False,False,True,False,22.490999000000002,25.284117,5.46735,698
W1BD34,W1BD34,BDR,WBD (BDR: W1BD34),5.0,C,0.5,C,1.0,Fraco,26.15,26.88,27.53,25.84,276174199.22,False,0.0,False,0.0,False,0.0,False,0.0,False,0.0,True,False,0.54,27.3,False,False,False,False,False,False,False,-4.9590003000000005,999.0,2.0123124,699
LREN3,LOJAS RENNER S.A.,BR_STOCK,LREN3,5.0,C,0.5,C,0.0,Fraco,13.71,14.32,14.32,14.31,140221767.39,False,0.0,False,0.0,False,0.0,False,0.0,True,1.0,False,False,0.73,15.8,False,False,False,False,False,False,False,0.0,0.0,0.0,700
MULT3,MULTIPLAN - EMPREEND IMOBILIARIOS S.A.,BR_STOCK,MULT3,5.0,C,0.5,C,0.0,Fraco,28.51,29.32,30.16,29.5,80703257.65,False,0.0,False,0.0,False,0.0,False,0.0,False,0.0,True,False,1.35,29.83,False,False,False,False,False,False,False,0.0,0.0,0.0,701
TSNF34,TSNF34,BDR,TSN (BDR: TSNF34),5.0,C,0.5,C,3.0,OK,58.3,61.54,61.4,59.17,199635929.49,False,0.0,False,0.0,False,0.0,False,0.0,False,0.0,True,False,1.1,60.13,False,False,False,False,False,False,False,2.619,45.905514,1.1343296,702
REGN34,REGN34,BDR,REGN (BDR: REGN34),5.0,C,0.5,C,3.0,OK,662.88,651.68,723.21,699.55,486479018.14,False,0.0,False,0.0,False,0.0,False,0.0,False,0.0,True,False,0.78,677.92,False,False,False,False,False,False,False,14.548,16.175695,2.149939,703
BBGO11,BBGO11,ETF,BBGO11,5.0,C,0.0,C,0.0,Fraco,66.85,69.03,69.55,66.6,64844.5,False,0.0,False,0.0,False,0.0,False,0.0,False,0.0,True,False,0.26,69.88,False,False,False,False,False,False,False,0.0,999.0,999.0,704
PKIN11,PKIN11,ETF,PKIN11,5.0,C,0.5,C,0.0,Fraco,119.06,120.89,120.81,119.86,63816.16,False,0.0,False,0.0,False,0.0,False,0.0,False,0.0,False,False,0.74,127.5,False,False,False,False,False,False,False,0.0,999.0,999.0,705
NETE34,NETE34,BDR,NTES (BDR: NETE34),5.0,C,2.0,C,5.0,Forte,133.28,120.66,123.24,128.19,159413141.1,False,0.0,False,0.0,False,0.0,False,0.0,False,0.0,True,False,1.33,132.32,False,False,False,False,False,True,False,22.128001,17.109114,17.588291,706
NSDV11,NSDV11,ETF,NSDV11,5.0,C,0.0,C,1.0,Fraco,150.8,152.2,153.98,149.31,280035.61,False,0.0,False,0.0,False,0.0,False,0.0,False,0.0,True,False,0.25,154.95,False,False,False,False,False,False,False,0.0,9.66889,999.0,707
BBDC3,BCO BRADESCO S.A.,BR_STOCK,BBDC3,5.0,C,0.5,C,0.0,Fraco,15.5,15.3,15.94,15.55,44709750.0,False,0.0,False,0.0,False,0.0,False,0.0,False,0.0,True,False,0.23,15.76,False,False,False,False,False,False,False,0.0,0.0,0.0,708
QLBR11,QLBR11,ETF,QLBR11,5.0,C,0.5,C,1.0,Fraco,112.02,,,,578359.24,False,0.0,False,0.0,False,0.0,False,0.0,False,0.0,False,False,0.67,118.32,False,False,False,False,False,False,False,0.0,9.18885,999.0,709
DBAG34,DBAG34,BDR,DB (BDR: DBAG34),5.0,C,0.5,C,3.0,OK,35.27,32.33,33.44,33.6,67680203.47,False,0.0,False,0.0,False,0.0,False,0.0,False,0.0,False,False,0.83,37.5,False,False,False,False,False,False,False,8.652999999999999,9.797222,0.7434328,710
A1JG34,A1JG34,BDR,AJG (BDR: A1JG34),5.0,C,2.0,C,3.0,OK,256.61,213.6,226.58,238.76,389895264.62,False,0.0,False,0.0,False,0.0,False,0.0,False,0.0,True,False,0.69,256.63,False,False,False,False,False,True,False,7.007,41.45557,2.7727833,711
ENGI11,ENERGISA S.A.,BR_STOCK,ENGI11,5.0,C,0.5,C,1.0,Fraco,48.6,48.54,50.3,49.24,111940376.49,False,0.0,False,0.0,False,0.0,False,0.0,False,0.0,True,False,0.82,49.31,False,False,False,False,False,False,False,12.091000000000001,35.217392,0.9454701,712
CPLG11,CPLG11,ETF,CPLG11,5.0,C,0.5,C,0.0,Fraco,11.28,11.13,11.62,11.5,158280.96,False,0.0,False,0.0,False,0.0,False,0.0,False,0.0,True,False,1.68,11.48,False,False,False,False,False,False,False,0.0,20.50909,999.0,713
TOPP11,TOPP11,ETF,TOPP11,5.0,C,0.5,C,0.0,Fraco,64.83,62.99,67.39,66.15,1098674.04,False,0.0,False,0.0,False,0.0,False,0.0,False,0.0,True,True,1.67,64.45,False,False,False,False,False,False,False,0.0,999.0,999.0,714
FMSC34,FMSC34,BDR,FMS (BDR: FMSC34),5.0,C,2.0,C,2.0,Fraco,23.94,22.05,22.16,22.77,9808577.32,False,0.0,False,0.0,False,0.0,False,0.0,False,0.0,True,False,0.58,24.39,False,False,False,False,False,True,False,7.852,12.870968,0.8539268,715
P1AY34,P1AY34,BDR,PAYX (BDR: P1AY34),5.0,C,2.0,C,2.0,Fraco,106.58,96.78,98.29,102.93,261508635.95,False,0.0,False,0.0,False,0.0,False,0.0,False,0.0,True,False,0.59,109.73,False,False,False,False,False,True,False,0.0,21.795502,9.514373,716
ADPR34,ADPR34,BDR,ADP (BDR: ADPR34),5.0,C,2.0,C,4.0,Forte,241.37,220.27,225.24,235.66,329352978.89,False,0.0,False,0.0,False,0.0,False,0.0,False,0.0,True,False,0.44,248.42,False,False,False,False,False,True,False,71.208,22.53688,15.22743,717
R1DY34,R1DY34,BDR,RDY (BDR: R1DY34),5.0,C,0.5,C,1.0,Fraco,14.12,13.67,13.78,13.85,59898635.07,False,0.0,False,0.0,False,0.0,False,0.0,False,0.0,False,False,1.21,15.67,False,False,False,False,False,False,False,11.834999999999999,25.672726,17.61335,718
S1RP34,S1RP34,BDR,SRPT (BDR: S1RP34),5.0,C,0.5,C,1.0,Fraco,20.21,18.02,19.5,19.73,62507304.07,False,0.0,False,0.0,False,0.0,False,0.0,False,0.0,True,False,0.63,19.85,False,False,False,False,False,False,False,4.914000000000001,57.742855,1.4175493,719
VTRU3,VITRU EDUCAÇÃO S.A,BR_STOCK,VTRU3,4.62,C,0.5,C,5.0,Forte,13.08,13.39,14.16,13.52,4184291.98,False,0.0,False,0.0,False,0.0,False,0.0,True,0.85,False,False,0.6,14.08,False,False,False,False,False,False,False,35.219001999999996,1.6987014,0.46962517,720
ASAI3,SENDAS DISTRIBUIDORA S.A.,BR_STOCK,ASAI3,4.62,C,0.5,C,0.0,Fraco,8.49,8.59,8.52,8.62,85293933.7,False,0.0,False,0.0,False,0.0,False,0.0,True,0.85,False,False,1.14,9.08,False,False,False,False,False,False,False,0.0,0.0,0.0,721
SMFT3,SMARTFIT ESCOLA DE GINÁSTICA E DANÇA S.A.,BR_STOCK,SMFT3,4.62,C,0.5,C,0.0,Fraco,19.45,18.85,20.31,21.28,85646133.36,False,0.0,False,0.0,False,0.0,False,0.0,True,0.65,True,False,0.96,20.41,False,False,False,False,False,False,False,0.0,0.0,0.0,722
EALT4,ELECTRO ACO ALTONA S.A.,BR_STOCK,EALT4,4.62,C,0.5,C,3.0,OK,12.12,12.53,13.16,12.53,155136.0,False,0.0,False,0.0,False,0.0,False,0.0,True,0.85,False,False,3.49,12.8,False,False,False,False,False,False,False,16.654,5.8834953,0.74741,723
C1BO34,C1BO34,BDR,CBOE (BDR: C1BO34),4.5,C,0.5,C,4.0,Forte,264.98,303.05,284.42,274.52,351774478.56,False,0.0,False,0.0,False,0.0,False,0.0,False,0.0,False,False,0.79,306.19,False,False,False,False,False,False,False,25.14,22.609215,5.16168,724
LEVE3,MAHLE-METAL LEVE S.A.,BR_STOCK,LEVE3,4.5,C,0.5,C,3.0,OK,31.84,33.1,32.85,31.36,4967040.02,False,0.0,False,0.0,False,0.0,False,0.0,False,0.0,False,False,1.04,34.23,False,False,False,False,False,False,False,67.706,6.497959,4.02885,725
L1YB34,L1YB34,BDR,LYB (BDR: L1YB34),4.5,C,0.5,C,0.0,Fraco,55.72,65.93,60.64,56.69,436484245.44,False,0.0,False,0.0,False,0.0,False,0.0,False,0.0,False,False,1.36,67.91,False,False,False,False,False,False,False,-6.0089998,999.0,1.7912942,726
S1LG34,S1LG34,BDR,SLG (BDR: S1LG34),4.5,C,0.5,C,0.0,Fraco,48.37,46.34,42.78,44.87,46490485.88,False,0.0,False,0.0,False,0.0,False,0.0,False,0.0,False,False,0.82,53.48,False,False,False,False,False,False,False,-3.472,999.0,1.0379828,727
FCXO34,FCXO34,BDR,FCX (BDR: FCXO34),4.5,C,0.5,C,4.0,Forte,57.5,63.34,60.05,55.18,900604042.5,False,0.0,False,0.0,False,0.0,False,0.0,False,0.0,False,False,0.96,72.28,False,False,False,False,False,False,False,15.630999000000001,30.42328,4.2363515,728
S2CH34,S2CH34,BDR,SQM (BDR: S2CH34),4.5,C,0.5,C,3.0,OK,74.43,81.9,77.1,69.79,58487689.68,False,0.0,False,0.0,False,0.0,False,0.0,False,0.0,False,False,0.9,85.4,False,False,False,False,False,False,False,13.402,26.024477,3.632858,729
A2MB34,A2MB34,BDR,AMBA (BDR: A2MB34),4.5,C,0.5,C,2.0,Fraco,74.74,74.09,67.11,71.55,130333775.73,False,0.0,False,0.0,False,0.0,False,0.0,False,0.0,False,False,0.74,94.0,False,False,False,False,False,False,False,-11.816,999.0,5.4112363,730
PINE4,BCO PINE S.A.,BR_STOCK,PINE4,4.5,C,0.5,C,4.0,Forte,12.29,13.4,13.02,11.98,9894678.97,False,0.0,False,0.0,False,0.0,False,0.0,False,0.0,False,False,0.64,13.96,False,False,False,False,False,False,False,36.492002,5.6898146,1.8215503,731
S1YF34,S1YF34,BDR,SYF (BDR: S1YF34),4.5,C,0.5,C,4.0,Forte,68.26,73.35,74.28,73.82,637395176.25,False,0.0,False,0.0,False,0.0,False,0.0,True,0.8,False,False,2.92,79.69,False,False,False,False,False,False,False,21.78,7.0662527,1.5079418,732
AXPB34,AXPB34,BDR,AXP (BDR: AXPB34),4.5,C,0.5,C,3.0,OK,336.39,322.56,333.6,336.36,939555475.97,False,0.0,False,0.0,False,0.0,False,0.0,False,0.0,False,False,0.83,359.59,False,False,False,False,False,False,False,34.419,21.011244,6.7485857,733
C1NS34,C1NS34,BDR,CE (BDR: C1NS34),4.5,C,0.5,C,0.0,Fraco,47.3,54.55,52.86,49.75,63912184.67,False,0.0,False,0.0,False,0.0,False,0.0,False,0.0,False,False,0.64,54.0,False,False,False,False,False,False,False,-21.109,999.0,1.2766532,734
PINE3,BCO PINE S.A.,BR_STOCK,PINE3,4.5,C,0.5,C,4.0,Forte,11.82,12.74,12.44,11.47,67374.0,False,0.0,False,0.0,False,0.0,False,0.0,False,0.0,False,False,0.59,13.0,False,False,False,False,False,False,False,36.492002,5.472222,1.7518896,735
C2RN34,C2RN34,BDR,CRNC (BDR: C2RN34),4.5,C,0.5,C,0.0,Fraco,10.17,10.5,9.75,10.05,6304433.9,False,0.0,False,0.0,False,0.0,False,0.0,False,0.0,False,False,0.76,12.1,False,False,False,False,False,False,False,-12.765999,999.0,2.897436,736
CAMB3,CAMBUCI S.A.,BR_STOCK,CAMB3,4.5,C,0.5,C,5.0,Forte,9.23,9.61,9.32,9.18,118143.99,False,0.0,False,0.0,False,0.0,False,0.0,False,0.0,False,False,0.81,9.79,False,False,False,False,False,False,False,22.389999,5.5939393,1.2090647,737
D2TC34,D2TC34,BDR,DT (BDR: D2TC34),4.5,C,0.5,C,2.0,Fraco,43.84,40.73,39.66,41.71,143728256.82,False,0.0,False,0.0,False,0.0,False,0.0,False,0.0,False,False,0.5,46.62,False,False,False,False,False,False,False,6.2179998,81.18518,4.9464064,738
VERZ34,VERZ34,BDR,VZ (BDR: VERZ34),4.5,C,0.5,C,4.0,Forte,42.45,46.4,45.08,43.68,680390649.83,False,0.0,False,0.0,False,0.0,False,0.0,False,0.0,False,False,0.38,48.21,False,False,False,False,False,False,False,17.198,10.353659,1.7157755,739
D1OW34,D1OW34,BDR,DOW (BDR: D1OW34),4.5,C,0.5,C,0.0,Fraco,29.03,34.32,31.87,29.4,390002034.66,False,0.0,False,0.0,False,0.0,False,0.0,False,0.0,False,False,0.98,36.04,False,False,False,False,False,False,False,-15.262,999.0,1.3721228,740
A1AP34,A1AP34,BDR,AAP (BDR: A1AP34),4.5,C,0.5,C,1.0,Fraco,55.09,57.14,52.24,52.48,96346074.92,False,0.0,False,0.0,False,0.0,False,0.0,False,0.0,False,False,1.0,63.2,False,False,False,False,False,False,False,3.0840001999999997,49.1875,1.4936421,741
USDB11,USDB11,ETF,USDB11,4.5,C,0.5,C,0.0,Fraco,99.32,98.22,100.68,101.36,436312.76,False,0.0,False,0.0,False,0.0,False,0.0,False,0.0,True,False,0.7,101.7,False,False,False,False,False,False,False,0.0,999.0,999.0,742
ITRI11,ITRI11,ETF,ITRI11,4.5,C,0.5,C,1.0,Fraco,78.77,81.61,80.76,78.45,573445.58,False,0.0,False,0.0,False,0.0,False,0.0,False,0.0,False,False,0.62,83.07,False,False,False,False,False,False,False,0.0,17.781038,999.0,743
TJXC34,TJXC34,BDR,TJX (BDR: TJXC34),4.5,C,0.5,C,3.0,OK,152.79,156.77,155.91,152.62,551429169.91,False,0.0,False,0.0,False,0.0,False,0.0,False,0.0,False,False,0.54,170.0,False,False,False,False,False,False,False,61.25000000000001,29.66796,16.230083,744
BGRB11,BGRB11,ETF,BGRB11,4.5,C,0.0,C,0.0,Fraco,104.89,115.9,110.72,109.57,168348.45,False,0.0,False,0.0,False,0.0,False,0.0,False,0.0,False,False,13.97,120.0,False,False,False,False,False,False,False,0.0,999.0,999.0,745
XRXB34,XRXB34,BDR,XRX (BDR: XRXB34),4.5,C,0.5,C,1.0,Fraco,2.67,2.86,2.27,2.49,6567503.32,False,0.0,False,0.0,False,0.0,False,0.0,False,0.0,False,False,0.59,3.61,False,False,False,False,False,False,False,-115.359,999.0,1.167979,746
EURO11,EURO11,ETF,EURO11,4.5,C,0.5,C,1.0,Fraco,309.0,327.45,313.36,298.42,74160.0,False,0.0,False,0.0,False,0.0,False,0.0,False,0.0,False,False,1.15,340.17,False,False,False,False,False,False,False,0.0,3.374099,999.0,747
A1LK34,A1LK34,BDR,ALK (BDR: A1LK34),4.5,C,0.5,C,1.0,Fraco,47.53,44.16,46.25,46.09,188662630.29,False,0.0,False,0.0,False,0.0,False,0.0,False,0.0,False,False,1.2,54.32,False,False,False,False,False,False,False,1.856,96.99999,1.4186364,748
CEBR5,CIA ENERGETICA DE BRASILIA,BR_STOCK,CEBR5,4.25,C,0.5,C,3.0,OK,24.71,25.79,26.8,25.45,313816.99,False,0.0,False,0.0,False,0.0,False,0.0,True,0.7,False,False,1.52,27.03,False,False,False,False,False,False,False,16.638,11.1306305,1.8833841,749
PFIZ34,PFIZ34,BDR,PFE (BDR: PFIZ34),4.12,C,0.5,C,3.0,OK,24.05,25.46,25.75,25.28,766860416.12,False,0.0,False,0.0,False,0.0,False,0.0,True,0.65,False,False,0.54,26.49,False,False,False,False,False,False,False,8.3100006,18.358778,1.521189,750
BPAC11,BCO BTG PACTUAL S.A.,BR_STOCK,BPAC11,4.0,C,0.5,C,0.0,Fraco,53.95,54.17,56.2,54.23,549286537.77,False,0.0,False,0.0,False,0.0,False,0.0,False,0.0,True,False,1.18,56.28,False,False,False,False,False,False,False,0.0,0.0,0.0,751
BIDU34,BIDU34,BDR,BIDU (BDR: BIDU34),4.0,C,0.5,C,1.0,Fraco,117.62,125.03,128.31,127.66,377663361.56,False,0.0,False,0.0,False,0.0,False,0.0,False,0.0,True,False,1.3,122.83,False,False,False,False,False,False,False,0.319,999.0,1.0112715,752
TTEN3,TRÊS TENTOS AGROINDUSTRIAL S/A,BR_STOCK,TTEN3,4.0,C,0.5,C,3.0,OK,14.68,15.46,15.88,15.52,8799192.18,False,0.0,False,0.0,False,0.0,False,0.0,False,0.0,True,False,0.71,15.43,False,False,False,False,False,False,False,15.687001,10.485715,1.5373338,753
MOTV3,MOTIVA INFRAESTRUTURA DE MOBILIDADE S.A.,BR_STOCK,MOTV3,4.0,C,0.5,C,0.0,Fraco,14.46,14.61,15.51,15.38,155053134.41,False,0.0,False,0.0,False,0.0,False,0.0,False,0.0,True,False,1.17,14.93,False,False,False,False,False,False,False,0.0,0.0,0.0,754
KLBN11,KLABIN S.A.,BR_STOCK,KLBN11,4.0,C,0.5,C,0.0,Fraco,17.16,16.92,18.29,17.89,79378727.29,False,0.0,False,0.0,False,0.0,False,0.0,False,0.0,True,False,1.0,17.38,False,False,False,False,False,False,False,0.0,0.0,0.0,755
NBOV11,NBOV11,ETF,NBOV11,4.0,C,0.0,C,0.0,Fraco,117.47,118.49,122.86,119.75,126985.07,False,0.0,False,0.0,False,0.0,False,0.0,False,0.0,True,False,0.54,120.15,False,False,False,False,False,False,False,0.0,999.0,999.0,756
J1KH34,J1KH34,BDR,JKHY (BDR: J1KH34),4.0,C,0.5,C,4.0,Forte,147.37,138.17,159.78,158.72,267853218.85,False,0.0,False,0.0,False,0.0,False,0.0,False,0.0,True,False,1.26,150.23,False,False,False,False,False,False,False,24.892001,20.582401,4.9157743,757
JGPX11,JGPX11,ETF,JGPX11,4.0,C,0.5,C,0.0,Fraco,62.07,62.67,65.88,65.02,229534.86,False,0.0,False,0.0,False,0.0,False,0.0,False,0.0,True,False,0.89,64.99,False,False,False,False,False,False,False,0.0,999.0,999.0,758
H1CA34,H1CA34,BDR,HCA (BDR: H1CA34),4.0,C,0.5,C,3.0,OK,410.61,400.54,462.2,458.53,498277270.27,False,0.0,False,0.0,False,0.0,False,0.0,False,0.0,True,False,0.89,429.54,False,False,False,False,False,False,False,0.0,14.144333,-14.496893,759
LAND3,TERRA SANTA PROPRIEDADES AGRICOLAS S.A.,BR_STOCK,LAND3,4.0,C,0.5,C,2.0,Fraco,8.14,8.4,8.53,8.46,1910458.08,False,0.0,False,0.0,False,0.0,False,0.0,True,1.0,False,False,6.26,9.24,False,False,False,False,False,False,False,0.47200000000000003,271.33334,1.1751119,760
SPGI34,SPGI34,BDR,SPGI (BDR: SPGI34),4.0,C,2.0,C,3.0,OK,430.79,398.97,427.44,435.49,727672820.04,False,0.0,False,0.0,False,0.0,False,0.0,False,0.0,True,False,0.5,450.32,False,False,False,False,False,True,False,13.939999,27.21352,4.0905294,761
W1MG34,W1MG34,BDR,WMG (BDR: W1MG34),4.0,C,0.5,C,3.0,OK,28.89,29.97,28.8,29.4,95857942.45,False,0.0,False,0.0,False,0.0,False,0.0,False,0.0,True,False,1.49,30.47,False,False,False,False,False,False,False,50.965,34.392857,20.416962,762
NDIV11,NDIV11,ETF,NDIV11,4.0,C,0.5,C,1.0,Fraco,120.8,122.77,126.19,123.5,735792.82,False,0.0,False,0.0,False,0.0,False,0.0,False,0.0,True,False,0.76,124.38,False,False,False,False,False,False,False,0.0,9.6030855,999.0,763
MSCD34,MSCD34,BDR,MA (BDR: MSCD34),4.0,C,2.0,C,3.0,OK,519.86,498.81,519.62,529.19,1104266826.2,False,0.0,False,0.0,False,0.0,False,0.0,False,0.0,True,False,0.47,543.65,False,False,False,False,False,True,False,232.076,30.10191,68.61932,764
KIVO11,KIVO11,ETF,KIVO11,4.0,C,0.5,C,1.0,Fraco,58.42,59.52,60.14,58.8,421383.45,False,0.0,False,0.0,False,0.0,False,0.0,False,0.0,False,False,0.89,61.63,False,False,False,False,False,False,False,0.0,6.5273743,999.0,765
KLBN3,KLABIN S.A.,BR_STOCK,KLBN3,4.0,C,0.5,C,1.0,Fraco,3.43,3.4,3.67,3.59,1248177.02,False,0.0,False,0.0,False,0.0,False,0.0,False,0.0,True,False,0.36,3.51,False,False,False,False,False,False,False,5.465,42.875,0.46584275,766
TMOS34,TMOS34,BDR,TMO (BDR: TMOS34),4.0,C,0.5,C,3.0,OK,510.13,474.96,519.92,526.08,542195756.73,False,0.0,False,0.0,False,0.0,False,0.0,False,0.0,True,False,0.45,529.15,False,False,False,False,False,False,False,13.523,28.044529,3.650304,767
NOCG34,NOCG34,BDR,NOC (BDR: NOCG34),4.0,C,0.5,C,4.0,Forte,545.11,544.74,619.71,610.82,401514387.46,False,0.0,False,0.0,False,0.0,False,0.0,False,0.0,True,False,0.66,559.7,False,False,False,False,False,False,False,28.511998,17.088087,4.523734,768
P2IN34,P2IN34,BDR,PINS (BDR: P2IN34),4.0,C,0.5,C,2.0,Fraco,22.53,20.63,21.42,23.72,285950498.35,False,0.0,False,0.0,False,0.0,False,0.0,False,0.0,True,False,0.9,23.06,False,False,False,False,False,False,False,8.870000000000001,46.937504,4.534112,769
BCRI11,BCRI11,ETF,BCRI11,4.0,C,0.5,C,0.0,Fraco,59.0,59.45,61.21,60.13,211869.0,False,0.0,False,0.0,False,0.0,False,0.0,False,0.0,True,False,0.61,60.38,False,False,False,False,False,False,False,0.0,999.0,999.0,770
BEST11,BEST11,ETF,BEST11,4.0,C,0.5,C,0.0,Fraco,114.86,114.77,117.43,116.08,376970.52,False,0.0,False,0.0,False,0.0,False,0.0,False,0.0,True,False,0.84,117.76,False,False,False,False,False,False,False,0.0,999.0,999.0,771
RBVA11,RBVA11,ETF,RBVA11,4.0,C,0.5,C,1.0,Fraco,8.96,9.21,9.38,9.24,1556728.33,False,0.0,False,0.0,False,0.0,False,0.0,False,0.0,True,False,0.85,9.14,False,False,False,False,False,False,False,15.454,999.0,0.81916255,772
VINO11,VINO11,ETF,VINO11,4.0,C,0.5,C,0.0,Fraco,4.6,4.75,4.93,4.85,598538.19,False,0.0,False,0.0,False,0.0,False,0.0,False,0.0,True,False,1.02,4.81,False,False,False,False,False,False,False,0.0,24.210526,999.0,773
D2AS34,D2AS34,BDR,DASH (BDR: D2AS34),4.0,C,2.0,C,2.0,Fraco,189.35,166.83,183.02,198.05,722963696.2,False,0.0,False,0.0,False,0.0,False,0.0,False,0.0,True,False,0.72,199.05,False,False,False,False,False,True,False,9.922,89.73934,8.094648,774
KORE11,KORE11,ETF,KORE11,4.0,C,0.5,C,1.0,Fraco,64.17,65.73,68.6,67.14,2174336.22,False,0.0,False,0.0,False,0.0,False,0.0,False,0.0,True,False,0.69,64.88,False,False,False,False,False,False,False,0.0,4.300938,999.0,775
CAPE11,CAPE11,ETF,CAPE11,4.0,C,0.5,C,1.0,Fraco,136.75,139.48,143.62,139.63,2051250.0,False,0.0,False,0.0,False,0.0,False,0.0,False,0.0,True,False,1.76,140.18,False,False,False,False,False,False,False,0.0,13.915412,999.0,776
KLBN4,KLABIN S.A.,BR_STOCK,KLBN4,4.0,C,0.5,C,1.0,Fraco,3.44,3.39,3.66,3.58,9147648.15,False,0.0,False,0.0,False,0.0,False,0.0,False,0.0,True,False,0.46,3.53,False,False,False,False,False,False,False,5.465,43.0,0.46720088,777
IGTI11,IGUATEMI S.A.,BR_STOCK,IGTI11,4.0,C,0.5,C,4.0,Forte,24.64,25.73,26.75,26.13,43198846.93,False,0.0,False,0.0,False,0.0,False,0.0,False,0.0,True,False,1.07,25.9,False,False,False,False,False,False,False,15.360999999999999,151.16563,1.4969624,778
PVBI11,PVBI11,ETF,PVBI11,4.0,C,0.5,C,1.0,Fraco,71.15,72.92,75.87,75.1,4024884.44,False,0.0,False,0.0,False,0.0,False,0.0,False,0.0,True,False,1.07,73.49,False,False,False,False,False,False,False,0.0,7.585288,999.0,779
MKLC34,MKLC34,BDR,MKL (BDR: MKLC34),4.0,C,0.5,C,2.0,Fraco,1957.09,1851.1,1974.66,1971.93,114775498.14,False,0.0,False,0.0,False,0.0,False,0.0,False,0.0,True,False,0.67,2016.0,False,False,False,False,False,False,False,9.994,14.156166,1.3588723,780
FLRY3,FLEURY S.A.,BR_STOCK,FLRY3,4.0,C,0.5,C,3.0,OK,15.41,15.56,15.84,15.52,28137118.72,False,0.0,False,0.0,False,0.0,False,0.0,False,0.0,True,False,0.99,15.85,False,False,False,False,False,False,False,11.672,13.284483,1.6164901,781
H1II34,H1II34,BDR,HII (BDR: H1II34),4.0,C,0.5,C,3.0,OK,289.47,309.41,361.68,344.67,80812498.12,False,0.0,False,0.0,False,0.0,False,0.0,False,0.0,True,False,0.56,303.48,False,False,False,False,False,False,False,12.198,18.796753,2.2146313,782
EWBZ11,EWBZ11,ETF,EWBZ11,4.0,C,0.5,C,1.0,Fraco,123.55,127.99,133.76,131.49,1264163.63,False,0.0,False,0.0,False,0.0,False,0.0,False,0.0,True,False,1.19,127.44,False,False,False,False,False,False,False,0.0,11.504571,999.0,783
ALUP11,ALUPAR INVESTIMENTO S/A,BR_STOCK,ALUP11,4.0,C,0.5,C,2.0,Fraco,32.43,32.73,33.47,32.99,43310265.41,False,0.0,False,0.0,False,0.0,False,0.0,False,0.0,True,False,2.28,33.19,False,False,False,False,False,False,False,12.679000000000002,7.771388,1.1510613,784
RPRI11,RPRI11,ETF,RPRI11,4.0,C,0.5,C,1.0,Fraco,76.23,78.28,79.85,78.91,977497.33,False,0.0,False,0.0,False,0.0,False,0.0,False,0.0,True,False,1.84,78.08,False,False,False,False,False,False,False,0.0,5.8413796,999.0,785
FIND11,FIND11,ETF,FIND11,4.0,C,0.5,C,1.0,Fraco,172.63,174.37,180.43,174.47,1952617.99,False,0.0,False,0.0,False,0.0,False,0.0,False,0.0,True,False,0.3,177.67,False,False,False,False,False,False,False,0.0,9.845433,999.0,786
ENJU3,ENJOEI S.A.,BR_STOCK,ENJU3,4.0,C,0.5,C,2.0,Fraco,0.82,0.83,0.85,0.82,983179.99,False,0.0,False,0.0,False,0.0,False,0.0,False,0.0,True,False,1.15,0.86,False,False,False,False,False,False,False,-5.757000000000001,999.0,0.56629837,787
EQTL3,EQUATORIAL S.A.,BR_STOCK,EQTL3,4.0,C,0.5,C,0.0,Fraco,38.65,39.28,40.16,39.14,147496135.82,False,0.0,False,0.0,False,0.0,False,0.0,False,0.0,True,False,0.59,40.01,False,False,False,False,False,False,False,0.0,0.0,0.0,788
A1TH34,A1TH34,BDR,ATHM (BDR: A1TH34),4.0,C,2.0,C,2.0,Fraco,19.94,17.52,19.21,20.77,12860303.34,False,0.0,False,0.0,False,0.0,False,0.0,False,0.0,True,False,0.73,19.11,False,False,False,False,False,True,False,4.35,14.661765,0.6837439,789
TRIS3,TRISUL S.A.,BR_STOCK,TRIS3,4.0,C,0.5,C,3.0,OK,4.33,4.31,5.67,5.53,1892642.97,False,0.0,False,0.0,False,0.0,False,0.0,False,0.0,True,False,1.51,4.47,False,False,False,False,False,False,False,13.177,4.245098,0.6841523,790
H1HH34,H1HH34,BDR,HHH (BDR: H1HH34),4.0,C,2.0,C,1.0,Fraco,72.26,66.11,72.03,74.61,17978288.53,False,0.0,False,0.0,False,0.0,False,0.0,False,0.0,True,False,0.59,75.54,False,False,False,False,False,True,False,3.612,33.766354,1.129539,791
PEPB34,PEPB34,BDR,PEP (BDR: PEPB34),4.0,C,0.5,C,3.0,OK,142.51,146.73,150.9,148.97,1194541575.56,False,0.0,False,0.0,False,0.0,False,0.0,False,0.0,True,False,0.86,149.04,False,False,False,False,False,False,False,43.879002,22.407232,9.117139,792
TIMS3,TIM S.A.,BR_STOCK,TIMS3,4.0,C,0.5,C,0.0,Fraco,22.29,22.56,24.05,23.68,86654607.56,False,0.0,False,0.0,False,0.0,False,0.0,False,0.0,True,False,0.99,22.97,False,False,False,False,False,False,False,0.0,0.0,0.0,793
CMIG4,CIA ENERGETICA DE MINAS GERAIS - CEMIG,BR_STOCK,CMIG4,4.0,C,0.5,C,0.0,Fraco,10.8,11.0,11.09,10.85,174162963.08,False,0.0,False,0.0,False,0.0,False,0.0,False,0.0,True,False,1.3,11.13,False,False,False,False,False,False,False,0.0,0.0,0.0,794
S2EA34,S2EA34,BDR,SE (BDR: S2EA34),4.0,C,0.5,C,3.0,OK,105.31,90.21,102.12,117.38,465116558.24,False,0.0,False,0.0,False,0.0,False,0.0,False,0.0,True,False,1.02,106.81,False,False,False,False,False,False,False,14.856,41.46063,5.010944,795
P2CF34,P2CF34,BDR,PAC (BDR: P2CF34),4.0,C,0.5,C,3.0,OK,236.3,244.26,253.78,246.72,26822177.05,False,0.0,False,0.0,False,0.0,False,0.0,True,1.0,False,False,1.08,259.09,False,False,False,False,False,False,False,37.581003,20.893015,1170.7542,796
TSLA34,TSLA34,BDR,TSLA (BDR: TSLA34),3.62,C,0.5,C,3.0,OK,394.06,408.0,413.18,418.37,13099305003.14,False,0.0,False,0.0,False,0.0,False,0.0,True,0.85,False,False,0.69,432.86,False,False,False,False,False,False,False,4.901,361.52292,17.996073,797
STZB34,STZB34,BDR,STZ (BDR: STZB34),3.62,C,0.5,C,3.0,OK,130.34,143.64,148.45,144.48,242337375.33,False,0.0,False,0.0,False,0.0,False,0.0,True,0.85,False,False,0.62,150.99,False,False,False,False,False,False,False,23.69,12.413333,2.7861738,798
ITIT11,ITIT11,ETF,ITIT11,3.5,C,0.0,C,0.0,Fraco,57.5,72.74,70.26,68.68,104477.5,False,0.0,False,0.0,False,0.0,False,0.0,False,0.0,False,False,0.23,77.0,False,False,False,False,False,False,False,0.0,43.89313,999.0,799
C2RS34,C2RS34,BDR,CRSP (BDR: C2RS34),3.5,C,0.5,C,2.0,Fraco,59.2,53.16,53.39,55.56,71417637.72,False,0.0,False,0.0,False,0.0,False,0.0,False,0.0,False,False,0.63,63.45,False,False,False,False,False,False,False,-31.206,999.0,3.1445873,800
RBHY11,RBHY11,ETF,RBHY11,3.5,C,0.5,C,1.0,Fraco,71.16,74.63,74.16,72.63,346051.1,False,0.0,False,0.0,False,0.0,False,0.0,False,0.0,False,False,1.65,75.47,False,False,False,False,False,False,False,0.0,5.9647946,999.0,801
PSEC11,PSEC11,ETF,PSEC11,3.5,C,0.5,C,0.0,Fraco,56.42,57.54,58.34,58.61,2176457.85,False,0.0,False,0.0,False,0.0,False,0.0,False,0.0,True,False,1.12,57.76,False,False,False,False,False,False,False,0.0,49.491226,999.0,802
RIAA3,RIAA3,BR_STOCK,RIAA3,3.5,C,0.5,C,4.0,Forte,8.46,8.83,8.88,8.42,10066554.05,False,0.0,False,0.0,False,0.0,False,0.0,False,0.0,False,False,1.21,9.39,False,False,False,False,False,False,False,28.160998,2.8106313,0.79773694,803
INLG11,INLG11,ETF,INLG11,3.5,C,0.0,C,1.0,Fraco,67.2,67.19,70.54,70.04,62025.6,False,0.0,False,0.0,False,0.0,False,0.0,False,0.0,False,False,0.21,71.4,False,False,False,False,False,False,False,0.0,4.806867,999.0,804
L1MN34,L1MN34,BDR,LUMN (BDR: L1MN34),3.5,C,0.5,C,0.0,Fraco,6.62,8.83,8.13,8.06,71459469.6,False,0.0,False,0.0,False,0.0,False,0.0,False,0.0,False,False,0.6,9.33,False,False,False,False,False,False,False,0.0,999.0,-5.1759186,805
COCE5,CIA ENERGETICA DO CEARA - COELCE,BR_STOCK,COCE5,3.5,C,0.5,C,3.0,OK,29.8,32.08,31.29,30.66,479779.99,False,0.0,False,0.0,False,0.0,False,0.0,False,0.0,False,False,1.08,31.95,False,False,False,False,False,False,False,9.372,8.277778,0.45870855,806
EMBJ3,EMBJ3,BR_STOCK,EMBJ3,3.5,C,0.5,C,0.0,Fraco,81.5,76.09,83.85,83.22,454892250.0,False,0.0,False,0.0,False,0.0,False,0.0,False,0.0,False,False,1.26,86.8,False,False,False,False,False,False,False,0.0,0.0,0.0,807
GARE11,GARE11,ETF,GARE11,3.5,C,0.5,C,0.0,Fraco,8.11,8.12,8.21,8.24,11325549.64,False,0.0,False,0.0,False,0.0,False,0.0,False,0.0,True,False,1.09,8.18,False,False,False,False,False,False,False,0.0,999.0,999.0,808
VALE3,VALE S.A.,BR_STOCK,VALE3,3.5,C,0.5,C,0.0,Fraco,72.7,80.48,79.98,74.63,2117925391.09,False,0.0,False,0.0,False,0.0,False,0.0,False,0.0,False,False,1.89,82.74,False,False,False,False,False,False,False,0.0,0.0,0.0,809
NATU3,NATURA COSMETICOS S.A.,BR_STOCK,NATU3,3.5,C,0.5,C,0.0,Fraco,8.5,9.26,8.95,8.87,210690350.0,False,0.0,False,0.0,False,0.0,False,0.0,False,0.0,False,False,1.73,9.16,False,False,False,False,False,False,False,0.0,0.0,0.0,810
AMOB3,AUTOMOB PARTICIPAÇÕES S.A.,BR_STOCK,AMOB3,3.5,C,0.5,C,1.0,Fraco,11.56,13.54,13.27,13.07,426564.02,False,0.0,False,0.0,False,0.0,False,0.0,False,0.0,False,False,1.8,13.98,False,False,False,False,False,False,False,0.0,999.0,0.2231962,811
GMCO34,GMCO34,BDR,GM (BDR: GMCO34),3.5,C,0.5,C,0.0,Fraco,76.24,78.81,78.96,75.34,251658779.19,False,0.0,False,0.0,False,0.0,False,0.0,False,0.0,False,False,0.39,85.41,False,False,False,False,False,False,False,4.0149998,27.824816,1.0974995,812
P1KX34,P1KX34,BDR,PKX (BDR: P1KX34),3.5,C,0.5,C,3.0,OK,51.3,68.39,62.52,59.87,19758092.11,False,0.0,False,0.0,False,0.0,False,0.0,False,0.0,False,False,0.68,66.11,False,False,False,False,False,False,False,1.125,27.880434,1.6578487,813
A1GI34,A1GI34,BDR,A (BDR: A1GI34),3.5,C,0.5,C,4.0,Forte,129.07,124.04,126.6,130.19,211944826.47,False,0.0,False,0.0,False,0.0,False,0.0,False,0.0,False,False,0.71,138.36,False,False,False,False,False,False,False,21.330999000000002,25.917671,5.114519,814
RECT11,RECT11,ETF,RECT11,3.5,C,0.5,C,1.0,Fraco,35.25,36.0,36.48,34.99,781880.25,False,0.0,False,0.0,False,0.0,False,0.0,False,0.0,False,False,2.81,36.07,False,False,False,False,False,False,False,0.0,0.908271,999.0,815
AAZQ11,AAZQ11,ETF,AAZQ11,3.5,C,0.5,C,0.0,Fraco,6.35,7.15,7.08,6.85,260343.65,False,0.0,False,0.0,False,0.0,False,0.0,False,0.0,False,False,0.68,7.55,False,False,False,False,False,False,False,0.0,999.0,999.0,816
C1OO34,C1OO34,BDR,COO (BDR: C1OO34),3.5,C,0.5,C,2.0,Fraco,69.61,64.63,73.45,72.87,197245366.31,False,0.0,False,0.0,False,0.0,False,0.0,False,0.0,False,False,0.86,74.45,False,False,False,False,False,False,False,2.8529999999999998,58.991528,1.6467166,817
BOTZ39,GLOBAL X ROBOTICS & ARTIFICIAL INTELLIGENCE ETF,BDR,BOTZ (BDR: BOTZ39),3.5,C,0.5,C,0.0,Fraco,35.99,38.72,37.28,36.94,40997902.44,False,0.0,False,0.0,False,0.0,False,0.0,False,0.0,False,False,1.2,38.61,False,False,False,False,False,False,False,0.0,35.300926,999.0,818
L2RN34,L2RN34,BDR,LRN (BDR: L2RN34),3.5,C,0.5,C,4.0,Forte,89.88,91.02,83.39,90.38,30426086.79,False,0.0,False,0.0,False,0.0,False,0.0,False,0.0,False,False,0.46,101.61,False,False,False,False,False,False,False,20.143,14.065727,2.2936761,819
F2RS34,F2RS34,BDR,FRSH (BDR: F2RS34),3.5,C,0.5,C,4.0,Forte,10.17,9.26,9.62,10.12,417601773.7,False,0.0,False,0.0,False,0.0,False,0.0,False,0.0,False,False,1.28,10.82,False,False,False,False,False,False,False,17.32,16.67213,2.7832513,820
RARA11,RARA11,ETF,RARA11,3.5,C,0.5,C,0.0,Fraco,18.29,,,,643332.49,False,0.0,False,0.0,False,0.0,False,0.0,False,0.0,False,False,0.55,21.34,False,False,False,False,False,False,False,0.0,999.0,999.0,821
V1OD34,V1OD34,BDR,VOD (BDR: V1OD34),3.5,C,0.5,C,0.0,Fraco,13.09,14.82,14.51,13.75,48086626.07,False,0.0,False,0.0,False,0.0,False,0.0,False,0.0,False,False,0.98,15.56,False,False,False,False,False,False,False,0.10899999,999.0,1.0355732,822
AURE3,AUREN ENERGIA S.A.,BR_STOCK,AURE3,3.5,C,0.5,C,1.0,Fraco,11.69,12.3,12.17,11.88,17093117.39,False,0.0,False,0.0,False,0.0,False,0.0,False,0.0,False,False,0.66,12.41,False,False,False,False,False,False,False,-8.761,999.0,1.0252587,823
ARTE11,ARTE11,ETF,ARTE11,3.5,C,0.5,C,0.0,Fraco,7.6,8.12,,,100988.8,False,0.0,False,0.0,False,0.0,False,0.0,False,0.0,False,False,0.93,8.25,False,False,False,False,False,False,False,0.0,999.0,999.0,824
GOLX11,GOLX11,ETF,GOLX11,3.5,C,0.5,C,0.0,Fraco,48.04,50.69,,,1419918.31,False,0.0,False,0.0,False,0.0,False,0.0,False,0.0,False,False,0.04,51.47,False,False,False,False,False,False,False,0.0,999.0,999.0,825
HONB34,HONB34,BDR,HON (BDR: HONB34),3.5,C,0.5,C,3.0,OK,220.36,230.65,230.13,223.24,947466910.14,False,0.0,False,0.0,False,0.0,False,0.0,False,0.0,False,False,0.61,252.0,False,False,False,False,False,False,False,24.264,17.614708,5.1373153,826
WALM34,WALM34,BDR,WMT (BDR: WALM34),3.5,C,0.5,C,4.0,Forte,113.1,121.83,121.32,116.8,1968743096.54,False,0.0,False,0.0,False,0.0,False,0.0,False,0.0,False,False,0.66,122.94,False,False,False,False,False,False,False,24.132,39.823944,9.545916,827
BMOB3,BEMOBI MOBILE TECH S.A.,BR_STOCK,BMOB3,3.5,C,0.5,C,5.0,Forte,22.94,24.4,24.33,23.57,6235092.15,False,0.0,False,0.0,False,0.0,False,0.0,False,0.0,False,False,0.92,25.3,False,False,False,False,False,False,False,15.548,12.202128,1.9986061,828
A1PL34,A1PL34,BDR,APLD (BDR: A1PL34),3.5,C,0.5,C,1.0,Fraco,31.44,41.19,33.78,32.46,556226680.17,False,0.0,False,0.0,False,0.0,False,0.0,False,0.0,False,False,0.87,49.34,False,False,False,False,False,False,False,-5.5609997,999.0,5.674066,829
SLVR11,SLVR11,ETF,SLVR11,3.5,C,0.5,C,0.0,Fraco,37.02,,,,409515.25,False,0.0,False,0.0,False,0.0,False,0.0,False,0.0,False,False,0.17,42.37,False,False,False,False,False,False,False,0.0,999.0,999.0,830
OUJP11,OUJP11,ETF,OUJP11,3.5,C,0.5,C,0.0,Fraco,71.25,78.57,77.16,74.53,428996.25,False,0.0,False,0.0,False,0.0,False,0.0,False,0.0,False,False,0.7,75.62,False,False,False,False,False,False,False,0.0,999.0,999.0,831
G1AM34,G1AM34,BDR,GLPI (BDR: G1AM34),3.5,C,0.5,C,4.0,Forte,42.91,46.06,45.01,44.42,298210124.09,False,0.0,False,0.0,False,0.0,False,0.0,False,0.0,False,False,2.54,48.17,False,False,False,False,False,False,False,19.092000000000002,13.536277,2.6220593,832
A1LB34,A1LB34,BDR,ALB (BDR: A1LB34),3.5,C,0.5,C,2.0,Fraco,129.38,168.27,166.08,149.07,215662106.96,False,0.0,False,0.0,False,0.0,False,0.0,False,0.0,False,False,0.61,174.33,False,False,False,False,False,False,False,-1.82,999.0,2.0028794,833
SPCX34,SPCX34,BDR,SPCX (BDR: SPCX34),3.5,C,0.5,C,2.0,Fraco,148.3,,,,8749900533.36,False,0.0,False,0.0,False,0.0,False,0.0,False,0.0,False,False,0.57,225.64,False,False,False,False,False,False,False,0.0,999.0,24.899261,834
A2XO34,A2XO34,BDR,AXON (BDR: A2XO34),3.5,C,0.5,C,3.0,OK,599.8,446.92,487.51,531.45,691670752.12,False,0.0,False,0.0,False,0.0,False,0.0,False,0.0,False,False,0.82,665.07,False,False,False,False,False,False,False,6.765000000000001,239.92,13.674396,835
T1RI34,T1RI34,BDR,TRIP (BDR: T1RI34),3.5,C,0.5,C,0.0,Fraco,13.21,11.63,12.03,12.97,43355801.37,False,0.0,False,0.0,False,0.0,False,0.0,False,0.0,False,False,1.0,14.31,False,False,False,False,False,False,False,2.937,120.09091,2.4631736,836
GBIT11,GBIT11,ETF,GBIT11,3.5,C,0.0,C,0.0,Fraco,61.72,66.03,,,69496.72,False,0.0,False,0.0,False,0.0,False,0.0,False,0.0,False,False,3.6,65.32,False,False,False,False,False,False,False,0.0,999.0,999.0,837
KNPR11,KNPR11,ETF,KNPR11,3.5,C,0.5,C,0.0,Fraco,61.6,,,,53099.2,False,0.0,False,0.0,False,0.0,False,0.0,False,0.0,False,False,2.05,83.33,False,False,False,False,False,False,False,0.0,999.0,999.0,838
FIIB11,FIIB11,ETF,FIIB11,3.5,C,0.5,C,0.0,Fraco,441.67,449.74,454.31,457.19,226576.72,False,0.0,False,0.0,False,0.0,False,0.0,False,0.0,True,False,0.88,457.96,False,False,False,False,False,False,False,0.0,999.0,999.0,839
W2YF34,W2YF34,BDR,W (BDR: W2YF34),3.5,C,0.5,C,1.0,Fraco,86.74,74.82,84.91,86.97,339052513.03,False,0.0,False,0.0,False,0.0,False,0.0,False,0.0,False,False,1.27,96.89,False,False,False,False,False,False,False,0.0,999.0,-4.017042,840
PASS3,COMPASS GAS E ENERGIA S.A.,BR_STOCK,PASS3,3.5,C,0.5,C,2.0,Fraco,24.52,25.59,,,15930644.3,False,0.0,False,0.0,False,0.0,False,0.0,False,0.0,False,False,0.64,26.34,False,False,False,False,False,False,False,18.847998999999998,14.17341,3.0577378,841
XETH11,XETH11,ETF,XETH11,3.5,C,0.5,C,0.0,Fraco,23.98,,,,53571.32,False,0.0,False,0.0,False,0.0,False,0.0,False,0.0,False,False,0.52,30.99,False,False,False,False,False,False,False,0.0,999.0,999.0,842
ETHY11,ETHY11,ETF,ETHY11,3.5,C,0.5,C,0.0,Fraco,48.49,51.3,,,202154.82,False,0.0,False,0.0,False,0.0,False,0.0,False,0.0,False,False,0.59,52.93,False,False,False,False,False,False,False,0.0,999.0,999.0,843
JCCJ11,JCCJ11,ETF,JCCJ11,3.5,C,0.5,C,0.0,Fraco,141.99,152.27,150.31,150.29,798125.82,False,0.0,False,0.0,False,0.0,False,0.0,False,0.0,False,False,2.53,160.0,False,False,False,False,False,False,False,0.0,999.0,999.0,844
S2GM34,S2GM34,BDR,SGML (BDR: S2GM34),3.5,C,0.5,C,1.0,Fraco,11.53,16.13,14.27,12.43,16046542.76,False,0.0,False,0.0,False,0.0,False,0.0,False,0.0,False,False,0.83,16.44,False,False,False,False,False,False,False,-49.056998,999.0,17.738462,845
XBCI11,XBCI11,ETF,XBCI11,3.5,C,0.5,C,0.0,Fraco,78.18,93.74,,,545383.68,False,0.0,False,0.0,False,0.0,False,0.0,False,0.0,False,False,0.56,89.9,False,False,False,False,False,False,False,0.0,999.0,999.0,846
P1GR34,P1GR34,BDR,PRGS (BDR: P1GR34),3.5,C,0.5,C,4.0,Forte,37.76,30.88,35.44,37.43,28621059.21,False,0.0,False,0.0,False,0.0,False,0.0,False,0.0,False,False,0.53,40.5,False,False,False,False,False,False,False,18.573999999999998,18.330097,3.185154,847
TMCO34,TMCO34,BDR,TM (BDR: TMCO34),3.0,C,0.5,C,3.0,OK,177.15,181.79,206.65,204.87,67504245.22,False,0.0,False,0.0,False,0.0,False,0.0,False,0.0,True,False,0.75,181.75,False,False,False,False,False,False,False,10.233,9.706849,14.986605,848
MELI34,MELI34,BDR,MELI (BDR: MELI34),3.0,C,0.5,C,2.0,Fraco,1809.38,1682.65,1846.56,1933.17,495192929.12,False,0.0,False,0.0,False,0.0,False,0.0,False,0.0,True,False,0.63,1836.09,False,False,False,False,False,False,False,31.258000000000003,47.740894,12.598647,849
G2DD34,G2DD34,BDR,GDDY (BDR: G2DD34),3.0,C,0.5,C,4.0,Forte,86.89,84.99,94.98,104.4,139504848.28,False,0.0,False,0.0,False,0.0,False,0.0,False,0.0,True,False,0.63,91.2,False,False,False,False,False,False,False,398.215,13.770206,48.56903,850
VLID3,VALID SOLUÇÕES S.A.,BR_STOCK,VLID3,3.0,C,0.5,C,2.0,Fraco,17.18,17.62,19.81,19.8,2231682.04,False,0.0,False,0.0,False,0.0,False,0.0,False,0.0,True,False,0.72,17.98,False,False,False,False,False,False,False,14.402999999999999,5.541936,0.78393793,851
M1KC34,M1KC34,BDR,MKC (BDR: M1KC34),3.0,C,0.5,C,4.0,Forte,51.57,48.0,56.82,58.69,145117515.01,False,0.0,False,0.0,False,0.0,False,0.0,False,0.0,True,False,0.49,53.88,False,False,False,False,False,False,False,24.728,8.580698,1.9819369,852
UNIP6,UNIPAR CARBOCLORO S.A.,BR_STOCK,UNIP6,3.0,C,0.5,C,2.0,Fraco,60.7,60.8,61.73,62.07,6974430.09,False,0.0,False,0.0,False,0.0,False,0.0,False,0.0,True,False,1.05,63.49,False,False,False,False,False,False,False,16.176,19.392971,3.6180484,853
PFRM3,PROFARMA DISTRIB PROD FARMACEUTICOS S.A.,BR_STOCK,PFRM3,3.0,C,0.5,C,3.0,OK,6.67,6.77,7.86,7.67,492246.01,False,0.0,False,0.0,False,0.0,False,0.0,False,0.0,True,False,0.46,6.94,False,False,False,False,False,False,False,7.000000000000001,7.755814,0.60968924,854
AUVP11,AUVP11,ETF,AUVP11,3.0,C,0.5,C,1.0,Fraco,118.5,120.23,122.81,118.77,1245672.0,False,0.0,False,0.0,False,0.0,False,0.0,False,0.0,True,False,1.58,120.06,False,False,False,False,False,False,False,0.0,8.351986,999.0,855
B1ME34,B1ME34,BDR,ONC (BDR: B1ME34),3.0,C,0.5,C,3.0,OK,301.88,289.87,310.01,315.66,92401243.17,False,0.0,False,0.0,False,0.0,False,0.0,False,0.0,True,False,0.98,316.0,False,False,False,False,False,False,False,12.422,68.298645,7.046192,856
I1DX34,I1DX34,BDR,IDXX (BDR: I1DX34),3.0,C,0.5,C,4.0,Forte,555.67,555.61,614.07,626.79,321344506.79,False,0.0,False,0.0,False,0.0,False,0.0,False,0.0,True,False,0.77,581.47,False,False,False,False,False,False,False,72.91499999999999,40.948414,28.29565,857
K1TC34,K1TC34,BDR,KT (BDR: K1TC34),3.0,C,0.5,C,2.0,Fraco,18.29,19.0,20.32,19.93,23829347.17,False,0.0,False,0.0,False,0.0,False,0.0,False,0.0,True,False,0.78,19.06,False,False,False,False,False,False,False,8.652,8.878641,0.7437191,858
CMIN3,CSN MINERAÇÃO S.A.,BR_STOCK,CMIN3,3.0,C,0.5,C,0.0,Fraco,4.66,4.47,4.97,5.05,70848773.68,False,0.0,False,0.0,False,0.0,False,0.0,False,0.0,True,True,1.93,4.6,False,False,False,False,False,False,False,0.0,0.0,0.0,859
ULEV34,ULEV34,BDR,UL (BDR: ULEV34),3.0,C,0.5,C,1.0,Fraco,61.84,58.2,62.15,63.24,148251815.17,False,0.0,False,0.0,False,0.0,False,0.0,False,0.0,True,False,0.7,63.77,False,False,False,False,False,False,False,30.955,20.962711,7.5890517,860
RADL3,RAIA DROGASIL S.A.,BR_STOCK,RADL3,3.0,C,0.5,C,0.0,Fraco,17.32,18.41,22.02,21.32,208189860.33,False,0.0,False,0.0,False,0.0,False,0.0,False,0.0,True,False,1.31,18.1,False,False,False,False,False,False,False,0.0,0.0,0.0,861
A1GN34,A1GN34,BDR,ALLE (BDR: A1GN34),3.0,C,0.5,C,3.0,OK,134.99,133.08,148.45,153.67,140836962.59,False,0.0,False,0.0,False,0.0,False,0.0,False,0.0,True,False,0.77,142.01,False,False,False,False,False,False,False,34.179002000000004,18.466486,5.520838,862
SPXI11,SPXI11,ETF,SPXI11,3.0,C,0.5,C,0.0,Fraco,52.72,51.53,135.55,200.02,17909827.93,False,0.0,False,0.0,False,0.0,False,0.0,False,0.0,True,False,1.46,53.86,False,False,False,False,False,False,False,0.0,999.0,999.0,863
RBRR11,RBRR11,ETF,RBRR11,3.0,C,0.5,C,0.0,Fraco,78.2,80.99,81.73,81.12,6803634.33,False,0.0,False,0.0,False,0.0,False,0.0,False,0.0,False,False,1.4,82.74,False,False,False,False,False,False,False,0.0,999.0,999.0,864
C1RH34,C1RH34,BDR,CRH (BDR: C1RH34),3.0,C,0.5,C,4.0,Forte,102.95,108.08,114.55,114.67,247881973.15,False,0.0,False,0.0,False,0.0,False,0.0,True,1.0,False,False,0.52,116.9,False,False,False,False,False,False,False,15.812000000000001,19.135687,2.9819837,865
DEXP3,DEXXOS PARTICIPACOES S.A.,BR_STOCK,DEXP3,3.0,C,0.5,C,2.0,Fraco,7.01,7.12,7.32,7.16,379241.01,False,0.0,False,0.0,False,0.0,False,0.0,False,0.0,True,False,0.77,7.13,False,False,False,False,False,False,False,13.880999999999998,9.602739,0.80307025,866
T1AL34,T1AL34,BDR,TAL (BDR: T1AL34),3.0,C,0.5,C,3.0,OK,10.15,10.09,10.88,11.02,18919680.49,False,0.0,False,0.0,False,0.0,False,0.0,False,0.0,True,False,0.64,10.08,False,False,False,False,False,False,False,14.062000999999999,11.032608,1.4882697,867
L2PL34,L2PL34,BDR,LPLA (BDR: L2PL34),3.0,C,0.5,C,3.0,OK,300.82,295.36,324.09,329.01,187334757.1,False,0.0,False,0.0,False,0.0,False,0.0,False,0.0,True,False,0.47,308.99,False,False,False,False,False,False,False,20.452,27.1009,4.2425785,868
P2CY34,P2CY34,BDR,PCTY (BDR: P2CY34),3.0,C,0.5,C,4.0,Forte,115.21,108.96,119.72,127.49,71772142.71,False,0.0,False,0.0,False,0.0,False,0.0,False,0.0,True,False,0.71,120.28,False,False,False,False,False,False,False,21.598,24.617521,5.4023256,869
BBAS3,BCO BRASIL S.A.,BR_STOCK,BBAS3,3.0,C,0.5,C,0.0,Fraco,19.53,20.31,22.31,22.03,437755200.39,False,0.0,False,0.0,False,0.0,False,0.0,False,0.0,True,False,1.32,20.45,False,False,False,False,False,False,False,0.0,0.0,0.0,870
MDTC34,MDTC34,BDR,MDT (BDR: MDTC34),3.0,C,0.5,C,3.0,OK,82.01,78.44,88.32,89.61,367033550.29,False,0.0,False,0.0,False,0.0,False,0.0,False,0.0,True,False,0.47,85.99,False,False,False,False,False,False,False,9.8409995,21.986595,2.1225219,871
DHER34,DHER34,BDR,DHR (BDR: DHER34),3.0,C,0.5,C,3.0,OK,190.77,179.14,200.81,203.17,372900416.59,False,0.0,False,0.0,False,0.0,False,0.0,False,0.0,True,False,0.43,198.23,False,False,False,False,False,False,False,7.08,36.89942,2.5497875,872
C1BR34,C1BR34,BDR,CBRE (BDR: C1BR34),3.0,C,0.5,C,3.0,OK,139.94,135.62,147.02,149.28,176068312.87,False,0.0,False,0.0,False,0.0,False,0.0,False,0.0,True,False,0.6,145.48,False,False,False,False,False,False,False,15.597,31.949772,4.8099265,873
AGRO3,BRASILAGRO - CIA BRAS DE PROP AGRICOLAS,BR_STOCK,AGRO3,3.0,C,0.5,C,1.0,Fraco,18.57,18.66,19.97,19.87,1435460.98,False,0.0,False,0.0,False,0.0,False,0.0,False,0.0,True,False,0.71,18.97,False,False,False,False,False,False,False,-0.70200004,999.0,0.90633994,874
C1HK34,C1HK34,BDR,CHKP (BDR: C1HK34),3.0,C,0.5,C,5.0,Forte,136.85,127.23,154.33,164.8,142668184.11,False,0.0,False,0.0,False,0.0,False,0.0,False,0.0,True,False,0.88,142.1,False,False,False,False,False,False,False,38.024,14.06475,5.091146,875
I1CE34,I1CE34,BDR,ICE (BDR: I1CE34),3.0,C,0.5,C,4.0,Forte,137.17,143.97,155.53,155.46,492230148.99,False,0.0,False,0.0,False,0.0,False,0.0,False,0.0,True,False,0.63,142.22,False,False,False,False,False,False,False,13.852999999999998,19.995626,2.633782,876
H1DB34,H1DB34,BDR,HDB (BDR: H1DB34),3.0,C,0.5,C,2.0,Fraco,26.15,24.78,29.14,30.8,158635180.94,False,0.0,False,0.0,False,0.0,False,0.0,False,0.0,True,False,0.76,27.5,False,False,False,False,False,False,False,13.818,18.415493,10.94452,877
ABTT34,ABTT34,BDR,ABT (BDR: ABTT34),3.0,C,0.5,C,2.0,Fraco,95.18,89.15,104.59,110.41,663716982.89,False,0.0,False,0.0,False,0.0,False,0.0,False,0.0,True,False,0.54,98.14,False,False,False,False,False,False,False,12.333999599999999,26.661064,3.1844492,878
SNEC34,SNEC34,BDR,SONY (BDR: SNEC34),3.0,C,0.5,C,3.0,OK,21.15,21.07,22.44,24.05,96986961.05,False,0.0,False,0.0,False,0.0,False,0.0,False,0.0,True,False,0.84,22.24,False,False,False,False,False,False,False,12.336001000000001,19.952831,2.4946427,879
LKFT34,LKFT34,BDR,LKFT (BDR: LKFT34),3.0,C,0.5,C,3.0,OK,30.81,28.39,30.91,31.34,3042364.21,False,0.0,False,0.0,False,0.0,False,0.0,False,0.0,True,False,0.64,30.86,False,False,False,False,False,False,False,16.261,3.650474,10.880711,880
HCTR11,HCTR11,ETF,HCTR11,3.0,C,0.5,C,0.0,Fraco,17.0,16.46,18.76,18.93,716601.0,False,0.0,False,0.0,False,0.0,False,0.0,False,0.0,True,False,1.08,17.74,False,False,False,False,False,False,False,0.0,999.0,999.0,881
T2YL34,T2YL34,BDR,TYL (BDR: T2YL34),3.0,C,0.5,C,3.0,OK,314.29,309.82,359.83,393.01,180916643.36,False,0.0,False,0.0,False,0.0,False,0.0,False,0.0,True,False,0.65,330.73,False,False,False,False,False,False,False,8.930001,43.470264,3.7492247,882
VSLH11,VSLH11,ETF,VSLH11,3.0,C,0.5,C,0.0,Fraco,1.79,1.71,1.91,1.99,53563.96,False,0.0,False,0.0,False,0.0,False,0.0,False,0.0,True,False,0.68,1.85,False,False,False,False,False,False,False,0.0,999.0,999.0,883
C1TA34,C1TA34,BDR,CTAS (BDR: C1TA34),3.0,C,0.5,C,4.0,Forte,180.17,172.58,182.4,184.19,358723691.28,False,0.0,False,0.0,False,0.0,False,0.0,False,0.0,True,False,1.03,184.48,False,False,False,False,False,False,False,41.303003,37.930527,15.050539,884
U1HS34,U1HS34,BDR,UHS (BDR: U1HS34),3.0,C,0.5,C,5.0,Forte,156.43,155.65,188.92,195.2,147651923.64,False,0.0,False,0.0,False,0.0,False,0.0,False,0.0,True,False,1.06,162.13,False,False,False,False,False,False,False,21.369,6.5315237,1.2685708,885
SUIN11,SUIN11,ETF,SUIN11,3.0,C,0.0,C,0.0,Fraco,84.75,83.94,90.02,90.6,87716.25,False,0.0,False,0.0,False,0.0,False,0.0,False,0.0,True,False,1.02,89.37,False,False,False,False,False,False,False,0.0,999.0,999.0,886
D1OC34,D1OC34,BDR,DOCU (BDR: D1OC34),3.0,C,0.5,C,4.0,Forte,47.22,47.01,51.86,56.71,132824291.47,False,0.0,False,0.0,False,0.0,False,0.0,False,0.0,True,False,0.68,48.99,False,False,False,False,False,False,False,16.440001000000002,30.66234,5.009548,887
S1YK34,S1YK34,BDR,SYK (BDR: S1YK34),3.0,C,0.5,C,4.0,Forte,326.85,308.22,337.83,344.88,643243426.81,False,0.0,False,0.0,False,0.0,False,0.0,False,0.0,True,False,0.68,333.99,False,False,False,False,False,False,False,15.2,37.82986,5.452862,888
N1IC34,N1IC34,BDR,NICE (BDR: N1IC34),3.0,C,0.5,C,3.0,OK,96.8,94.11,105.75,111.9,36156349.94,False,0.0,False,0.0,False,0.0,False,0.0,False,0.0,True,False,0.71,99.9,False,False,False,False,False,False,False,14.760000000000002,11.4828,39.44259,889
E1DU34,E1DU34,BDR,EDU (BDR: E1DU34),3.0,C,0.5,C,4.0,Forte,49.08,48.53,53.31,53.48,36728381.33,False,0.0,False,0.0,False,0.0,False,0.0,False,0.0,True,False,1.55,49.24,False,False,False,False,False,False,False,10.842,18.177778,1.8936647,890
OIBR3,OI S.A.,BR_STOCK,OIBR3,3.0,C,0.5,C,0.0,Fraco,0.13,0.12,0.16,0.2,86320.0,False,0.0,False,0.0,False,0.0,False,0.0,False,0.0,True,False,0.88,0.13,False,False,False,False,False,False,False,0.0,999.0,-0.0027152912,891
CSED3,CRUZEIRO DO SUL EDUCACIONAL S.A.,BR_STOCK,CSED3,3.0,C,0.5,C,3.0,OK,3.87,4.18,5.35,5.28,791801.98,False,0.0,False,0.0,False,0.0,False,0.0,False,0.0,True,False,0.75,3.97,False,False,False,False,False,False,False,16.947001,5.16,0.8539276,892
PCAR3,CIA BRASILEIRA DE DISTRIBUICAO,BR_STOCK,PCAR3,3.0,C,0.5,C,0.0,Fraco,2.71,2.13,2.84,3.1,9930524.14,False,0.0,False,0.0,False,0.0,False,0.0,False,0.0,True,False,0.95,2.8,False,False,False,False,False,False,False,0.0,0.0,0.0,893
V1RS34,V1RS34,BDR,VRSK (BDR: V1RS34),3.0,C,0.5,C,2.0,Fraco,189.67,176.69,193.14,202.26,355198040.29,False,0.0,False,0.0,False,0.0,False,0.0,False,0.0,True,False,0.73,194.79,False,False,False,False,False,False,False,0.0,28.913109,84.939545,894
X1YL34,X1YL34,BDR,XYL (BDR: X1YL34),3.0,C,0.5,C,3.0,OK,118.62,112.57,124.72,129.71,154320827.73,False,0.0,False,0.0,False,0.0,False,0.0,False,0.0,True,False,0.66,120.86,False,False,False,False,False,False,False,8.724,29.507463,2.5168684,895
A1LN34,A1LN34,BDR,ALNY (BDR: A1LN34),3.0,C,0.5,C,2.0,Fraco,323.5,296.39,334.53,364.89,281860697.5,False,0.0,False,0.0,False,0.0,False,0.0,False,0.0,True,False,0.74,321.98,False,False,False,False,False,False,False,90.356004,81.0777,40.141457,896
MCDC34,MCDC34,BDR,MCD (BDR: MCDC34),3.0,C,0.5,C,2.0,Fraco,278.25,279.48,302.29,301.74,1004336140.5,False,0.0,False,0.0,False,0.0,False,0.0,False,0.0,True,False,0.69,289.29,False,False,False,False,False,False,False,0.0,22.920097,-153.7293,897
P2AX34,P2AX34,BDR,PAX (BDR: P2AX34),2.62,C,0.5,C,2.0,Fraco,11.0,11.49,13.11,13.37,7200875.0,False,0.0,False,0.0,False,0.0,False,0.0,True,0.85,False,False,0.72,12.06,False,False,False,False,False,False,False,13.337,20.754719,2.9008439,898
MYPK3,IOCHPE MAXION S.A.,BR_STOCK,MYPK3,2.62,C,0.5,C,1.0,Fraco,8.84,9.19,9.72,10.03,5856500.1,False,0.0,False,0.0,False,0.0,False,0.0,True,0.85,False,False,0.98,9.51,False,False,False,False,False,False,False,4.679,14.491803,0.323064,899
DIRR3,DIRECIONAL ENGENHARIA S.A.,BR_STOCK,DIRR3,2.62,C,0.5,C,0.0,Fraco,12.58,13.29,14.17,14.34,160813913.02,False,0.0,False,0.0,False,0.0,False,0.0,True,0.85,False,False,2.38,14.42,False,False,False,False,False,False,False,0.0,0.0,0.0,900
C2HD34,C2HD34,BDR,CHDN (BDR: C2HD34),2.62,C,0.5,C,4.0,Forte,85.3,88.92,95.39,95.93,72002585.58,False,0.0,False,0.0,False,0.0,False,0.0,True,0.85,False,False,0.69,94.0,False,False,False,False,False,False,False,35.001,15.709025,5.4244833,901
BAER39,ISHARES US AEROSPACE & DEFENSE ETF,BDR,BAER (BDR: BAER39),2.5,C,0.5,C,0.0,Fraco,1.93,1.92,2.13,2.03,810397.33,False,0.0,False,0.0,False,0.0,False,0.0,False,0.0,False,False,1.05,2.1,False,False,False,False,False,False,False,-31.619000000000003,999.0,-0.2921144,902
RGTI34,RGTI34,BDR,RGTI (BDR: RGTI34),2.5,C,0.5,C,2.0,Fraco,16.92,20.15,19.87,23.8,316757443.31,False,0.0,False,0.0,False,0.0,False,0.0,False,0.0,False,False,0.65,23.57,False,False,False,False,False,False,False,-57.092,999.0,9.635535,903
R2HH34,R2HH34,BDR,RH (BDR: R2HH34),2.5,C,0.5,C,0.0,Fraco,162.59,143.89,161.31,165.61,143005055.74,False,0.0,False,0.0,False,0.0,False,0.0,False,0.0,False,False,0.87,172.0,False,False,False,False,False,False,False,0.0,31.448742,53.98074,904
V1MC34,V1MC34,BDR,VMC (BDR: V1MC34),2.5,C,0.5,C,3.0,OK,286.59,286.54,290.25,290.98,242447112.38,False,0.0,False,0.0,False,0.0,False,0.0,False,0.0,False,False,0.65,321.16,False,False,False,False,False,False,False,13.458,33.99644,4.3904343,905
N1EM34,N1EM34,BDR,NEM (BDR: N1EM34),2.5,C,0.5,C,5.0,Forte,93.2,105.3,109.1,103.2,560978330.83,False,0.0,False,0.0,False,0.0,False,0.0,False,0.0,False,False,0.7,112.18,False,False,False,False,False,False,False,25.832,12.088197,2.8632872,906
SANB11,BCO SANTANDER (BRASIL) S.A.,BR_STOCK,SANB11,2.5,C,0.5,C,0.0,Fraco,25.6,27.26,30.58,30.15,122094081.82,False,0.0,False,0.0,False,0.0,False,0.0,False,0.0,False,False,1.78,27.79,False,False,False,False,False,False,False,0.0,0.0,0.0,907
RENT3,LOCALIZA RENT A CAR S.A.,BR_STOCK,RENT3,2.5,C,0.5,C,0.0,Fraco,38.84,42.22,44.7,43.11,289082237.14,False,0.0,False,0.0,False,0.0,False,0.0,False,0.0,False,False,1.13,42.95,False,False,False,False,False,False,False,0.0,0.0,0.0,908
CURY3,CURY CONSTRUTORA E INCORPORADORA S.A.,BR_STOCK,CURY3,2.5,C,0.5,C,0.0,Fraco,31.33,31.66,33.48,32.76,313253004.24,False,0.0,False,0.0,False,0.0,False,0.0,False,0.0,False,False,2.97,35.92,False,False,False,False,False,False,False,0.0,0.0,0.0,909
HCRI11,HCRI11,ETF,HCRI11,2.5,C,0.5,C,3.0,OK,264.48,274.27,279.86,270.35,70087.2,False,0.0,False,0.0,False,0.0,False,0.0,False,0.0,False,False,1.07,281.0,False,False,False,False,False,False,False,-2.841,4.4585304,1.020981,910
T2ND34,T2ND34,BDR,TNDM (BDR: T2ND34),2.5,C,0.5,C,1.0,Fraco,15.16,16.42,19.74,18.7,28360888.07,False,0.0,False,0.0,False,0.0,False,0.0,False,0.0,False,False,0.96,20.18,False,False,False,False,False,False,False,-65.726995,999.0,7.8427315,911
PGMN3,EMPREENDIMENTOS PAGUE MENOS S.A.,BR_STOCK,PGMN3,2.5,C,0.5,C,0.0,Fraco,3.6,4.3,5.6,5.15,17710559.53,False,0.0,False,0.0,False,0.0,False,0.0,False,0.0,False,False,1.06,4.14,False,False,False,False,False,False,False,0.0,0.0,0.0,912
SIVR39,ABRDN PHYSICAL SILVER SHARES ETF,BDR,SIVR (BDR: SIVR39),2.5,C,0.5,C,0.0,Fraco,55.52,67.39,72.25,65.89,52621467.79,False,0.0,False,0.0,False,0.0,False,0.0,False,0.0,False,False,0.77,67.98,False,False,False,False,False,False,False,0.0,999.0,999.0,913
I2RS34,I2RS34,BDR,IR (BDR: I2RS34),2.5,C,0.5,C,3.0,OK,76.71,75.37,82.29,81.41,220793009.58,False,0.0,False,0.0,False,0.0,False,0.0,False,0.0,False,False,0.71,83.2,False,False,False,False,False,False,False,5.7150003,51.83108,2.9499307,914
C2AC34,C2AC34,BDR,CACI (BDR: C2AC34),2.5,C,0.5,C,2.0,Fraco,493.78,498.2,555.88,554.75,99412727.15,False,0.0,False,0.0,False,0.0,False,0.0,False,0.0,False,False,0.67,537.8,False,False,False,False,False,False,False,13.449,20.387283,2.5485551,915
DASA3,DIAGNOSTICOS DA AMERICA S.A.,BR_STOCK,DASA3,2.5,C,0.5,C,0.0,Fraco,2.46,2.95,3.47,3.03,1491498.02,False,0.0,False,0.0,False,0.0,False,0.0,False,0.0,False,False,0.97,2.96,False,False,False,False,False,False,False,-13.780999999999999,999.0,0.4477612,916
HOND34,HOND34,BDR,HMC (BDR: HOND34),2.5,C,0.5,C,1.0,Fraco,27.73,26.08,27.64,28.46,25444298.87,False,0.0,False,0.0,False,0.0,False,0.0,False,0.0,False,False,0.43,29.69,False,False,False,False,False,False,False,-2.8499998,999.0,0.49354342,917
RBRP11,RBRP11,ETF,RBRP11,2.5,C,0.5,C,0.0,Fraco,47.1,49.83,51.18,50.52,440714.69,False,0.0,False,0.0,False,0.0,False,0.0,False,0.0,False,False,0.26,50.41,False,False,False,False,False,False,False,0.0,999.0,999.0,918
A1PP34,A1PP34,BDR,APP (BDR: A1PP34),2.5,C,0.5,C,3.0,OK,522.18,504.8,515.38,538.72,2505477044.66,False,0.0,False,0.0,False,0.0,False,0.0,False,0.0,False,False,0.93,576.46,False,False,False,False,False,False,False,266.444,45.367504,74.29994,919
GLDX11,GLDX11,ETF,GLDX11,2.5,C,0.5,C,0.0,Fraco,98.1,103.58,112.04,109.23,670022.99,False,0.0,False,0.0,False,0.0,False,0.0,False,0.0,False,False,1.41,103.8,False,False,False,False,False,False,False,0.0,999.0,999.0,920
ALPK3,ALLPARK EMPREENDIMENTOS PARTICIPACOES SERVICOS S.A,BR_STOCK,ALPK3,2.5,C,0.5,C,1.0,Fraco,4.19,4.32,4.51,4.32,649869.01,False,0.0,False,0.0,False,0.0,False,0.0,False,0.0,False,False,0.62,4.6,False,False,False,False,False,False,False,5.567,69.833336,2.5332527,921
MATD3,HOSPITAL MATER DEI S/A,BR_STOCK,MATD3,2.5,C,0.5,C,3.0,OK,4.6,5.07,5.37,5.1,762679.98,False,0.0,False,0.0,False,0.0,False,0.0,False,0.0,False,False,0.84,5.03,False,False,False,False,False,False,False,8.295999499999999,12.432432,1.0186006,922
RBRL11,RBRL11,ETF,RBRL11,2.5,C,0.5,C,1.0,Fraco,72.9,79.76,84.06,82.87,154329.3,False,0.0,False,0.0,False,0.0,False,0.0,False,0.0,False,False,0.23,79.87,False,False,False,False,False,False,False,0.0,7.453988,999.0,923
F2NV34,F2NV34,BDR,FNV (BDR: F2NV34),2.5,C,0.5,C,3.0,OK,203.66,222.73,233.98,225.83,138233616.51,False,0.0,False,0.0,False,0.0,False,0.0,False,0.0,False,False,0.94,237.43,False,False,False,False,False,False,False,19.041,28.644163,4.8450103,924
MDNE3,MOURA DUBEUX ENGENHARIA S/A,BR_STOCK,MDNE3,2.5,C,0.5,C,0.0,Fraco,25.35,28.14,28.36,27.14,80643421.21,False,0.0,False,0.0,False,0.0,False,0.0,False,0.0,False,False,2.43,30.98,False,False,False,False,False,False,False,0.0,0.0,0.0,925
FESA4,CIA FERRO LIGAS DA BAHIA - FERBASA,BR_STOCK,FESA4,2.5,C,0.5,C,2.0,Fraco,5.79,6.38,7.19,7.01,5151362.97,False,0.0,False,0.0,False,0.0,False,0.0,False,0.0,False,False,1.09,6.4,False,False,False,False,False,False,False,4.873,12.866667,0.59783167,926
SANB3,BCO SANTANDER (BRASIL) S.A.,BR_STOCK,SANB3,2.5,C,0.5,C,3.0,OK,12.33,13.21,14.96,14.68,3502952.98,False,0.0,False,0.0,False,0.0,False,0.0,False,0.0,False,False,2.47,13.48,False,False,False,False,False,False,False,10.467,7.518293,0.36520347,927
ALOS3,ALLOS S.A,BR_STOCK,ALOS3,2.5,C,0.5,C,0.0,Fraco,26.94,27.9,28.49,27.25,84424573.67,False,0.0,False,0.0,False,0.0,False,0.0,False,0.0,False,False,0.76,28.43,False,False,False,False,False,False,False,0.0,0.0,0.0,928
NEWL11,NEWL11,ETF,NEWL11,2.5,C,0.5,C,1.0,Fraco,103.35,105.43,106.67,104.16,70898.1,False,0.0,False,0.0,False,0.0,False,0.0,False,0.0,False,False,0.96,109.74,False,False,False,False,False,False,False,0.0,11.865671,999.0,929
SHUL4,SCHULZ S.A.,BR_STOCK,SHUL4,2.5,C,0.5,C,3.0,OK,4.51,4.84,4.97,4.78,3602137.18,False,0.0,False,0.0,False,0.0,False,0.0,False,0.0,False,False,2.28,4.89,False,False,False,False,False,False,False,18.205,5.8571434,1.0520177,930
SAPR11,CIA SANEAMENTO DO PARANA - SANEPAR,BR_STOCK,SAPR11,2.5,C,0.5,C,2.0,Fraco,36.23,38.46,41.18,39.65,29063705.63,False,0.0,False,0.0,False,0.0,False,0.0,False,0.0,False,False,0.57,39.08,False,False,False,False,False,False,False,9.897999500000001,44.783684,0.8621879,931
SAPR4,CIA SANEAMENTO DO PARANA - SANEPAR,BR_STOCK,SAPR4,2.5,C,0.5,C,3.0,OK,7.0,7.44,7.93,7.67,5717600.0,False,0.0,False,0.0,False,0.0,False,0.0,False,0.0,False,False,0.68,7.53,False,False,False,False,False,False,False,9.897999500000001,9.210526,0.16658337,932
JSLG3,JSL S.A.,BR_STOCK,JSLG3,2.5,C,0.5,C,1.0,Fraco,5.5,6.18,6.7,6.09,4759150.0,False,0.0,False,0.0,False,0.0,False,0.0,False,0.0,False,False,0.91,6.18,False,False,False,False,False,False,False,-6.431000000000001,999.0,1.3457304,933
GROP31,BRAZIL POTASH CORP.,BDR,GRO (BDR: GROP31),2.5,C,0.5,C,1.0,Fraco,2.23,2.46,2.65,2.6,261541.09,False,0.0,False,0.0,False,0.0,False,0.0,False,0.0,False,False,0.38,2.4,False,False,False,False,False,False,False,-35.457,999.0,0.82106036,934
C1CJ34,C1CJ34,BDR,CCJ (BDR: C1CJ34),2.5,C,0.5,C,3.0,OK,94.73,108.7,109.44,104.25,212697750.19,False,0.0,False,0.0,False,0.0,False,0.0,False,0.0,False,False,0.7,111.49,False,False,False,False,False,False,False,9.5979996,90.219055,8.298503,935
DUOL34,DUOL34,BDR,DUOL (BDR: DUOL34),2.5,C,0.5,C,5.0,Forte,127.57,115.18,127.22,162.59,110648349.52,False,0.0,False,0.0,False,0.0,False,0.0,False,0.0,False,False,0.53,137.97,False,False,False,False,False,False,False,36.960998000000004,14.59611,4.293696,936
HBSA3,HIDROVIAS DO BRASIL S.A.,BR_STOCK,HBSA3,2.5,C,0.5,C,0.0,Fraco,3.46,3.36,3.73,3.73,2056278.02,False,0.0,False,0.0,False,0.0,False,0.0,False,0.0,False,False,0.52,3.72,False,False,False,False,False,False,False,0.955,346.0,2.3473542,937
Q1RV34,Q1RV34,BDR,QRVO (BDR: Q1RV34),2.5,C,0.5,C,1.0,Fraco,83.87,95.45,86.73,87.4,107700825.33,False,0.0,False,0.0,False,0.0,False,0.0,False,0.0,False,False,0.92,104.64,False,False,False,False,False,False,False,10.064,23.16851,2.2003882,938
JSRE11,JSRE11,ETF,JSRE11,2.5,C,0.5,C,1.0,Fraco,58.14,60.12,62.63,61.66,2388681.87,False,0.0,False,0.0,False,0.0,False,0.0,False,0.0,False,False,0.82,61.83,False,False,False,False,False,False,False,1.9769999999999999,9.362319,0.5305277,939
SAPR3,CIA SANEAMENTO DO PARANA - SANEPAR,BR_STOCK,SAPR3,2.5,C,0.5,C,3.0,OK,8.04,8.69,9.38,8.89,552348.0,False,0.0,False,0.0,False,0.0,False,0.0,False,0.0,False,False,0.74,9.05,False,False,False,False,False,False,False,9.897999500000001,10.578947,0.1913329,940
EZTC3,EZ TEC EMPREEND. E PARTICIPACOES S.A.,BR_STOCK,EZTC3,2.5,C,0.5,C,4.0,Forte,12.4,13.11,14.16,13.89,17875839.45,False,0.0,False,0.0,False,0.0,False,0.0,False,0.0,False,False,1.45,13.75,False,False,False,False,False,False,False,11.286,5.904762,0.6677796,941
DCRA11,DCRA11,ETF,DCRA11,2.5,C,0.5,C,0.0,Fraco,6.5,6.71,6.88,6.76,71610.5,False,0.0,False,0.0,False,0.0,False,0.0,False,0.0,False,False,1.14,6.89,False,False,False,False,False,False,False,0.0,999.0,999.0,942
V2EE34,V2EE34,BDR,VEEV (BDR: V2EE34),2.5,C,0.5,C,3.0,OK,188.17,167.32,187.87,212.09,269434222.6,False,0.0,False,0.0,False,0.0,False,0.0,False,0.0,False,False,0.49,199.7,False,False,False,False,False,False,False,13.934,33.422733,4.1976,943
P1YC34,P1YC34,BDR,PAYC (BDR: P1YC34),2.5,C,0.5,C,5.0,Forte,138.5,133.53,136.4,149.36,70694416.5,False,0.0,False,0.0,False,0.0,False,0.0,False,0.0,False,False,0.51,146.0,False,False,False,False,False,False,False,37.147000000000006,16.030092,7.7691145,944
LPSB3,LPS BRASIL - CONSULTORIA DE IMOVEIS S.A.,BR_STOCK,LPSB3,2.5,C,0.5,C,4.0,Forte,1.46,1.6,1.68,1.57,111836.0,False,0.0,False,0.0,False,0.0,False,0.0,False,0.0,False,False,0.7,1.68,False,False,False,False,False,False,False,22.142999999999997,4.866667,0.84149855,945
S1NP34,S1NP34,BDR,SNPS (BDR: S1NP34),2.5,C,0.5,C,2.0,Fraco,434.5,480.69,461.22,456.42,559075495.0,False,0.0,False,0.0,False,0.0,False,0.0,False,0.0,False,False,0.61,487.55,False,False,False,False,False,False,False,3.8240000000000003,99.42792,2.7292542,946
VVEO3,CM HOSPITALAR S.A.,BR_STOCK,VVEO3,2.5,C,0.5,C,2.0,Fraco,0.61,1.18,1.37,1.35,1592466.04,False,0.0,False,0.0,False,0.0,False,0.0,False,0.0,False,False,0.42,1.34,False,False,False,False,False,False,False,1.076,10.166667,0.10243493,947
BRCR11,BRCR11,ETF,BRCR11,2.5,C,0.5,C,2.0,Fraco,41.31,43.84,44.91,43.42,657448.67,False,0.0,False,0.0,False,0.0,False,0.0,False,0.0,False,False,0.69,43.72,False,False,False,False,False,False,False,4.665,10.301745,0.48276266,948
TRBL11,TRBL11,ETF,TRBL11,2.5,C,0.5,C,0.0,Fraco,58.68,62.13,64.71,62.49,1305512.65,False,0.0,False,0.0,False,0.0,False,0.0,False,0.0,False,False,0.95,62.17,False,False,False,False,False,False,False,-7.179,999.0,0.70851594,949
EVTC31,EVERTEC INC,BDR,EVTC (BDR: EVTC31),2.5,C,0.5,C,3.0,OK,27.89,25.88,27.74,28.41,7984544.26,False,0.0,False,0.0,False,0.0,False,0.0,False,0.0,False,False,0.5,29.88,False,False,False,False,False,False,False,20.166,13.408654,2.571692,950
ALPA3,ALPARGATAS S.A.,BR_STOCK,ALPA3,2.5,C,0.5,C,5.0,Forte,8.97,10.16,10.79,10.52,54717.0,False,0.0,False,0.0,False,0.0,False,0.0,False,0.0,False,False,0.36,10.82,False,False,False,False,False,False,False,16.464001,10.430233,1.7584789,951
CHIP11,CHIP11,ETF,CHIP11,2.5,C,0.5,C,0.0,Fraco,37.64,36.88,43.83,65.48,5264217.39,False,0.0,False,0.0,False,0.0,False,0.0,False,0.0,False,False,0.63,43.67,False,False,False,False,False,False,False,0.0,999.0,999.0,952
POMO3,MARCOPOLO S.A.,BR_STOCK,POMO3,2.5,C,0.5,C,4.0,Forte,5.14,5.79,5.78,5.77,5975763.84,False,0.0,False,0.0,False,0.0,False,0.0,False,0.0,False,False,1.22,5.96,False,False,False,False,False,False,False,30.911,5.14,1.5709046,953
BRSR6,BCO ESTADO DO RIO GRANDE DO SUL S.A.,BR_STOCK,BRSR6,2.5,C,0.5,C,2.0,Fraco,13.91,14.37,15.67,14.7,16146727.82,False,0.0,False,0.0,False,0.0,False,0.0,False,0.0,False,False,0.72,15.09,False,False,False,False,False,False,False,15.590000000000002,3.2273781,0.5024018,954
ALPA4,ALPARGATAS S.A.,BR_STOCK,ALPA4,2.5,C,0.5,C,5.0,Forte,11.41,12.24,12.57,11.68,10876011.85,False,0.0,False,0.0,False,0.0,False,0.0,False,0.0,False,False,0.68,13.62,False,False,False,False,False,False,False,16.464001,13.267442,2.2368164,955
FSLR34,FSLR34,BDR,FSLR (BDR: FSLR34),2.5,C,0.5,C,5.0,Forte,224.3,247.13,233.01,235.31,373085372.68,False,0.0,False,0.0,False,0.0,False,0.0,False,0.0,False,False,0.93,289.99,False,False,False,False,False,False,False,18.436000999999997,14.489665,2.4397938,956
GOEX39,GLOBAL X GOLD EXPLORERS ETF,BDR,GOEX (BDR: GOEX39),2.5,C,0.5,C,1.0,Fraco,68.21,77.36,84.88,80.52,319706.85,False,0.0,False,0.0,False,0.0,False,0.0,False,0.0,False,False,0.65,82.6,False,False,False,False,False,False,False,0.0,12.491608,999.0,957
CAML3,CAMIL ALIMENTOS S.A.,BR_STOCK,CAML3,2.5,C,0.5,C,1.0,Fraco,4.84,5.42,5.88,5.7,5689420.18,False,0.0,False,0.0,False,0.0,False,0.0,False,0.0,False,False,1.81,5.34,False,False,False,False,False,False,False,4.587,11.804878,0.5474494,958
SMTO3,SAO MARTINHO S.A.,BR_STOCK,SMTO3,2.5,C,0.5,C,3.0,OK,15.25,16.25,16.3,15.98,17856225.0,False,0.0,False,0.0,False,0.0,False,0.0,False,0.0,False,False,0.94,16.96,False,False,False,False,False,False,False,11.891,6.027668,0.6684199,959
G1FI34,G1FI34,BDR,GFI (BDR: G1FI34),2.5,C,0.5,C,5.0,Forte,32.88,38.86,44.56,43.33,115566660.63,False,0.0,False,0.0,False,0.0,False,0.0,False,0.0,False,False,0.91,41.27,False,False,False,False,False,False,False,51.931000000000004,8.345178,6.974968,960
L1HX34,L1HX34,BDR,LHX (BDR: L1HX34),2.5,C,0.5,C,2.0,Fraco,293.44,304.95,324.85,315.76,279590221.21,False,0.0,False,0.0,False,0.0,False,0.0,False,0.0,False,False,0.55,318.52,False,False,False,False,False,False,False,0.0,31.826464,2.8550024,961
M2PT34,M2PT34,BDR,MPT (BDR: M2PT34),2.5,C,0.5,C,1.0,Fraco,4.48,4.84,4.95,4.93,23902999.78,False,0.0,False,0.0,False,0.0,False,0.0,False,0.0,False,False,0.81,4.99,False,False,False,False,False,False,False,-2.6819998000000003,999.0,0.5892411,962
EQPA3,EQUATORIAL PARA DISTRIBUIDORA DE ENERGIA S.A.,BR_STOCK,EQPA3,2.5,C,0.5,C,3.0,OK,5.24,5.81,5.9,5.75,120519.99,False,0.0,False,0.0,False,0.0,False,0.0,False,0.0,False,False,0.38,6.57,False,False,False,False,False,False,False,28.201999999999998,7.485714,2.0801904,963
MMMC34,MMMC34,BDR,MMM (BDR: MMMC34),2.5,C,0.5,C,2.0,Fraco,154.7,152.98,155.96,156.84,251527962.64,False,0.0,False,0.0,False,0.0,False,0.0,False,0.0,False,False,0.48,169.76,False,False,False,False,False,False,False,71.458,29.864864,24.72826,964
GOLD11,GOLD11,ETF,GOLD11,2.5,C,0.5,C,0.0,Fraco,21.85,23.0,24.9,24.27,24101118.52,False,0.0,False,0.0,False,0.0,False,0.0,False,0.0,False,False,0.43,23.02,False,False,False,False,False,False,False,0.0,999.0,999.0,965
LOGN3,LOG-IN LOGISTICA INTERMODAL S.A.,BR_STOCK,LOGN3,2.5,C,0.5,C,0.0,Fraco,27.35,28.98,31.54,30.99,95725.0,False,0.0,False,0.0,False,0.0,False,0.0,False,0.0,False,False,0.32,29.01,False,False,False,False,False,False,False,2.8320000000000003,101.296295,2.7631845,966
S2FM34,S2FM34,BDR,SFM (BDR: S2FM34),2.5,C,0.5,C,3.0,OK,80.25,83.21,78.58,83.25,247127046.16,False,0.0,False,0.0,False,0.0,False,0.0,False,0.0,False,False,1.25,90.95,False,False,False,False,False,False,False,37.275999999999996,15.40403,5.291073,967
ALUP3,ALUPAR INVESTIMENTO S/A,BR_STOCK,ALUP3,2.5,C,0.5,C,2.0,Fraco,11.58,11.95,12.33,12.07,125064.0,False,0.0,False,0.0,False,0.0,False,0.0,False,0.0,False,False,1.57,12.3,False,False,False,False,False,False,False,12.679000000000002,10.157895,1.2330517,968
BMEB3,BCO MERCANTIL DO BRASIL S.A.,BR_STOCK,BMEB3,2.5,C,0.5,C,4.0,Forte,50.15,55.23,58.02,54.48,60180.0,False,0.0,False,0.0,False,0.0,False,0.0,False,0.0,False,False,0.26,57.49,False,False,False,False,False,False,False,32.384997999999996,6.437741,2.0701754,969
AXIA3,AXIA3,BR_STOCK,AXIA3,2.5,C,0.5,C,0.0,Fraco,53.05,54.61,57.2,56.36,313684645.49,False,0.0,False,0.0,False,0.0,False,0.0,False,0.0,False,False,0.65,55.94,False,False,False,False,False,False,False,0.0,0.0,0.0,970
H1AS34,H1AS34,BDR,HAS (BDR: H1AS34),2.5,C,0.5,C,2.0,Fraco,75.86,87.9,89.58,86.0,135320738.01,False,0.0,False,0.0,False,0.0,False,0.0,False,0.0,False,False,0.86,86.67,False,False,False,False,False,False,False,-23.316,999.0,16.566936,971
S1BS34,S1BS34,BDR,SBSW (BDR: S1BS34),2.5,C,0.5,C,2.0,Fraco,8.27,10.93,13.23,12.63,49418686.13,False,0.0,False,0.0,False,0.0,False,0.0,False,0.0,False,False,0.96,11.08,False,False,False,False,False,False,False,-10.2510005,999.0,4.809072,972
BMEB4,BCO MERCANTIL DO BRASIL S.A.,BR_STOCK,BMEB4,2.5,C,0.5,C,4.0,Forte,59.07,71.4,72.07,67.61,1169585.99,False,0.0,False,0.0,False,0.0,False,0.0,False,0.0,False,False,0.63,77.37,False,False,False,False,False,False,False,32.384997999999996,7.5827985,2.43839,973
MTSA4,METISA METALURGICA TIMBOENSE S.A.,BR_STOCK,MTSA4,2.5,C,0.5,C,2.0,Fraco,43.1,49.63,52.84,49.96,68960.0,False,0.0,False,0.0,False,0.0,False,0.0,False,0.0,False,False,0.91,47.99,False,False,False,False,False,False,False,8.376999999999999,9.908046,0.83504474,974
CEBR3,CIA ENERGETICA DE BRASILIA,BR_STOCK,CEBR3,2.5,C,0.5,C,3.0,OK,24.71,27.82,28.79,27.0,326171.99,False,0.0,False,0.0,False,0.0,False,0.0,False,0.0,False,False,1.96,28.0,False,False,False,False,False,False,False,16.638,11.1306305,1.8833841,975
VFCO34,VFCO34,BDR,VFC (BDR: VFCO34),2.5,C,0.5,C,2.0,Fraco,16.02,17.26,18.2,17.31,79720472.46,False,0.0,False,0.0,False,0.0,False,0.0,False,0.0,False,False,0.8,18.48,False,False,False,False,False,False,False,22.092,25.031252,1.6945208,976
B3SA3,B3 S.A. - BRASIL. BOLSA. BALCÃO,BR_STOCK,B3SA3,2.5,C,0.5,C,0.0,Fraco,14.24,15.81,16.01,15.15,431127385.07,False,0.0,False,0.0,False,0.0,False,0.0,False,0.0,False,False,0.87,15.55,False,False,False,False,False,False,False,0.0,0.0,0.0,977
PNVL3,DIMED S.A. DISTRIBUIDORA DE MEDICAMENTOS,BR_STOCK,PNVL3,2.5,C,0.5,C,3.0,OK,10.51,11.64,12.67,11.8,5204552.11,False,0.0,False,0.0,False,0.0,False,0.0,False,0.0,False,False,0.72,11.55,False,False,False,False,False,False,False,10.398,11.943182,1.2045845,978
BKCH39,GLOBAL X BLOCKCHAIN ETF,BDR,BKCH (BDR: BKCH39),2.5,C,0.5,C,1.0,Fraco,69.9,82.15,73.02,77.71,1740510.04,False,0.0,False,0.0,False,0.0,False,0.0,False,0.0,False,False,0.21,92.44,False,False,False,False,False,False,False,0.0,14.202409,999.0,979
RCSL4,RECRUSUL S.A.,BR_STOCK,RCSL4,2.5,C,0.5,C,0.0,Fraco,0.43,0.51,1.12,0.94,2485486.04,False,0.0,False,0.0,False,0.0,False,0.0,False,0.0,False,False,1.2,0.71,False,False,False,False,False,False,False,0.0,0.0,0.0,980
MOVI3,MOVIDA PARTICIPACOES SA,BR_STOCK,MOVI3,2.5,C,0.5,C,0.0,Fraco,8.52,9.92,11.29,10.53,49472234.66,False,0.0,False,0.0,False,0.0,False,0.0,False,0.0,False,False,1.47,10.14,False,False,False,False,False,False,False,0.0,0.0,0.0,981
CSAN3,COSAN S.A.,BR_STOCK,CSAN3,2.0,C,0.5,C,0.0,Fraco,3.75,4.08,5.12,5.38,41982750.0,False,0.0,False,0.0,False,0.0,False,0.0,False,0.0,True,False,0.47,3.92,False,False,False,False,False,False,False,0.0,0.0,0.0,982
QETH11,QETH11,ETF,QETH11,2.0,C,0.5,C,0.0,Fraco,6.41,6.97,8.64,10.14,276867.12,False,0.0,False,0.0,False,0.0,False,0.0,False,0.0,True,False,0.37,6.64,False,False,False,False,False,False,False,0.0,999.0,999.0,983
CORN11,CORN11,ETF,CORN11,2.0,C,0.5,C,0.0,Fraco,6.93,7.15,7.44,7.44,80672.13,False,0.0,False,0.0,False,0.0,False,0.0,False,0.0,True,False,3.51,7.14,False,False,False,False,False,False,False,0.0,999.0,999.0,984
S2TW34,S2TW34,BDR,STWD (BDR: S2TW34),2.0,C,0.5,C,2.0,Fraco,16.45,16.74,16.93,16.97,46007263.43,False,0.0,False,0.0,False,0.0,False,0.0,False,0.0,True,False,0.65,16.87,False,False,False,False,False,False,False,5.3000003,17.31579,0.9149564,985
VGHF11,VGHF11,ETF,VGHF11,2.0,C,0.5,C,1.0,Fraco,5.87,5.94,6.46,6.56,2457387.4,False,0.0,False,0.0,False,0.0,False,0.0,False,0.0,True,False,1.13,6.02,False,False,False,False,False,False,False,0.0,10.672727,999.0,986
ETHE11,ETHE11,ETF,ETHE11,2.0,C,0.5,C,0.0,Fraco,25.72,28.33,35.22,41.24,3098565.48,False,0.0,False,0.0,False,0.0,False,0.0,False,0.0,True,False,0.37,27.02,False,False,False,False,False,False,False,0.0,999.0,999.0,987
S1NN34,S1NN34,BDR,SNN (BDR: S1NN34),2.0,C,0.5,C,3.0,OK,29.95,30.27,32.23,32.8,28534563.73,False,0.0,False,0.0,False,0.0,False,0.0,False,0.0,True,False,0.58,31.4,False,False,False,False,False,False,False,11.844000000000001,20.944057,12.02425,988
O1TI34,O1TI34,BDR,OTIS (BDR: O1TI34),2.0,C,0.5,C,3.0,OK,72.07,72.67,81.19,83.16,202274255.66,False,0.0,False,0.0,False,0.0,False,0.0,False,0.0,True,False,0.86,75.29,False,False,False,False,False,False,False,0.0,19.167553,-4.894065,989
V1IP34,V1IP34,BDR,VIPS (BDR: V1IP34),2.0,C,0.5,C,5.0,Forte,13.73,13.97,15.72,16.35,24722566.7,False,0.0,False,0.0,False,0.0,False,0.0,False,0.0,True,False,0.6,14.14,False,False,False,False,False,False,False,17.788999999999998,6.269406,1.0921338,990
P2LT34,P2LT34,BDR,PLTR (BDR: P2LT34),2.0,C,0.5,C,4.0,Forte,132.22,133.82,149.84,157.33,5135205758.87,False,0.0,False,0.0,False,0.0,False,0.0,False,0.0,True,False,0.77,138.9,False,False,False,False,False,False,False,32.586999999999996,148.5618,37.50922,991
B1IL34,B1IL34,BDR,BILI (BDR: B1IL34),2.0,C,0.5,C,2.0,Fraco,18.03,18.79,24.36,25.19,41617965.44,False,0.0,False,0.0,False,0.0,False,0.0,False,0.0,True,False,0.96,18.64,False,False,False,False,False,False,False,9.361,36.795918,3.285279,992
RAIL3,RUMO S.A.,BR_STOCK,RAIL3,2.0,C,0.5,C,0.0,Fraco,13.25,14.2,15.11,15.2,104739925.0,False,0.0,False,0.0,False,0.0,False,0.0,False,0.0,True,False,0.72,13.81,False,False,False,False,False,False,False,0.0,0.0,0.0,993
P1DD34,P1DD34,BDR,PDD (BDR: P1DD34),2.0,C,0.5,C,4.0,Forte,84.74,88.48,100.34,107.71,677892357.67,False,0.0,False,0.0,False,0.0,False,0.0,False,0.0,True,False,0.89,85.02,False,False,False,False,False,False,False,25.4,8.9293995,1.9077511,994
VGRI11,VGRI11,ETF,VGRI11,2.0,C,0.5,C,0.0,Fraco,5.48,5.83,6.97,7.04,174642.12,False,0.0,False,0.0,False,0.0,False,0.0,False,0.0,True,False,0.62,5.56,False,False,False,False,False,False,False,0.0,999.0,999.0,995
XINA11,XINA11,ETF,XINA11,2.0,C,0.5,C,1.0,Fraco,7.07,7.19,7.83,8.07,486281.68,False,0.0,False,0.0,False,0.0,False,0.0,False,0.0,True,False,0.41,7.3,False,False,False,False,False,False,False,0.0,12.079034,999.0,996
A2LC34,A2LC34,BDR,ALC (BDR: A2LC34),2.0,C,0.5,C,2.0,Fraco,66.56,67.18,75.04,75.09,177790206.6,False,0.0,False,0.0,False,0.0,False,0.0,False,0.0,True,False,1.28,69.75,False,False,False,False,False,False,False,3.7100002,39.856285,1.4667253,997
DEOP34,DEOP34,BDR,DEO (BDR: DEOP34),2.0,C,0.5,C,3.0,OK,80.85,81.57,83.95,86.08,71835951.29,False,0.0,False,0.0,False,0.0,False,0.0,False,0.0,True,False,0.87,85.1,False,False,False,False,False,False,False,19.716998999999998,18.715277,69.78141,998
SMRE11,SMRE11,ETF,SMRE11,2.0,C,0.5,C,1.0,Fraco,52.37,55.82,58.63,60.75,101807.28,False,0.0,False,0.0,False,0.0,False,0.0,False,0.0,True,False,1.26,53.78,False,False,False,False,False,False,False,0.0,4.6592526,999.0,999
ROMI3,ROMI S.A.,BR_STOCK,ROMI3,2.0,C,0.5,C,2.0,Fraco,6.05,6.34,7.31,7.41,711480.02,False,0.0,False,0.0,False,0.0,False,0.0,False,0.0,True,False,1.09,6.33,False,False,False,False,False,False,False,6.368,7.2023816,0.4537954,1000
VITT3,VITTIA S.A.,BR_STOCK,VITT3,2.0,C,0.5,C,2.0,Fraco,3.3,3.34,3.76,3.87,441539.99,False,0.0,False,0.0,False,0.0,False,0.0,False,0.0,True,False,0.85,3.43,False,False,False,False,False,False,False,9.7720005,8.918919,0.82644624,1001
W1BO34,W1BO34,BDR,WB (BDR: W1BO34),2.0,C,0.5,C,3.0,OK,7.66,7.88,8.79,9.21,6085977.12,False,0.0,False,0.0,False,0.0,False,0.0,False,0.0,True,False,0.68,7.78,False,False,False,False,False,False,False,10.436,5.3566437,0.47495037,1002
DEFI11,DEFI11,ETF,DEFI11,2.0,C,0.5,C,0.0,Fraco,12.1,12.32,14.71,18.06,66586.3,False,0.0,False,0.0,False,0.0,False,0.0,False,0.0,True,False,0.65,12.6,False,False,False,False,False,False,False,0.0,999.0,999.0,1003
VINF11,VINF11,ETF,VINF11,2.0,C,0.5,C,0.0,Fraco,82.62,85.99,88.11,88.41,766217.91,False,0.0,False,0.0,False,0.0,False,0.0,False,0.0,True,False,2.01,86.96,False,False,False,False,False,False,False,0.0,999.0,999.0,1004
PYPL34,PYPL34,BDR,PYPL (BDR: PYPL34),2.0,C,0.5,C,4.0,Forte,44.53,44.56,48.76,53.3,409991929.11,False,0.0,False,0.0,False,0.0,False,0.0,False,0.0,True,False,0.56,46.06,False,False,False,False,False,False,False,25.120002000000003,8.354596,1.9836956,1005
MAXR11,MAXR11,ETF,MAXR11,2.0,C,0.5,C,0.0,Fraco,54.16,56.71,60.01,60.46,170928.96,False,0.0,False,0.0,False,0.0,False,0.0,False,0.0,True,False,8.93,56.31,False,False,False,False,False,False,False,0.0,999.0,999.0,1006
I1QY34,I1QY34,BDR,IQ (BDR: I1QY34),2.0,C,0.5,C,0.0,Fraco,1.05,1.1,1.51,1.7,5450279.9,False,0.0,False,0.0,False,0.0,False,0.0,False,0.0,True,False,0.63,1.09,False,False,False,False,False,False,False,-5.125,999.0,0.5265202,1007
FIIP11,FIIP11,ETF,FIIP11,2.0,C,0.5,C,0.0,Fraco,131.85,132.61,138.42,140.01,95591.25,False,0.0,False,0.0,False,0.0,False,0.0,False,0.0,True,False,0.25,136.05,False,False,False,False,False,False,False,7.7309996000000005,999.0,0.66069037,1008
VAMO3,VAMOS LOCAÇÃO DE CAMINHÕES. MÁQUINAS E EQUIP. S.A.,BR_STOCK,VAMO3,1.5,C,0.5,C,0.0,Fraco,2.81,3.17,3.63,3.53,53759513.91,False,0.0,False,0.0,False,0.0,False,0.0,False,0.0,False,False,1.81,3.2,False,False,False,False,False,False,False,0.0,0.0,0.0,1009
COGN3,COGNA EDUCAÇÃO S.A.,BR_STOCK,COGN3,1.5,C,0.5,C,0.0,Fraco,2.18,2.46,3.09,3.06,55784893.71,False,0.0,False,0.0,False,0.0,False,0.0,False,0.0,False,False,1.04,2.48,False,False,False,False,False,False,False,0.0,0.0,0.0,1010
CHME34,CHME34,BDR,CME (BDR: CHME34),1.5,C,0.5,C,4.0,Forte,243.07,265.38,278.77,274.41,800817959.99,False,0.0,False,0.0,False,0.0,False,0.0,False,0.0,False,False,0.74,270.0,False,False,False,False,False,False,False,15.919,20.739761,3.3037937,1011
C1PB34,C1PB34,BDR,CPB (BDR: C1PB34),1.5,C,0.5,C,3.0,OK,21.99,21.0,23.43,24.94,150954047.75,False,0.0,False,0.0,False,0.0,False,0.0,False,0.0,False,False,0.83,23.67,False,False,False,False,False,False,False,15.389,10.779412,1.6268402,1012
A2ZT34,A2ZT34,BDR,AZTA (BDR: A2ZT34),1.5,C,0.5,C,2.0,Fraco,24.51,22.2,27.39,28.34,12423261.27,False,0.0,False,0.0,False,0.0,False,0.0,False,0.0,False,False,0.74,27.05,False,False,False,False,False,False,False,-6.811,999.0,0.72665286,1013
S1SL34,S1SL34,BDR,SWKS (BDR: S1SL34),1.5,C,0.5,C,1.0,Fraco,58.49,70.63,62.9,64.87,416831921.46,False,0.0,False,0.0,False,0.0,False,0.0,False,0.0,False,False,1.19,79.2,False,False,False,False,False,False,False,6.171,24.370832,1.52572,1014
B1NT34,B1NT34,BDR,BNTX (BDR: B1NT34),1.5,C,0.5,C,1.0,Fraco,93.53,92.62,97.74,99.05,61259530.36,False,0.0,False,0.0,False,0.0,False,0.0,False,0.0,False,False,0.75,98.81,False,False,False,False,False,False,False,-6.656,999.0,1.1056347,1015
CVCB3,CVC BRASIL OPERADORA E AGÊNCIA DE VIAGENS S.A.,BR_STOCK,CVCB3,1.5,C,0.5,C,0.0,Fraco,1.22,1.64,2.0,1.96,7319634.17,False,0.0,False,0.0,False,0.0,False,0.0,False,0.0,False,False,0.91,1.49,False,False,False,False,False,False,False,0.0,0.0,0.0,1016
MELK3,MELNICK DESENVOLVIMENTO IMOBILIÁRIO S.A.,BR_STOCK,MELK3,1.5,C,0.5,C,4.0,Forte,3.09,3.23,3.48,3.48,1390190.96,False,0.0,False,0.0,False,0.0,False,0.0,False,0.0,False,False,1.47,3.34,False,False,False,False,False,False,False,13.383999999999999,5.237288,0.5804997,1017
MRVE3,MRV ENGENHARIA E PARTICIPACOES S.A.,BR_STOCK,MRVE3,1.5,C,0.5,C,0.0,Fraco,4.84,5.78,7.5,7.48,60927373.92,False,0.0,False,0.0,False,0.0,False,0.0,False,0.0,False,False,1.69,5.5,False,False,False,False,False,False,False,0.0,0.0,0.0,1018
N1DA34,N1DA34,BDR,NDAQ (BDR: N1DA34),1.5,C,0.5,C,4.0,Forte,84.39,87.43,88.85,88.41,366625938.71,False,0.0,False,0.0,False,0.0,False,0.0,False,0.0,False,False,0.79,92.75,False,False,False,False,False,False,False,16.2,25.418674,3.9606702,1019
SUZB3,SUZANO S.A.,BR_STOCK,SUZB3,1.5,C,0.5,C,0.0,Fraco,40.83,41.99,48.21,48.08,229730005.3,False,0.0,False,0.0,False,0.0,False,0.0,False,0.0,False,False,0.92,44.37,False,False,False,False,False,False,False,0.0,0.0,0.0,1020
V1ST34,V1ST34,BDR,VST (BDR: V1ST34),1.5,C,0.5,C,2.0,Fraco,154.82,154.07,159.19,167.34,383619361.77,False,0.0,False,0.0,False,0.0,False,0.0,False,0.0,False,False,0.63,171.35,False,False,False,False,False,False,False,42.897999999999996,25.889633,16.76993,1021
WUNI34,WUNI34,BDR,WU (BDR: WUNI34),1.5,C,0.5,C,2.0,Fraco,7.72,7.92,8.56,8.38,37556795.38,False,0.0,False,0.0,False,0.0,False,0.0,False,0.0,False,False,0.64,8.14,False,False,False,False,False,False,False,47.657,5.6764703,2.5444958,1022
BAZA3,BCO AMAZONIA S.A.,BR_STOCK,BAZA3,1.5,C,0.5,C,1.0,Fraco,61.0,62.03,65.68,65.07,213500.0,False,0.0,False,0.0,False,0.0,False,0.0,False,0.0,False,False,0.58,65.24,False,False,False,False,False,False,False,12.1879995,3.6724863,0.4760753,1023
S2UI34,S2UI34,BDR,SUI (BDR: S2UI34),1.5,C,0.5,C,2.0,Fraco,119.16,122.42,124.7,124.16,63711279.16,False,0.0,False,0.0,False,0.0,False,0.0,False,0.0,False,False,0.4,126.87,False,False,False,False,False,False,False,0.25099998,999.0,2.1747305,1024
VSTE3,VESTE S.A. ESTILO,BR_STOCK,VSTE3,1.5,C,0.5,C,1.0,Fraco,3.15,3.91,3.8,4.05,79380.0,False,0.0,False,0.0,False,0.0,False,0.0,False,0.0,False,False,0.82,4.37,False,False,False,False,False,False,False,0.0,7.0000005,0.3380191,1025
BRKM3,BRASKEM S.A.,BR_STOCK,BRKM3,1.5,C,0.5,C,1.0,Fraco,5.27,7.32,8.18,8.07,118048.0,False,0.0,False,0.0,False,0.0,False,0.0,False,0.0,False,False,0.34,8.51,False,False,False,False,False,False,False,0.0,999.0,-0.266903,1026
LOWC34,LOWC34,BDR,LOW (BDR: LOWC34),1.5,C,0.5,C,2.0,Fraco,212.85,220.86,242.21,241.14,472641526.85,False,0.0,False,0.0,False,0.0,False,0.0,False,0.0,False,False,0.81,228.81,False,False,False,False,False,False,False,0.0,17.977196,-12.881264,1027
W1DA34,W1DA34,BDR,WDAY (BDR: W1DA34),1.5,C,0.5,C,3.0,OK,137.88,128.95,153.46,173.5,549994653.04,False,0.0,False,0.0,False,0.0,False,0.0,False,0.0,False,False,0.85,145.81,False,False,False,False,False,False,False,10.857999999999999,43.0875,4.577689,1028
SIMH3,SIMPAR S.A.,BR_STOCK,SIMH3,1.5,C,0.5,C,1.0,Fraco,7.53,8.79,10.74,10.48,13308522.37,False,0.0,False,0.0,False,0.0,False,0.0,False,0.0,False,False,0.93,9.1,False,False,False,False,False,False,False,0.64499998,999.0,0.7553416,1029
I1PC34,I1PC34,BDR,IP (BDR: I1PC34),1.5,C,0.5,C,2.0,Fraco,36.67,34.0,37.44,38.42,137942265.51,False,0.0,False,0.0,False,0.0,False,0.0,False,0.0,False,False,0.77,39.82,False,False,False,False,False,False,False,-16.036,999.0,1.3110006,1030
TRXY11,TRXY11,ETF,TRXY11,1.5,C,0.5,C,1.0,Fraco,8.16,8.29,8.57,8.45,183404.16,False,0.0,False,0.0,False,0.0,False,0.0,False,0.0,False,False,1.2,8.61,False,False,False,False,False,False,False,0.0,16.32,999.0,1031
F2VR34,F2VR34,BDR,FVRR (BDR: F2VR34),1.5,C,0.5,C,3.0,OK,10.87,10.73,13.35,15.66,3968147.81,False,0.0,False,0.0,False,0.0,False,0.0,False,0.0,False,False,0.59,11.51,False,False,False,False,False,False,False,7.194000000000001,14.116883,0.92945707,1032
A2SO34,A2SO34,BDR,ASO (BDR: A2SO34),1.5,C,0.5,C,5.0,Forte,44.46,50.91,54.06,52.55,68197637.2,False,0.0,False,0.0,False,0.0,False,0.0,False,0.0,False,False,0.84,56.97,False,False,False,False,False,False,False,18.847998999999998,7.8551235,1.3312573,1033
DVFF11,DVFF11,ETF,DVFF11,1.5,C,0.5,C,1.0,Fraco,5.22,5.42,5.52,5.48,168167.51,False,0.0,False,0.0,False,0.0,False,0.0,False,0.0,False,False,3.74,5.66,False,False,False,False,False,False,False,0.0,3.3677418,999.0,1034
JALL3,JALLES MACHADO S.A.,BR_STOCK,JALL3,1.5,C,0.5,C,0.0,Fraco,1.97,2.6,2.94,2.9,2918752.04,False,0.0,False,0.0,False,0.0,False,0.0,False,0.0,False,False,0.88,2.47,False,False,False,False,False,False,False,0.47299997,65.66667,0.29552957,1035
F2IC34,F2IC34,BDR,FICO (BDR: F2IC34),1.5,C,0.5,C,2.0,Fraco,1266.08,1162.57,1321.94,1409.01,245648631.31,False,0.0,False,0.0,False,0.0,False,0.0,False,0.0,False,False,0.75,1335.61,False,False,False,False,False,False,False,0.0,40.065823,-14.033407,1036
C1MG34,C1MG34,BDR,CMG (BDR: C1MG34),1.5,C,0.5,C,2.0,Fraco,33.43,32.24,34.95,35.43,402324704.87,False,0.0,False,0.0,False,0.0,False,0.0,False,0.0,False,False,0.57,35.47,False,False,False,False,False,False,False,49.231997,30.669724,17.86745,1037
CRPG5,TRONOX PIGMENTOS DO BRASIL S.A.,BR_STOCK,CRPG5,1.5,C,0.5,C,2.0,Fraco,12.69,15.63,17.63,17.13,123093.0,False,0.0,False,0.0,False,0.0,False,0.0,False,0.0,False,False,4.51,15.25,False,False,False,False,False,False,False,-14.113999999999999,999.0,0.66838723,1038
N1CL34,N1CL34,BDR,NCLH (BDR: N1CL34),1.5,C,0.5,C,3.0,OK,18.47,18.37,20.32,20.69,315898123.96,False,0.0,False,0.0,False,0.0,False,0.0,False,0.0,False,False,0.94,21.95,False,False,False,False,False,False,False,29.533002000000003,15.2644615,3.4875376,1039
HSHY34,HSHY34,BDR,HSY (BDR: HSHY34),1.5,C,0.5,C,3.0,OK,174.41,183.81,194.98,191.14,233972240.78,False,0.0,False,0.0,False,0.0,False,0.0,False,0.0,False,False,0.59,184.47,False,False,False,False,False,False,False,23.233999999999998,32.478584,7.47322,1040
ARML3,ARMAC LOCAÇÃO. LOGÍSTICA E SERVIÇOS S.A.,BR_STOCK,ARML3,1.5,C,0.5,C,1.0,Fraco,2.9,3.49,4.38,4.11,3090820.1,False,0.0,False,0.0,False,0.0,False,0.0,False,0.0,False,False,1.35,3.4,False,False,False,False,False,False,False,5.58,20.714287,0.7863341,1041
BBIG11,BBIG11,ETF,BBIG11,1.5,C,0.5,C,1.0,Fraco,5.62,6.47,6.73,6.64,1727604.82,False,0.0,False,0.0,False,0.0,False,0.0,False,0.0,False,False,1.46,6.5,False,False,False,False,False,False,False,0.0,3.3652694,999.0,1042
SMAL11,SMAL11,ETF,SMAL11,1.5,C,0.5,C,1.0,Fraco,105.55,110.3,115.98,114.31,98808629.91,False,0.0,False,0.0,False,0.0,False,0.0,False,0.0,False,False,0.66,111.95,False,False,False,False,False,False,False,0.0,9.415709,999.0,1043
RECV3,PETRORECÔNCAVO S.A.,BR_STOCK,RECV3,1.5,C,0.5,C,0.0,Fraco,10.18,11.09,11.23,11.12,44723795.34,False,0.0,False,0.0,False,0.0,False,0.0,False,0.0,False,False,1.84,11.46,False,False,False,False,False,False,False,0.0,0.0,0.0,1044
N1OW34,N1OW34,BDR,NOW (BDR: N1OW34),1.5,C,0.5,C,4.0,Forte,107.78,101.12,116.01,131.65,1200827299.66,False,0.0,False,0.0,False,0.0,False,0.0,False,0.0,False,False,0.48,115.36,False,False,False,False,False,False,False,16.07,64.15476,9.477665,1045
Z2SC34,Z2SC34,BDR,ZS (BDR: Z2SC34),1.5,C,0.5,C,2.0,Fraco,143.55,142.31,169.18,203.01,381875881.07,False,0.0,False,0.0,False,0.0,False,0.0,False,0.0,False,False,0.95,155.36,False,False,False,False,False,False,False,-3.7100002,999.0,9.808678,1046
B1BW34,B1BW34,BDR,BBWI (BDR: B1BW34),1.5,C,0.5,C,2.0,Fraco,19.39,19.39,20.21,21.0,128791497.74,False,0.0,False,0.0,False,0.0,False,0.0,False,0.0,False,False,1.12,23.73,False,False,False,False,False,False,False,0.0,5.5085225,-3.4397728,1047
BRKM5,BRASKEM S.A.,BR_STOCK,BRKM5,1.5,C,0.5,C,0.0,Fraco,6.14,9.19,9.2,8.7,42379507.08,False,0.0,False,0.0,False,0.0,False,0.0,False,0.0,False,False,0.69,10.31,False,False,False,False,False,False,False,0.0,0.0,0.0,1048
LIFE11,LIFE11,ETF,LIFE11,1.5,C,0.5,C,1.0,Fraco,6.8,7.6,7.83,7.68,1227060.03,False,0.0,False,0.0,False,0.0,False,0.0,False,0.0,False,False,1.04,7.73,False,False,False,False,False,False,False,0.0,3.4517767,999.0,1049
BPAC3,BCO BTG PACTUAL S.A.,BR_STOCK,BPAC3,1.5,C,0.5,C,4.0,Forte,22.72,24.33,32.37,31.09,188575.99,False,0.0,False,0.0,False,0.0,False,0.0,False,0.0,False,False,0.66,24.0,False,False,False,False,False,False,False,24.84,15.046357,1.4699792,1050
T1OW34,T1OW34,BDR,AMT (BDR: T1OW34),1.5,C,0.5,C,3.0,OK,165.04,178.25,176.3,177.3,443898002.5,False,0.0,False,0.0,False,0.0,False,0.0,False,0.0,False,False,0.63,192.1,False,False,False,False,False,False,False,29.952,26.619354,21.833574,1051
ANIM3,ANIMA HOLDING S.A.,BR_STOCK,ANIM3,1.5,C,0.5,C,0.0,Fraco,2.55,3.18,3.84,3.71,14893529.72,False,0.0,False,0.0,False,0.0,False,0.0,False,0.0,False,False,1.21,3.21,False,False,False,False,False,False,False,0.0,0.0,0.0,1052
S2MP34,S2MP34,BDR,SMPL (BDR: S2MP34),1.5,C,0.5,C,1.0,Fraco,12.84,12.34,15.39,17.09,32080932.98,False,0.0,False,0.0,False,0.0,False,0.0,False,0.0,False,False,1.06,13.85,False,False,False,False,False,False,False,-6.39,999.0,0.779836,1053
S2RE34,S2RE34,BDR,ASR (BDR: S2RE34),1.5,C,0.5,C,4.0,Forte,284.69,298.48,319.12,315.53,24623123.0,False,0.0,False,0.0,False,0.0,False,0.0,False,0.0,False,False,1.31,316.66,False,False,False,False,False,False,False,17.817,15.305914,3.5223343,1054
XPBR31,XP INC.,BDR,XP (BDR: XPBR31),1.5,C,0.5,C,4.0,Forte,15.44,16.77,18.1,17.96,293203955.39,False,0.0,False,0.0,False,0.0,False,0.0,False,0.0,False,False,3.44,16.85,False,False,False,False,False,False,False,22.944,8.041667,1.6998563,1055
JBSS32,JBS N.V.,BDR,JBS (BDR: JBSS32),1.5,C,0.5,C,3.0,OK,11.82,12.96,14.0,13.66,39003150.37,False,0.0,False,0.0,False,0.0,False,0.0,False,0.0,False,False,0.41,12.71,False,False,False,False,False,False,False,22.102,7.296296,1.5374609,1056
E2ST34,E2ST34,BDR,ESTC (BDR: E2ST34),1.5,C,0.5,C,4.0,Forte,60.08,56.18,60.22,66.42,94027545.99,False,0.0,False,0.0,False,0.0,False,0.0,False,0.0,False,False,0.81,63.39,False,False,False,False,False,False,False,33.376998,17.516035,4.9302483,1057
J1EF34,J1EF34,BDR,JEF (BDR: J1EF34),1.5,C,0.5,C,3.0,OK,51.1,53.63,52.67,53.51,56092519.43,False,0.0,False,0.0,False,0.0,False,0.0,False,0.0,False,False,0.3,63.98,False,False,False,False,False,False,False,0.0,13.5904255,0.9844719,1058
S1HW34,S1HW34,BDR,SHW (BDR: S1HW34),1.5,C,0.5,C,3.0,OK,330.57,317.29,330.66,332.12,561917112.96,False,0.0,False,0.0,False,0.0,False,0.0,False,0.0,False,False,0.53,353.67,False,False,False,False,False,False,False,60.723000000000006,31.78558,18.292847,1059
ELCI34,ELCI34,BDR,EL (BDR: ELCI34),1.5,C,0.5,C,1.0,Fraco,81.8,83.14,92.64,92.25,272023456.15,False,0.0,False,0.0,False,0.0,False,0.0,False,0.0,False,False,1.02,91.54,False,False,False,False,False,False,False,-5.949,999.0,7.4114347,1060
U2ST34,U2ST34,BDR,U (BDR: U2ST34),1.5,C,0.5,C,2.0,Fraco,29.46,27.84,29.97,32.23,110278910.81,False,0.0,False,0.0,False,0.0,False,0.0,False,0.0,False,False,0.56,31.21,False,False,False,False,False,False,False,-20.111999,999.0,3.9390292,1061
S1PO34,S1PO34,BDR,SPOT (BDR: S1PO34),1.5,C,0.5,C,4.0,Forte,485.22,467.47,502.22,541.77,816976076.12,False,0.0,False,0.0,False,0.0,False,0.0,False,0.0,False,False,0.95,515.2,False,False,False,False,False,False,False,37.987998,33.075665,10.937751,1062
R1OP34,R1OP34,BDR,ROP (BDR: R1OP34),1.5,C,0.5,C,3.0,OK,354.89,337.34,367.83,394.43,254092378.24,False,0.0,False,0.0,False,0.0,False,0.0,False,0.0,False,False,0.57,375.99,False,False,False,False,False,False,False,9.012,22.16677,1.931164,1063
M1HK34,M1HK34,BDR,MHK (BDR: M1HK34),1.5,C,0.5,C,4.0,Forte,107.52,106.59,110.92,112.9,74565547.75,False,0.0,False,0.0,False,0.0,False,0.0,False,0.0,False,False,0.87,123.02,False,False,False,False,False,False,False,5.1030003,16.095808,0.78435946,1064
XPIE11,XPIE11,ETF,XPIE11,1.5,C,0.5,C,0.0,Fraco,45.79,49.85,50.5,50.16,573931.87,False,0.0,False,0.0,False,0.0,False,0.0,False,0.0,False,False,0.5,49.83,False,False,False,False,False,False,False,0.0,999.0,999.0,1065
COTY34,COTY34,BDR,COTY (BDR: COTY34),1.5,C,0.5,C,1.0,Fraco,2.14,2.14,2.54,2.87,18290925.44,False,0.0,False,0.0,False,0.0,False,0.0,False,0.0,False,False,0.44,2.4,False,False,False,False,False,False,False,-13.938,999.0,0.60916597,1066
U1LT34,U1LT34,BDR,ULTA (BDR: U1LT34),1.5,C,0.5,C,5.0,Forte,455.11,489.97,570.17,560.13,190509950.09,False,0.0,False,0.0,False,0.0,False,0.0,False,0.0,False,False,0.53,493.98,False,False,False,False,False,False,False,47.449002,17.058096,7.1699095,1067
AUAU3,UNIÃO PET PARTICIPAÇÕES S.A.,BR_STOCK,AUAU3,1.5,C,0.5,C,2.0,Fraco,3.1,3.29,3.29,3.29,4316129.87,False,0.0,False,0.0,False,0.0,False,0.0,False,0.0,False,False,0.76,3.37,False,False,False,False,False,False,False,6.5120004,999.0,0.79001015,1068
C2OU34,C2OU34,BDR,COUR (BDR: C2OU34),1.5,C,0.5,C,2.0,Fraco,5.74,5.61,6.24,7.07,29598733.58,False,0.0,False,0.0,False,0.0,False,0.0,False,0.0,False,False,0.59,6.26,False,False,False,False,False,False,False,-10.255,999.0,1.5380492,1069
FRAS3,FRASLE MOBILITY S.A.,BR_STOCK,FRAS3,1.5,C,0.5,C,0.0,Fraco,19.19,21.52,22.71,22.7,2932232.08,False,0.0,False,0.0,False,0.0,False,0.0,False,0.0,False,False,0.85,23.2,False,False,False,False,False,False,False,11.21,21.322224,2.2115939,1070
APXM11,APXM11,ETF,APXM11,1.5,C,0.0,C,0.0,Fraco,66.01,72.59,76.18,75.57,87925.32,False,0.0,False,0.0,False,0.0,False,0.0,False,0.0,False,False,1.91,74.59,False,False,False,False,False,False,False,0.0,999.0,999.0,1071
AURO11,AURO11,ETF,AURO11,1.5,C,0.5,C,0.0,Fraco,93.11,97.57,104.86,103.24,212756.35,False,0.0,False,0.0,False,0.0,False,0.0,False,0.0,False,False,0.8,98.2,False,False,False,False,False,False,False,0.0,999.0,999.0,1072
FOXC34,FOXC34,BDR,FOX (BDR: FOXC34),1.5,C,0.5,C,3.0,OK,47.95,54.74,57.17,56.79,61226396.97,False,0.0,False,0.0,False,0.0,False,0.0,False,0.0,False,False,0.5,61.96,False,False,False,False,False,False,False,15.2,12.618422,1.83942,1073
GLDI11,GLDI11,ETF,GLDI11,1.5,C,0.5,C,0.0,Fraco,53.02,56.39,58.83,58.21,139919.78,False,0.0,False,0.0,False,0.0,False,0.0,False,0.0,False,False,0.34,56.5,False,False,False,False,False,False,False,0.0,999.0,999.0,1074
KEPL3,KEPLER WEBER S.A.,BR_STOCK,KEPL3,1.5,C,0.5,C,3.0,OK,6.31,6.9,8.42,8.32,4623967.96,False,0.0,False,0.0,False,0.0,False,0.0,False,0.0,False,False,1.14,6.96,False,False,False,False,False,False,False,19.634001,7.423529,1.3813485,1075
ORCL34,ORCL34,BDR,ORCL (BDR: ORCL34),1.5,C,0.5,C,3.0,OK,140.49,184.15,174.6,196.71,4046580270.9,False,0.0,False,0.0,False,0.0,False,0.0,False,0.0,False,False,0.74,220.5,False,False,False,False,False,False,False,53.376000000000005,24.09777,10.773773,1076
JDCO34,JDCO34,BDR,JD (BDR: JDCO34),1.5,C,0.5,C,2.0,Fraco,27.63,29.05,28.29,29.1,330318601.7,False,0.0,False,0.0,False,0.0,False,0.0,False,0.0,False,False,1.24,29.22,False,False,False,False,False,False,False,6.0040000000000004,20.316175,1.1897721,1077
U1BE34,U1BE34,BDR,UBER (BDR: U1BE34),1.5,C,0.5,C,4.0,Forte,73.6,73.12,76.42,80.79,734779843.97,False,0.0,False,0.0,False,0.0,False,0.0,False,0.0,False,False,0.4,77.76,False,False,False,False,False,False,False,35.31,18.263025,6.0556192,1078
CSUD3,CSU DIGITAL S.A.,BR_STOCK,CSUD3,1.5,C,0.5,C,4.0,Forte,14.2,16.24,17.3,16.98,1628739.98,False,0.0,False,0.0,False,0.0,False,0.0,False,0.0,False,False,1.26,16.6,False,False,False,False,False,False,False,20.919999999999998,5.7489877,1.228055,1079
PAGS34,PAGS34,BDR,PAGS (BDR: PAGS34),1.5,C,0.5,C,4.0,Forte,8.77,9.21,9.83,9.7,24482473.6,False,0.0,False,0.0,False,0.0,False,0.0,False,0.0,False,False,0.86,9.33,False,False,False,False,False,False,False,14.518,6.2198586,0.8625698,1080
TGMA3,TEGMA GESTAO LOGISTICA S.A.,BR_STOCK,TGMA3,1.5,C,0.5,C,4.0,Forte,29.77,30.76,34.2,34.12,4021927.06,False,0.0,False,0.0,False,0.0,False,0.0,False,0.0,False,False,1.19,32.1,False,False,False,False,False,False,False,25.372,8.246538,2.1547482,1081
BRBI11,BRBI BR PARTNERS S.A.,BR_STOCK,BRBI11,1.5,C,0.5,C,2.0,Fraco,14.38,15.88,17.98,17.97,2023266.02,False,0.0,False,0.0,False,0.0,False,0.0,False,0.0,False,False,0.52,15.68,False,False,False,False,False,False,False,21.348,32.68182,1.9028715,1082
COPN11,COPN11,ETF,COPN11,1.5,C,0.5,C,0.0,Fraco,40.0,41.4,41.22,42.37,220960.0,False,0.0,False,0.0,False,0.0,False,0.0,False,0.0,False,False,1.13,42.79,False,False,False,False,False,False,False,0.0,999.0,999.0,1083
C1AG34,C1AG34,BDR,CAG (BDR: C1AG34),1.5,C,0.5,C,2.0,Fraco,13.77,13.62,15.6,15.95,98182994.96,False,0.0,False,0.0,False,0.0,False,0.0,False,0.0,False,False,0.22,14.55,False,False,False,False,False,False,False,-0.511,999.0,0.8069621,1084
TRIG11,TRIG11,ETF,TRIG11,1.5,C,0.5,C,1.0,Fraco,42.66,45.25,48.56,47.61,140180.76,False,0.0,False,0.0,False,0.0,False,0.0,False,0.0,False,False,1.83,45.7,False,False,False,False,False,False,False,0.0,7.1360455,999.0,1085
GRND3,GRENDENE S.A.,BR_STOCK,GRND3,1.5,C,0.5,C,0.0,Fraco,3.7,3.95,4.31,4.18,10865420.14,False,0.0,False,0.0,False,0.0,False,0.0,False,0.0,False,False,0.98,4.03,False,False,False,False,False,False,False,0.0,0.0,0.0,1086
FVPQ11,FVPQ11,ETF,FVPQ11,1.5,C,0.0,C,0.0,Fraco,59.48,62.96,66.57,66.54,64595.28,False,0.0,False,0.0,False,0.0,False,0.0,False,0.0,False,False,1.92,63.56,False,False,False,False,False,False,False,0.0,999.0,999.0,1087
LAVV3,LAVVI EMPREENDIMENTOS IMOBILIÁRIOS S.A.,BR_STOCK,LAVV3,1.5,C,0.5,C,4.0,Forte,10.4,11.53,14.37,14.02,4209919.85,False,0.0,False,0.0,False,0.0,False,0.0,False,0.0,False,False,0.96,11.94,False,False,False,False,False,False,False,26.556998,5.1231527,1.4861388,1088
POSI3,POSITIVO TECNOLOGIA S.A.,BR_STOCK,POSI3,1.5,C,0.5,C,2.0,Fraco,3.78,3.99,4.16,4.13,1420523.99,False,0.0,False,0.0,False,0.0,False,0.0,False,0.0,False,False,0.7,4.22,False,False,False,False,False,False,False,0.7900001,54.0,0.33801305,1089
SANB4,BCO SANTANDER (BRASIL) S.A.,BR_STOCK,SANB4,1.5,C,0.5,C,3.0,OK,13.39,14.11,15.61,15.45,4307563.11,False,0.0,False,0.0,False,0.0,False,0.0,False,0.0,False,False,2.1,14.39,False,False,False,False,False,False,False,10.467,8.164635,0.39659974,1090
TASA4,TAURUS ARMAS S.A.,BR_STOCK,TASA4,1.5,C,0.5,C,2.0,Fraco,4.64,4.65,5.02,4.94,1377615.96,False,0.0,False,0.0,False,0.0,False,0.0,False,0.0,False,False,1.13,5.18,False,False,False,False,False,False,False,-3.06,999.0,0.51774156,1091
G1MI34,G1MI34,BDR,GIS (BDR: G1MI34),1.5,C,0.5,C,1.0,Fraco,36.33,34.35,39.48,41.27,245267548.02,False,0.0,False,0.0,False,0.0,False,0.0,False,0.0,False,False,0.51,38.25,False,False,False,False,False,False,False,-1.028,999.0,3.508789,1092
MTRE3,MITRE REALTY EMPREENDIMENTOS E PARTICIPAÇÕES S.A.,BR_STOCK,MTRE3,1.5,C,0.5,C,4.0,Forte,3.2,3.43,3.6,3.55,2685760.04,False,0.0,False,0.0,False,0.0,False,0.0,False,0.0,False,False,1.35,3.48,False,False,False,False,False,False,False,8.293000000000001,5.5172415,0.33215696,1093
ROXO34,ROXO34,BDR,NU (BDR: ROXO34),1.5,C,0.5,C,3.0,OK,13.37,13.04,15.08,15.25,817253810.8,False,0.0,False,0.0,False,0.0,False,0.0,False,0.0,False,False,1.24,14.38,False,False,False,False,False,False,False,30.055,20.569231,5.164156,1094
ABCP11,ABCP11,ETF,ABCP11,1.5,C,0.0,C,1.0,Fraco,73.27,75.51,76.46,74.97,105288.99,False,0.0,False,0.0,False,0.0,False,0.0,False,0.0,False,False,1.99,78.99,False,False,False,False,False,False,False,0.0,6.673042,999.0,1095
P2OD34,P2OD34,BDR,PODD (BDR: P2OD34),1.5,C,0.5,C,4.0,Forte,157.46,154.79,219.67,245.27,148801123.48,False,0.0,False,0.0,False,0.0,False,0.0,False,0.0,False,False,0.59,167.82,False,False,False,False,False,False,False,22.997999,36.78972,8.37286,1096
CMCS34,CMCS34,BDR,CMCSA (BDR: CMCS34),1.5,C,0.5,C,3.0,OK,23.19,24.32,26.92,26.74,568657053.41,False,0.0,False,0.0,False,0.0,False,0.0,False,0.0,False,False,0.47,26.74,False,False,False,False,False,False,False,20.918,4.547059,0.9396653,1097
QUBT34,QUBT34,BDR,QUBT (BDR: QUBT34),1.5,C,0.5,C,2.0,Fraco,8.75,10.19,9.74,11.41,71573687.5,False,0.0,False,0.0,False,0.0,False,0.0,False,0.0,False,False,0.55,11.52,False,False,False,False,False,False,False,-4.367999999999999,999.0,1.2353523,1098
D2KN34,D2KN34,BDR,DKNG (BDR: D2KN34),1.5,C,0.5,C,1.0,Fraco,27.17,25.44,27.17,28.79,255850544.24,False,0.0,False,0.0,False,0.0,False,0.0,False,0.0,False,False,0.83,30.13,False,False,False,False,False,False,False,7.936,301.8889,22.27049,1099
P2AT34,P2AT34,BDR,PATH (BDR: P2AT34),1.5,C,0.5,C,4.0,Forte,11.42,10.83,12.44,12.97,647327333.0,False,0.0,False,0.0,False,0.0,False,0.0,False,0.0,False,False,0.9,12.31,False,False,False,False,False,False,False,18.181998999999998,19.033333,3.1236324,1100
A1PO34,A1PO34,BDR,APO (BDR: A1PO34),1.5,C,0.5,C,0.0,Fraco,118.14,128.28,126.86,127.02,243387773.7,False,0.0,False,0.0,False,0.0,False,0.0,False,0.0,False,False,0.33,141.73,False,False,False,False,False,False,False,8.491999999999999,74.30189,3.6709962,1101
U2PS34,U2PS34,BDR,UPST (BDR: U2PS34),1.5,C,0.5,C,1.0,Fraco,31.81,31.32,35.03,38.23,138712051.5,False,0.0,False,0.0,False,0.0,False,0.0,False,0.0,False,False,0.96,36.9,False,False,False,False,False,False,False,7.008,77.585365,4.1527414,1102
ECOR3,ECORODOVIAS INFRAESTRUTURA E LOGÍSTICA S.A.,BR_STOCK,ECOR3,1.5,C,0.5,C,0.0,Fraco,7.18,7.6,9.1,8.82,38593217.08,False,0.0,False,0.0,False,0.0,False,0.0,False,0.0,False,False,1.33,7.68,False,False,False,False,False,False,False,0.0,0.0,0.0,1103
SLCE3,SLC AGRICOLA S.A.,BR_STOCK,SLCE3,1.5,C,0.5,C,0.0,Fraco,13.21,15.19,15.86,15.31,70517622.2,False,0.0,False,0.0,False,0.0,False,0.0,False,0.0,False,False,1.39,14.96,False,False,False,False,False,False,False,0.0,0.0,0.0,1104
R2BL34,R2BL34,BDR,RBLX (BDR: R2BL34),1.5,C,0.5,C,1.0,Fraco,55.12,47.54,62.7,76.71,338952385.91,False,0.0,False,0.0,False,0.0,False,0.0,False,0.0,False,False,0.59,58.43,False,False,False,False,False,False,False,-311.935,999.0,91.25828,1105
G1DS34,G1DS34,BDR,GDS (BDR: G1DS34),1.5,C,0.5,C,3.0,OK,32.82,36.6,39.57,38.48,75729523.7,False,0.0,False,0.0,False,0.0,False,0.0,False,0.0,False,False,0.9,38.07,False,False,False,False,False,False,False,10.0109994,19.420118,1.5249385,1106
C1CL34,C1CL34,BDR,CCL (BDR: C1CL34),1.5,C,0.5,C,3.0,OK,25.64,27.23,28.05,27.97,592314574.42,False,0.0,False,0.0,False,0.0,False,0.0,False,0.0,False,False,0.96,31.6,False,False,False,False,False,False,False,26.689,11.549549,2.7126534,1107
HOME34,HOME34,BDR,HD (BDR: HOME34),1.5,C,0.5,C,2.0,Fraco,336.21,323.63,344.64,352.19,1123292374.69,False,0.0,False,0.0,False,0.0,False,0.0,False,0.0,False,False,0.65,358.85,False,False,False,False,False,False,False,128.38,23.878551,24.159958,1108
E2NO34,E2NO34,BDR,ENVX (BDR: E2NO34),1.5,C,0.5,C,1.0,Fraco,5.12,6.68,6.66,7.61,28191861.38,False,0.0,False,0.0,False,0.0,False,0.0,False,0.0,False,False,0.93,7.68,False,False,False,False,False,False,False,-71.313006,999.0,4.5194006,1109
SYNE3,SYN PROP E TECH S.A.,BR_STOCK,SYNE3,1.5,C,0.5,C,3.0,OK,4.15,3.87,4.41,4.46,2084545.05,False,0.0,False,0.0,False,0.0,False,0.0,False,0.0,False,False,1.31,4.4,False,False,False,False,False,False,False,4.662,9.651163,0.9142983,1110
SMAC11,SMAC11,ETF,SMAC11,1.5,C,0.5,C,1.0,Fraco,55.05,57.69,60.67,59.78,55545.45,False,0.0,False,0.0,False,0.0,False,0.0,False,0.0,False,False,0.07,58.18,False,False,False,False,False,False,False,0.0,9.27876,999.0,1111
BKNG34,BKNG34,BDR,BKNG (BDR: BKNG34),1.5,C,0.5,C,2.0,Fraco,174.29,168.5,182.23,187.8,871541817.26,False,0.0,False,0.0,False,0.0,False,0.0,False,0.0,False,False,0.52,188.31,False,False,False,False,False,False,False,0.0,22.963108,-15.582476,1112
S2HO34,S2HO34,BDR,SHOP (BDR: S2HO34),1.5,C,0.5,C,2.0,Fraco,119.22,111.91,128.61,135.8,656528690.46,False,0.0,False,0.0,False,0.0,False,0.0,False,0.0,False,False,0.56,125.94,False,False,False,False,False,False,False,11.311,116.882355,12.4058275,1113
M2PM34,M2PM34,BDR,MP (BDR: M2PM34),1.5,C,0.5,C,2.0,Fraco,53.0,61.05,59.44,61.58,256489578.0,False,0.0,False,0.0,False,0.0,False,0.0,False,0.0,False,False,1.04,63.14,False,False,False,False,False,False,False,-4.167,999.0,4.78685,1114
C1CI34,C1CI34,BDR,CCI (BDR: C1CI34),1.5,C,0.5,C,0.0,Fraco,76.9,86.6,85.41,86.69,278828947.13,False,0.0,False,0.0,False,0.0,False,0.0,False,0.0,False,False,0.75,93.01,False,False,False,False,False,False,False,0.0,32.447258,-17.4614,1115
BRST3,BRISANET SERVIÇOS DE TELECOMUNICAÇÕES S.A.,BR_STOCK,BRST3,1.5,C,0.5,C,1.0,Fraco,2.75,2.81,3.08,3.06,699050.0,False,0.0,False,0.0,False,0.0,False,0.0,False,0.0,False,False,0.85,2.9,False,False,False,False,False,False,False,2.5390001,34.375,0.78014183,1116
M1CB34,M1CB34,BDR,TAP (BDR: M1CB34),0.5,C,0.5,C,3.0,OK,38.79,40.53,44.07,44.11,155109266.34,False,0.0,False,0.0,False,0.0,False,0.0,False,0.0,False,False,1.19,42.04,False,False,False,False,False,False,False,-18.080999000000002,999.0,0.7244374,1117
O2LE34,O2LE34,BDR,OLED (BDR: O2LE34),0.5,C,0.5,C,2.0,Fraco,79.68,89.45,102.47,110.55,55822453.65,False,0.0,False,0.0,False,0.0,False,0.0,False,0.0,False,False,0.92,93.6,False,False,False,False,False,False,False,12.697,17.746103,2.1861281,1118
ORLY34,ORLY34,BDR,ORLY (BDR: ORLY34),0.5,C,0.5,C,2.0,Fraco,84.98,90.25,92.63,94.54,665123104.89,False,0.0,False,0.0,False,0.0,False,0.0,False,0.0,False,False,0.76,93.52,False,False,False,False,False,False,False,0.0,27.680784,-66.287056,1119
DISB34,DISB34,BDR,DIS (BDR: DISB34),0.5,C,0.5,C,3.0,OK,96.7,101.03,103.73,105.05,602255703.79,False,0.0,False,0.0,False,0.0,False,0.0,False,0.0,False,False,0.52,103.74,False,False,False,False,False,False,False,11.01,15.471999,1.5522416,1120
MBRF3,MBRF3,BR_STOCK,MBRF3,0.5,C,0.5,C,0.0,Fraco,15.38,16.58,18.38,18.52,169066189.26,False,0.0,False,0.0,False,0.0,False,0.0,False,0.0,False,False,2.09,18.4,False,False,False,False,False,False,False,0.0,0.0,0.0,1121
AMBP3,AMBIPAR PARTICIPACOES E EMPREENDIMENTOS S/A,BR_STOCK,AMBP3,0.5,C,0.5,C,0.0,Fraco,0.16,0.18,0.23,0.88,1521023.97,False,0.0,False,0.0,False,0.0,False,0.0,False,0.0,False,False,2.2,0.21,False,False,False,False,False,False,False,0.0,0.0,0.0,1122
B2AH34,B2AH34,BDR,BAH (BDR: B2AH34),0.5,C,0.5,C,3.0,OK,62.68,72.97,79.91,82.5,96522123.39,False,0.0,False,0.0,False,0.0,False,0.0,False,0.0,False,False,0.51,79.75,False,False,False,False,False,False,False,80.74,9.084058,6.8263993,1123
SOJA3,BOA SAFRA SEMENTES S.A.,BR_STOCK,SOJA3,0.5,C,0.5,C,2.0,Fraco,5.89,6.35,7.53,7.98,3223596.93,False,0.0,False,0.0,False,0.0,False,0.0,False,0.0,False,False,1.29,6.56,False,False,False,False,False,False,False,5.975,73.625,0.62163585,1124
W1PP34,W1PP34,BDR,WPP (BDR: W1PP34),0.5,C,0.5,C,0.0,Fraco,17.14,17.92,18.71,19.49,7052904.07,False,0.0,False,0.0,False,0.0,False,0.0,False,0.0,False,False,0.5,19.31,False,False,False,False,False,False,False,-5.287,999.0,5.4958744,1125
CRIP34,CRIP34,BDR,TCOM (BDR: CRIP34),0.5,C,0.5,C,4.0,Forte,41.38,47.73,56.04,60.12,90983698.03,False,0.0,False,0.0,False,0.0,False,0.0,False,0.0,False,False,0.46,48.83,False,False,False,False,False,False,False,20.143999,6.2132134,1.1043861,1126
G1AR34,G1AR34,BDR,IT (BDR: G1AR34),0.5,C,0.5,C,3.0,OK,134.68,148.46,177.07,193.67,106410258.17,False,0.0,False,0.0,False,0.0,False,0.0,False,0.0,False,False,0.57,164.3,False,False,False,False,False,False,False,94.878,13.3083,144.19699,1127
BITB39,ISHARES U.S. HOME CONSTRUCTION ETF,BDR,BITB (BDR: BITB39),0.5,C,0.5,C,0.0,Fraco,33.77,38.11,41.19,45.44,39322227.54,False,0.0,False,0.0,False,0.0,False,0.0,False,0.0,False,False,0.59,36.51,False,False,False,False,False,False,False,0.0,999.0,999.0,1128
ALLD3,ALLIED TECNOLOGIA S.A.,BR_STOCK,ALLD3,0.5,C,0.5,C,4.0,Forte,4.6,5.49,6.83,6.89,1227739.97,False,0.0,False,0.0,False,0.0,False,0.0,False,0.0,False,False,0.6,5.48,False,False,False,False,False,False,False,21.81,1.3180516,0.28672943,1129
D2OX34,D2OX34,BDR,DOX (BDR: D2OX34),0.5,C,0.5,C,4.0,Forte,51.34,58.31,67.23,70.23,62897455.63,False,0.0,False,0.0,False,0.0,False,0.0,False,0.0,False,False,0.65,58.85,False,False,False,False,False,False,False,15.858,10.247504,1.6114756,1130
AXIA7,AXIA7,BR_STOCK,AXIA7,0.5,C,0.5,C,2.0,Fraco,51.85,52.87,54.56,54.56,31898119.06,False,0.0,False,0.0,False,0.0,False,0.0,False,0.0,False,False,0.5,54.68,False,False,False,False,False,False,False,7.861999999999999,999.0,1.2154243,1131
TOKY3,TOKY3,BR_STOCK,TOKY3,0.5,C,0.5,C,0.0,Fraco,0.38,0.6,1.87,2.37,135090.0,False,0.0,False,0.0,False,0.0,False,0.0,False,0.0,False,False,0.82,0.53,False,False,False,False,False,False,False,-121.55499999999999,999.0,0.18590999,1132
PTBL3,PBG S/A,BR_STOCK,PTBL3,0.5,C,0.5,C,1.0,Fraco,1.64,1.84,2.7,2.96,550548.0,False,0.0,False,0.0,False,0.0,False,0.0,False,0.0,False,False,1.04,1.86,False,False,False,False,False,False,False,-146.734,999.0,8.723405,1133
MDIA3,M.DIAS BRANCO S.A. IND COM DE ALIMENTOS,BR_STOCK,MDIA3,0.5,C,0.5,C,4.0,Forte,17.5,19.46,22.32,23.46,5449500.0,False,0.0,False,0.0,False,0.0,False,0.0,False,0.0,False,False,0.82,19.15,False,False,False,False,False,False,False,8.540000000000001,8.495146,0.7019655,1134
TFCO4,TRACK & FIELD CO S.A.,BR_STOCK,TFCO4,0.5,C,0.5,C,4.0,Forte,14.7,15.04,15.73,16.05,4324739.94,False,0.0,False,0.0,False,0.0,False,0.0,False,0.0,False,False,0.63,16.08,False,False,False,False,False,False,False,26.393,15.638298,3.7847579,1135
W1HR34,W1HR34,BDR,WHR (BDR: W1HR34),0.5,C,0.5,C,1.0,Fraco,37.67,42.95,61.15,63.9,132834207.74,False,0.0,False,0.0,False,0.0,False,0.0,False,0.0,False,False,1.45,44.95,False,False,False,False,False,False,False,5.4840002,12.76949,0.64741766,1136
EIDO39,ISHARES MSCI INDONESIA ETF,BDR,EIDO (BDR: EIDO39),0.5,C,0.5,C,1.0,Fraco,11.76,12.87,15.71,16.16,18368497.08,False,0.0,False,0.0,False,0.0,False,0.0,False,0.0,False,False,0.81,12.85,False,False,False,False,False,False,False,0.0,9.193812,999.0,1137
EVEN3,EVEN CONSTRUTORA E INCORPORADORA S.A.,BR_STOCK,EVEN3,0.5,C,0.5,C,2.0,Fraco,5.27,5.63,6.8,6.83,4571197.98,False,0.0,False,0.0,False,0.0,False,0.0,False,0.0,False,False,1.17,5.98,False,False,False,False,False,False,False,12.1929996,2.6482413,0.5354059,1138
AERI3,AERIS IND. E COM. DE EQUIP. GERACAO DE ENERGIA S/A,BR_STOCK,AERI3,0.5,C,0.5,C,0.0,Fraco,2.03,2.3,2.78,3.11,333935.0,False,0.0,False,0.0,False,0.0,False,0.0,False,0.0,False,False,5.35,2.37,False,False,False,False,False,False,False,0.0,999.0,-0.14916599,1139
OBTC3,ORANJEBTC S.A. - EDUCAÇÃO E INVESTIMENTO,BR_STOCK,OBTC3,0.5,C,0.5,C,1.0,Fraco,5.99,6.51,7.44,7.44,958399.96,False,0.0,False,0.0,False,0.0,False,0.0,False,0.0,False,False,0.57,6.49,False,False,False,False,False,False,False,0.0,999.0,1.0269158,1140
AALR3,ALLIANÇA SAÚDE E PARTICIPAÇÕES S.A.,BR_STOCK,AALR3,0.5,C,0.5,C,3.0,OK,3.1,3.14,3.89,4.33,457559.99,False,0.0,False,0.0,False,0.0,False,0.0,False,0.0,False,False,2.79,3.5,False,False,False,False,False,False,False,-6.186,999.0,0.4426042,1141
S2NA34,S2NA34,BDR,SNAP (BDR: S2NA34),0.5,C,0.5,C,1.0,Fraco,4.63,5.43,5.95,6.47,130930925.95,False,0.0,False,0.0,False,0.0,False,0.0,False,0.0,False,False,0.66,5.94,False,False,False,False,False,False,False,-18.648,999.0,3.7703583,1142
P2CO34,P2CO34,BDR,PCOR (BDR: P2CO34),0.5,C,0.5,C,2.0,Fraco,43.85,47.3,56.95,61.04,81944553.1,False,0.0,False,0.0,False,0.0,False,0.0,False,0.0,False,False,0.45,48.62,False,False,False,False,False,False,False,-6.455999599999999,999.0,5.5067186,1143
CAPH34,CAPH34,BDR,CPRI (BDR: CAPH34),0.5,C,0.5,C,1.0,Fraco,17.9,18.93,20.93,21.07,89746463.19,False,0.0,False,0.0,False,0.0,False,0.0,False,0.0,False,False,1.78,21.95,False,False,False,False,False,False,False,35.088003,27.538462,25.755396,1144
AZEV3,AZEVEDO E TRAVASSOS S.A.,BR_STOCK,AZEV3,0.5,C,0.5,C,1.0,Fraco,1.42,3.14,4.6,5.22,207319.99,False,0.0,False,0.0,False,0.0,False,0.0,False,0.0,False,False,0.72,3.4,False,False,False,False,False,False,False,-145.301,999.0,0.37358588,1145
MEAL3,INTERNATIONAL MEAL COMPANY ALIMENTACAO S.A.,BR_STOCK,MEAL3,0.5,C,0.5,C,0.0,Fraco,0.88,0.97,1.08,1.13,116600.0,False,0.0,False,0.0,False,0.0,False,0.0,False,0.0,False,False,0.33,0.97,False,False,False,False,False,False,False,-20.297001,999.0,0.29343113,1146
TCSA3,TECNISA S.A.,BR_STOCK,TCSA3,0.5,C,0.5,C,0.0,Fraco,0.75,1.07,1.25,1.29,80700.0,False,0.0,False,0.0,False,0.0,False,0.0,False,0.0,False,False,1.32,1.11,False,False,False,False,False,False,False,-34.837002,999.0,0.21216407,1147
AZUL3,AZUL S.A.,BR_STOCK,AZUL3,0.5,C,0.5,C,3.0,OK,22.44,27.37,1799402.3,1799402.3,1914132.05,False,0.0,False,0.0,False,0.0,False,0.0,False,0.0,False,False,0.8,25.75,False,False,False,False,False,False,False,0.0,1.4152159e-05,-2.1704228,1148
DOTZ3,DOTZ S.A.,BR_STOCK,DOTZ3,0.5,C,0.5,C,2.0,Fraco,3.84,4.06,4.07,4.92,323711.99,False,0.0,False,0.0,False,0.0,False,0.0,False,0.0,False,False,1.46,5.8,False,False,False,False,False,False,False,0.0,6.9818177,-0.21188545,1149
AMAR3,MARISA LOJAS S.A.,BR_STOCK,AMAR3,0.5,C,0.5,C,0.0,Fraco,0.58,0.69,0.86,0.94,147088.0,False,0.0,False,0.0,False,0.0,False,0.0,False,0.0,False,False,1.93,0.69,False,False,False,False,False,False,False,-76.019996,999.0,2.310757,1150
AGXY3,AGROGALAXY PARTICIPAÇÕES S.A.,BR_STOCK,AGXY3,0.5,C,0.5,C,0.0,Fraco,1.77,1.88,2.75,3.47,76110.0,False,0.0,False,0.0,False,0.0,False,0.0,False,0.0,False,False,2.81,1.88,False,False,False,False,False,False,False,0.0,999.0,-0.15979056,1151
IFCM3,INFRACOMMERCE CXAAS S.A.,BR_STOCK,IFCM3,0.5,C,0.5,C,0.0,Fraco,2.09,3.1,4.16,6.61,67716.0,False,0.0,False,0.0,False,0.0,False,0.0,False,0.0,False,False,0.45,3.65,False,False,False,False,False,False,False,-15939.978,999.0,0.35916823,1152
C1PR34,C1PR34,BDR,CPRT (BDR: C1PR34),0.5,C,0.5,C,5.0,Forte,28.59,31.64,35.32,37.27,300010567.51,False,0.0,False,0.0,False,0.0,False,0.0,False,0.0,False,False,0.7,31.62,False,False,False,False,False,False,False,17.607,17.757765,3.0167775,1153
I2NG34,I2NG34,BDR,INGR (BDR: I2NG34),0.5,C,0.5,C,3.0,OK,97.96,101.47,108.28,109.36,68071619.68,False,0.0,False,0.0,False,0.0,False,0.0,False,0.0,False,False,0.78,103.63,False,False,False,False,False,False,False,16.193001000000002,9.419231,1.4080579,1154
ACNB34,ACNB34,BDR,ACN (BDR: ACNB34),0.5,C,0.5,C,5.0,Forte,137.19,163.8,209.44,217.8,939916281.92,False,0.0,False,0.0,False,0.0,False,0.0,False,0.0,False,False,0.47,180.18,False,False,False,False,False,False,False,24.406,10.957667,2.6321445,1155
U2PW34,U2PW34,BDR,UPWK (BDR: U2PW34),0.5,C,0.5,C,4.0,Forte,8.56,8.89,13.63,14.6,22386198.7,False,0.0,False,0.0,False,0.0,False,0.0,False,0.0,False,False,0.83,9.29,False,False,False,False,False,False,False,18.756,10.567902,1.856833,1156
QUAL3,QUALICORP CONSULTORIA E CORRETORA DE SEGUROS S.A.,BR_STOCK,QUAL3,0.5,C,0.5,C,1.0,Fraco,1.59,1.74,2.02,2.12,2285943.05,False,0.0,False,0.0,False,0.0,False,0.0,False,0.0,False,False,0.72,1.93,False,False,False,False,False,False,False,0.874,79.5,0.34215626,1157
Z1TS34,Z1TS34,BDR,ZTS (BDR: Z1TS34),0.5,C,0.5,C,4.0,Forte,75.1,83.76,109.18,115.55,279896718.01,False,0.0,False,0.0,False,0.0,False,0.0,False,0.0,False,False,0.54,82.98,False,False,False,False,False,False,False,67.74799999999999,12.311476,9.580303,1158
BIOM3,BIOMM S.A.,BR_STOCK,BIOM3,0.5,C,0.5,C,2.0,Fraco,6.24,6.87,7.04,7.44,474863.98,False,0.0,False,0.0,False,0.0,False,0.0,False,0.0,False,False,0.61,7.11,False,False,False,False,False,False,False,5.133,52.0,2.640711,1159
ETER3,ETERNIT S.A.,BR_STOCK,ETER3,0.5,C,0.5,C,2.0,Fraco,3.65,3.72,3.84,3.91,230680.01,False,0.0,False,0.0,False,0.0,False,0.0,False,0.0,False,False,1.19,4.1,False,False,False,False,False,False,False,3.061,4.74026,0.27139565,1160
ESPA3,MPM CORPÓREOS S.A.,BR_STOCK,ESPA3,0.5,C,0.5,C,4.0,Forte,7.41,7.93,9.6,9.96,355679.99,False,0.0,False,0.0,False,0.0,False,0.0,False,0.0,False,False,0.69,7.8,False,False,False,False,False,False,False,1.49,17.232557,0.30534035,1161
SCAR3,SAO CARLOS EMPREEND E PARTICIPACOES S.A.,BR_STOCK,SCAR3,0.5,C,0.5,C,1.0,Fraco,12.4,13.06,14.11,14.54,355879.99,False,0.0,False,0.0,False,0.0,False,0.0,False,0.0,False,False,1.27,12.9,False,False,False,False,False,False,False,-6.578,999.0,0.68523425,1162
BSLI3,BRB BCO DE BRASILIA S.A.,BR_STOCK,BSLI3,0.5,C,0.5,C,4.0,Forte,2.99,3.43,4.76,5.75,64883.0,False,0.0,False,0.0,False,0.0,False,0.0,False,0.0,False,False,0.55,3.59,False,False,False,False,False,False,False,25.134,1.480198,0.3648121,1163
RENT4,LOCALIZA RENT A CAR S.A.,BR_STOCK,RENT4,0.5,C,0.5,C,3.0,OK,37.32,40.59,43.04,43.04,757595.99,False,0.0,False,0.0,False,0.0,False,0.0,False,0.0,False,False,0.21,41.3,False,False,False,False,False,False,False,8.53,18.028986,1.5534465,1164
RSUL4,METALURGICA RIOSULENSE S.A.,BR_STOCK,RSUL4,0.5,C,0.5,C,3.0,OK,50.45,61.01,63.29,63.31,201800.0,False,0.0,False,0.0,False,0.0,False,0.0,False,0.0,False,False,0.72,62.28,False,False,False,False,False,False,False,23.319000000000003,4.8791103,1.0660553,1165
TGAR11,TGAR11,ETF,TGAR11,0.5,C,0.5,C,0.0,Fraco,51.03,56.77,69.88,71.86,4442263.45,False,0.0,False,0.0,False,0.0,False,0.0,False,0.0,False,False,0.92,54.84,False,False,False,False,False,False,False,0.0,999.0,999.0,1166
HASH11,HASH11,ETF,HASH11,0.5,C,0.5,C,0.0,Fraco,41.5,45.73,52.62,59.67,9050776.5,False,0.0,False,0.0,False,0.0,False,0.0,False,0.0,False,False,0.47,44.03,False,False,False,False,False,False,False,0.0,999.0,999.0,1167
HBRE3,HBR REALTY EMPREENDIMENTOS IMOBILIARIOS S/A,BR_STOCK,HBRE3,0.5,C,0.5,C,3.0,OK,2.09,2.72,3.22,3.4,2027717.92,False,0.0,False,0.0,False,0.0,False,0.0,False,0.0,False,False,1.04,2.84,False,False,False,False,False,False,False,3.6670000000000003,7.2068963,0.11889862,1168
DEFT31,DEFI TECHNOLOGIES INC,BDR,DEFT (BDR: DEFT31),0.5,C,0.5,C,3.0,OK,0.5,0.63,0.76,1.04,603421.44,False,0.0,False,0.0,False,0.0,False,0.0,False,0.0,False,False,0.5,0.64,False,False,False,False,False,False,False,35.292,6.22125,1.263198,1169
A2RE34,A2RE34,BDR,ARES (BDR: A2RE34),0.5,C,0.5,C,2.0,Fraco,118.0,122.0,129.91,134.49,158331574.0,False,0.0,False,0.0,False,0.0,False,0.0,False,0.0,False,False,0.48,140.48,False,False,False,False,False,False,False,14.182,54.37788,10.36998,1170
COIN11,COIN11,ETF,COIN11,0.5,C,0.5,C,0.0,Fraco,38.35,42.13,46.59,51.38,2999084.93,False,0.0,False,0.0,False,0.0,False,0.0,False,0.0,False,False,0.94,40.84,False,False,False,False,False,False,False,0.0,999.0,999.0,1171
QBTC11,QBTC11,ETF,QBTC11,0.5,C,0.5,C,0.0,Fraco,19.42,21.45,24.04,26.83,1468618.09,False,0.0,False,0.0,False,0.0,False,0.0,False,0.0,False,False,0.33,20.63,False,False,False,False,False,False,False,0.0,999.0,999.0,1172
URPR11,URPR11,ETF,URPR11,0.5,C,0.5,C,1.0,Fraco,19.45,24.05,30.94,31.17,1035381.89,False,0.0,False,0.0,False,0.0,False,0.0,False,0.0,False,False,0.73,23.63,False,False,False,False,False,False,False,0.0,1.7959373,999.0,1173
B2MB34,B2MB34,BDR,BMBL (BDR: B2MB34),0.5,C,0.5,C,2.0,Fraco,3.0,3.24,3.4,3.83,5933544.0,False,0.0,False,0.0,False,0.0,False,0.0,False,0.0,False,False,0.38,3.45,False,False,False,False,False,False,False,-82.56099999999999,999.0,0.6338475,1174
F1NI34,F1NI34,BDR,FIS (BDR: F1NI34),0.5,C,0.5,C,4.0,Forte,40.84,41.61,50.14,53.55,158538103.47,False,0.0,False,0.0,False,0.0,False,0.0,False,0.0,False,False,0.66,43.45,False,False,False,False,False,False,False,17.224999999999998,7.914729,1.3215545,1175
BITH11,BITH11,ETF,BITH11,0.5,C,0.5,C,0.0,Fraco,72.36,79.83,89.61,99.98,7519289.46,False,0.0,False,0.0,False,0.0,False,0.0,False,0.0,False,False,0.7,76.85,False,False,False,False,False,False,False,0.0,999.0,999.0,1176
QSOL11,QSOL11,ETF,QSOL11,0.5,C,0.5,C,0.0,Fraco,4.83,4.89,6.2,7.74,439689.38,False,0.0,False,0.0,False,0.0,False,0.0,False,0.0,False,False,0.92,5.25,False,False,False,False,False,False,False,0.0,999.0,999.0,1177
F1MC34,F1MC34,BDR,FMC (BDR: F1MC34),0.5,C,0.5,C,0.0,Fraco,10.94,12.6,14.06,16.41,44112145.97,False,0.0,False,0.0,False,0.0,False,0.0,False,0.0,False,False,0.63,12.58,False,False,False,False,False,False,False,-78.36799599999999,999.0,0.7507549,1178
P1RG34,P1RG34,BDR,PRGO (BDR: P1RG34),0.5,C,0.5,C,0.0,Fraco,10.52,10.76,11.77,13.31,22452153.18,False,0.0,False,0.0,False,0.0,False,0.0,False,0.0,False,False,0.39,11.95,False,False,False,False,False,False,False,-52.232,999.0,0.5814082,1179
T1SC34,T1SC34,BDR,TSCO (BDR: T1SC34),0.5,C,0.5,C,3.0,OK,29.58,31.11,43.33,46.05,215177076.83,False,0.0,False,0.0,False,0.0,False,0.0,False,0.0,False,False,0.56,32.64,False,False,False,False,False,False,False,45.504,14.571428,6.184403,1180
HODL11,HODL11,ETF,HODL11,0.5,C,0.5,C,0.0,Fraco,53.9,59.49,66.67,73.86,2395316.07,False,0.0,False,0.0,False,0.0,False,0.0,False,0.0,False,False,1.52,57.34,False,False,False,False,False,False,False,0.0,999.0,999.0,1181
VIVA3,VIVARA PARTICIPAÇOES S.A,BR_STOCK,VIVA3,0.5,C,0.5,C,4.0,Forte,22.17,22.72,27.2,27.78,41127567.14,False,0.0,False,0.0,False,0.0,False,0.0,False,0.0,False,False,0.77,23.82,False,False,False,False,False,False,False,20.746000000000002,8.903614,1.7198045,1182
RAPT4,RANDONCORP S.A.,BR_STOCK,RAPT4,0.5,C,0.5,C,0.0,Fraco,4.41,4.92,5.62,5.71,7627094.74,False,0.0,False,0.0,False,0.0,False,0.0,False,0.0,False,False,0.6,5.2,False,False,False,False,False,False,False,-2.5209999,999.0,0.4947274,1183
LJQQ3,LOJAS QUERO-QUERO S/A,BR_STOCK,LJQQ3,0.5,C,0.5,C,1.0,Fraco,1.17,1.43,1.96,2.02,1887794.93,False,0.0,False,0.0,False,0.0,False,0.0,False,0.0,False,False,0.8,1.44,False,False,False,False,False,False,False,-43.785998,999.0,0.70524406,1184
AMER3,AMERICANAS S.A,BR_STOCK,AMER3,0.5,C,0.5,C,2.0,Fraco,3.77,4.8,5.32,5.44,5819748.97,False,0.0,False,0.0,False,0.0,False,0.0,False,0.0,False,False,0.59,4.82,False,False,False,False,False,False,False,4.694,1.43346,0.17041089,1185
SBFG3,GRUPO SBF SA,BR_STOCK,SBFG3,0.5,C,0.5,C,4.0,Forte,9.55,10.67,11.77,11.91,14741380.29,False,0.0,False,0.0,False,0.0,False,0.0,False,0.0,False,False,0.71,11.08,False,False,False,False,False,False,False,11.1719996,6.631944,0.6679723,1186
AZZA3,AZZAS 2154 S.A.,BR_STOCK,AZZA3,0.5,C,0.5,C,2.0,Fraco,17.9,19.03,22.95,23.69,26739019.43,False,0.0,False,0.0,False,0.0,False,0.0,False,0.0,False,False,0.64,20.23,False,False,False,False,False,False,False,10.524999,4.4197526,0.45163244,1187
CYRE4,CYRELA BRAZIL REALTY S.A.EMPREEND E PART,BR_STOCK,CYRE4,0.5,C,0.5,C,3.0,OK,19.87,20.33,23.44,23.44,29465224.24,False,0.0,False,0.0,False,0.0,False,0.0,False,0.0,False,False,2.53,22.02,False,False,False,False,False,False,False,21.141,999.0,0.81521297,1188
VIUR11,VIUR11,ETF,VIUR11,0.5,C,0.5,C,0.0,Fraco,2.25,2.48,4.23,4.43,71095.5,False,0.0,False,0.0,False,0.0,False,0.0,False,0.0,False,False,0.36,2.48,False,False,False,False,False,False,False,0.0,45.0,999.0,1189
A1IV34,A1IV34,BDR,AIV (BDR: A1IV34),0.5,C,0.5,C,0.0,Fraco,2.85,3.64,4.07,4.09,3881055.77,False,0.0,False,0.0,False,0.0,False,0.0,False,0.0,False,False,0.93,3.06,False,False,False,False,False,False,False,9.6499994,21.923077,1.1037954,1190
A1RE34,A1RE34,BDR,ARE (BDR: A1RE34),0.5,C,0.5,C,1.0,Fraco,48.04,48.32,48.81,52.8,49554509.98,False,0.0,False,0.0,False,0.0,False,0.0,False,0.0,False,False,0.55,55.47,False,False,False,False,False,False,False,-4.144,999.0,0.5212278,1191
F1IS34,F1IS34,BDR,FISV (BDR: F1IS34),0.5,C,0.5,C,1.0,Fraco,50.6,54.25,59.82,69.5,401391369.5,False,0.0,False,0.0,False,0.0,False,0.0,False,0.0,False,False,0.93,55.36,False,False,False,False,False,False,False,0.0,8.576271,1.029334,1192
AWII34,AWII34,BDR,AWI (BDR: AWII34),0.5,C,0.5,C,3.0,OK,151.93,158.95,174.18,178.61,39752482.58,False,0.0,False,0.0,False,0.0,False,0.0,False,0.0,False,False,0.58,163.54,False,False,False,False,False,False,False,36.34,21.550352,7.2506437,1193
Z2LL34,Z2LL34,BDR,Z (BDR: Z2LL34),0.5,C,0.5,C,3.0,OK,32.27,36.33,49.09,55.33,102224842.91,False,0.0,False,0.0,False,0.0,False,0.0,False,0.0,False,False,0.74,36.16,False,False,False,False,False,False,False,1.332,129.08,1.588716,1194
BITI11,BITI11,ETF,BITI11,0.5,C,0.5,C,0.0,Fraco,28.69,31.77,57.15,82.19,1079375.2,False,0.0,False,0.0,False,0.0,False,0.0,False,0.0,False,False,0.84,30.6,False,False,False,False,False,False,False,0.0,999.0,999.0,1195
PLPL3,PLANO & PLANO DESENVOLVIMENTO IMOBILIÁRIO S.A.,BR_STOCK,PLPL3,0.5,C,0.5,C,3.0,OK,7.76,9.17,12.58,13.17,11308648.33,False,0.0,False,0.0,False,0.0,False,0.0,False,0.0,False,False,0.73,9.06,False,False,False,False,False,False,False,37.973,4.646707,1.4795043,1196
B1SX34,B1SX34,BDR,BSX (BDR: B1SX34),0.5,C,0.5,C,4.0,Forte,44.81,50.44,70.47,77.63,505931398.22,False,0.0,False,0.0,False,0.0,False,0.0,False,0.0,False,False,0.48,49.86,False,False,False,False,False,False,False,14.661,18.748953,2.5749915,1197
P2LN34,P2LN34,BDR,PLNT (BDR: P2LN34),0.5,C,0.5,C,3.0,OK,51.69,53.53,77.82,83.37,53331414.53,False,0.0,False,0.0,False,0.0,False,0.0,False,0.0,False,False,0.64,54.47,False,False,False,False,False,False,False,0.0,18.66065,-8.482114,1198
SAPP34,SAPP34,BDR,SAP (BDR: SAPP34),0.5,C,0.5,C,4.0,Forte,157.42,168.83,193.14,209.0,277536651.63,False,0.0,False,0.0,False,0.0,False,0.0,False,0.0,False,False,0.78,183.67,False,False,False,False,False,False,False,16.350001,22.140646,3.521219,1199
HAPV3,HAPVIDA PARTICIPACOES E INVESTIMENTOS SA,BR_STOCK,HAPV3,0.5,C,0.5,C,2.0,Fraco,9.96,11.48,12.03,16.79,25546404.1,False,0.0,False,0.0,False,0.0,False,0.0,False,0.0,False,False,0.78,12.22,False,False,False,False,False,False,False,-0.885,999.0,0.098263614,1200
AZEV4,AZEVEDO E TRAVASSOS S.A.,BR_STOCK,AZEV4,0.5,C,0.5,C,1.0,Fraco,1.37,2.36,3.39,4.32,3460209.01,False,0.0,False,0.0,False,0.0,False,0.0,False,0.0,False,False,2.31,2.6,False,False,False,False,False,False,False,-145.301,999.0,0.36043146,1201
HYPE3,HYPERA S.A.,BR_STOCK,HYPE3,0.5,C,0.5,C,3.0,OK,20.12,21.52,22.5,22.59,49992166.09,False,0.0,False,0.0,False,0.0,False,0.0,False,0.0,False,False,1.14,21.82,False,False,False,False,False,False,False,12.954001000000002,7.67939,0.90288997,1202
LIGT3,LIGHT S.A.,BR_STOCK,LIGT3,0.5,C,0.5,C,4.0,Forte,2.97,3.3,4.36,4.66,7373619.07,False,0.0,False,0.0,False,0.0,False,0.0,False,0.0,False,False,0.72,3.48,False,False,False,False,False,False,False,37.46,1.5631579,0.13293944,1203
AZTE3,AZEVEDO & TRAVASSOS ENERGIA S.A.,BR_STOCK,AZTE3,0.5,C,0.5,C,2.0,Fraco,0.14,0.21,0.31,0.33,345744.0,False,0.0,False,0.0,False,0.0,False,0.0,False,0.0,False,False,0.93,0.22,False,False,False,False,False,False,False,-3.94,999.0,0.19337018,1204
CACR11,CACR11,ETF,CACR11,0.5,C,0.5,C,1.0,Fraco,21.5,31.89,61.56,63.38,256237.0,False,0.0,False,0.0,False,0.0,False,0.0,False,0.0,False,False,0.46,28.38,False,False,False,False,False,False,False,0.0,2.360044,999.0,1205
BIME11,BIME11,ETF,BIME11,0.5,C,0.5,C,1.0,Fraco,4.73,5.29,5.74,5.82,85154.19,False,0.0,False,0.0,False,0.0,False,0.0,False,0.0,False,False,2.71,5.45,False,False,False,False,False,False,False,0.0,5.3146067,999.0,1206
HIGH11,HIGH11,ETF,HIGH11,0.5,C,0.5,C,1.0,Fraco,78.9,85.95,94.33,94.54,1710157.53,False,0.0,False,0.0,False,0.0,False,0.0,False,0.0,False,False,0.86,86.07,False,False,False,False,False,False,False,0.0,9.637409,999.0,1207
SOLH11,SOLH11,ETF,SOLH11,0.5,C,0.5,C,0.0,Fraco,11.09,11.2,14.14,17.57,371282.12,False,0.0,False,0.0,False,0.0,False,0.0,False,0.0,False,False,0.38,12.01,False,False,False,False,False,False,False,0.0,999.0,999.0,1208
DEVA11,DEVA11,ETF,DEVA11,0.5,C,0.5,C,1.0,Fraco,18.31,18.97,21.99,22.12,591394.67,False,0.0,False,0.0,False,0.0,False,0.0,False,0.0,False,False,1.34,19.49,False,False,False,False,False,False,False,0.0,15.51695,999.0,1209
XRPH11,XRPH11,ETF,XRPH11,0.5,C,0.5,C,0.0,Fraco,8.78,9.89,12.51,14.58,102409.92,False,0.0,False,0.0,False,0.0,False,0.0,False,0.0,False,False,0.42,10.2,False,False,False,False,False,False,False,0.0,999.0,999.0,1210
MFII11,MFII11,ETF,MFII11,0.5,C,0.5,C,2.0,Fraco,49.13,51.61,63.25,64.37,514243.72,False,0.0,False,0.0,False,0.0,False,0.0,False,0.0,False,False,0.69,51.78,False,False,False,False,False,False,False,11.484,4.7331405,0.49374405,1211
D2PZ34,D2PZ34,BDR,DPZ (BDR: D2PZ34),0.5,C,0.5,C,2.0,Fraco,302.35,311.7,366.24,376.72,251765640.68,False,0.0,False,0.0,False,0.0,False,0.0,False,0.0,False,False,0.83,326.85,False,False,False,False,False,False,False,0.0,17.396435,-2.592853,1212
ARRI11,ARRI11,ETF,ARRI11,0.5,C,0.5,C,1.0,Fraco,4.61,4.83,5.73,5.76,65784.7,False,0.0,False,0.0,False,0.0,False,0.0,False,0.0,False,False,0.6,4.86,False,False,False,False,False,False,False,0.0,4.7040815,999.0,1213
YDUQ3,YDUQS PARTICIPACOES S.A.,BR_STOCK,YDUQ3,0.5,C,0.5,C,2.0,Fraco,8.27,9.26,11.29,11.55,19991899.11,False,0.0,False,0.0,False,0.0,False,0.0,False,0.0,False,False,0.85,9.23,False,False,False,False,False,False,False,3.8120000000000003,18.795456,0.72233385,1214
VULC3,VULCABRAS S.A.,BR_STOCK,VULC3,0.5,C,0.5,C,4.0,Forte,13.8,14.85,17.1,17.3,31665480.44,False,0.0,False,0.0,False,0.0,False,0.0,False,0.0,False,False,1.83,15.24,False,False,False,False,False,False,False,48.356,3.5384614,1.7776634,1215
GFSA3,GAFISA S.A.,BR_STOCK,GFSA3,0.5,C,0.5,C,0.0,Fraco,0.66,1.16,2.58,3.74,1500576.06,False,0.0,False,0.0,False,0.0,False,0.0,False,0.0,False,False,0.74,1.52,False,False,False,False,False,False,False,-34.651002,999.0,0.010552572,1216
PMAM3,PARANAPANEMA S.A.,BR_STOCK,PMAM3,0.5,C,0.5,C,0.0,Fraco,0.21,0.38,0.55,0.7,460886.99,False,0.0,False,0.0,False,0.0,False,0.0,False,0.0,False,False,0.8,0.37,False,False,False,False,False,False,False,0.0,999.0,-0.003355383,1217
H2UB34,H2UB34,BDR,HUBS (BDR: H2UB34),0.5,C,0.5,C,2.0,Fraco,197.82,203.17,263.73,308.23,195878008.31,False,0.0,False,0.0,False,0.0,False,0.0,False,0.0,False,False,0.61,212.06,False,False,False,False,False,False,False,5.011,103.57069,5.1470056,1218
R1CL34,R1CL34,BDR,RCL (BDR: R1CL34),0.5,C,0.5,C,4.0,Forte,280.95,282.27,286.12,287.0,524392635.88,False,0.0,False,0.0,False,0.0,False,0.0,False,0.0,False,False,0.65,333.39,False,False,False,False,False,False,False,49.576,17.131098,7.680847,1219
L1DO34,L1DO34,BDR,LDOS (BDR: L1DO34),0.5,C,0.5,C,3.0,OK,107.18,122.28,157.99,165.72,74497495.63,False,0.0,False,0.0,False,0.0,False,0.0,False,0.0,False,False,0.36,124.56,False,False,False,False,False,False,False,30.579,9.806038,2.689316,1220
A1UT34,A1UT34,BDR,ADSK (BDR: A1UT34),0.5,C,0.5,C,4.0,Forte,206.04,223.45,247.57,262.34,387276686.14,False,0.0,False,0.0,False,0.0,False,0.0,False,0.0,False,False,0.62,229.99,False,False,False,False,False,False,False,50.395999999999994,30.034985,13.632393,1221
CHCM34,CHCM34,BDR,CHTR (BDR: CHCM34),0.5,C,0.5,C,3.0,OK,133.54,144.04,191.89,203.99,288566571.49,False,0.0,False,0.0,False,0.0,False,0.0,False,0.0,False,False,0.58,168.11,False,False,False,False,False,False,False,27.504998000000004,3.613095,1.0023419,1222
CTSH34,CTSH34,BDR,CTSH (BDR: CTSH34),0.5,C,0.5,C,4.0,Forte,42.43,49.04,63.9,65.18,322077816.04,False,0.0,False,0.0,False,0.0,False,0.0,False,0.0,False,False,0.57,54.37,False,False,False,False,False,False,False,14.876000000000001,9.203904,1.3347385,1223
OURO11,OURO11,ETF,OURO11,0.5,C,0.5,C,0.0,Fraco,91.0,97.04,102.85,102.85,269633.0,False,0.0,False,0.0,False,0.0,False,0.0,False,0.0,False,False,0.68,97.65,False,False,False,False,False,False,False,0.0,999.0,999.0,1224
T1AM34,T1AM34,BDR,TEAM (BDR: T1AM34),0.5,C,0.5,C,1.0,Fraco,85.47,87.36,100.28,114.37,256629148.75,False,0.0,False,0.0,False,0.0,False,0.0,False,0.0,False,False,0.74,99.98,False,False,False,False,False,False,False,-19.288999,999.0,14.264019,1225
L1UL34,L1UL34,BDR,LULU (BDR: L1UL34),0.5,C,0.5,C,4.0,Forte,113.62,122.99,161.22,163.96,319250165.44,False,0.0,False,0.0,False,0.0,False,0.0,False,0.0,False,False,0.79,124.38,False,False,False,False,False,False,False,32.027,9.2,2.694141,1226
W1IX34,W1IX34,BDR,WIX (BDR: W1IX34),0.5,C,0.5,C,1.0,Fraco,47.76,56.43,76.26,91.77,60312615.4,False,0.0,False,0.0,False,0.0,False,0.0,False,0.0,False,False,1.03,52.5,False,False,False,False,False,False,False,0.0,999.0,-19.509804,1227
VCRR11,VCRR11,ETF,VCRR11,0.5,C,0.5,C,0.0,Fraco,55.31,58.04,61.6,61.91,370798.25,False,0.0,False,0.0,False,0.0,False,0.0,False,0.0,False,False,3.83,58.4,False,False,False,False,False,False,False,0.0,999.0,999.0,1228
FOMO11,FOMO11,ETF,FOMO11,0.5,C,0.5,C,0.0,Fraco,17.3,18.71,21.45,24.5,59892.6,False,0.0,False,0.0,False,0.0,False,0.0,False,0.0,False,False,4.62,19.0,False,False,False,False,False,False,False,0.0,999.0,999.0,1229
N1RG34,N1RG34,BDR,NRG (BDR: N1RG34),0.5,C,0.5,C,1.0,Fraco,137.48,138.22,151.37,155.0,230686346.07,False,0.0,False,0.0,False,0.0,False,0.0,False,0.0,False,False,0.54,150.97,False,False,False,False,False,False,False,6.2480003,151.07692,6.9248977,1230
PSKY34,PSKY34,BDR,PSKY (BDR: PSKY34),0.5,C,0.5,C,1.0,Fraco,9.75,10.3,11.1,12.49,61577782.5,False,0.0,False,0.0,False,0.0,False,0.0,False,0.0,False,False,0.85,10.97,False,False,False,False,False,False,False,-0.76800003,325.0,0.9312321,1231
HBOR3,HELBOR EMPREENDIMENTOS S.A.,BR_STOCK,HBOR3,0.5,C,0.5,C,0.0,Fraco,1.8,2.24,2.52,2.75,6838559.82,False,0.0,False,0.0,False,0.0,False,0.0,False,0.0,False,False,2.36,2.41,False,False,False,False,False,False,False,0.0,0.0,0.0,1232
TOTS3,TOTVS S.A.,BR_STOCK,TOTS3,0.5,C,0.5,C,0.0,Fraco,28.94,30.68,36.41,38.2,101625705.88,False,0.0,False,0.0,False,0.0,False,0.0,False,0.0,False,False,0.97,30.7,False,False,False,False,False,False,False,0.0,0.0,0.0,1233
BHIA3,GRUPO CASAS BAHIA S.A.,BR_STOCK,BHIA3,0.5,C,0.5,C,0.0,Fraco,1.01,1.5,2.5,2.78,2722959.97,False,0.0,False,0.0,False,0.0,False,0.0,False,0.0,False,False,0.88,1.35,False,False,False,False,False,False,False,0.0,0.0,0.0,1234
T1EL34,T1EL34,BDR,TEL (BDR: T1EL34),0.5,C,0.5,C,4.0,Forte,196.24,206.68,217.5,219.94,370739169.5,False,0.0,False,0.0,False,0.0,False,0.0,False,0.0,False,False,0.79,220.57,False,False,False,False,False,False,False,22.719998999999998,20.044945,4.332009,1235
D2OC34,D2OC34,BDR,DOCS (BDR: D2OC34),0.5,C,0.5,C,3.0,OK,21.69,21.77,29.23,37.83,48774239.13,False,0.0,False,0.0,False,0.0,False,0.0,False,0.0,False,False,0.53,23.57,False,False,False,False,False,False,False,19.282,22.132652,4.1759725,1236
I1SR34,I1SR34,BDR,ISRG (BDR: I1SR34),0.5,C,0.5,C,3.0,OK,415.1,426.35,483.35,488.32,668322217.53,False,0.0,False,0.0,False,0.0,False,0.0,False,0.0,False,False,0.59,443.84,False,False,False,False,False,False,False,17.232999,50.31515,8.418683,1237
BLAK34,BLAK34,BDR,BLK (BDR: BLAK34),0.5,C,0.5,C,3.0,OK,990.34,1036.17,1043.49,1057.26,525916109.9,False,0.0,False,0.0,False,0.0,False,0.0,False,0.0,False,False,0.52,1076.51,False,False,False,False,False,False,False,11.8990004,24.901686,2.7142272,1238
NUCL11,NUCL11,ETF,NUCL11,0.5,C,0.0,C,0.0,Fraco,69.85,79.4,86.42,87.66,126218.95,False,0.0,False,0.0,False,0.0,False,0.0,False,0.0,False,False,0.81,81.17,False,False,False,False,False,False,False,0.0,20.92494,999.0,1239
T1MU34,T1MU34,BDR,TMUS (BDR: T1MU34),0.5,C,0.5,C,3.0,OK,180.14,185.67,196.03,201.43,726493809.14,False,0.0,False,0.0,False,0.0,False,0.0,False,0.0,False,False,0.6,189.97,False,False,False,False,False,False,False,18.024999,19.16383,3.500583,1240
BITO39,ISHARES CORE S&P TOTAL US STOCK MARKET ETF,BDR,BITO (BDR: BITO39),0.5,C,0.5,C,0.0,Fraco,8.44,9.56,10.4,11.53,2304938270.0,False,0.0,False,0.0,False,0.0,False,0.0,False,0.0,False,False,1.06,9.15,False,False,False,False,False,False,False,0.0,999.0,999.0,1241
MSFT34,MSFT34,BDR,MSFT (BDR: MSFT34),0.5,C,0.5,C,4.0,Forte,383.34,404.98,420.16,441.99,9493132871.07,False,0.0,False,0.0,False,0.0,False,0.0,False,0.0,False,False,0.42,417.16,False,False,False,False,False,False,False,34.013999,22.817858,6.872725,1242
STOC34,STOC34,BDR,STNE (BDR: STOC34),0.5,C,0.5,C,4.0,Forte,10.52,10.86,11.98,12.66,47106363.37,False,0.0,False,0.0,False,0.0,False,0.0,False,0.0,False,False,1.01,11.76,False,False,False,False,False,False,False,30.7,3.940075,1.0854437,1243
B1AM34,B1AM34,BDR,BAM (BDR: B1AM34),0.5,C,0.5,C,4.0,Forte,45.5,47.05,48.08,49.39,116766559.0,False,0.0,False,0.0,False,0.0,False,0.0,False,0.0,False,False,0.87,49.69,False,False,False,False,False,False,False,22.388001,29.166668,9.595107,1244
ETHA39,ISHARES ETHEREUM TRUST ETF,BDR,ETHA (BDR: ETHA39),0.5,C,0.5,C,0.0,Fraco,13.11,14.73,17.55,20.28,340655815.94,False,0.0,False,0.0,False,0.0,False,0.0,False,0.0,False,False,0.85,13.95,False,False,False,False,False,False,False,0.0,999.0,999.0,1245
AZOI34,AZOI34,BDR,AZO (BDR: AZOI34),0.5,C,0.5,C,2.0,Fraco,3070.17,3236.07,3455.5,3577.99,809232317.84,False,0.0,False,0.0,False,0.0,False,0.0,False,0.0,False,False,0.44,3239.14,False,False,False,False,False,False,False,0.0,21.10953,-18.04804,1246
B2LN34,B2LN34,BDR,BL (BDR: B2LN34),0.5,C,0.5,C,2.0,Fraco,28.55,28.9,39.31,42.89,29111349.32,False,0.0,False,0.0,False,0.0,False,0.0,False,0.0,False,False,0.9,30.15,False,False,False,False,False,False,False,6.54,67.97619,5.521176,1247
R1EL34,R1EL34,BDR,RELX (BDR: R1EL34),0.5,C,0.5,C,3.0,OK,32.05,33.2,34.81,36.97,73891721.94,False,0.0,False,0.0,False,0.0,False,0.0,False,0.0,False,False,0.78,35.07,False,False,False,False,False,False,False,70.512,21.655405,73.80689,1248
ONCO3,ONCOCLINICAS DO BRASIL SERVICOS MEDICOS  S.A.,BR_STOCK,ONCO3,0.5,C,0.5,C,0.0,Fraco,1.06,1.3,1.89,2.01,5849291.68,False,0.0,False,0.0,False,0.0,False,0.0,False,0.0,False,False,0.73,1.52,False,False,False,False,False,False,False,0.0,0.0,0.0,1249
RAIZ4,RAIZEN S.A.,BR_STOCK,RAIZ4,0.5,C,0.5,C,0.0,Fraco,0.38,0.42,0.61,0.7,2051049.97,False,0.0,False,0.0,False,0.0,False,0.0,False,0.0,False,False,0.32,0.49,False,False,False,False,False,False,False,0.0,0.0,0.0,1250
CEAB3,CEA MODAS S.A.,BR_STOCK,CEAB3,0.5,C,0.5,C,0.0,Fraco,10.13,10.98,11.91,12.95,52816807.6,False,0.0,False,0.0,False,0.0,False,0.0,False,0.0,False,False,0.75,11.48,False,False,False,False,False,False,False,0.0,0.0,0.0,1251
RDOR3,REDE DOR SÃO LUIZ S.A.,BR_STOCK,RDOR3,0.5,C,0.5,C,0.0,Fraco,34.08,34.82,38.54,38.65,167124920.98,False,0.0,False,0.0,False,0.0,False,0.0,False,0.0,False,False,1.09,36.4,False,False,False,False,False,False,False,0.0,0.0,0.0,1252
M2ST34,M2ST34,BDR,MSTR (BDR: M2ST34),0.5,C,0.5,C,2.0,Fraco,93.87,140.4,146.3,177.65,1607453676.14,False,0.0,False,0.0,False,0.0,False,0.0,False,0.0,False,False,0.49,136.25,False,False,False,False,False,False,False,-30.756,999.0,0.88597566,1253
INBR32,INTER CO INC,BDR,INTR (BDR: INBR32),0.5,C,0.5,C,4.0,Forte,5.57,6.11,7.69,8.01,17402529.78,False,0.0,False,0.0,False,0.0,False,0.0,False,0.0,False,False,0.52,6.1,False,False,False,False,False,False,False,15.526000000000002,9.131147,1.2414068,1254
BABA34,BABA34,BDR,BABA (BDR: BABA34),0.5,C,0.5,C,4.0,Forte,108.98,120.16,137.59,144.91,3991899815.88,False,0.0,False,0.0,False,0.0,False,0.0,False,0.0,False,False,2.6,121.31,False,False,False,False,False,False,False,9.2159994,16.843897,1.6164384,1255
NFLX34,NFLX34,BDR,NFLX (BDR: NFLX34),0.5,C,0.5,C,4.0,Forte,75.59,83.1,88.96,95.42,2393240285.18,False,0.0,False,0.0,False,0.0,False,0.0,False,0.0,False,False,0.65,83.08,False,False,False,False,False,False,False,48.494998,24.383871,10.230071,1256
Q2SC34,Q2SC34,BDR,QS (BDR: Q2SC34),0.5,C,0.5,C,1.0,Fraco,6.63,7.71,8.42,9.96,220710999.9,False,0.0,False,0.0,False,0.0,False,0.0,False,0.0,False,False,1.5,8.49,False,False,False,False,False,False,False,-37.995996999999996,999.0,3.6751664,1257
C1AB34,C1AB34,BDR,CABO (BDR: C1AB34),0.5,C,0.5,C,1.0,Fraco,40.87,53.55,87.34,102.16,7281889.45,False,0.0,False,0.0,False,0.0,False,0.0,False,0.0,False,False,0.63,59.28,False,False,False,False,False,False,False,-19.869,999.0,0.15676361,1258
LBRD34,LBRD34,BDR,LBRDK (BDR: LBRD34),0.5,C,0.5,C,1.0,Fraco,31.28,33.68,44.72,47.39,37310034.1,False,0.0,False,0.0,False,0.0,False,0.0,False,0.0,False,False,0.64,39.6,False,False,False,False,False,False,False,-29.59,999.0,0.76103354,1259
INTU34,INTU34,BDR,INTU (BDR: INTU34),0.5,C,0.5,C,5.0,Forte,272.1,325.65,443.28,497.75,1147531981.44,False,0.0,False,0.0,False,0.0,False,0.0,False,0.0,False,False,0.74,308.74,False,False,False,False,False,False,False,22.496,16.601587,3.6176298,1260
SSFO34,SSFO34,BDR,CRM (BDR: SSFO34),0.5,C,0.5,C,4.0,Forte,166.58,173.3,199.43,210.13,1068754470.29,False,0.0,False,0.0,False,0.0,False,0.0,False,0.0,False,False,0.45,184.54,False,False,False,False,False,False,False,16.908,19.302433,3.9850724,1261
B2YN34,B2YN34,BDR,BYND (BDR: B2YN34),0.5,C,0.5,C,0.0,Fraco,0.68,0.77,0.83,1.05,24524101.34,False,0.0,False,0.0,False,0.0,False,0.0,False,0.0,False,False,1.03,0.81,False,False,False,False,False,False,False,0.0,999.0,-14.776088,1262
GGPS3,GPS PARTICIPACOES E EMPREENDIMENTOS S.A.,BR_STOCK,GGPS3,0.5,C,0.5,C,0.0,Fraco,12.1,12.72,15.72,15.96,47032701.48,False,0.0,False,0.0,False,0.0,False,0.0,False,0.0,False,False,1.23,12.92,False,False,False,False,False,False,False,0.0,0.0,0.0,1263
E2PA34,E2PA34,BDR,EPAM (BDR: E2PA34),0.5,C,0.5,C,4.0,Forte,85.99,95.91,146.34,150.29,116343435.23,False,0.0,False,0.0,False,0.0,False,0.0,False,0.0,False,False,0.71,99.15,False,False,False,False,False,False,False,10.932,12.354885,1.3221906,1264
M1KT34,M1KT34,BDR,MKTX (BDR: M1KT34),0.5,C,0.5,C,5.0,Forte,117.14,130.31,158.79,160.93,53525248.48,False,0.0,False,0.0,False,0.0,False,0.0,False,0.0,False,False,0.64,125.21,False,False,False,False,False,False,False,24.298000000000002,13.879148,3.4975517,1265
T1LK34,T1LK34,BDR,TLK (BDR: T1LK34),0.5,C,0.5,C,3.0,OK,14.06,14.88,17.42,17.63,9172167.81,False,0.0,False,0.0,False,0.0,False,0.0,False,0.0,False,False,0.63,15.13,False,False,False,False,False,False,False,14.213999999999999,15.450549,0.010156047,1266
CYRE3,CYRELA BRAZIL REALTY S.A.EMPREEND E PART,BR_STOCK,CYRE3,0.5,C,0.5,C,0.0,Fraco,21.3,22.1,26.6,27.14,150154344.62,False,0.0,False,0.0,False,0.0,False,0.0,False,0.0,False,False,1.22,23.7,False,False,False,False,False,False,False,0.0,0.0,0.0,1267
POMO4,MARCOPOLO S.A.,BR_STOCK,POMO4,0.5,C,0.5,C,0.0,Fraco,5.56,6.0,6.1,6.23,37592271.61,False,0.0,False,0.0,False,0.0,False,0.0,False,0.0,False,False,0.95,6.09,False,False,False,False,False,False,False,0.0,0.0,0.0,1268
BEEF3,MINERVA S.A.,BR_STOCK,BEEF3,0.5,C,0.5,C,0.0,Fraco,3.45,3.8,4.69,5.12,21748800.3,False,0.0,False,0.0,False,0.0,False,0.0,False,0.0,False,False,0.62,3.9,False,False,False,False,False,False,False,0.0,0.0,0.0,1269
ADBE34,ADBE34,BDR,ADBE (BDR: ADBE34),0.5,C,0.5,C,5.0,Forte,220.94,233.33,268.63,286.57,973653426.68,False,0.0,False,0.0,False,0.0,False,0.0,False,0.0,False,False,0.62,250.74,False,False,False,False,False,False,False,62.953996999999994,12.639588,7.6537223,1270
GPRO34,GPRO34,BDR,GPRO (BDR: GPRO34),0.5,C,0.5,C,0.0,Fraco,0.73,1.04,1.11,1.33,2554202.09,False,0.0,False,0.0,False,0.0,False,0.0,False,0.0,False,False,0.53,0.96,False,False,False,False,False,False,False,-236.05,999.0,-66.42728,1271
NIKE34,NIKE34,BDR,NKE (BDR: NIKE34),0.5,C,0.5,C,3.0,OK,42.89,43.72,53.46,56.54,583520671.98,False,0.0,False,0.0,False,0.0,False,0.0,False,0.0,False,False,0.35,46.31,False,False,False,False,False,False,False,22.138001,20.423811,4.2778773,1272
C1GP34,C1GP34,BDR,CSGP (BDR: C1GP34),0.5,C,0.5,C,2.0,Fraco,29.34,32.43,46.18,53.34,149658088.92,False,0.0,False,0.0,False,0.0,False,0.0,False,0.0,False,False,0.77,34.77,False,False,False,False,False,False,False,0.303,419.14285,1.5094922,1273
K2CG34,K2CG34,BDR,KC (BDR: K2CG34),0.5,C,0.5,C,1.0,Fraco,10.52,12.67,12.99,13.08,49548770.84,False,0.0,False,0.0,False,0.0,False,0.0,False,0.0,False,False,3.77,12.16,False,False,False,False,False,False,False,-13.543999000000001,999.0,2.4113624,1274
G1LO34,G1LO34,BDR,GLOB (BDR: G1LO34),0.5,C,0.5,C,3.0,OK,29.9,36.74,49.98,52.45,77470839.21,False,0.0,False,0.0,False,0.0,False,0.0,False,0.0,False,False,0.83,39.04,False,False,False,False,False,False,False,5.204000000000001,12.154471,0.60690945,1275
ATTB34,ATTB34,BDR,T (BDR: ATTB34),0.5,C,0.5,C,3.0,OK,21.12,23.77,25.22,25.28,1098437410.05,False,0.0,False,0.0,False,0.0,False,0.0,False,0.0,False,False,0.56,23.61,False,False,False,False,False,False,False,18.370001,7.111111,1.3413783,1276
BEEM39,ISHARES MSCI EMERGING MARKETS ETF,BDR,BEEM (BDR: BEEM39),0.5,C,0.5,C,1.0,Fraco,1.21,1.49,1.57,1.83,609623.43,False,0.0,False,0.0,False,0.0,False,0.0,False,0.0,False,False,1.04,1.48,False,False,False,False,False,False,False,-76.07599499999999,999.0,1.1874386,1277
C2OI34,C2OI34,BDR,COIN (BDR: C2OI34),0.5,C,0.5,C,1.0,Fraco,159.36,176.6,197.42,228.47,727342787.43,False,0.0,False,0.0,False,0.0,False,0.0,False,0.0,False,False,0.54,176.48,False,False,False,False,False,False,False,6.686,58.80443,3.113899,1278
MOSC34,MOSC34,BDR,MOS (BDR: MOSC34),0.5,C,0.5,C,2.0,Fraco,20.65,22.19,24.66,25.63,166251371.03,False,0.0,False,0.0,False,0.0,False,0.0,False,0.0,False,False,0.84,24.29,False,False,False,False,False,False,False,0.59399996,147.5,0.55604917,1279
T2TD34,T2TD34,BDR,TTD (BDR: T2TD34),0.5,C,0.5,C,3.0,OK,19.07,20.75,26.75,31.94,209288536.36,False,0.0,False,0.0,False,0.0,False,0.0,False,0.0,False,False,0.62,20.58,False,False,False,False,False,False,False,16.735001,21.670454,3.6609712,1280
IBIT39,ISHARES BITCOIN TRUST,BDR,IBIT (BDR: IBIT39),0.5,C,0.5,C,0.0,Fraco,35.23,39.78,42.99,47.43,1182562752.38,False,0.0,False,0.0,False,0.0,False,0.0,False,0.0,False,False,0.62,38.1,False,False,False,False,False,False,False,0.0,999.0,999.0,1281
GMAT3,GRUPO MATEUS S.A.,BR_STOCK,GMAT3,0.5,C,0.5,C,0.0,Fraco,3.74,4.09,4.61,5.02,20853866.05,False,0.0,False,0.0,False,0.0,False,0.0,False,0.0,False,False,0.92,4.17,False,False,False,False,False,False,False,0.0,0.0,0.0,1282
APTV34,APTV34,BDR,APTV (BDR: APTV34),0.5,C,0.5,C,1.0,Fraco,58.57,61.4,69.93,73.06,136791347.12,False,0.0,False,0.0,False,0.0,False,0.0,False,0.0,False,False,0.81,70.93,False,False,False,False,False,False,False,4.0799997999999995,34.863094,1.3470562,1283
I1FO34,I1FO34,BDR,INFY (BDR: I1FO34),0.5,C,0.5,C,5.0,Forte,10.93,11.78,14.3,14.81,227235176.33,False,0.0,False,0.0,False,0.0,False,0.0,False,0.0,False,False,0.93,12.22,False,False,False,False,False,False,False,31.439,13.6625,9.040529,1284
CSNA3,CIA SIDERURGICA NACIONAL,BR_STOCK,CSNA3,0.5,C,0.5,C,0.0,Fraco,4.67,5.92,7.51,7.75,51695966.84,False,0.0,False,0.0,False,0.0,False,0.0,False,0.0,False,False,0.8,6.5,False,False,False,False,False,False,False,0.0,0.0,0.0,1285
MGLU3,MAGAZINE LUIZA S.A.,BR_STOCK,MGLU3,0.5,C,0.5,C,0.0,Fraco,4.51,5.91,8.13,8.28,77461057.93,False,0.0,False,0.0,False,0.0,False,0.0,False,0.0,False,False,0.73,5.47,False,False,False,False,False,False,False,0.0,0.0,0.0,1286
