ticker,name,category,display,technical_score,technical_tier,technical_score_weekly,technical_tier_weekly,fundamental_score,fundamental_tag,price,sma50,sma150,sma200,volume_financeiro,vcp,vcp_conf,wedge_or_trend,wedge_or_trend_conf,rasb_trend,rasb_trend_conf,wedge,wedge_conf,cup_handle,cup_handle_conf,pre_breakout,breakout,breakout_vol_ratio,breakout_resistance,vcp_weekly,wedge_or_trend_weekly,rasb_trend_weekly,wedge_weekly,cup_handle_weekly,pre_breakout_weekly,breakout_weekly,roe,pl,pvp,rank
B1SA34,B1SA34,BDR,BSAC (BDR: B1SA34),16.6,S,2.0,C,4.0,Forte,35.07,32.53,32.13,31.08,11382213.89,False,0.0,False,0.0,True,0.6,False,0.0,True,1.0,True,False,1.14,34.76,False,False,False,False,False,True,False,23.592,13.86166,1.4390644,1
TGTB34,TGTB34,BDR,TGT (BDR: TGTB34),16.25,S,2.0,C,3.0,OK,144.51,132.26,120.42,112.76,318544970.5,False,0.0,False,0.0,True,0.75,False,0.0,True,0.65,True,False,0.65,147.77,False,False,False,False,False,True,False,22.015,19.089827,4.0032687,2
SAUD3,SAUD3,BR_STOCK,SAUD3,15.62,S,0.5,C,4.0,Forte,15.77,14.05,13.34,12.97,55750105.62,False,0.0,False,0.0,True,0.75,False,0.0,True,1.0,True,True,1.58,15.56,False,False,False,False,False,False,False,40.374002,15.163463,6.003045,3
TUPY3,TUPY S.A.,BR_STOCK,TUPY3,15.45,S,0.5,C,0.0,Fraco,15.8,14.42,13.4,13.16,8979140.11,False,0.0,False,0.0,True,0.7,False,0.0,True,1.0,True,False,1.03,16.5,False,False,False,False,False,False,False,-26.069,999.0,0.8273118,4
N1TA34,N1TA34,BDR,NTAP (BDR: N1TA34),15.43,S,0.5,C,3.0,OK,173.98,159.97,122.34,119.89,288259973.78,False,0.0,False,0.0,True,0.8,False,0.0,True,0.85,True,False,0.77,178.29,False,False,False,False,False,False,False,106.734,27.355345,25.240097,5
MILS3,MILLS LOCAÇÃO. SERVIÇOS E LOGÍSTICA S.A,BR_STOCK,MILS3,15.25,S,0.5,C,4.0,Forte,15.65,15.26,13.77,13.17,5688774.86,False,0.0,False,0.0,True,0.75,False,0.0,True,0.85,True,False,0.44,15.62,False,False,False,False,False,False,False,26.311,8.694445,2.0020468,6
E1QN34,E1QN34,BDR,EQNR (BDR: E1QN34),15.25,S,0.5,C,5.0,Forte,40.73,36.0,33.45,30.77,121445250.59,False,0.0,False,0.0,True,0.75,False,0.0,True,0.85,True,False,0.64,41.63,False,False,False,False,False,False,False,21.270001,11.03794,4.66659,7
ITUB3,ITAU UNIBANCO HOLDING S.A.,BR_STOCK,ITUB3,15.1,S,0.5,C,3.0,OK,45.34,43.07,41.66,39.28,61499176.21,False,0.0,False,0.0,True,0.6,False,0.0,True,1.0,True,False,0.68,46.84,False,False,False,False,False,False,False,21.816,11.004855,2.3829296,8
TPRY34,TPRY34,BDR,TPR (BDR: TPRY34),15.1,S,2.0,C,3.0,OK,152.58,143.21,141.69,134.16,165683114.65,False,0.0,False,0.0,True,0.6,False,0.0,True,1.0,True,False,0.48,151.52,False,False,False,False,False,True,False,60.914004,46.3769,45.2357,9
K1BF34,K1BF34,BDR,KB (BDR: K1BF34),15.07,S,2.0,C,3.0,OK,121.09,109.67,104.38,99.37,30107211.24,False,0.0,False,0.0,True,0.7,False,0.0,True,0.85,True,False,0.86,125.62,False,False,False,False,False,True,False,10.223999599999999,11.098991,4.7067623,10
G1RM34,G1RM34,BDR,GRMN (BDR: G1RM34),15.07,S,2.0,C,4.0,Forte,297.55,241.3,233.45,227.66,311138798.19,False,0.0,False,0.0,True,0.7,False,0.0,True,0.85,True,False,0.8,304.0,False,False,False,False,False,True,True,21.886998,30.675257,6.3573623,11
EBAY34,EBAY34,BDR,EBAY (BDR: EBAY34),14.95,S,2.0,C,3.0,OK,113.52,111.59,99.69,96.09,278823842.55,False,0.0,False,0.0,True,0.7,False,0.0,True,0.8,True,False,0.6,118.13,False,False,False,False,False,True,False,42.875,26.156681,11.47594,12
I1LM34,I1LM34,BDR,ILMN (BDR: I1LM34),14.8,S,2.0,C,4.0,Forte,205.09,174.15,146.06,139.14,555881463.5,False,0.0,False,0.0,True,0.8,False,0.0,False,0.0,True,True,1.82,199.14,False,False,False,False,False,True,False,33.822,37.357014,11.649531,13
J2AZ34,J2AZ34,BDR,JAZZ (BDR: J2AZ34),14.8,S,2.0,C,1.0,Fraco,258.38,239.16,203.1,190.77,171688345.64,False,0.0,False,0.0,True,0.8,False,0.0,False,0.0,True,False,1.05,261.3,False,False,False,False,False,True,False,0.676,2583.8,3.5744622,14
ITSA3,ITAUSA S.A.,BR_STOCK,ITSA3,14.75,S,0.5,C,5.0,Forte,13.78,13.29,13.28,12.61,607697.99,False,0.0,False,0.0,True,0.5,False,0.0,True,1.0,True,False,0.44,14.24,False,False,False,False,False,False,False,18.4,9.065789,1.7128651,15
B2AP34,B2AP34,BDR,BAP (BDR: B2AP34),14.62,S,2.0,C,4.0,Forte,402.27,369.9,334.04,313.13,108530029.42,False,0.0,False,0.0,True,0.75,False,0.0,False,0.0,True,False,0.98,403.3,False,False,False,False,False,True,False,19.148001,15.383174,2.7701192,16
H1SB34,H1SB34,BDR,HSBC (BDR: H1SB34),14.62,S,2.0,C,3.0,OK,107.09,96.09,88.23,83.25,168114481.12,False,0.0,False,0.0,True,0.75,False,0.0,False,0.0,True,False,1.17,104.33,False,False,False,False,False,True,False,11.611,17.700825,8.421507,17
ABUD34,ABUD34,BDR,BUD (BDR: ABUD34),14.62,S,2.0,C,3.0,OK,86.14,81.46,75.12,71.67,284488546.18,False,0.0,False,0.0,True,0.75,False,0.0,False,0.0,True,True,1.84,84.95,False,False,False,False,False,True,False,0.0,23.861496,11.527732,18
INGG34,INGG34,BDR,ING (BDR: INGG34),14.62,S,2.0,C,4.0,Forte,34.94,31.5,28.93,27.91,95644332.96,False,0.0,False,0.0,True,0.75,False,0.0,False,0.0,True,False,1.31,33.6,False,False,False,False,False,True,False,16.565001,14.032128,1.7351885,19
ROST34,ROST34,BDR,ROST (BDR: ROST34),14.62,S,2.0,C,4.0,Forte,252.57,228.44,212.96,201.37,480508377.25,False,0.0,False,0.0,True,0.75,False,0.0,False,0.0,True,False,0.85,255.3,False,False,False,False,False,True,False,38.981998000000004,35.275143,12.859981,20
COLO39,GLOBAL X MSCI COLOMBIA ETF,BDR,COLO (BDR: COLO39),14.62,S,2.0,C,1.0,Fraco,46.07,42.29,40.16,38.66,9157518.12,False,0.0,False,0.0,True,0.75,False,0.0,False,0.0,True,False,1.35,45.78,False,False,False,False,False,True,False,0.0,12.338231,999.0,21
BILB34,BILB34,BDR,BBVA (BDR: BILB34),14.62,S,2.0,C,4.0,Forte,27.6,24.42,23.04,22.33,84446975.97,False,0.0,False,0.0,True,0.75,False,0.0,False,0.0,True,True,2.89,26.59,False,False,False,False,False,True,False,19.042999,13.333334,2.515731,22
S1WK34,S1WK34,BDR,SWK (BDR: S1WK34),14.62,S,2.0,C,3.0,OK,95.55,85.29,79.72,76.69,217048233.78,False,0.0,False,0.0,True,0.75,False,0.0,False,0.0,True,False,1.14,96.04,False,False,False,False,False,True,True,6.886,39.159836,1.6545455,23
C2OL34,C2OL34,BDR,CIB (BDR: C2OL34),14.62,S,2.0,C,3.0,OK,93.89,77.66,72.45,68.96,29014169.28,False,0.0,False,0.0,True,0.75,False,0.0,False,0.0,True,False,1.02,91.6,False,False,False,False,False,True,False,16.926001,11.217443,0.0021149023,24
R1KU34,R1KU34,BDR,ROKU (BDR: R1KU34),14.61,S,2.0,C,2.0,Fraco,145.09,135.34,114.42,110.94,394429766.66,True,0.44,False,0.0,True,0.8,False,0.0,False,0.0,True,False,1.17,145.75,False,False,False,False,False,True,False,7.754999999999999,107.47407,8.016464,25
J1CI34,J1CI34,BDR,JCI (BDR: J1CI34),14.6,S,2.0,C,3.0,OK,143.88,141.77,135.2,130.01,579673115.87,False,0.0,False,0.0,True,0.6,False,0.0,True,0.8,True,False,1.17,151.18,False,False,False,False,False,True,False,14.332,40.415733,6.4939523,26
M1TC34,M1TC34,BDR,MTCH (BDR: M1TC34),14.57,S,2.0,C,3.0,OK,39.31,36.83,33.8,33.41,60547229.62,False,0.0,False,0.0,True,0.7,False,0.0,True,0.65,True,False,0.65,41.03,False,False,False,False,False,True,False,0.0,15.003818,-42.132904,27
GGBR3,GERDAU S.A.,BR_STOCK,GGBR3,14.45,S,2.0,C,2.0,Fraco,21.32,19.74,18.65,17.95,228124.0,False,0.0,False,0.0,True,0.7,False,0.0,False,0.0,True,False,0.32,21.8,False,False,False,False,False,True,False,3.066,25.686747,0.79486984,28
GOAU4,METALURGICA GERDAU S.A.,BR_STOCK,GOAU4,14.45,S,0.5,C,2.0,Fraco,10.96,10.1,9.56,9.17,43493664.15,False,0.0,False,0.0,True,0.7,False,0.0,False,0.0,True,False,0.99,10.97,False,False,False,False,False,False,False,3.0550001,29.621622,0.76761454,29
GGBR4,GERDAU S.A.,BR_STOCK,GGBR4,14.45,S,0.5,C,0.0,Fraco,24.98,23.07,21.68,20.88,228467075.81,False,0.0,False,0.0,True,0.7,False,0.0,False,0.0,True,False,1.36,25.45,False,False,False,False,False,False,False,0.0,0.0,0.0,30
I1EX34,I1EX34,BDR,IEX (BDR: I1EX34),14.45,S,2.0,C,3.0,OK,233.77,219.5,205.1,196.06,296871307.76,False,0.0,False,0.0,True,0.7,False,0.0,False,0.0,True,False,1.51,243.8,False,False,False,False,False,True,False,12.955,33.63597,4.2888856,31
NMRH34,NMRH34,BDR,NMR (BDR: NMRH34),14.4,S,2.0,C,3.0,OK,9.56,8.96,8.62,8.32,17361477.0,False,0.0,False,0.0,True,0.65,False,0.0,True,0.65,True,False,1.99,10.06,False,False,False,False,False,True,False,10.07,11.802469,1.2215089,32
R1LC34,R1LC34,BDR,RL (BDR: R1LC34),14.38,S,0.5,C,3.0,OK,385.91,383.35,365.2,358.7,124892440.4,False,0.0,False,0.0,True,0.5,False,0.0,True,0.85,True,False,0.64,405.71,False,False,False,False,False,False,False,34.664001999999996,25.556953,8.16257,33
L1YG34,L1YG34,BDR,LYG (BDR: L1YG34),14.28,S,2.0,C,3.0,OK,6.25,5.71,5.46,5.28,86681725.0,False,0.0,False,0.0,True,0.65,False,0.0,False,0.0,True,False,0.79,6.18,False,False,False,False,False,True,False,10.784,15.625,1.4098424,34
UGPA3,ULTRAPAR PARTICIPACOES S.A.,BR_STOCK,UGPA3,14.28,S,0.5,C,0.0,Fraco,32.92,27.92,27.0,25.44,266533473.18,False,0.0,False,0.0,True,0.65,False,0.0,False,0.0,True,False,1.02,33.39,False,False,False,False,False,False,False,0.0,0.0,0.0,35
HOFC11,HOFC11,ETF,HOFC11,14.25,S,0.5,C,0.0,Fraco,34.3,33.77,32.37,31.52,386286.59,False,0.0,False,0.0,True,0.5,False,0.0,True,0.8,True,False,2.65,34.62,False,False,False,False,False,False,False,0.0,999.0,999.0,36
I1VZ34,I1VZ34,BDR,IVZ (BDR: I1VZ34),14.12,S,0.5,C,2.0,Fraco,29.42,28.14,26.54,25.85,106875299.34,False,0.0,False,0.0,True,0.75,False,0.0,True,1.0,False,False,0.67,31.02,False,False,False,False,False,False,False,-0.57300003,999.0,1.3383677,37
BMYB34,BMYB34,BDR,BMY (BDR: BMYB34),14.1,S,2.0,C,4.0,Forte,64.86,57.6,57.15,54.43,1029615344.91,False,0.0,False,0.0,True,0.6,False,0.0,False,0.0,True,False,1.54,64.97,False,False,False,False,False,True,False,38.731998000000004,18.168068,6.5995116,38
VBBR3,VIBRA ENERGIA S.A.,BR_STOCK,VBBR3,14.1,S,0.5,C,3.0,OK,35.63,31.1,30.1,28.21,214820402.44,False,0.0,False,0.0,True,0.6,False,0.0,False,0.0,True,False,0.68,35.63,False,False,False,False,False,False,False,13.962,13.863814,1.955436,39
PPEI11,PPEI11,ETF,PPEI11,14.03,S,0.5,C,0.0,Fraco,84.06,82.41,79.18,77.3,81370.08,True,0.59,False,0.0,True,0.5,False,0.0,False,0.0,True,False,0.69,85.04,False,False,False,False,False,False,False,0.0,999.0,999.0,40
HYBR11,HYBR11,ETF,HYBR11,13.99,S,0.5,C,0.0,Fraco,55.19,54.7,53.52,52.87,1635334.85,True,0.58,False,0.0,True,0.5,False,0.0,False,0.0,True,False,1.21,55.4,False,False,False,False,False,False,False,0.0,999.0,999.0,41
FNAM11,FNAM11,ETF,FNAM11,13.8,S,0.5,C,0.0,Fraco,0.33,0.01,0.0,0.0,6750150.27,False,0.0,False,0.0,True,0.8,False,0.0,False,0.0,False,True,6.41,0.0,False,False,False,False,False,False,False,0.0,999.0,999.0,42
ARNC34,ARNC34,BDR,HWM (BDR: ARNC34),13.8,S,0.5,C,4.0,Forte,277.28,268.75,247.94,235.7,434532695.37,False,0.0,False,0.0,True,0.8,False,0.0,True,0.8,False,False,0.75,295.28,False,False,False,False,False,False,False,33.818,64.33411,20.135067,43
EXGR34,EXGR34,BDR,EXPE (BDR: EXGR34),13.78,S,0.5,C,2.0,Fraco,292.93,249.11,246.88,246.65,485124876.03,False,0.0,False,0.0,True,0.65,False,0.0,True,1.0,False,False,1.1,312.4,False,False,False,False,False,False,False,71.494,25.877209,61.02708,44
C2SW34,C2SW34,BDR,COLM (BDR: C2SW34),13.6,S,0.5,C,2.0,Fraco,62.79,64.0,59.75,57.97,52064778.07,False,0.0,False,0.0,True,0.6,False,0.0,True,0.8,True,False,1.43,65.4,False,False,False,False,False,False,False,10.285,20.060703,2.029871,45
ELAS11,ELAS11,ETF,ELAS11,13.5,S,0.5,C,1.0,Fraco,180.42,173.35,173.79,167.66,62605.74,False,0.0,False,0.0,False,0.0,False,0.0,True,1.0,True,False,2.31,184.37,False,False,False,False,False,False,False,0.0,11.540001,999.0,46
H1ST34,H1ST34,BDR,HST (BDR: H1ST34),13.3,S,2.0,C,4.0,Forte,25.09,23.48,20.33,19.28,204516293.87,False,0.0,False,0.0,True,0.8,False,0.0,False,0.0,True,False,0.94,25.69,False,False,False,False,False,True,False,14.87,17.068027,2.5170546,47
A1TT34,A1TT34,BDR,ALL (BDR: A1TT34),13.3,S,2.0,C,5.0,Forte,265.38,234.26,215.98,212.15,320075885.41,False,0.0,False,0.0,True,0.8,False,0.0,False,0.0,True,False,0.8,277.22,False,False,False,False,False,True,False,45.221000000000004,5.8725386,2.3126395,48
I1XC34,I1XC34,BDR,IX (BDR: I1XC34),13.3,S,2.0,C,2.0,Fraco,40.4,39.2,34.34,32.33,6167100.63,False,0.0,False,0.0,True,0.8,False,0.0,False,0.0,True,False,0.75,41.0,False,False,False,False,False,True,False,10.418,16.557377,1.6226441,49
N1UE34,N1UE34,BDR,NUE (BDR: N1UE34),13.3,S,2.0,C,3.0,OK,257.04,241.67,203.38,189.87,237871506.95,False,0.0,False,0.0,True,0.8,False,0.0,False,0.0,True,False,0.63,270.02,False,False,False,False,False,True,False,14.548999000000002,20.530352,2.7286916,50
E2XE34,E2XE34,BDR,EXEL (BDR: E2XE34),13.3,S,2.0,C,5.0,Forte,55.97,53.48,47.24,45.72,120699923.3,False,0.0,False,0.0,True,0.8,False,0.0,False,0.0,True,False,1.05,57.57,False,False,False,False,False,True,False,40.987,18.533113,7.335518,51
E1CO34,E1CO34,BDR,EC (BDR: E1CO34),13.3,S,2.0,C,1.0,Fraco,17.04,15.45,13.38,12.32,33978341.19,False,0.0,False,0.0,True,0.8,False,0.0,False,0.0,True,False,0.91,17.07,False,False,False,False,False,True,False,12.037,11.360001,0.008680384,52
Y2PF34,Y2PF34,BDR,YPF (BDR: Y2PF34),13.3,S,0.5,C,2.0,Fraco,52.15,50.14,43.12,40.88,47868955.75,False,0.0,False,0.0,True,0.8,False,0.0,False,0.0,True,False,0.94,53.57,False,False,False,False,False,False,False,-2.9409999,999.0,1.9496437,53
E2TS34,E2TS34,BDR,ETSY (BDR: E2TS34),13.3,S,2.0,C,1.0,Fraco,83.15,74.4,62.44,61.84,178344114.47,False,0.0,False,0.0,True,0.8,False,0.0,False,0.0,True,False,0.91,87.26,False,False,False,False,False,True,False,0.0,31.85824,-6.9401555,54
N2ET34,N2ET34,BDR,NET (BDR: N2ET34),13.3,S,2.0,C,1.0,Fraco,283.39,247.71,213.47,213.01,778920409.85,False,0.0,False,0.0,True,0.8,False,0.0,False,0.0,True,False,0.99,291.0,False,False,False,False,False,True,False,-5.876,999.0,65.59954,55
B2RK34,B2RK34,BDR,BRKR (BDR: B2RK34),13.3,S,2.0,C,2.0,Fraco,64.34,57.13,46.58,45.57,121124225.21,False,0.0,False,0.0,True,0.8,False,0.0,False,0.0,True,False,0.95,64.23,False,False,False,False,False,True,False,-0.43200003,999.0,3.999005,56
D1DG34,D1DG34,BDR,DDOG (BDR: D1DG34),13.3,S,2.0,C,3.0,OK,268.56,243.82,168.79,166.74,1077386707.73,False,0.0,False,0.0,True,0.8,False,0.0,False,0.0,True,False,1.08,276.7,False,False,False,False,False,True,False,3.9300002000000003,671.39996,23.961456,57
CVSH34,CVSH34,BDR,CVS (BDR: CVSH34),13.3,S,2.0,C,2.0,Fraco,105.22,100.36,85.3,83.26,811401935.01,False,0.0,False,0.0,True,0.8,False,0.0,False,0.0,True,False,0.99,110.0,False,False,False,False,False,True,False,3.7520003,46.149124,1.7293122,58
VLOE34,VLOE34,BDR,VLO (BDR: VLOE34),13.3,S,2.0,C,3.0,OK,311.71,269.3,232.49,216.53,591048900.3,False,0.0,False,0.0,True,0.8,False,0.0,False,0.0,True,False,0.73,320.24,False,False,False,False,False,True,False,15.85,22.785818,3.8775687,59
AAPL34,AAPL34,BDR,AAPL (BDR: AAPL34),13.3,S,2.0,C,4.0,Forte,333.43,309.3,279.99,277.35,18505977771.26,False,0.0,False,0.0,True,0.8,False,0.0,False,0.0,True,False,1.1,344.57,False,False,False,False,False,True,False,141.47099,40.415756,45.926994,60
CNIC34,CNIC34,BDR,CNI (BDR: CNIC34),13.3,S,2.0,C,3.0,OK,127.13,121.02,109.94,106.15,288181710.28,False,0.0,False,0.0,True,0.8,False,0.0,False,0.0,True,False,1.26,131.55,False,False,False,False,False,True,False,22.017999,23.030796,4.946672,61
M1PC34,M1PC34,BDR,MPC (BDR: M1PC34),13.3,S,2.0,C,2.0,Fraco,314.08,272.96,231.04,220.02,487416962.2,False,0.0,False,0.0,True,0.8,False,0.0,False,0.0,True,False,0.76,326.92,False,False,False,False,False,True,False,27.458,20.676762,5.493118,62
DVAI34,DVAI34,BDR,DVA (BDR: DVAI34),13.3,S,2.0,C,3.0,OK,238.86,215.95,167.66,156.07,71246683.26,False,0.0,False,0.0,True,0.8,False,0.0,False,0.0,True,False,0.49,244.49,False,False,False,False,False,True,False,80.981004,22.989412,-20.925098,63
I1FF34,I1FF34,BDR,IFF (BDR: I1FF34),13.28,S,0.5,C,1.0,Fraco,79.48,76.49,73.76,71.3,79576492.08,False,0.0,False,0.0,True,0.65,False,0.0,True,0.8,False,False,0.58,83.83,False,False,False,False,False,False,False,6.0510002,24.606812,1.4364982,64
FCXO34,FCXO34,BDR,FCX (BDR: FCXO34),13.22,S,0.5,C,2.0,Fraco,63.44,63.39,61.54,56.76,639972746.07,False,0.0,False,0.0,True,0.6,False,0.0,True,0.85,True,False,0.65,65.43,False,False,False,False,False,False,False,14.754999999999999,31.09804,4.416597,65
M1TB34,M1TB34,BDR,MTB (BDR: M1TB34),13.12,S,2.0,C,3.0,OK,247.0,232.26,218.96,210.69,199479423.0,False,0.0,False,0.0,True,0.75,False,0.0,False,0.0,True,False,0.65,255.0,False,False,False,False,False,True,False,10.742,13.068784,1.4032018,66
R1VT34,R1VT34,BDR,RVTY (BDR: R1VT34),13.12,S,2.0,C,3.0,OK,113.54,105.64,99.46,98.68,166698634.56,False,0.0,False,0.0,True,0.75,False,0.0,False,0.0,True,False,0.98,116.0,False,False,False,False,False,True,False,3.227,54.850243,1.7645504,67
BBSE3,BB SEGURIDADE PARTICIPAÇÕES S.A.,BR_STOCK,BBSE3,13.12,S,0.5,C,4.0,Forte,40.86,38.43,35.7,34.61,145902890.18,False,0.0,False,0.0,True,0.75,False,0.0,False,0.0,True,False,0.64,42.84,False,False,False,False,False,False,False,75.649,8.620254,6.27457,68
K1MX34,K1MX34,BDR,KMX (BDR: K1MX34),13.12,S,2.0,C,1.0,Fraco,58.7,50.79,45.13,43.67,100488648.71,False,0.0,False,0.0,True,0.75,False,0.0,False,0.0,True,False,0.57,61.15,False,False,False,False,False,True,False,3.588,36.45963,1.3614435,69
TXSA34,TXSA34,BDR,TX (BDR: TXSA34),13.12,S,0.5,C,3.0,OK,49.11,46.34,42.55,40.82,13909916.57,False,0.0,False,0.0,True,0.75,False,0.0,False,0.0,True,False,0.4,50.14,False,False,False,False,False,False,False,3.227,16.37,0.790414,70
M1NS34,M1NS34,BDR,MNST (BDR: M1NS34),13.12,S,2.0,C,4.0,Forte,97.65,93.28,83.42,80.45,574890069.13,False,0.0,False,0.0,True,0.75,False,0.0,False,0.0,True,False,0.99,100.34,False,False,False,False,False,True,False,26.654,47.173916,10.942403,71
G1WW34,G1WW34,BDR,GWW (BDR: G1WW34),13.12,S,2.0,C,4.0,Forte,1355.49,1329.09,1184.57,1128.68,397325292.41,False,0.0,False,0.0,True,0.75,False,0.0,False,0.0,True,False,1.07,1419.91,False,False,False,False,False,True,False,46.129,36.408543,16.289011,72
L2IV34,L2IV34,BDR,LIVN (BDR: L2IV34),13.12,S,2.0,C,2.0,Fraco,81.05,78.65,69.32,66.32,47739991.75,False,0.0,False,0.0,True,0.75,False,0.0,False,0.0,True,False,1.13,85.27,False,False,False,False,False,True,False,9.543,41.352043,3.673405,73
ABBV34,ABBV34,BDR,ABBV (BDR: ABBV34),13.12,S,2.0,C,1.0,Fraco,257.41,236.09,221.36,221.36,1258768381.21,False,0.0,False,0.0,True,0.75,False,0.0,False,0.0,True,False,0.9,267.47,False,False,False,False,False,True,False,0.0,126.802956,-68.33289,74
L1YV34,L1YV34,BDR,LYV (BDR: L1YV34),13.12,S,2.0,C,1.0,Fraco,183.56,174.26,160.71,156.0,695850986.58,False,0.0,False,0.0,True,0.75,False,0.0,False,0.0,True,False,2.34,188.0,False,False,False,False,False,True,False,14.927000000000001,999.0,-303.9073,75
UBSG34,UBSG34,BDR,UBS (BDR: UBSG34),13.12,S,2.0,C,2.0,Fraco,53.39,49.98,44.83,43.28,134044776.55,False,0.0,False,0.0,True,0.75,False,0.0,False,0.0,True,False,1.29,55.15,False,False,False,False,False,True,False,0.0,33.578617,1.7961916,76
BCSA34,BCSA34,BDR,SAN (BDR: BCSA34),13.12,S,2.0,C,1.0,Fraco,14.11,13.18,12.28,11.82,171828880.81,False,0.0,False,0.0,True,0.75,False,0.0,False,0.0,True,False,1.25,14.39,False,False,False,False,False,True,False,13.109000000000002,14.11,1.6873267,77
SIMN34,SIMN34,BDR,SPG (BDR: SIMN34),13.12,S,2.0,C,3.0,OK,230.44,217.19,199.41,193.4,214815709.4,False,0.0,False,0.0,True,0.75,False,0.0,False,0.0,True,False,0.69,238.5,False,False,False,False,False,True,False,113.58999999999999,64.011116,15.50949,78
S1JM34,S1JM34,BDR,SJM (BDR: S1JM34),13.12,S,2.0,C,1.0,Fraco,122.21,111.06,103.79,103.02,107482594.3,False,0.0,False,0.0,True,0.75,False,0.0,False,0.0,True,False,0.55,127.65,False,False,False,False,False,True,False,-2.386,999.0,2.351323,79
H1EI34,H1EI34,BDR,HEI (BDR: H1EI34),13.12,S,2.0,C,4.0,Forte,354.17,338.12,318.9,317.57,123808982.44,False,0.0,False,0.0,True,0.75,False,0.0,False,0.0,True,False,0.79,369.48,False,False,False,False,False,True,False,17.206,63.13191,10.350401,80
ARMT34,ARMT34,BDR,MT (BDR: ARMT34),13.12,S,2.0,C,3.0,OK,69.34,65.82,59.3,54.64,123066567.02,False,0.0,False,0.0,True,0.75,False,0.0,False,0.0,True,False,1.1,68.1,False,False,False,False,False,True,False,5.4330003,18.151833,1.9121153,81
P1DT34,P1DT34,BDR,PRU (BDR: P1DT34),13.12,S,2.0,C,2.0,Fraco,122.77,110.07,103.82,103.78,189747045.54,False,0.0,False,0.0,True,0.75,False,0.0,False,0.0,True,False,0.85,124.57,False,False,False,False,False,True,False,10.711,12.643666,1.3335723,82
E1IX34,E1IX34,BDR,EIX (BDR: E1IX34),13.12,S,2.0,C,3.0,OK,78.73,73.6,68.97,65.58,138293738.51,False,0.0,False,0.0,True,0.75,False,0.0,False,0.0,True,False,0.74,81.62,False,False,False,False,False,True,False,18.864,8.55761,1.7575624,83
S1MF34,S1MF34,BDR,SMFG (BDR: S1MF34),13.12,S,2.0,C,1.0,Fraco,25.78,24.31,22.08,20.88,46706323.3,False,0.0,False,0.0,True,0.75,False,0.0,False,0.0,True,False,1.04,26.67,False,False,False,False,False,True,False,6.8720005,17.072847,1.6811409,84
R1OK34,R1OK34,BDR,ROK (BDR: R1OK34),13.12,S,0.5,C,3.0,OK,471.01,462.49,420.31,409.03,246486603.26,False,0.0,False,0.0,True,0.75,False,0.0,False,0.0,True,False,0.74,493.97,False,False,False,False,False,False,False,27.183,48.80933,14.880893,85
METB34,METB34,BDR,MET (BDR: METB34),13.12,S,2.0,C,3.0,OK,97.07,88.17,79.53,78.97,445007027.11,False,0.0,False,0.0,True,0.75,False,0.0,False,0.0,True,False,1.11,97.8,False,False,False,False,False,True,False,13.014000000000001,18.775629,2.295016,86
M1UF34,M1UF34,BDR,MUFG (BDR: M1UF34),13.12,S,2.0,C,1.0,Fraco,22.5,20.67,18.72,17.9,97675110.0,False,0.0,False,0.0,True,0.75,False,0.0,False,0.0,True,False,1.27,23.25,False,False,False,False,False,True,False,9.398,17.307693,2.126427,87
BOAC34,BOAC34,BDR,BAC (BDR: BOAC34),13.12,S,2.0,C,3.0,OK,61.73,56.96,53.38,53.08,1120523136.88,False,0.0,False,0.0,True,0.75,False,0.0,False,0.0,True,False,0.51,62.99,False,False,False,False,False,True,False,11.1990005,14.256351,1.569061,88
T1RO34,T1RO34,BDR,TROW (BDR: T1RO34),13.12,S,2.0,C,5.0,Forte,119.28,110.67,100.86,100.45,295877138.25,False,0.0,False,0.0,True,0.75,False,0.0,False,0.0,True,False,1.44,122.0,False,False,False,False,False,True,False,18.688999,12.798284,2.37818,89
MACY34,MACY34,BDR,M (BDR: MACY34),13.12,S,2.0,C,3.0,OK,24.93,23.22,20.88,20.71,87627480.2,False,0.0,False,0.0,True,0.75,False,0.0,False,0.0,True,False,0.73,25.52,False,False,False,False,False,True,False,14.363000000000001,10.301653,1.3557018,90
Z2DV34,Z2DV34,BDR,ZD (BDR: Z2DV34),13.12,S,2.0,C,2.0,Fraco,52.61,48.86,42.45,40.4,21565891.45,False,0.0,False,0.0,True,0.75,False,0.0,False,0.0,True,False,0.75,54.97,False,False,False,False,False,True,False,2.076,43.841667,1.1513547,91
L1AM34,L1AM34,BDR,LAMR (BDR: L1AM34),13.12,S,2.0,C,2.0,Fraco,160.65,154.76,138.79,134.39,131965776.84,False,0.0,False,0.0,True,0.75,False,0.0,False,0.0,True,False,1.4,166.33,False,False,False,False,False,True,False,55.202,29.64022,16.809668,92
A1EG34,A1EG34,BDR,AEG (BDR: A1EG34),13.12,S,2.0,C,2.0,Fraco,9.44,8.58,7.82,7.72,53822950.57,False,0.0,False,0.0,True,0.75,False,0.0,False,0.0,True,False,1.01,9.24,False,False,False,False,False,True,False,10.421,13.882352,1.6648359,93
B1CS34,B1CS34,BDR,BCS (BDR: B1CS34),13.12,S,2.0,C,3.0,OK,27.7,26.22,24.69,23.96,127880848.42,False,0.0,False,0.0,True,0.75,False,0.0,False,0.0,True,False,0.66,28.67,False,False,False,False,False,True,False,10.091999999999999,10.778211,1.0698144,94
PNCS34,PNCS34,BDR,PNC (BDR: PNCS34),12.95,A,2.0,C,3.0,OK,248.71,237.03,222.08,213.12,220031255.84,False,0.0,False,0.0,True,0.7,False,0.0,False,0.0,True,False,0.48,254.46,False,False,False,False,False,True,False,12.623000000000001,13.695485,1.5521675,95
BRAV3,BRAVA ENERGIA S.A.,BR_STOCK,BRAV3,12.95,A,0.5,C,0.0,Fraco,20.39,19.84,18.89,17.76,230349901.1,False,0.0,False,0.0,True,0.7,False,0.0,False,0.0,True,False,1.37,21.43,False,False,False,False,False,False,False,0.0,0.0,0.0,96
K1IM34,K1IM34,BDR,KIM (BDR: K1IM34),12.95,A,2.0,C,3.0,OK,25.51,25.0,23.01,22.28,77916647.77,False,0.0,False,0.0,True,0.7,False,0.0,False,0.0,True,False,0.74,26.65,False,False,False,False,False,True,False,5.8579996,29.321838,1.6559559,97
BCAT39,GLOBAL X S&P 500 CATHOLIC VALUES ETF,BDR,BCAT (BDR: BCAT39),12.95,A,2.0,C,1.0,Fraco,15.62,15.42,14.25,13.81,8750323.94,False,0.0,False,0.0,True,0.7,False,0.0,False,0.0,True,False,0.71,15.89,False,False,False,False,False,True,False,0.0,7.3679247,999.0,98
W1AB34,W1AB34,BDR,WAB (BDR: W1AB34),12.95,A,2.0,C,3.0,OK,292.46,268.38,254.29,241.87,240756574.49,False,0.0,False,0.0,True,0.7,False,0.0,False,0.0,True,False,0.62,306.64,False,False,False,False,False,True,False,11.553001,39.30914,4.477959,99
RSSL39,GLOBAL X RUSSELL 2000 ETF,BDR,RSSL (BDR: RSSL39),12.95,A,2.0,C,1.0,Fraco,114.62,114.27,106.32,103.6,592814.65,False,0.0,False,0.0,True,0.7,False,0.0,False,0.0,True,False,0.25,118.25,False,False,False,False,False,True,False,0.0,18.099644,999.0,100
N1TR34,N1TR34,BDR,NTRS (BDR: N1TR34),12.95,A,2.0,C,4.0,Forte,182.51,175.45,156.88,149.79,130476212.56,False,0.0,False,0.0,True,0.7,False,0.0,False,0.0,True,False,0.54,191.6,False,False,False,False,False,True,False,17.066,15.679552,2.7905874,101
COCA34,COCA34,BDR,KO (BDR: COCA34),12.95,A,2.0,C,3.0,OK,88.49,81.72,77.34,75.24,1170024839.61,False,0.0,False,0.0,True,0.7,False,0.0,False,0.0,True,False,0.69,90.92,False,False,False,False,False,True,False,42.054,26.573574,10.53327,102
S2EI34,S2EI34,BDR,SEIC (BDR: S2EI34),12.95,A,2.0,C,4.0,Forte,103.04,92.52,86.19,84.8,51740815.18,False,0.0,False,0.0,True,0.7,False,0.0,False,0.0,True,False,0.52,104.47,False,False,False,False,False,True,False,27.587998000000002,18.17284,4.9455247,103
USBC34,USBC34,BDR,USB (BDR: USBC34),12.95,A,2.0,C,3.0,OK,62.9,59.14,55.83,53.75,272138429.1,False,0.0,False,0.0,True,0.7,False,0.0,False,0.0,True,False,0.46,64.84,False,False,False,False,False,True,False,12.623000000000001,12.55489,1.6165096,104
MLAS3,GRUPO MULTI S.A.,BR_STOCK,MLAS3,12.95,A,0.5,C,4.0,Forte,1.78,1.68,1.49,1.41,1941445.97,False,0.0,False,0.0,True,0.7,False,0.0,False,0.0,True,False,0.91,1.81,False,False,False,False,False,False,False,5.9809998,8.090909,0.46523786,105
C1FG34,C1FG34,BDR,CFG (BDR: C1FG34),12.95,A,2.0,C,3.0,OK,71.73,67.99,63.69,60.87,227974663.76,False,0.0,False,0.0,True,0.7,False,0.0,False,0.0,True,False,0.64,74.7,False,False,False,False,False,True,False,8.270001,15.627451,1.2595038,106
CBAV3,COMPANHIA BRASILEIRA DE ALUMÍNIO,BR_STOCK,CBAV3,12.95,A,0.5,C,2.0,Fraco,11.02,10.77,10.15,8.96,21809682.91,False,0.0,False,0.0,True,0.7,False,0.0,False,0.0,True,False,0.77,10.98,False,False,False,False,False,False,False,5.051,58.000004,1.5494939,107
D1OM34,D1OM34,BDR,D (BDR: D1OM34),12.95,A,2.0,C,1.0,Fraco,69.73,68.62,63.57,62.32,173144967.55,False,0.0,False,0.0,True,0.7,False,0.0,False,0.0,True,False,0.71,72.99,False,False,False,False,False,True,False,9.786999999999999,20.569323,2.1768856,108
H1RL34,H1RL34,BDR,HRL (BDR: H1RL34),12.78,A,2.0,C,1.0,Fraco,25.37,24.05,22.95,22.77,78019120.45,False,0.0,False,0.0,True,0.65,False,0.0,False,0.0,True,False,0.93,26.43,False,False,False,False,False,True,False,5.831,29.84706,1.7563171,109
AMGN34,AMGN34,BDR,AMGN (BDR: AMGN34),12.78,A,2.0,C,3.0,OK,387.64,354.65,349.2,340.21,964373929.56,False,0.0,False,0.0,True,0.65,False,0.0,False,0.0,True,False,0.95,398.0,False,False,False,False,False,True,False,101.318,26.956886,22.764858,110
MRCK34,MRCK34,BDR,MRK (BDR: MRCK34),12.78,A,2.0,C,2.0,Fraco,129.79,122.23,116.42,110.14,693685462.16,False,0.0,False,0.0,True,0.65,False,0.0,False,0.0,True,False,0.6,135.05,False,False,False,False,False,True,False,18.944,36.560562,6.986972,111
L1CA34,L1CA34,BDR,LH (BDR: L1CA34),12.78,A,2.0,C,3.0,OK,315.53,272.88,268.37,267.1,380437674.83,False,0.0,False,0.0,True,0.65,False,0.0,False,0.0,True,False,1.34,315.77,False,False,False,False,False,True,False,11.047,27.923008,2.9750702,112
N1WG34,N1WG34,BDR,NWG (BDR: N1WG34),12.78,A,2.0,C,3.0,OK,18.53,17.02,16.34,16.05,87834927.16,False,0.0,False,0.0,True,0.65,False,0.0,False,0.0,True,False,1.15,18.41,False,False,False,False,False,True,False,14.072000000000001,10.016216,1.4184504,113
P1KG34,P1KG34,BDR,PKG (BDR: P1KG34),12.78,A,2.0,C,2.0,Fraco,248.63,229.1,220.97,215.18,105912901.26,False,0.0,False,0.0,True,0.65,False,0.0,False,0.0,True,False,0.44,258.81,False,False,False,False,False,True,False,0.0,32.24773,4.7986956,114
DLTR34,DLTR34,BDR,DLTR (BDR: DLTR34),12.78,A,2.0,C,3.0,OK,128.57,115.83,114.98,113.3,143494799.48,False,0.0,False,0.0,True,0.65,False,0.0,False,0.0,True,False,0.38,133.26,False,False,False,False,False,True,False,33.976,20.63724,7.089997,115
GMCO34,GMCO34,BDR,GM (BDR: GMCO34),12.78,A,2.0,C,1.0,Fraco,88.4,80.14,79.1,76.98,448604018.14,False,0.0,False,0.0,True,0.65,False,0.0,False,0.0,True,False,0.56,91.85,False,False,False,False,False,True,False,3.164,39.464287,1.2504244,116
JNJB34,JNJB34,BDR,JNJ (BDR: JNJB34),12.72,A,0.5,C,3.0,OK,255.82,244.57,234.21,224.45,1703828273.62,False,0.0,False,0.0,True,0.6,False,0.0,True,0.65,False,False,0.77,274.9,False,False,False,False,False,False,False,25.741999999999997,29.643106,7.250312,117
O1UT34,O1UT34,BDR,OUT (BDR: O1UT34),12.62,A,0.5,C,2.0,Fraco,31.93,32.16,28.69,26.59,35102980.23,False,0.0,False,0.0,True,0.75,False,0.0,True,0.8,False,False,0.78,34.16,False,False,False,False,False,False,False,26.812,29.84112,8.49428,118
SVAL11,SVAL11,ETF,SVAL11,12.6,A,0.5,C,1.0,Fraco,150.51,149.98,142.47,139.8,325854.14,False,0.0,False,0.0,True,0.6,False,0.0,False,0.0,True,False,0.86,157.73,False,False,False,False,False,False,False,0.0,16.729364,999.0,119
IRFM11,IRFM11,ETF,IRFM11,12.6,A,0.5,C,0.0,Fraco,102.4,101.1,97.49,89.18,3424768.05,False,0.0,False,0.0,True,0.6,False,0.0,False,0.0,True,False,0.31,102.66,False,False,False,False,False,False,False,0.0,999.0,999.0,120
O2HI34,O2HI34,BDR,OHI (BDR: O2HI34),12.6,A,2.0,C,4.0,Forte,50.4,47.77,45.94,44.91,95993808.51,False,0.0,False,0.0,True,0.6,False,0.0,False,0.0,True,False,0.92,52.07,False,False,False,False,False,True,False,12.630999000000001,17.935944,2.8910687,121
COCE5,CIA ENERGETICA DO CEARA - COELCE,BR_STOCK,COCE5,12.6,A,0.5,C,3.0,OK,36.0,31.52,31.41,30.91,2624400.0,False,0.0,False,0.0,True,0.6,False,0.0,False,0.0,True,True,6.06,34.97,False,False,False,False,False,False,False,9.372,15.189874,0.55414456,122
C1TV34,C1TV34,BDR,CTVA (BDR: C1TV34),12.6,A,2.0,C,3.0,OK,89.34,81.98,78.49,74.91,385700061.63,False,0.0,False,0.0,True,0.6,False,0.0,False,0.0,True,False,1.24,90.97,False,False,False,False,False,True,False,5.1370002,48.29189,2.457163,123
B5P211,B5P211,ETF,B5P211,12.6,A,0.5,C,0.0,Fraco,109.27,108.11,103.62,95.67,8355330.29,False,0.0,False,0.0,True,0.6,False,0.0,False,0.0,True,False,0.57,109.64,False,False,False,False,False,False,False,0.0,999.0,999.0,124
JPMC34,JPMC34,BDR,JPM (BDR: JPMC34),12.6,A,2.0,C,4.0,Forte,350.85,325.69,310.8,309.06,2056364163.97,False,0.0,False,0.0,True,0.6,False,0.0,False,0.0,True,False,0.69,359.3,False,False,False,False,False,True,False,17.788999999999998,15.032134,2.637831,125
FMXB34,FMXB34,BDR,KOF (BDR: FMXB34),12.6,A,2.0,C,4.0,Forte,109.12,105.31,102.35,98.37,20127948.35,False,0.0,False,0.0,True,0.6,False,0.0,False,0.0,True,False,1.32,111.38,False,False,False,False,False,True,False,17.065,999.0,2.8042514,126
GDBR34,GDBR34,BDR,GD (BDR: GDBR34),12.6,A,2.0,C,4.0,Forte,382.2,357.97,349.76,346.41,373537066.73,False,0.0,False,0.0,True,0.6,False,0.0,False,0.0,True,False,0.77,400.0,False,False,False,False,False,True,False,17.803,23.333336,3.9573002,127
V1OD34,V1OD34,BDR,VOD (BDR: V1OD34),12.6,A,2.0,C,0.0,Fraco,16.14,14.68,14.61,13.89,62279883.7,False,0.0,False,0.0,True,0.6,False,0.0,False,0.0,True,False,0.95,16.4,False,False,False,False,False,True,False,0.10899999,999.0,1.276864,128
INTB3,INTELBRAS S.A. IND DE TELEC ELETRONICA BRASILEIRA,BR_STOCK,INTB3,12.6,A,0.5,C,5.0,Forte,14.52,13.44,13.36,12.89,101502063.2,False,0.0,False,0.0,True,0.6,False,0.0,False,0.0,True,True,4.36,14.25,False,False,False,False,False,False,False,18.765,7.9344263,1.511398,129
R1FC34,R1FC34,BDR,RF (BDR: R1FC34),12.6,A,2.0,C,3.0,OK,30.85,29.51,28.11,27.25,152091643.33,False,0.0,False,0.0,True,0.6,False,0.0,False,0.0,True,False,0.42,32.47,False,False,False,False,False,True,False,11.866999400000001,12.54065,1.5133677,130
I2NV34,I2NV34,BDR,INVH (BDR: I2NV34),12.6,A,2.0,C,2.0,Fraco,29.67,29.45,27.27,27.2,175265645.34,False,0.0,False,0.0,True,0.6,False,0.0,False,0.0,True,False,1.56,30.73,False,False,False,False,False,True,False,6.1929997,27.220182,1.9385822,131
C2CA34,C2CA34,BDR,KOF (BDR: C2CA34),12.6,A,2.0,C,4.0,Forte,109.12,105.31,102.35,98.37,20127948.35,False,0.0,False,0.0,True,0.6,False,0.0,False,0.0,True,False,1.32,111.38,False,False,False,False,False,True,False,17.065,999.0,2.8042514,132
PSSA3,PORTO SEGURO S.A.,BR_STOCK,PSSA3,12.6,A,0.5,C,5.0,Forte,54.35,51.74,49.6,48.51,65720018.15,False,0.0,False,0.0,True,0.6,False,0.0,False,0.0,True,False,1.0,55.55,False,False,False,False,False,False,False,25.16,9.568662,2.2400362,133
BMGB4,BANCO BMG S.A.,BR_STOCK,BMGB4,12.6,A,0.5,C,2.0,Fraco,5.27,5.23,5.07,4.77,2649228.99,False,0.0,False,0.0,True,0.6,False,0.0,False,0.0,True,False,0.71,5.42,False,False,False,False,False,False,False,13.51,5.27,0.68575144,134
N1VS34,N1VS34,BDR,NVS (BDR: N1VS34),12.6,A,2.0,C,2.0,Fraco,158.44,152.44,149.98,144.0,315546890.7,False,0.0,False,0.0,True,0.6,False,0.0,False,0.0,True,False,1.01,160.57,False,False,False,False,False,True,False,30.349999999999998,23.933535,7.849782,135
A1MP34,A1MP34,BDR,AMP (BDR: A1MP34),12.6,A,2.0,C,5.0,Forte,544.46,481.95,476.67,473.9,150132128.76,False,0.0,False,0.0,True,0.6,False,0.0,False,0.0,True,False,0.44,553.46,False,False,False,False,False,True,False,63.432,13.564027,7.560475,136
T1EV34,T1EV34,BDR,TEVA (BDR: T1EV34),12.6,A,2.0,C,0.0,Fraco,35.41,33.28,32.68,30.64,282521835.27,False,0.0,False,0.0,True,0.6,False,0.0,False,0.0,True,False,1.37,35.69,False,False,False,False,False,True,False,9.718,59.016663,5.3208113,137
A1FL34,A1FL34,BDR,AFL (BDR: A1FL34),12.6,A,2.0,C,5.0,Forte,127.36,119.45,113.83,112.48,161799545.74,False,0.0,False,0.0,True,0.6,False,0.0,False,0.0,True,False,0.61,130.22,False,False,False,False,False,True,False,16.469,14.5554285,2.170194,138
BBOI11,BBOI11,ETF,BBOI11,12.6,A,0.5,C,0.0,Fraco,11.77,11.47,10.95,10.65,68654.41,False,0.0,False,0.0,True,0.6,False,0.0,False,0.0,True,False,0.59,11.8,False,False,False,False,False,False,False,0.0,999.0,999.0,139
SBUB34,SBUB34,BDR,SBUX (BDR: SBUB34),12.6,A,2.0,C,2.0,Fraco,105.85,102.37,97.64,94.06,2180598988.42,False,0.0,False,0.0,True,0.6,False,0.0,False,0.0,True,False,2.94,109.23,False,False,False,False,False,True,False,0.0,61.18497,-14.248217,140
BBMC39,BBMC39,BDR,BBMC (BDR: BBMC39),12.6,A,2.0,C,0.0,Fraco,124.45,123.87,116.65,113.58,1011886.67,False,0.0,False,0.0,True,0.6,False,0.0,False,0.0,True,False,0.95,127.7,False,False,False,False,False,True,False,0.0,21.729185,999.0,141
AIRB34,AIRB34,BDR,ABNB (BDR: AIRB34),12.6,A,2.0,C,4.0,Forte,152.08,140.79,135.26,132.38,425625540.72,False,0.0,False,0.0,True,0.6,False,0.0,False,0.0,True,False,0.78,156.5,False,False,False,False,False,True,False,32.324999999999996,37.550617,11.849774,142
S1NA34,S1NA34,BDR,SNA (BDR: S1NA34),12.6,A,2.0,C,4.0,Forte,409.05,391.76,375.57,365.51,90827913.59,False,0.0,False,0.0,True,0.6,False,0.0,False,0.0,True,False,0.49,420.91,False,False,False,False,False,True,False,17.932000000000002,20.891214,3.5019605,143
C1BL34,C1BL34,BDR,CB (BDR: C1BL34),12.6,A,2.0,C,3.0,OK,350.15,337.01,326.12,316.93,445786111.58,False,0.0,False,0.0,True,0.6,False,0.0,False,0.0,True,False,0.52,365.91,False,False,False,False,False,True,False,14.822,12.403471,1.7915068,144
CHVX34,CHVX34,BDR,CVX (BDR: CHVX34),12.6,A,0.5,C,2.0,Fraco,192.31,182.76,181.27,173.11,1030971973.81,False,0.0,False,0.0,True,0.6,False,0.0,False,0.0,True,False,0.75,197.69,False,False,False,False,False,False,False,6.638,33.503487,2.0699418,145
SPXR11,SPXR11,ETF,SPXR11,12.6,A,0.5,C,0.0,Fraco,72.2,72.08,67.32,65.93,3779020.04,False,0.0,False,0.0,True,0.6,False,0.0,False,0.0,True,False,0.26,73.88,False,False,False,False,False,False,False,0.0,999.0,999.0,146
P1AC34,P1AC34,BDR,PCAR (BDR: P1AC34),12.6,A,2.0,C,3.0,OK,133.76,120.6,119.88,115.01,504196662.17,False,0.0,False,0.0,True,0.6,False,0.0,False,0.0,True,False,0.92,139.24,False,False,False,False,False,True,False,12.755999000000001,28.159998,3.5629427,147
A1PD34,A1PD34,BDR,APD (BDR: A1PD34),12.5,A,2.0,C,1.0,Fraco,300.2,288.36,281.74,273.08,387965587.18,False,0.0,False,0.0,False,0.0,False,0.0,True,0.8,True,False,1.15,314.87,False,False,False,False,False,True,False,12.353,31.66667,4.271486,148
S1YY34,S1YY34,BDR,SYY (BDR: S1YY34),12.43,A,2.0,C,2.0,Fraco,84.71,79.73,78.76,77.57,169830841.66,False,0.0,False,0.0,True,0.55,False,0.0,False,0.0,True,False,0.75,86.65,False,False,False,False,False,True,False,81.894994,23.530556,17.633223,149
R1EG34,R1EG34,BDR,REG (BDR: R1EG34),12.25,A,2.0,C,3.0,OK,80.36,79.31,76.08,74.06,130860233.99,False,0.0,False,0.0,True,0.5,False,0.0,False,0.0,True,False,1.15,83.66,False,False,False,False,False,True,False,8.003,27.61512,2.2004983,150
HONB34,HONB34,BDR,HON (BDR: HONB34),12.25,A,2.0,C,4.0,Forte,241.91,233.5,233.43,225.64,604677277.51,False,0.0,False,0.0,True,0.5,False,0.0,False,0.0,True,False,0.69,252.0,False,False,False,False,False,True,False,46.577,9.297079,5.6397166,151
E1SE34,E1SE34,BDR,ES (BDR: E1SE34),12.25,A,2.0,C,3.0,OK,73.84,71.68,69.68,69.25,259465181.69,False,0.0,False,0.0,True,0.5,False,0.0,False,0.0,True,False,1.78,76.57,False,False,False,False,False,True,False,10.911999999999999,15.811563,1.6794032,152
GSFI11,GSFI11,ETF,GSFI11,12.25,A,2.0,C,0.0,Fraco,11.79,11.37,11.15,10.83,100545.12,False,0.0,False,0.0,True,0.5,False,0.0,False,0.0,True,False,0.09,12.29,False,False,False,False,False,True,False,0.0,999.0,999.0,153
BCLO39,GLOBAL X CLOUD COMPUTING ETF,BDR,BCLO (BDR: BCLO39),12.25,A,2.0,C,0.0,Fraco,49.51,49.47,48.71,48.46,3211763.1,False,0.0,False,0.0,True,0.5,False,0.0,False,0.0,True,False,10.85,49.66,False,False,False,False,False,True,False,0.0,999.0,999.0,154
IDKA11,IDKA11,ETF,IDKA11,12.25,A,2.0,C,0.0,Fraco,60.11,59.33,58.67,58.12,634761.61,False,0.0,False,0.0,True,0.5,False,0.0,False,0.0,True,False,0.23,60.36,False,False,False,False,False,True,False,0.0,999.0,999.0,155
ALUG11,ALUG11,ETF,ALUG11,12.25,A,2.0,C,0.0,Fraco,43.02,42.5,41.26,41.15,401634.72,False,0.0,False,0.0,True,0.5,False,0.0,False,0.0,True,False,1.58,44.49,False,False,False,False,False,True,False,0.0,30.80079,999.0,156
LFIN11,LFIN11,ETF,LFIN11,12.25,A,2.0,C,0.0,Fraco,112.34,110.77,107.84,106.84,867152.43,False,0.0,False,0.0,True,0.5,False,0.0,False,0.0,True,False,0.51,112.31,False,False,False,False,False,True,False,0.0,999.0,999.0,157
SAPI11,SAPI11,ETF,SAPI11,12.25,A,2.0,C,1.0,Fraco,9.06,9.03,8.8,8.58,85182.12,False,0.0,False,0.0,True,0.5,False,0.0,False,0.0,True,False,0.42,9.2,False,False,False,False,False,True,False,0.0,8.882354,999.0,158
IFRI11,IFRI11,ETF,IFRI11,12.25,A,2.0,C,0.0,Fraco,102.94,100.39,98.98,97.24,1095178.69,False,0.0,False,0.0,True,0.5,False,0.0,False,0.0,True,False,0.59,107.08,False,False,False,False,False,True,False,0.0,999.0,999.0,159
NTNS11,NTNS11,ETF,NTNS11,12.25,A,0.5,C,0.0,Fraco,66.34,65.65,64.2,63.39,730270.68,False,0.0,False,0.0,True,0.5,False,0.0,False,0.0,True,False,0.75,66.51,False,False,False,False,False,False,False,0.0,999.0,999.0,160
PACC11,PACC11,ETF,PACC11,12.25,A,0.5,C,0.0,Fraco,119.63,118.4,115.72,114.33,592647.01,False,0.0,False,0.0,True,0.5,False,0.0,False,0.0,True,False,0.17,119.95,False,False,False,False,False,False,False,0.0,999.0,999.0,161
NCDI11,NCDI11,ETF,NCDI11,12.25,A,0.5,C,0.0,Fraco,111.22,109.82,106.93,105.65,459004.95,False,0.0,False,0.0,True,0.5,False,0.0,False,0.0,True,True,4.84,111.19,False,False,False,False,False,False,False,0.0,999.0,999.0,162
BINC11,BINC11,ETF,BINC11,12.25,A,0.5,C,0.0,Fraco,104.62,102.03,99.1,96.82,435951.55,False,0.0,False,0.0,True,0.5,False,0.0,False,0.0,True,False,0.53,104.68,False,False,False,False,False,False,False,0.0,999.0,999.0,163
XPID11,XPID11,ETF,XPID11,12.25,A,0.5,C,0.0,Fraco,49.2,48.85,48.31,47.45,188485.2,False,0.0,False,0.0,True,0.5,False,0.0,False,0.0,True,False,1.81,50.0,False,False,False,False,False,False,False,0.0,999.0,999.0,164
BOL511,BOL511,ETF,BOL511,12.25,A,0.5,C,0.0,Fraco,110.36,109.25,106.76,105.52,386260.0,False,0.0,False,0.0,True,0.5,False,0.0,False,0.0,True,False,0.53,110.52,False,False,False,False,False,False,False,0.0,999.0,999.0,165
KNHY11,KNHY11,ETF,KNHY11,12.25,A,0.5,C,1.0,Fraco,99.93,98.9,96.22,94.85,2172977.86,False,0.0,False,0.0,True,0.5,False,0.0,False,0.0,True,False,0.73,102.0,False,False,False,False,False,False,False,0.0,6.9978995,999.0,166
GLFT11,GLFT11,ETF,GLFT11,12.25,A,0.5,C,0.0,Fraco,111.64,110.23,107.36,105.9,2640620.91,False,0.0,False,0.0,True,0.5,False,0.0,False,0.0,True,False,0.09,111.58,False,False,False,False,False,False,False,0.0,999.0,999.0,167
ISEN11,ISEN11,ETF,ISEN11,12.25,A,0.5,C,0.0,Fraco,117.97,116.38,112.95,111.27,3019796.09,False,0.0,False,0.0,True,0.5,False,0.0,False,0.0,True,False,0.55,118.99,False,False,False,False,False,False,False,0.0,999.0,999.0,168
FLCR11,FLCR11,ETF,FLCR11,12.25,A,0.5,C,1.0,Fraco,94.02,93.02,90.8,89.67,1417633.51,False,0.0,False,0.0,True,0.5,False,0.0,False,0.0,True,False,23.15,94.98,False,False,False,False,False,False,False,0.0,6.4485593,999.0,169
DUKB34,DUKB34,BDR,DUK (BDR: DUKB34),12.25,A,0.5,C,3.0,OK,126.27,125.54,124.53,123.33,511429220.81,False,0.0,False,0.0,True,0.5,False,0.0,False,0.0,True,False,1.1,132.65,False,False,False,False,False,False,False,9.661,19.396313,1.8367614,170
T10R11,T10R11,ETF,T10R11,12.25,A,0.5,C,0.0,Fraco,54.86,54.6,53.85,53.39,816975.13,False,0.0,False,0.0,True,0.5,False,0.0,False,0.0,True,False,6.71,55.23,False,False,False,False,False,False,False,0.0,999.0,999.0,171
SNME11,SNME11,ETF,SNME11,12.25,A,0.5,C,1.0,Fraco,9.41,9.18,9.03,8.87,122282.95,False,0.0,False,0.0,True,0.5,False,0.0,False,0.0,True,False,0.49,9.64,False,False,False,False,False,False,False,0.0,4.8756475,999.0,172
AFHF11,AFHF11,ETF,AFHF11,12.25,A,2.0,C,0.0,Fraco,10.0,9.8,9.49,9.35,86990.0,False,0.0,False,0.0,True,0.5,False,0.0,False,0.0,True,False,1.3,10.14,False,False,False,False,False,True,False,0.0,999.0,999.0,173
MARG11,MARG11,ETF,MARG11,12.25,A,2.0,C,0.0,Fraco,121.5,119.87,116.37,114.91,789507.0,False,0.0,False,0.0,True,0.5,False,0.0,False,0.0,True,False,3.46,121.81,False,False,False,False,False,True,False,0.0,999.0,999.0,174
HLOG11,HLOG11,ETF,HLOG11,12.25,A,2.0,C,1.0,Fraco,9.55,9.01,8.92,8.8,64424.3,False,0.0,False,0.0,True,0.5,False,0.0,False,0.0,True,False,0.29,9.96,False,False,False,False,False,True,False,0.0,5.39548,999.0,175
EAIN34,EAIN34,BDR,EA (BDR: EAIN34),12.25,A,2.0,C,3.0,OK,209.59,204.77,202.85,202.44,813184244.58,False,0.0,False,0.0,True,0.5,False,0.0,False,0.0,True,False,1.43,209.41,False,False,False,False,False,True,False,13.489999999999998,59.71225,7.768635,176
N2LY34,N2LY34,BDR,NLY (BDR: N2LY34),12.25,A,2.0,C,4.0,Forte,23.08,21.85,21.53,21.09,147567287.91,False,0.0,False,0.0,True,0.5,False,0.0,False,0.0,True,False,0.83,23.48,False,False,False,False,False,True,False,19.567,5.574879,1.1647154,177
BBEU39,BBEU39,BDR,BBEU (BDR: BBEU39),12.25,A,2.0,C,1.0,Fraco,79.49,77.02,75.08,73.58,8238184.4,False,0.0,False,0.0,True,0.5,False,0.0,False,0.0,True,False,0.47,78.87,False,False,False,False,False,True,False,0.0,19.131233,999.0,178
BBJP39,JPMORGAN BETABUILDERS JAPAN ETF,BDR,BBJP (BDR: BBJP39),12.25,A,2.0,C,1.0,Fraco,75.35,74.97,72.28,70.44,114980179.47,False,0.0,False,0.0,True,0.5,False,0.0,False,0.0,True,False,0.9,77.06,False,False,False,False,False,True,False,0.0,18.482157,999.0,179
TJXC34,TJXC34,BDR,TJX (BDR: TJXC34),12.25,A,0.5,C,3.0,OK,159.26,157.43,156.09,153.77,660677505.67,False,0.0,False,0.0,True,0.5,False,0.0,False,0.0,True,False,0.88,163.04,False,False,False,False,False,False,False,61.25000000000001,30.984436,16.917356,180
E2LS34,E2LS34,BDR,ELS (BDR: E2LS34),12.25,A,2.0,C,3.0,OK,65.53,63.59,63.33,62.56,99810444.92,False,0.0,False,0.0,True,0.5,False,0.0,False,0.0,True,False,0.78,67.78,False,False,False,False,False,True,False,22.877,31.657005,7.2296996,181
R1IN34,R1IN34,BDR,O (BDR: R1IN34),12.25,A,2.0,C,3.0,OK,64.43,62.52,61.68,60.21,301802298.7,False,0.0,False,0.0,True,0.5,False,0.0,False,0.0,True,False,1.04,67.15,False,False,False,False,False,True,False,2.831,52.811474,1.5347054,182
A1DC34,A1DC34,BDR,ADC (BDR: A1DC34),12.25,A,2.0,C,3.0,OK,78.41,76.31,75.31,74.35,94581910.1,False,0.0,False,0.0,True,0.5,False,0.0,False,0.0,True,False,0.99,81.8,False,False,False,False,False,True,False,3.7039999999999997,42.383785,1.550616,183
BBAX39,BBAX39,BDR,BBAX (BDR: BBAX39),12.25,A,2.0,C,0.0,Fraco,64.55,61.02,60.28,58.85,16544423.98,False,0.0,False,0.0,True,0.5,False,0.0,False,0.0,True,False,1.22,64.42,False,False,False,False,False,True,False,0.0,20.989923,999.0,184
BBCA39,BBCA39,BDR,BBCA (BDR: BBCA39),12.25,A,2.0,C,0.0,Fraco,103.18,100.67,97.47,94.97,24942836.45,False,0.0,False,0.0,True,0.5,False,0.0,False,0.0,True,False,1.21,103.74,False,False,False,False,False,True,False,0.0,21.63009,999.0,185
BLFT11,BLFT11,ETF,BLFT11,12.25,A,2.0,C,0.0,Fraco,111.14,109.72,106.86,105.59,1092061.63,False,0.0,False,0.0,True,0.5,False,0.0,False,0.0,True,False,1.14,111.32,False,False,False,False,False,True,False,0.0,999.0,999.0,186
B1BT34,B1BT34,BDR,TFC (BDR: B1BT34),12.25,A,2.0,C,3.0,OK,52.01,50.11,49.24,48.08,345674311.89,False,0.0,False,0.0,True,0.5,False,0.0,False,0.0,True,False,0.78,54.22,False,False,False,False,False,True,False,9.059000000000001,11.956322,1.0826845,187
E1MR34,E1MR34,BDR,EMR (BDR: E1MR34),12.25,A,2.0,C,3.0,OK,148.64,141.51,141.3,138.77,330397287.92,False,0.0,False,0.0,True,0.5,False,0.0,False,0.0,True,False,0.78,152.09,False,False,False,False,False,True,False,12.328,34.48724,4.100527,188
COLG34,COLG34,BDR,CL (BDR: COLG34),12.25,A,2.0,C,2.0,Fraco,91.6,90.43,87.71,85.0,336996119.59,False,0.0,False,0.0,True,0.5,False,0.0,False,0.0,True,False,0.83,95.46,False,False,False,False,False,True,False,363.57698,35.503876,506.07736,189
HGBR11,HGBR11,ETF,HGBR11,12.25,A,0.5,C,0.0,Fraco,55.07,54.67,53.47,52.84,1876675.45,False,0.0,False,0.0,True,0.5,False,0.0,False,0.0,True,False,1.72,55.43,False,False,False,False,False,False,False,0.0,999.0,999.0,190
MCCI11,MCCI11,ETF,MCCI11,12.25,A,0.5,C,1.0,Fraco,94.6,93.28,90.87,88.27,2812741.75,False,0.0,False,0.0,True,0.5,False,0.0,False,0.0,True,False,0.92,95.94,False,False,False,False,False,False,False,0.0,9.035338,999.0,191
HTMX11,HTMX11,ETF,HTMX11,12.25,A,0.5,C,0.0,Fraco,138.42,135.09,133.04,132.11,328747.5,False,0.0,False,0.0,True,0.5,False,0.0,False,0.0,True,False,0.83,141.07,False,False,False,False,False,False,False,0.0,999.0,999.0,192
KNCR11,KNCR11,ETF,KNCR11,12.25,A,0.5,C,2.0,Fraco,107.29,106.31,102.93,101.29,12600352.29,False,0.0,False,0.0,True,0.5,False,0.0,False,0.0,True,False,0.53,109.19,False,False,False,False,False,False,False,15.479000000000001,8.866942,1.0636674,193
BTCI11,BTCI11,ETF,BTCI11,12.25,A,2.0,C,1.0,Fraco,9.16,9.06,8.93,8.83,1229006.34,False,0.0,False,0.0,True,0.5,False,0.0,False,0.0,True,False,0.55,9.26,False,False,False,False,False,True,False,0.0,7.328,0.88059986,194
PORD11,PORD11,ETF,PORD11,12.25,A,2.0,C,1.0,Fraco,8.38,8.27,8.0,7.81,1169613.38,False,0.0,False,0.0,True,0.5,False,0.0,False,0.0,True,False,2.88,8.5,False,False,False,False,False,True,False,12.647,1.029484,0.84331286,195
LTNB11,LTNB11,ETF,LTNB11,12.25,A,0.5,C,0.0,Fraco,112.53,111.05,110.08,109.13,321498.21,False,0.0,False,0.0,True,0.5,False,0.0,False,0.0,True,False,0.69,112.52,False,False,False,False,False,False,False,0.0,999.0,999.0,196
RNGO11,RNGO11,ETF,RNGO11,12.25,A,0.5,C,1.0,Fraco,52.15,51.38,50.39,49.7,124325.6,False,0.0,False,0.0,True,0.5,False,0.0,False,0.0,True,False,1.72,53.0,False,False,False,False,False,False,False,4.486,13.286625,0.62552476,197
CJCT11,CJCT11,ETF,CJCT11,12.25,A,0.5,C,0.0,Fraco,68.99,66.38,64.11,63.2,174613.68,False,0.0,False,0.0,True,0.5,False,0.0,False,0.0,True,True,100.04,68.0,False,False,False,False,False,False,False,0.0,22.399351,999.0,198
BTRA11,BTRA11,ETF,BTRA11,12.25,A,0.5,C,1.0,Fraco,65.97,62.24,62.2,59.99,106211.7,False,0.0,False,0.0,True,0.5,False,0.0,False,0.0,True,False,0.77,65.99,False,False,False,False,False,False,False,0.0,5.921903,999.0,199
AZPL11,AZPL11,ETF,AZPL11,12.25,A,0.5,C,0.0,Fraco,7.5,7.46,7.39,7.33,654112.5,False,0.0,False,0.0,True,0.5,False,0.0,False,0.0,True,False,2.79,7.6,False,False,False,False,False,False,False,0.0,24.193548,999.0,200
P1LD34,P1LD34,BDR,PLD (BDR: P1LD34),12.25,A,2.0,C,3.0,OK,146.19,143.5,137.12,133.56,637693655.37,False,0.0,False,0.0,True,0.5,False,0.0,False,0.0,True,False,0.84,153.35,False,False,False,False,False,True,False,7.7490000000000006,32.486668,2.5389907,201
TBIL39,GLOBAL X 1-3 MONTH T-BILL ETF,BDR,TBIL (BDR: TBIL39),12.25,A,2.0,C,0.0,Fraco,49.86,49.69,49.33,49.15,75430003.88,False,0.0,False,0.0,True,0.5,False,0.0,False,0.0,True,False,0.88,49.86,False,False,False,False,False,True,False,0.0,999.0,999.0,202
ISNT11,ISNT11,ETF,ISNT11,12.25,A,0.5,C,0.0,Fraco,1131.5,1122.99,1092.92,1087.74,5731047.5,False,0.0,False,0.0,True,0.5,False,0.0,False,0.0,True,False,1.9,1150.0,False,False,False,False,False,False,False,0.0,999.0,999.0,203
KNUQ11,KNUQ11,ETF,KNUQ11,12.25,A,0.5,C,1.0,Fraco,105.15,103.93,101.27,99.62,2104682.43,False,0.0,False,0.0,True,0.5,False,0.0,False,0.0,True,False,0.51,106.19,False,False,False,False,False,False,False,0.0,7.5,999.0,204
KNOX11,KNOX11,ETF,KNOX11,12.25,A,0.5,C,0.0,Fraco,99.96,99.23,96.16,94.61,3005397.33,False,0.0,False,0.0,True,0.5,False,0.0,False,0.0,True,False,9.15,100.75,False,False,False,False,False,False,False,0.0,999.0,999.0,205
ACWX39,ISHARES MSCI ACWI EX U.S. ETF,BDR,ACWX (BDR: ACWX39),12.25,A,2.0,C,1.0,Fraco,75.38,75.07,71.98,70.12,126009273.93,False,0.0,False,0.0,True,0.5,False,0.0,False,0.0,True,False,0.82,76.47,False,False,False,False,False,True,False,0.0,18.385143,999.0,206
BPRE11,BPRE11,ETF,BPRE11,12.25,A,0.5,C,0.0,Fraco,108.83,107.42,105.95,105.01,171733.74,False,0.0,False,0.0,True,0.5,False,0.0,False,0.0,True,False,0.93,108.81,False,False,False,False,False,False,False,0.0,999.0,999.0,207
B1TI34,B1TI34,BDR,BTI (BDR: B1TI34),12.25,A,0.5,C,4.0,Forte,61.69,60.89,58.74,57.18,294243526.73,False,0.0,False,0.0,True,0.5,False,0.0,False,0.0,True,False,1.05,63.67,False,False,False,False,False,False,False,15.824,13.2952585,10.960598,208
GLPF11,GLPF11,ETF,GLPF11,12.25,A,2.0,C,1.0,Fraco,109.85,107.99,104.78,103.38,54375.75,False,0.0,False,0.0,True,0.5,False,0.0,False,0.0,True,False,2.8,110.44,False,False,False,False,False,True,False,0.0,10.769608,999.0,209
BIDB11,BIDB11,ETF,BIDB11,12.25,A,0.5,C,0.0,Fraco,78.28,77.9,77.19,75.46,81019.8,False,0.0,False,0.0,True,0.5,False,0.0,False,0.0,True,False,0.59,78.8,False,False,False,False,False,False,False,0.0,999.0,999.0,210
SFIX11,SFIX11,ETF,SFIX11,12.25,A,2.0,C,0.0,Fraco,111.06,110.02,107.65,106.29,73965.96,False,0.0,False,0.0,True,0.5,False,0.0,False,0.0,True,False,0.67,112.05,False,False,False,False,False,True,False,0.0,999.0,999.0,211
BBRC11,BBRC11,ETF,BBRC11,12.25,A,2.0,C,0.0,Fraco,104.63,102.69,99.68,96.82,63091.89,False,0.0,False,0.0,True,0.5,False,0.0,False,0.0,True,False,1.19,105.5,False,False,False,False,False,True,False,0.0,999.0,999.0,212
VSHO11,VSHO11,ETF,VSHO11,12.25,A,2.0,C,1.0,Fraco,74.88,73.67,73.14,71.95,51292.8,False,0.0,False,0.0,True,0.5,False,0.0,False,0.0,True,False,1.75,76.49,False,False,False,False,False,True,False,0.0,3.8439424,999.0,213
LFTB11,LFTB11,ETF,LFTB11,12.25,A,2.0,C,0.0,Fraco,124.17,122.97,120.06,118.49,37181340.08,False,0.0,False,0.0,True,0.5,False,0.0,False,0.0,True,False,0.84,124.37,False,False,False,False,False,True,False,0.0,999.0,999.0,214
KNSC11,KNSC11,ETF,KNSC11,12.25,A,2.0,C,1.0,Fraco,9.1,9.04,8.73,8.54,2976100.52,False,0.0,False,0.0,True,0.5,False,0.0,False,0.0,True,False,0.73,9.3,False,False,False,False,False,True,False,0.0,8.750001,999.0,215
DEBB11,DEBB11,ETF,DEBB11,12.25,A,2.0,C,0.0,Fraco,16.84,16.64,16.18,16.0,5260479.25,False,0.0,False,0.0,True,0.5,False,0.0,False,0.0,True,False,0.5,16.89,False,False,False,False,False,True,False,0.0,999.0,999.0,216
LFTS11,LFTS11,ETF,LFTS11,12.25,A,2.0,C,0.0,Fraco,157.21,155.24,151.19,149.21,38143863.93,False,0.0,False,0.0,True,0.5,False,0.0,False,0.0,True,False,0.48,157.14,False,False,False,False,False,True,True,0.0,999.0,999.0,217
SNEL11,SNEL11,ETF,SNEL11,12.25,A,2.0,C,0.0,Fraco,8.3,8.26,8.16,8.04,2212946.05,False,0.0,False,0.0,True,0.5,False,0.0,False,0.0,True,False,0.98,8.4,False,False,False,False,False,True,False,0.0,21.842106,999.0,218
GGRC11,GGRC11,ETF,GGRC11,12.25,A,2.0,C,0.0,Fraco,9.98,9.81,9.72,9.57,9220471.68,False,0.0,False,0.0,True,0.5,False,0.0,False,0.0,True,False,0.66,9.98,False,False,False,False,False,True,False,0.0,999.0,999.0,219
MANA11,MANA11,ETF,MANA11,12.25,A,2.0,C,1.0,Fraco,9.17,9.12,8.9,8.69,2026780.93,False,0.0,False,0.0,True,0.5,False,0.0,False,0.0,True,False,1.12,9.26,False,False,False,False,False,True,False,0.0,5.6257668,999.0,220
A1ME34,A1ME34,BDR,AME (BDR: A1ME34),12.25,A,2.0,C,3.0,OK,240.01,232.52,226.61,218.44,170883275.93,False,0.0,False,0.0,True,0.5,False,0.0,False,0.0,True,False,0.61,244.16,False,False,False,False,False,True,False,14.626999,36.310135,5.0379934,221
ISET11,ISET11,ETF,ISET11,12.25,A,2.0,C,0.0,Fraco,116.55,115.28,112.06,110.51,94055.85,False,0.0,False,0.0,True,0.5,False,0.0,False,0.0,True,False,0.51,117.54,False,False,False,False,False,True,False,0.0,999.0,999.0,222
JPIN39,JPIN39,BDR,JPIN (BDR: JPIN39),12.25,A,2.0,C,1.0,Fraco,75.99,73.27,72.04,70.34,492645.78,False,0.0,False,0.0,True,0.5,False,0.0,False,0.0,True,False,1.06,75.17,False,False,False,False,False,True,False,0.0,15.7464,999.0,223
HYEM39,VANECK EMERGING MARKETS HIGH YIELD BOND ETF,BDR,HYEM (BDR: HYEM39),12.25,A,2.0,C,0.0,Fraco,20.04,19.98,19.69,19.53,2076404.61,False,0.0,False,0.0,True,0.5,False,0.0,False,0.0,True,False,1.13,20.2,False,False,False,False,False,True,False,0.0,59.779198,999.0,224
U1DR34,U1DR34,BDR,UDR (BDR: U1DR34),12.22,A,0.5,C,1.0,Fraco,38.3,38.89,36.88,36.25,117386433.66,False,0.0,False,0.0,True,0.6,False,0.0,True,0.85,False,False,0.9,41.85,False,False,False,False,False,False,False,13.739,24.240505,4.249418,225
OPCT3,OCEANPACT SERVICOS MARITIMOS S.A.,BR_STOCK,OPCT3,12.07,A,0.5,C,3.0,OK,10.39,10.52,9.76,9.24,5565923.18,False,0.0,False,0.0,True,0.7,False,0.0,True,0.65,False,False,1.05,11.46,False,False,False,False,False,False,False,12.485,17.032787,2.0643752,226
P1HC34,P1HC34,BDR,PH (BDR: P1HC34),12.0,A,0.5,C,3.0,OK,962.79,927.22,932.23,903.48,419590611.95,False,0.0,False,0.0,False,0.0,False,0.0,True,1.0,True,False,0.76,1000.72,False,False,False,False,False,False,False,24.841999,35.5142,8.309585,227
Z1TO34,Z1TO34,BDR,ZTO (BDR: Z1TO34),12.0,A,0.5,C,4.0,Forte,23.86,23.0,23.38,22.39,78820653.06,False,0.0,False,0.0,False,0.0,False,0.0,True,1.0,True,False,1.94,24.78,False,False,False,False,False,False,False,14.876000000000001,14.118343,1.9938506,228
GOAU3,METALURGICA GERDAU S.A.,BR_STOCK,GOAU3,12.0,A,0.5,C,2.0,Fraco,9.88,9.24,9.03,8.71,235144.0,False,0.0,False,0.0,False,0.0,False,0.0,False,0.0,True,False,0.86,9.96,False,False,False,False,False,False,False,3.0550001,26.702703,0.6919737,229
I1HG34,I1HG34,BDR,IHG (BDR: I1HG34),11.95,A,0.5,C,2.0,Fraco,162.59,162.59,146.82,142.25,70282940.31,False,0.0,False,0.0,True,0.7,False,0.0,False,0.0,True,False,2.0,171.14,False,False,False,False,False,False,False,0.0,33.45473,-53.55885,230
M1TT34,M1TT34,BDR,MAR (BDR: M1TT34),11.95,A,0.5,C,2.0,Fraco,375.48,378.61,350.24,333.66,579666791.92,False,0.0,False,0.0,True,0.7,False,0.0,False,0.0,True,False,1.16,384.23,False,False,False,False,False,False,False,0.0,39.23511,-24.288765,231
VRSN34,VRSN34,BDR,VRSN (BDR: VRSN34),11.95,A,0.5,C,2.0,Fraco,286.58,276.48,258.7,255.79,208776672.6,False,0.0,False,0.0,True,0.7,False,0.0,False,0.0,True,False,0.77,295.36,False,False,False,False,False,False,False,0.0,31.082428,-11.493082,232
A2RR34,A2RR34,BDR,ARWR (BDR: A2RR34),11.8,A,0.5,C,0.0,Fraco,87.32,78.55,70.36,64.95,118576455.55,False,0.0,False,0.0,True,0.8,False,0.0,False,0.0,False,False,0.49,95.49,False,False,False,False,False,False,False,-42.374,999.0,19.990843,233
S1TT34,S1TT34,BDR,STT (BDR: S1TT34),11.8,A,0.5,C,1.0,Fraco,182.82,170.19,145.29,138.2,334069376.04,False,0.0,False,0.0,True,0.8,False,0.0,False,0.0,False,False,0.73,192.51,False,False,False,False,False,False,False,12.437,16.121693,2.101186,234
P2EN34,P2EN34,BDR,PENN (BDR: P2EN34),11.8,A,0.5,C,1.0,Fraco,20.51,20.31,16.58,16.26,58236954.52,False,0.0,False,0.0,True,0.8,False,0.0,False,0.0,False,False,1.14,22.09,False,False,False,False,False,False,False,-40.058997000000005,999.0,1.425841,235
DEAI34,DEAI34,BDR,DAL (BDR: DEAI34),11.8,A,0.5,C,4.0,Forte,88.59,84.2,73.25,70.41,416407710.07,False,0.0,False,0.0,True,0.8,False,0.0,False,0.0,False,False,0.76,95.44,False,False,False,False,False,False,False,20.125,14.691541,2.6561327,236
F1TN34,F1TN34,BDR,FTNT (BDR: F1TN34),11.8,A,0.5,C,4.0,Forte,154.25,148.99,105.94,100.16,1612821341.0,False,0.0,False,0.0,True,0.8,False,0.0,False,0.0,False,False,1.93,170.35,False,False,False,False,False,False,False,132.392,54.505302,92.587036,237
R2NG34,R2NG34,BDR,RNG (BDR: R2NG34),11.8,A,0.5,C,2.0,Fraco,53.48,41.62,37.02,34.87,110207839.46,False,0.0,False,0.0,True,0.8,False,0.0,False,0.0,False,False,0.63,58.98,False,False,False,False,False,False,True,0.0,42.784,-7.3390965,238
TRVC34,TRVC34,BDR,TRV (BDR: TRVC34),11.8,A,0.5,C,5.0,Forte,375.99,327.47,304.88,298.01,741251858.08,False,0.0,False,0.0,True,0.8,False,0.0,False,0.0,False,False,0.75,398.7,False,False,False,False,False,False,False,26.511000000000003,10.099113,2.3680232,239
J2WA34,J2WA34,BDR,WLY (BDR: J2WA34),11.8,A,0.5,C,5.0,Forte,52.49,46.82,38.58,37.5,21734535.0,False,0.0,False,0.0,True,0.8,False,0.0,False,0.0,False,False,0.92,57.45,False,False,False,False,False,False,False,27.694000000000003,12.617789,3.1468825,240
IBKR34,IBKR34,BDR,IBKR (BDR: IBKR34),11.62,A,0.5,C,3.0,OK,90.48,90.18,78.97,75.82,443769581.66,False,0.0,False,0.0,True,0.75,False,0.0,False,0.0,False,False,1.02,97.77,False,False,False,False,False,False,False,24.018998,35.904762,6.8644266,241
UNHH34,UNHH34,BDR,UNH (BDR: UNHH34),11.62,A,0.5,C,3.0,OK,421.47,408.86,344.72,341.17,1198523284.25,False,0.0,False,0.0,True,0.75,False,0.0,False,0.0,False,False,0.44,461.62,False,False,False,False,False,False,False,14.152999,31.713318,3.6536143,242
I1NC34,I1NC34,BDR,INCY (BDR: I1NC34),11.62,A,0.5,C,5.0,Forte,122.99,108.66,102.07,101.08,308256473.11,False,0.0,False,0.0,True,0.75,False,0.0,False,0.0,False,False,1.17,132.6,False,False,False,False,False,False,True,30.667,15.667516,4.723481,243
CSXC34,CSXC34,BDR,CSX (BDR: CSXC34),11.62,A,0.5,C,3.0,OK,50.19,48.03,42.95,41.06,635410602.37,False,0.0,False,0.0,True,0.75,False,0.0,False,0.0,False,False,0.76,53.6,False,False,False,False,False,False,False,24.357,29.180231,6.6022096,244
ITSA4,ITAUSA S.A.,BR_STOCK,ITSA4,11.62,A,0.5,C,0.0,Fraco,13.8,13.2,13.23,12.57,208235102.88,False,0.0,False,0.0,False,0.0,False,0.0,True,0.85,True,False,1.0,14.22,False,False,False,False,False,False,False,0.0,0.0,0.0,245
PHMO34,PHMO34,BDR,PM (BDR: PHMO34),11.62,A,0.5,C,1.0,Fraco,192.0,182.87,173.34,167.47,1109584320.0,False,0.0,False,0.0,True,0.75,False,0.0,False,0.0,False,False,1.02,207.76,False,False,False,False,False,False,False,0.0,26.373625,-32.24723,246
CSMG3,CIA SANEAMENTO DE MINAS GERAIS-COPASA MG,BR_STOCK,CSMG3,11.62,A,0.5,C,3.0,OK,63.5,59.39,54.52,50.29,180206650.0,False,0.0,False,0.0,True,0.75,False,0.0,False,0.0,False,False,0.87,67.82,False,False,False,False,False,False,False,15.884,17.787115,2.7458272,247
F1RA34,F1RA34,BDR,BEN (BDR: F1RA34),11.62,A,0.5,C,3.0,OK,33.17,32.33,28.05,26.52,158888172.12,False,0.0,False,0.0,True,0.75,False,0.0,False,0.0,False,False,1.17,34.92,False,False,False,False,False,False,False,6.704000000000001,25.32061,1.4216526,248
TECN3,TECHNOS S.A.,BR_STOCK,TECN3,11.62,A,0.5,C,5.0,Forte,9.65,8.96,8.46,7.94,189139.99,False,0.0,False,0.0,True,0.75,False,0.0,False,0.0,False,False,0.35,10.2,False,False,False,False,False,False,False,17.363999999999997,8.85321,1.3204707,249
LILY34,LILY34,BDR,LLY (BDR: LILY34),11.62,A,0.5,C,3.0,OK,1154.97,1144.77,1042.49,1021.04,2859258674.08,False,0.0,False,0.0,True,0.75,False,0.0,False,0.0,False,False,1.13,1249.45,False,False,False,False,False,False,False,107.45899999999999,40.97091,33.077583,250
DIVO11,DIVO11,ETF,DIVO11,11.62,A,0.5,C,1.0,Fraco,128.61,125.06,127.84,123.66,12067733.58,False,0.0,False,0.0,False,0.0,False,0.0,True,0.85,True,False,0.6,130.7,False,False,False,False,False,False,False,0.0,8.600648,999.0,251
GEOO34,GEOO34,BDR,GE (BDR: GEOO34),11.62,A,0.5,C,3.0,OK,355.04,343.41,319.18,314.11,735138740.89,False,0.0,False,0.0,True,0.75,False,0.0,False,0.0,False,False,0.49,382.49,False,False,False,False,False,False,False,48.231998,41.81861,20.883478,252
IWMI11,IWMI11,ETF,IWMI11,11.6,A,0.5,C,0.0,Fraco,80.78,81.31,77.39,76.46,129005.66,False,0.0,False,0.0,True,0.6,False,0.0,False,0.0,True,False,0.98,84.91,False,False,False,False,False,False,False,0.0,999.0,999.0,253
PFIN11,PFIN11,ETF,PFIN11,11.6,A,0.5,C,0.0,Fraco,61.51,62.69,59.26,57.17,248930.96,False,0.0,False,0.0,True,0.6,False,0.0,False,0.0,True,False,0.25,63.85,False,False,False,False,False,False,False,0.0,999.0,999.0,254
ENEV3,ENEVA S.A,BR_STOCK,ENEV3,11.5,A,0.5,C,2.0,Fraco,26.15,25.49,23.92,22.64,189399217.24,False,0.0,False,0.0,False,0.0,False,0.0,True,1.0,False,False,1.01,27.95,False,False,False,False,False,False,False,8.725,43.583332,2.4583998,255
V1TA34,V1TA34,BDR,VTR (BDR: V1TA34),11.45,A,0.5,C,3.0,OK,91.92,88.64,84.28,81.87,476181439.31,False,0.0,False,0.0,True,0.7,False,0.0,False,0.0,False,False,1.56,101.6,False,False,False,False,False,False,False,2.1399999999999997,167.12726,3.4043183,256
W1EL34,W1EL34,BDR,WELL (BDR: W1EL34),11.45,A,0.5,C,3.0,OK,235.63,223.65,208.14,202.95,476275865.68,False,0.0,False,0.0,True,0.7,False,0.0,False,0.0,False,False,0.7,255.2,False,False,False,False,False,False,False,3.836,105.19196,3.7915554,257
BIIB34,BIIB34,BDR,BIIB (BDR: BIIB34),11.45,A,0.5,C,2.0,Fraco,207.93,200.27,189.57,183.06,180568900.8,False,0.0,False,0.0,True,0.7,False,0.0,False,0.0,False,False,0.72,219.02,False,False,False,False,False,False,False,4.575,36.932503,1.6719334,258
A1NE34,A1NE34,BDR,ANET (BDR: A1NE34),11.45,A,0.5,C,3.0,OK,171.02,165.81,148.81,145.68,1026745274.77,False,0.0,False,0.0,True,0.7,False,0.0,False,0.0,False,False,0.94,189.82,False,False,False,False,False,False,False,31.520998,58.76976,15.966763,259
Z1IO34,Z1IO34,BDR,ZION (BDR: Z1IO34),11.45,A,0.5,C,4.0,Forte,69.46,67.08,61.82,59.54,81520199.81,False,0.0,False,0.0,True,0.7,False,0.0,False,0.0,False,False,0.6,73.34,False,False,False,False,False,False,False,16.404,8.848408,1.441647,260
K1EY34,K1EY34,BDR,KEY (BDR: K1EY34),11.45,A,0.5,C,3.0,OK,22.61,22.47,21.38,20.51,189228860.66,False,0.0,False,0.0,True,0.7,False,0.0,False,0.0,False,False,0.71,24.07,False,False,False,False,False,False,False,10.33,13.222222,1.4012147,261
VLYB34,VLYB34,BDR,VLY (BDR: VLYB34),11.45,A,0.5,C,3.0,OK,14.32,14.22,13.08,12.51,60485043.83,False,0.0,False,0.0,True,0.7,False,0.0,False,0.0,False,False,0.52,15.2,False,False,False,False,False,False,False,8.953,12.135593,1.0694548,262
U1RI34,U1RI34,BDR,URI (BDR: U1RI34),11.45,A,0.5,C,3.0,OK,1068.63,1058.15,916.86,900.57,314420869.08,False,0.0,False,0.0,True,0.7,False,0.0,False,0.0,False,False,0.48,1177.67,False,False,False,False,False,False,False,28.895,25.70676,7.2220345,263
A1DM34,A1DM34,BDR,ADM (BDR: A1DM34),11.45,A,0.5,C,3.0,OK,80.61,80.18,72.31,68.9,181457625.53,False,0.0,False,0.0,True,0.7,False,0.0,False,0.0,False,False,0.64,88.46,False,False,False,False,False,False,False,4.7659997,35.986607,1.703832,264
E1XP34,E1XP34,BDR,EXPD (BDR: E1XP34),11.45,A,0.5,C,4.0,Forte,167.01,166.08,155.43,150.48,148012106.6,False,0.0,False,0.0,True,0.7,False,0.0,False,0.0,False,False,0.72,183.52,False,False,False,False,False,False,False,36.641,26.980614,9.652083,265
UPAC34,UPAC34,BDR,UNP (BDR: UPAC34),11.45,A,0.5,C,3.0,OK,289.46,276.74,256.93,248.57,827581167.49,False,0.0,False,0.0,True,0.7,False,0.0,False,0.0,False,False,0.74,315.99,False,False,False,False,False,False,False,39.696,23.419094,8.849822,266
PDTC3,PADTEC HOLDING S.A.,BR_STOCK,PDTC3,11.28,A,0.5,C,1.0,Fraco,1.89,1.6,1.54,1.45,93933.0,False,0.0,False,0.0,True,0.65,False,0.0,False,0.0,False,False,0.49,2.09,False,False,False,False,False,False,False,11.092,9.947369,1.045354,267
C1HT34,C1HT34,BDR,CHT (BDR: C1HT34),11.25,A,2.0,C,3.0,OK,42.68,42.78,41.61,41.35,6020227.44,False,0.0,False,0.0,True,0.5,False,0.0,False,0.0,True,False,0.84,43.49,False,False,False,False,False,True,False,9.986,27.535484,10.825025,268
KMIC34,KMIC34,BDR,KMI (BDR: KMIC34),11.25,A,0.5,C,3.0,OK,31.66,32.17,31.42,30.12,249192122.92,False,0.0,False,0.0,True,0.5,False,0.0,False,0.0,True,False,0.71,33.26,False,False,False,False,False,False,False,10.9910004,20.425806,2.2269115,269
VWRA11,VWRA11,ETF,VWRA11,11.25,A,0.5,C,0.0,Fraco,108.77,110.09,105.92,105.2,981649.22,False,0.0,False,0.0,True,0.5,False,0.0,False,0.0,True,False,0.61,114.41,False,False,False,False,False,False,False,0.0,999.0,999.0,270
SPXB11,SPXB11,ETF,SPXB11,11.25,A,0.5,C,0.0,Fraco,16.57,16.82,16.12,16.09,85153.23,False,0.0,False,0.0,True,0.5,False,0.0,False,0.0,True,False,0.34,17.39,False,False,False,False,False,False,False,0.0,25.746828,999.0,271
WRLD11,WRLD11,ETF,WRLD11,11.25,A,0.5,C,0.0,Fraco,142.46,144.11,138.94,138.0,5830603.15,False,0.0,False,0.0,True,0.5,False,0.0,False,0.0,True,False,1.17,148.78,False,False,False,False,False,False,False,0.0,21.559881,999.0,272
GPUS11,GPUS11,ETF,GPUS11,11.25,A,0.5,C,0.0,Fraco,113.72,115.28,110.57,110.34,618750.53,False,0.0,False,0.0,True,0.5,False,0.0,False,0.0,True,False,0.93,118.25,False,False,False,False,False,False,False,0.0,25.845154,999.0,273
XPCI11,XPCI11,ETF,XPCI11,11.25,A,0.5,C,1.0,Fraco,82.75,82.83,80.91,79.51,1547342.25,False,0.0,False,0.0,True,0.5,False,0.0,False,0.0,True,False,1.07,84.79,False,False,False,False,False,False,False,0.0,6.2218046,999.0,274
SPYI11,SPYI11,ETF,SPYI11,11.25,A,0.5,C,0.0,Fraco,104.87,105.86,103.18,103.1,622718.08,False,0.0,False,0.0,True,0.5,False,0.0,False,0.0,True,False,0.58,108.43,False,False,False,False,False,False,False,0.0,999.0,999.0,275
ACWI11,ACWI11,ETF,ACWI11,11.25,A,0.5,C,0.0,Fraco,16.63,16.81,16.19,16.09,1068111.59,False,0.0,False,0.0,True,0.5,False,0.0,False,0.0,True,False,1.09,17.34,False,False,False,False,False,False,False,0.0,22.182655,999.0,276
IVVB11,IVVB11,ETF,IVVB11,11.25,A,2.0,C,0.0,Fraco,425.37,430.43,412.89,412.14,90388571.74,False,0.0,False,0.0,True,0.5,False,0.0,False,0.0,True,False,2.02,441.0,False,False,False,False,False,True,False,0.0,26.24034,999.0,277
GCRI11,GCRI11,ETF,GCRI11,11.25,A,0.5,C,1.0,Fraco,65.69,66.41,64.19,62.28,76134.71,False,0.0,False,0.0,True,0.5,False,0.0,False,0.0,True,False,0.89,67.47,False,False,False,False,False,False,False,0.0,5.667817,999.0,278
VGIR11,VGIR11,ETF,VGIR11,11.25,A,2.0,C,0.0,Fraco,9.43,9.52,9.32,9.11,3563559.4,False,0.0,False,0.0,True,0.5,False,0.0,False,0.0,True,False,0.72,9.78,False,False,False,False,False,True,False,0.0,999.0,999.0,279
T1SO34,T1SO34,BDR,SO (BDR: T1SO34),11.25,A,2.0,C,1.0,Fraco,94.34,94.51,92.78,91.89,503728410.45,False,0.0,False,0.0,True,0.5,False,0.0,False,0.0,True,False,1.13,99.26,False,False,False,False,False,True,False,10.9910004,24.127876,2.8648648,280
GOAT11,GOAT11,ETF,GOAT11,11.25,A,0.5,C,0.0,Fraco,56.16,56.29,55.13,54.63,78736.32,False,0.0,False,0.0,True,0.5,False,0.0,False,0.0,True,False,0.85,56.91,False,False,False,False,False,False,False,0.0,26.513273,999.0,281
SPXU11,SPXU11,ETF,SPXU11,11.25,A,2.0,C,0.0,Fraco,16.07,16.33,15.71,15.7,6734101.23,False,0.0,False,0.0,True,0.5,False,0.0,False,0.0,True,False,1.28,16.84,False,False,False,False,False,True,False,0.0,999.0,999.0,282
ABEV3,AMBEV S.A.,BR_STOCK,ABEV3,11.25,A,0.5,C,0.0,Fraco,15.96,16.12,15.43,14.71,1130006306.7,False,0.0,False,0.0,True,0.5,False,0.0,False,0.0,True,False,2.84,16.48,False,False,False,False,False,False,False,0.0,0.0,0.0,283
NSDV11,NSDV11,ETF,NSDV11,11.12,A,0.5,C,1.0,Fraco,156.79,152.4,155.16,151.25,245689.92,False,0.0,False,0.0,False,0.0,False,0.0,True,0.65,True,False,0.54,160.31,False,False,False,False,False,False,False,0.0,10.016839,999.0,284
C1FI34,C1FI34,BDR,CF (BDR: C1FI34),11.12,A,0.5,C,5.0,Forte,125.77,114.92,109.66,102.38,132108301.39,False,0.0,False,0.0,False,0.0,False,0.0,True,0.85,True,False,0.47,130.05,False,False,False,False,False,False,False,27.3,11.33063,3.6165745,285
CPLE3,CIA PARANAENSE DE ENERGIA - COPEL,BR_STOCK,CPLE3,11.12,A,0.5,C,0.0,Fraco,14.89,14.79,14.44,13.85,166147090.83,False,0.0,False,0.0,False,0.0,False,0.0,True,0.85,True,False,0.66,15.53,False,False,False,False,False,False,False,0.0,0.0,0.0,286
F1AN34,F1AN34,BDR,FANG (BDR: F1AN34),11.12,A,0.5,C,2.0,Fraco,199.77,191.88,180.99,172.13,277591807.83,False,0.0,False,0.0,False,0.0,False,0.0,True,0.85,False,False,0.74,210.55,False,False,False,False,False,False,False,0.47400002,1664.7501,1.5408051,287
N1SC34,N1SC34,BDR,NSC (BDR: N1SC34),11.1,A,0.5,C,2.0,Fraco,333.93,319.29,305.35,300.21,231310300.56,False,0.0,False,0.0,True,0.6,False,0.0,False,0.0,False,False,0.49,358.6,False,False,False,False,False,False,False,16.985,28.49232,4.6147146,288
E1QR34,E1QR34,BDR,EQR (BDR: E1QR34),11.1,A,0.5,C,2.0,Fraco,67.12,67.06,63.09,62.05,130192266.61,False,0.0,False,0.0,True,0.6,False,0.0,False,0.0,False,False,0.58,71.5,False,False,False,False,False,False,False,8.0240004,29.310045,2.3969717,289
P1SA34,P1SA34,BDR,PSA (BDR: P1SA34),11.1,A,0.5,C,3.0,OK,317.45,315.29,295.25,289.46,447937522.27,False,0.0,False,0.0,True,0.6,False,0.0,False,0.0,False,False,0.89,335.55,False,False,False,False,False,False,False,20.175,32.760582,11.432636,290
F2RT34,F2RT34,BDR,FR (BDR: F2RT34),11.1,A,0.5,C,3.0,OK,65.98,63.49,60.65,59.21,48650883.32,False,0.0,False,0.0,True,0.6,False,0.0,False,0.0,False,False,0.59,69.88,False,False,False,False,False,False,False,13.63,23.99273,3.1515093,291
A1VB34,A1VB34,BDR,AVB (BDR: A1VB34),11.1,A,0.5,C,2.0,Fraco,187.78,186.86,177.59,176.92,91323234.59,False,0.0,False,0.0,True,0.6,False,0.0,False,0.0,False,False,0.65,198.63,False,False,False,False,False,False,False,8.487,25.829435,2.1744618,292
EXXO34,EXXO34,BDR,XOM (BDR: EXXO34),11.1,A,0.5,C,2.0,Fraco,156.97,146.54,145.74,137.8,1258825162.98,False,0.0,False,0.0,True,0.6,False,0.0,False,0.0,True,False,0.56,159.07,False,False,False,False,False,False,False,9.873,26.425926,2.5577228,293
C2PT34,C2PT34,BDR,CPT (BDR: C2PT34),11.1,A,0.5,C,1.0,Fraco,113.29,111.55,106.18,104.75,182215750.76,False,0.0,False,0.0,True,0.6,False,0.0,False,0.0,False,False,1.61,119.81,False,False,False,False,False,False,False,9.064999,31.645252,2.9236884,294
D1LR34,D1LR34,BDR,DLR (BDR: D1LR34),11.0,A,0.5,C,2.0,Fraco,193.19,184.7,178.81,174.21,389735328.85,False,0.0,False,0.0,False,0.0,False,0.0,True,0.8,False,False,0.59,207.47,False,False,False,False,False,False,False,2.949,94.23903,2.6769483,295
MIDW11,MIDW11,ETF,MIDW11,11.0,A,2.0,C,0.0,Fraco,11.0,10.67,10.39,10.39,131147368.0,False,0.0,False,0.0,False,0.0,False,0.0,False,0.0,True,True,5.79,10.8,False,False,False,False,False,True,True,0.0,999.0,999.0,296
N1BI34,N1BI34,BDR,NBIX (BDR: N1BI34),11.0,A,2.0,C,4.0,Forte,185.5,167.11,145.66,145.76,400544585.0,False,0.0,False,0.0,False,0.0,False,0.0,False,0.0,True,True,1.96,183.5,False,False,False,False,False,True,False,22.5,28.494623,5.4766617,297
CXCO11,CXCO11,ETF,CXCO11,11.0,A,0.5,C,1.0,Fraco,71.0,67.75,68.17,65.4,77390.0,False,0.0,False,0.0,False,0.0,False,0.0,False,0.0,True,False,0.51,70.71,False,False,False,False,False,False,False,0.0,8.502994,999.0,298
B1WA34,B1WA34,BDR,BWA (BDR: B1WA34),10.8,A,0.5,C,3.0,OK,64.41,67.71,58.23,54.51,123451304.7,False,0.0,False,0.0,True,0.8,False,0.0,False,0.0,True,False,0.84,66.32,False,False,False,False,False,False,False,7.2670005,37.447678,2.4112759,299
VRTX34,VRTX34,BDR,VRTX (BDR: VRTX34),10.75,A,0.5,C,4.0,Forte,481.7,467.45,459.71,452.59,549510368.03,False,0.0,False,0.0,True,0.5,False,0.0,False,0.0,False,False,0.83,533.67,False,False,False,False,False,False,False,24.197,28.553644,6.323265,300
C1AH34,C1AH34,BDR,CAH (BDR: C1AH34),10.75,A,0.5,C,1.0,Fraco,227.07,220.83,213.46,207.49,257005781.74,False,0.0,False,0.0,True,0.5,False,0.0,False,0.0,False,False,0.56,243.21,False,False,False,False,False,False,False,0.0,34.667175,-18.84242,301
A1PA34,A1PA34,BDR,APA (BDR: A1PA34),10.75,A,0.5,C,4.0,Forte,36.33,35.32,33.28,30.85,192056047.91,False,0.0,False,0.0,False,0.0,False,0.0,True,0.7,True,False,1.07,37.7,False,False,False,False,False,False,False,26.217000000000002,8.468532,1.9889412,302
ISTT11,ISTT11,ETF,ISTT11,10.75,A,0.5,C,0.0,Fraco,1136.05,1124.39,1091.76,1076.42,1866530.23,False,0.0,False,0.0,True,0.5,False,0.0,False,0.0,False,False,0.79,1206.28,False,False,False,False,False,False,False,0.0,999.0,999.0,303
A1ES34,A1ES34,BDR,AES (BDR: A1ES34),10.75,A,2.0,C,3.0,OK,14.85,14.71,14.56,14.33,111360078.61,False,0.0,False,0.0,True,0.5,False,0.0,False,0.0,True,False,1.23,14.88,False,False,False,False,False,True,False,5.2600004,7.7343755,2.3959343,304
O1MC34,O1MC34,BDR,OMC (BDR: O1MC34),10.75,A,0.5,C,2.0,Fraco,79.61,76.8,76.28,75.58,321332233.76,False,0.0,False,0.0,True,0.5,False,0.0,False,0.0,False,False,1.2,87.41,False,False,False,False,False,False,False,0.0,215.16216,2.0692434,305
E1XR34,E1XR34,BDR,EXR (BDR: E1XR34),10.75,A,0.5,C,2.0,Fraco,148.21,145.61,140.43,138.24,255183098.63,False,0.0,False,0.0,True,0.5,False,0.0,False,0.0,False,False,1.17,158.88,False,False,False,False,False,False,False,6.952999999999999,98.15232,2.3618371,306
VERZ34,VERZ34,BDR,VZ (BDR: VERZ34),10.75,A,0.5,C,2.0,Fraco,46.11,44.95,44.93,43.3,777673886.82,False,0.0,False,0.0,True,0.5,False,0.0,False,0.0,False,False,0.58,49.01,False,False,False,False,False,False,False,15.842,12.0078125,1.8435888,307
BRSR3,BCO ESTADO DO RIO GRANDE DO SUL S.A.,BR_STOCK,BRSR3,10.62,A,0.5,C,2.0,Fraco,17.72,17.58,17.85,16.79,58476.0,False,0.0,False,0.0,False,0.0,False,0.0,True,0.85,True,False,1.11,18.17,False,False,False,False,False,False,False,15.590000000000002,4.1113687,0.64001155,308
I1RM34,I1RM34,BDR,IRM (BDR: I1RM34),10.62,A,0.5,C,2.0,Fraco,124.64,125.02,110.67,105.75,253268478.76,False,0.0,False,0.0,True,0.75,False,0.0,False,0.0,False,False,1.21,132.87,False,False,False,False,False,False,False,0.0,135.47826,-30.519098,309
U2NF34,U2NF34,BDR,UNFI (BDR: U2NF34),10.62,A,0.5,C,0.0,Fraco,49.73,49.75,44.21,42.39,19172804.56,False,0.0,False,0.0,True,0.75,False,0.0,False,0.0,True,False,0.82,51.6,False,False,False,False,False,False,False,-2.2960000000000003,999.0,1.8890071,310
A2RW34,A2RW34,BDR,ARW (BDR: A2RW34),10.62,A,0.5,C,4.0,Forte,212.85,215.28,171.72,156.96,85066994.89,False,0.0,False,0.0,True,0.75,False,0.0,False,0.0,True,False,0.82,220.96,False,False,False,False,False,False,False,11.3299996,15.225323,1.6128422,311
CTGP34,CTGP34,BDR,C (BDR: CTGP34),10.57,A,0.5,C,3.0,OK,132.32,134.9,123.34,117.99,878715732.8,False,0.0,False,0.0,True,0.7,False,0.0,True,0.65,False,False,0.56,144.71,False,False,False,False,False,False,False,8.529,14.258622,1.153216,312
AIEC11,AIEC11,ETF,AIEC11,10.5,A,2.0,C,1.0,Fraco,60.0,59.83,57.6,55.75,427260.0,False,0.0,False,0.0,False,0.0,False,0.0,False,0.0,True,False,2.32,61.29,False,False,False,False,False,True,False,0.0,10.327023,999.0,313
DESK3,DESKTOP S.A.,BR_STOCK,DESK3,10.5,A,0.5,C,1.0,Fraco,18.39,17.83,17.04,16.6,6646145.78,False,0.0,False,0.0,False,0.0,False,0.0,False,0.0,True,False,1.13,18.26,False,False,False,False,False,False,False,4.9889997,36.058823,1.5039254,314
EQIR11,EQIR11,ETF,EQIR11,10.5,A,2.0,C,1.0,Fraco,8.3,8.29,8.14,7.88,75895.2,False,0.0,False,0.0,False,0.0,False,0.0,False,0.0,True,False,1.44,8.49,False,False,False,False,False,True,False,0.0,8.829787,999.0,315
TOPP11,TOPP11,ETF,TOPP11,10.5,A,0.5,C,0.0,Fraco,66.82,63.37,66.79,65.75,646817.6,False,0.0,False,0.0,False,0.0,False,0.0,True,1.0,False,False,1.12,72.34,False,False,False,False,False,False,False,0.0,999.0,999.0,316
RBFM11,RBFM11,ETF,RBFM11,10.5,A,0.5,C,1.0,Fraco,10.4,10.35,10.31,9.99,159140.79,False,0.0,False,0.0,False,0.0,False,0.0,False,0.0,True,False,0.3,10.5,False,False,False,False,False,False,False,0.0,3.8805969,999.0,317
IMAB11,IMAB11,ETF,IMAB11,10.5,A,2.0,C,0.0,Fraco,113.24,113.14,109.7,102.28,32676873.5,False,0.0,False,0.0,False,0.0,False,0.0,False,0.0,True,False,5.21,114.53,False,False,False,False,False,True,False,0.0,999.0,999.0,318
RCRI11,RCRI11,ETF,RCRI11,10.5,A,0.5,C,0.0,Fraco,99.2,99.19,97.75,95.67,86800.0,False,0.0,False,0.0,False,0.0,False,0.0,False,0.0,True,False,3.9,100.0,False,False,False,False,False,False,False,0.0,999.0,999.0,319
PLAG11,PLAG11,ETF,PLAG11,10.5,A,0.5,C,1.0,Fraco,63.06,62.17,59.55,56.08,82041.06,False,0.0,False,0.0,False,0.0,False,0.0,False,0.0,True,False,0.86,63.15,False,False,False,False,False,False,False,0.0,9.2599125,999.0,320
PQDP11,PQDP11,ETF,PQDP11,10.5,A,0.5,C,0.0,Fraco,2576.69,2544.33,2419.86,2373.19,206135.2,False,0.0,False,0.0,False,0.0,False,0.0,False,0.0,True,False,1.22,2600.0,False,False,False,False,False,False,False,0.0,999.0,999.0,321
XPML11,XPML11,ETF,XPML11,10.5,A,0.5,C,0.0,Fraco,104.78,104.2,94.57,74.3,11230948.95,False,0.0,False,0.0,False,0.0,False,0.0,False,0.0,True,False,0.81,106.38,False,False,False,False,False,False,False,0.0,999.0,999.0,322
B1PP34,B1PP34,BDR,BP (BDR: B1PP34),10.5,A,0.5,C,3.0,OK,44.22,41.37,40.76,39.12,403569198.04,False,0.0,False,0.0,False,0.0,False,0.0,False,0.0,True,False,1.36,44.45,False,False,False,False,False,False,False,5.842,35.95122,8.150401,323
TMPS11,TMPS11,ETF,TMPS11,10.5,A,0.5,C,1.0,Fraco,73.69,73.22,71.04,68.94,87985.86,False,0.0,False,0.0,False,0.0,False,0.0,False,0.0,True,False,1.0,75.99,False,False,False,False,False,False,False,0.0,15.288382,999.0,324
BEES3,BANESTES S.A. - BCO EST ESPIRITO SANTO,BR_STOCK,BEES3,10.5,A,0.5,C,1.0,Fraco,8.72,8.62,8.43,8.14,61040.0,False,0.0,False,0.0,False,0.0,False,0.0,False,0.0,True,False,0.99,8.88,False,False,False,False,False,False,False,13.748999000000001,9.276596,1.2325089,325
FIGS11,FIGS11,ETF,FIGS11,10.5,A,0.5,C,0.0,Fraco,49.48,49.39,48.11,47.12,79959.68,False,0.0,False,0.0,False,0.0,False,0.0,False,0.0,True,False,0.48,50.48,False,False,False,False,False,False,False,-0.501,999.0,0.7031905,326
LASC11,LASC11,ETF,LASC11,10.5,A,0.5,C,1.0,Fraco,111.0,110.84,110.48,106.76,117438.0,False,0.0,False,0.0,False,0.0,False,0.0,False,0.0,True,False,0.65,114.0,False,False,False,False,False,False,False,0.0,12.1577215,999.0,327
KNHF11,KNHF11,ETF,KNHF11,10.5,A,0.5,C,1.0,Fraco,95.73,95.02,94.06,91.84,2512816.86,False,0.0,False,0.0,False,0.0,False,0.0,False,0.0,True,False,0.88,96.79,False,False,False,False,False,False,False,0.0,7.5023513,999.0,328
BTAL11,BTAL11,ETF,BTAL11,10.5,A,0.5,C,1.0,Fraco,85.36,85.15,84.33,81.07,373962.16,False,0.0,False,0.0,False,0.0,False,0.0,False,0.0,True,False,0.81,87.7,False,False,False,False,False,False,False,11.159000500000001,6.779984,0.7494754,329
SNFF11,SNFF11,ETF,SNFF11,10.5,A,0.5,C,0.0,Fraco,73.02,71.85,71.73,70.13,314205.05,False,0.0,False,0.0,False,0.0,False,0.0,False,0.0,True,False,0.71,73.82,False,False,False,False,False,False,False,0.0,29.443546,999.0,330
O1KE34,O1KE34,BDR,OKE (BDR: O1KE34),10.45,A,0.5,C,4.0,Forte,89.07,89.42,84.77,80.65,183836916.57,False,0.0,False,0.0,True,0.7,False,0.0,False,0.0,False,False,0.58,95.88,False,False,False,False,False,False,False,15.903,15.877005,2.510004,331
KOPA11,KOPA11,ETF,KOPA11,10.45,A,0.5,C,0.0,Fraco,292.01,294.23,278.77,265.32,139872.79,False,0.0,False,0.0,True,0.7,False,0.0,False,0.0,False,False,0.96,309.89,False,False,False,False,False,False,False,0.0,999.0,999.0,332
MSBR34,MSBR34,BDR,MS (BDR: MSBR34),10.45,A,0.5,C,3.0,OK,210.06,213.97,189.13,183.07,1060534320.93,False,0.0,False,0.0,True,0.7,False,0.0,False,0.0,False,False,0.84,232.25,False,False,False,False,False,False,False,0.0,16.981407,3.1741664,333
R1HI34,R1HI34,BDR,RHI (BDR: R1HI34),10.3,A,0.5,C,1.0,Fraco,37.24,32.94,28.03,27.58,99221627.39,False,0.0,False,0.0,True,0.8,False,0.0,False,0.0,False,False,0.85,42.25,False,False,False,False,False,False,False,0.0,32.38261,3.0407448,334
H1UM34,H1UM34,BDR,HUM (BDR: H1UM34),10.3,A,0.5,C,3.0,OK,366.66,366.17,265.56,263.39,601887429.07,False,0.0,False,0.0,True,0.8,False,0.0,False,0.0,False,False,1.0,428.88,False,False,False,False,False,False,False,6.893000000000001,34.590565,2.3693087,335
C2RW34,C2RW34,BDR,CRWD (BDR: C2RW34),10.3,A,0.5,C,2.0,Fraco,185.22,180.67,133.52,132.33,1452149258.61,False,0.0,False,0.0,True,0.8,False,0.0,False,0.0,False,False,1.0,217.5,False,False,False,False,False,False,False,-0.24899999,999.0,40.698746,336
AAGR11,AAGR11,ETF,AAGR11,10.3,A,0.5,C,0.0,Fraco,125.0,119.41,102.75,98.71,62375.0,False,0.0,False,0.0,True,0.8,False,0.0,False,0.0,False,False,5.8,177.98,False,False,False,False,False,False,False,0.0,999.0,999.0,337
FNOR11,FNOR11,ETF,FNOR11,10.3,A,0.5,C,0.0,Fraco,1.0,0.84,0.73,0.71,7268000.0,False,0.0,False,0.0,True,0.8,False,0.0,False,0.0,False,False,0.05,1.12,False,False,False,False,False,False,False,0.0,999.0,999.0,338
O1KT34,O1KT34,BDR,OKTA (BDR: O1KT34),10.3,A,0.5,C,3.0,OK,140.42,126.44,96.19,93.73,374244851.56,False,0.0,False,0.0,True,0.8,False,0.0,False,0.0,False,False,0.99,157.0,False,False,False,False,False,False,False,3.6679998,101.753624,3.5689414,339
W2ST34,W2ST34,BDR,WST (BDR: W2ST34),10.3,A,0.5,C,4.0,Forte,339.59,337.23,287.63,284.07,132127675.78,False,0.0,False,0.0,True,0.8,False,0.0,False,0.0,False,False,0.38,385.75,False,False,False,False,False,False,False,19.087,43.537178,8.051353,340
D1EL34,D1EL34,BDR,DELL (BDR: D1EL34),10.3,A,0.5,C,2.0,Fraco,404.81,395.04,236.52,212.27,2054092556.95,False,0.0,False,0.0,True,0.8,False,0.0,False,0.0,False,False,0.83,462.72,False,False,False,False,False,False,False,0.0,778.4808,-187.1521,341
P2AN34,P2AN34,BDR,PANW (BDR: P2AN34),10.3,A,0.5,C,2.0,Fraco,325.68,303.44,217.61,213.72,2161861837.3,False,0.0,False,0.0,True,0.8,False,0.0,False,0.0,False,False,1.08,368.8,False,False,False,False,False,False,False,4.8309997000000005,280.75864,9.569816,342
H1PE34,H1PE34,BDR,HPE (BDR: H1PE34),10.3,A,0.5,C,2.0,Fraco,47.14,45.6,31.25,29.16,688300040.55,False,0.0,False,0.0,True,0.8,False,0.0,False,0.0,False,False,0.96,51.08,False,False,False,False,False,False,False,6.3149999999999995,44.056072,2.466384,343
Z1TA34,Z1TA34,BDR,ZETA (BDR: Z1TA34),10.12,A,0.5,C,2.0,Fraco,21.37,20.7,18.98,18.83,88527792.88,False,0.0,False,0.0,True,0.75,False,0.0,False,0.0,False,False,0.61,23.34,False,False,False,False,False,False,False,-2.9749999,999.0,6.503348,344
ALUP4,ALUPAR INVESTIMENTO S/A,BR_STOCK,ALUP4,10.12,A,0.5,C,2.0,Fraco,10.51,10.41,10.62,10.51,79876.0,False,0.0,False,0.0,False,0.0,False,0.0,True,0.65,True,False,1.01,11.0,False,False,False,False,False,False,False,12.679000000000002,9.219298,1.1191169,345
FDMO34,FDMO34,BDR,F (BDR: FDMO34),10.12,A,0.5,C,0.0,Fraco,14.86,14.5,13.31,13.14,747627490.75,False,0.0,False,0.0,True,0.75,False,0.0,False,0.0,False,False,0.83,16.29,False,False,False,False,False,False,False,-18.252,999.0,1.5810192,346
N1WL34,N1WL34,BDR,NWL (BDR: N1WL34),10.12,A,0.5,C,0.0,Fraco,5.14,4.76,4.27,4.13,39324879.68,False,0.0,False,0.0,True,0.75,False,0.0,False,0.0,False,False,1.05,6.2,False,False,False,False,False,False,False,-11.169,999.0,0.93251085,347
D1EX34,D1EX34,BDR,DXCM (BDR: D1EX34),10.12,A,0.5,C,4.0,Forte,74.54,72.8,68.86,67.66,381509887.29,False,0.0,False,0.0,True,0.75,False,0.0,False,0.0,False,False,1.16,79.15,False,False,False,False,False,False,False,35.624,31.991417,9.72853,348
U1AL34,U1AL34,BDR,UAL (BDR: U1AL34),10.12,A,0.5,C,3.0,OK,123.56,117.67,107.14,105.44,376572939.64,False,0.0,False,0.0,True,0.75,False,0.0,False,0.0,False,False,0.64,138.51,False,False,False,False,False,False,False,23.252001,11.569288,2.401975,349
AALL34,AALL34,BDR,AAL (BDR: AALL34),10.12,A,0.5,C,1.0,Fraco,15.43,15.36,13.76,13.71,728540425.61,False,0.0,False,0.0,True,0.75,False,0.0,False,0.0,False,False,0.4,18.79,False,False,False,False,False,False,False,0.0,999.0,-2.5712383,350
QTOP39,ISHARES NASDAQ TOP 30 STOCKS ETF,BDR,QTOP (BDR: QTOP39),10.1,A,0.5,C,0.0,Fraco,35.55,37.53,34.18,33.58,10330332.08,False,0.0,False,0.0,True,0.6,False,0.0,False,0.0,False,False,1.73,38.33,False,False,False,False,False,False,False,0.0,31.544373,999.0,351
RIOT34,RIOT34,BDR,RIO (BDR: RIOT34),10.1,A,0.5,C,5.0,Forte,97.18,97.88,94.26,88.16,303482742.69,False,0.0,False,0.0,True,0.6,False,0.0,False,0.0,True,False,1.05,95.31,False,False,False,False,False,False,False,19.312,13.168021,2.5385964,352
NASD11,NASD11,ETF,NASD11,10.1,A,0.5,C,0.0,Fraco,19.84,20.95,19.36,19.26,16542850.05,False,0.0,False,0.0,True,0.6,False,0.0,False,0.0,False,False,0.94,21.77,False,False,False,False,False,False,False,0.0,29.730309,999.0,353
CPRL34,CPRL34,BDR,CP (BDR: CPRL34),10.1,A,2.06,C,1.0,Fraco,88.16,89.06,82.99,80.43,364483694.02,False,0.0,False,0.0,True,0.6,False,0.0,False,0.0,False,False,1.58,93.95,True,False,False,False,False,False,False,8.428001,28.90492,2.4333746,354
E1SS34,E1SS34,BDR,ESS (BDR: E1SS34),10.1,A,0.5,C,1.0,Fraco,281.86,284.85,262.11,259.2,156954860.28,False,0.0,False,0.0,True,0.6,False,0.0,False,0.0,False,False,1.19,303.35,False,False,False,False,False,False,False,10.5579995,43.971916,3.3347528,355
E1TR34,E1TR34,BDR,ETR (BDR: E1TR34),10.0,A,0.5,C,2.0,Fraco,108.03,112.28,106.67,103.4,333273518.5,False,0.0,False,0.0,False,0.0,False,0.0,True,0.8,False,False,1.04,116.93,False,False,False,False,False,False,False,10.751,27.629154,2.8875763,356
CXSE3,CAIXA SEGURIDADE PARTICIPAÇÕES S.A.,BR_STOCK,CXSE3,9.95,A,0.5,C,5.0,Forte,20.11,19.73,18.16,17.32,134841576.09,False,0.0,False,0.0,True,0.7,False,0.0,False,0.0,False,False,1.11,22.54,False,False,False,False,False,False,False,31.588,13.7739725,4.3803096,357
A1PH34,A1PH34,BDR,APH (BDR: A1PH34),9.95,A,0.5,C,3.0,OK,159.82,152.99,143.99,141.56,1454884997.71,False,0.0,False,0.0,True,0.7,False,0.0,False,0.0,False,False,1.31,174.14,False,False,False,False,False,False,False,38.115,39.955,14.05629,358
A1SN34,A1SN34,BDR,ASND (BDR: A1SN34),9.95,A,0.5,C,2.0,Fraco,251.07,244.5,232.79,226.04,115785704.21,False,0.0,False,0.0,True,0.7,False,0.0,False,0.0,False,False,0.96,282.15,False,False,False,False,False,False,False,332.654,29.16028,28.068693,359
MDLZ34,MDLZ34,BDR,MDLZ (BDR: MDLZ34),9.75,A,0.5,C,3.0,OK,63.08,60.73,58.44,57.77,581959317.61,False,0.0,False,0.0,True,0.5,False,0.0,False,0.0,False,False,0.85,66.65,False,False,False,False,False,False,False,13.340001,38.463417,3.1445665,360
T1SS34,T1SS34,BDR,TS (BDR: T1SS34),9.75,A,0.5,C,4.0,Forte,56.73,58.52,53.82,49.92,51063977.38,False,0.0,False,0.0,False,0.0,False,0.0,True,0.7,True,False,0.91,58.86,False,False,False,False,False,False,False,11.625,14.928947,3.3506587,361
FASL34,FASL34,BDR,FAST (BDR: FASL34),9.75,A,0.5,C,4.0,Forte,46.66,45.84,44.78,43.74,370364961.95,False,0.0,False,0.0,True,0.5,False,0.0,False,0.0,False,False,0.95,49.17,False,False,False,False,False,False,False,34.333999999999996,39.880344,13.158488,362
DDNB34,DDNB34,BDR,DD (BDR: DDNB34),9.75,A,0.5,C,2.0,Fraco,138.84,139.9,138.39,131.86,135042444.76,False,0.0,False,0.0,True,0.5,False,0.0,False,0.0,True,False,0.79,142.67,False,False,False,False,False,False,False,0.8959999999999999,120.73043,1.3510305,363
U1MH34,U1MH34,BDR,UMH (BDR: U1MH34),9.75,A,0.5,C,2.0,Fraco,15.31,15.32,15.22,15.04,5777243.97,False,0.0,False,0.0,True,0.5,False,0.0,False,0.0,False,False,0.84,16.13,False,False,False,False,False,False,False,3.221,153.1,2.287123,364
E1WL34,E1WL34,BDR,EW (BDR: E1WL34),9.75,A,0.5,C,2.0,Fraco,86.92,87.51,83.98,83.61,272032562.15,False,0.0,False,0.0,True,0.5,False,0.0,False,0.0,False,False,0.52,96.29,False,False,False,False,False,False,False,0.0,51.738094,4.8561373,365
S2TA34,S2TA34,BDR,STAG (BDR: S2TA34),9.75,A,0.5,C,3.0,OK,38.54,38.65,37.79,37.68,52281322.62,False,0.0,False,0.0,True,0.5,False,0.0,False,0.0,False,False,0.68,42.61,False,False,False,False,False,False,False,6.9759995,29.646156,2.0551379,366
OXYP34,OXYP34,BDR,OXY (BDR: OXYP34),9.62,A,0.5,C,2.0,Fraco,55.95,54.76,52.83,49.82,266268795.18,False,0.0,False,0.0,False,0.0,False,0.0,True,0.85,False,False,0.59,58.99,False,False,False,False,False,False,False,4.053,75.60811,1.809684,367
DEEC34,DEEC34,BDR,DE (BDR: DEEC34),9.6,A,0.5,C,1.0,Fraco,599.47,587.36,570.3,544.51,738162743.66,False,0.0,False,0.0,True,0.6,False,0.0,False,0.0,False,False,1.12,643.99,False,False,False,False,False,False,False,18.349001,33.945072,5.904537,368
RELG11,RELG11,ETF,RELG11,9.6,A,0.5,C,0.0,Fraco,69.03,65.06,63.85,61.97,71446.05,False,0.0,False,0.0,True,0.6,False,0.0,False,0.0,False,False,1.81,74.98,False,False,False,False,False,False,False,0.0,999.0,999.0,369
U1AI34,U1AI34,BDR,UA (BDR: U1AI34),9.6,A,0.5,C,0.0,Fraco,6.68,6.09,6.08,5.65,13523272.21,False,0.0,False,0.0,True,0.6,False,0.0,False,0.0,False,False,0.84,7.32,False,False,False,False,False,False,False,-29.997,999.0,2.0132608,370
HSLG11,HSLG11,ETF,HSLG11,9.5,A,0.5,C,1.0,Fraco,90.19,88.12,88.75,87.48,426418.33,False,0.0,False,0.0,False,0.0,False,0.0,False,0.0,True,False,0.01,93.16,False,False,False,False,False,False,False,0.0,6.455977,999.0,371
VISA34,VISA34,BDR,V (BDR: VISA34),9.5,A,2.0,C,4.0,Forte,366.27,339.72,327.05,329.34,2580904262.9,False,0.0,False,0.0,False,0.0,False,0.0,False,0.0,True,False,0.97,373.97,False,False,False,False,False,True,False,61.19,31.145407,19.749271,372
EPHE39,ISHARES MSCI PHILIPPINES ETF,BDR,EPHE (BDR: EPHE39),9.5,A,2.0,C,1.0,Fraco,25.69,24.72,24.98,24.74,478938.68,False,0.0,False,0.0,False,0.0,False,0.0,False,0.0,True,False,0.13,25.88,False,False,False,False,False,True,False,0.0,8.920536,999.0,373
VGIP11,VGIP11,ETF,VGIP11,9.5,A,0.5,C,1.0,Fraco,78.59,78.69,77.2,75.5,1490852.23,False,0.0,False,0.0,False,0.0,False,0.0,False,0.0,True,False,0.87,81.14,False,False,False,False,False,False,False,0.0,7.7049017,999.0,374
HGCR11,HGCR11,ETF,HGCR11,9.5,A,0.5,C,0.0,Fraco,93.13,92.84,92.9,91.17,2024087.36,False,0.0,False,0.0,False,0.0,False,0.0,False,0.0,True,False,0.95,94.2,False,False,False,False,False,False,False,0.0,999.0,999.0,375
CCME11,CCME11,ETF,CCME11,9.5,A,0.5,C,1.0,Fraco,8.7,8.72,8.67,8.51,52191.3,False,0.0,False,0.0,False,0.0,False,0.0,False,0.0,True,False,0.33,9.09,False,False,False,False,False,False,False,0.0,6.1702127,999.0,376
BRCO11,BRCO11,ETF,BRCO11,9.5,A,0.5,C,0.0,Fraco,114.77,113.84,113.91,112.65,2463997.06,False,0.0,False,0.0,False,0.0,False,0.0,False,0.0,True,False,0.62,115.44,False,False,False,False,False,False,False,0.0,999.0,999.0,377
GTWR11,GTWR11,ETF,GTWR11,9.5,A,0.5,C,1.0,Fraco,80.49,79.57,79.86,77.62,513848.15,False,0.0,False,0.0,False,0.0,False,0.0,False,0.0,True,False,1.06,81.3,False,False,False,False,False,False,False,0.0,10.240458,999.0,378
MMMC34,MMMC34,BDR,MMM (BDR: MMMC34),9.5,A,2.0,C,3.0,OK,176.07,160.15,156.19,157.95,385676597.15,False,0.0,False,0.0,False,0.0,False,0.0,False,0.0,True,False,0.44,184.9,False,False,False,False,False,True,False,81.891996,31.329184,28.144182,379
CLIN11,CLIN11,ETF,CLIN11,9.5,A,0.5,C,1.0,Fraco,88.75,89.44,87.73,85.47,494515.0,False,0.0,False,0.0,False,0.0,False,0.0,False,0.0,True,False,0.65,91.65,False,False,False,False,False,False,False,0.0,7.3712626,999.0,380
AZIN11,AZIN11,ETF,AZIN11,9.5,A,0.5,C,0.0,Fraco,96.8,97.71,95.64,94.27,1747143.26,False,0.0,False,0.0,False,0.0,False,0.0,False,0.0,True,False,0.91,100.25,False,False,False,False,False,False,False,0.0,999.0,999.0,381
B5MB11,B5MB11,ETF,B5MB11,9.5,A,0.5,C,0.0,Fraco,128.35,129.17,126.57,119.37,144907.16,False,0.0,False,0.0,False,0.0,False,0.0,False,0.0,True,False,0.05,130.53,False,False,False,False,False,False,False,0.0,999.0,999.0,382
A1CR34,A1CR34,BDR,AMCR (BDR: A1CR34),9.5,A,2.0,C,1.0,Fraco,45.15,41.44,41.56,41.21,119131439.53,False,0.0,False,0.0,False,0.0,False,0.0,False,0.0,True,False,0.7,46.96,False,False,False,False,False,True,False,8.737001,36.120003,1.790885,383
ISNN11,ISNN11,ETF,ISNN11,9.5,A,0.5,C,0.0,Fraco,1100.5,1082.61,1056.92,1056.92,1244665.5,False,0.0,False,0.0,False,0.0,False,0.0,False,0.0,True,False,0.83,1110.0,False,False,False,False,False,False,False,0.0,999.0,999.0,384
DGCO34,DGCO34,BDR,DG (BDR: DGCO34),9.5,A,2.0,C,4.0,Forte,127.5,114.39,126.39,122.08,181011622.5,False,0.0,False,0.0,False,0.0,False,0.0,True,1.0,True,False,0.57,130.61,False,False,False,False,False,True,False,18.91,18.05949,3.180344,385
FCFL11,FCFL11,ETF,FCFL11,9.5,A,0.5,C,0.0,Fraco,121.51,122.06,121.22,120.44,164524.54,False,0.0,False,0.0,False,0.0,False,0.0,False,0.0,True,False,1.47,126.04,False,False,False,False,False,False,False,0.0,999.0,999.0,386
BBFO11,BBFO11,ETF,BBFO11,9.5,A,0.5,C,1.0,Fraco,68.61,68.76,66.82,64.21,105728.01,False,0.0,False,0.0,False,0.0,False,0.0,False,0.0,True,False,0.41,70.45,False,False,False,False,False,False,False,0.0,0.4878413,999.0,387
DBAG34,DBAG34,BDR,DB (BDR: DBAG34),9.5,A,2.0,C,3.0,OK,37.03,33.99,33.4,33.7,75522645.48,False,0.0,False,0.0,False,0.0,False,0.0,False,0.0,True,False,1.02,37.5,False,False,False,False,False,True,False,8.891,9.927613,0.7855151,388
SCHW34,SCHW34,BDR,SCHW (BDR: SCHW34),9.5,A,2.0,C,5.0,Forte,104.33,94.9,95.58,95.08,522019337.36,False,0.0,False,0.0,False,0.0,False,0.0,False,0.0,True,False,0.55,106.73,False,False,False,False,False,True,False,20.283002,18.969091,3.6130352,389
CLSC4,CENTRAIS ELET DE SANTA CATARINA S.A.,BR_STOCK,CLSC4,9.5,A,0.5,C,3.0,OK,139.9,136.2,136.32,128.52,293789.99,False,0.0,False,0.0,False,0.0,False,0.0,False,0.0,True,False,0.6,141.75,False,False,False,False,False,False,False,18.175,7.8595505,1.3029467,390
CASA11,CASA11,ETF,CASA11,9.5,A,0.5,C,0.0,Fraco,87.54,86.76,85.63,85.82,233381.64,False,0.0,False,0.0,False,0.0,False,0.0,False,0.0,True,False,2.51,89.88,False,False,False,False,False,False,False,0.0,999.0,999.0,391
JEPI39,JPMORGAN EQUITY PREMIUM INCOME ETF,BDR,JEPI (BDR: JEPI39),9.5,A,2.0,C,0.0,Fraco,57.24,56.01,56.01,55.52,238614677.8,False,0.0,False,0.0,False,0.0,False,0.0,False,0.0,True,False,0.88,57.64,False,False,False,False,False,True,False,0.0,27.166676,999.0,392
S2NW34,S2NW34,BDR,SNOW (BDR: S2NW34),9.5,A,2.0,C,1.0,Fraco,298.1,245.08,197.98,210.29,1883273617.56,False,0.0,False,0.0,False,0.0,False,0.0,False,0.0,True,False,1.42,293.56,False,False,False,False,False,True,False,-54.869,999.0,53.27019,393
MXRF11,MXRF11,ETF,MXRF11,9.5,A,2.0,C,3.0,OK,9.6,9.67,9.42,9.27,10980547.64,False,0.0,False,0.0,False,0.0,False,0.0,False,0.0,True,False,0.79,9.8,False,False,False,False,False,True,False,10.7030004,13.714287,0.967157,394
IMBB11,IMBB11,ETF,IMBB11,9.5,A,2.0,C,0.0,Fraco,148.26,148.5,143.97,134.18,31878122.72,False,0.0,False,0.0,False,0.0,False,0.0,False,0.0,True,False,5.22,149.85,False,False,False,False,False,True,False,0.0,999.0,999.0,395
A1ON34,A1ON34,BDR,AON (BDR: A1ON34),9.5,A,2.0,C,2.0,Fraco,366.57,339.86,332.81,335.92,965534402.19,False,0.0,False,0.0,False,0.0,False,0.0,False,0.0,True,False,1.91,382.34,False,False,False,False,False,True,False,44.699,20.207829,8.096701,396
CPTS11,CPTS11,ETF,CPTS11,9.5,A,2.0,C,0.0,Fraco,7.49,7.41,7.48,7.31,4449322.01,False,0.0,False,0.0,False,0.0,False,0.0,False,0.0,True,False,0.57,7.55,False,False,False,False,False,True,False,0.0,999.0,999.0,397
TRXF11,TRXF11,ETF,TRXF11,9.5,A,2.0,C,1.0,Fraco,91.1,90.46,89.25,90.09,19349093.08,False,0.0,False,0.0,False,0.0,False,0.0,False,0.0,True,False,1.28,91.9,False,False,False,False,False,True,False,0.0,7.2187004,999.0,398
CXAG11,CXAG11,ETF,CXAG11,9.5,A,0.5,C,1.0,Fraco,74.7,75.08,74.2,72.6,147457.79,False,0.0,False,0.0,False,0.0,False,0.0,False,0.0,True,False,1.29,78.0,False,False,False,False,False,False,False,0.0,19.86702,999.0,399
PMIS11,PMIS11,ETF,PMIS11,9.5,A,0.5,C,0.0,Fraco,7.81,7.76,7.79,7.62,235166.91,False,0.0,False,0.0,False,0.0,False,0.0,False,0.0,True,False,0.92,8.0,False,False,False,False,False,False,False,0.0,999.0,999.0,400
KCRE11,KCRE11,ETF,KCRE11,9.5,A,0.5,C,1.0,Fraco,8.83,8.98,8.69,8.45,300961.72,False,0.0,False,0.0,False,0.0,False,0.0,False,0.0,True,False,1.16,9.04,False,False,False,False,False,False,False,0.0,7.0079365,999.0,401
B1MR34,B1MR34,BDR,BMRN (BDR: B1MR34),9.5,A,2.0,C,2.0,Fraco,60.58,57.07,57.09,56.25,73210811.05,False,0.0,False,0.0,False,0.0,False,0.0,False,0.0,True,False,0.71,63.05,False,False,False,False,False,True,False,4.4770002,43.582737,1.8847616,402
DMVF3,D1000 VAREJO FARMA PARTICIPAÇÕES S.A.,BR_STOCK,DMVF3,9.5,A,0.5,C,4.0,Forte,6.86,6.68,6.72,6.35,263424.01,False,0.0,False,0.0,False,0.0,False,0.0,False,0.0,True,False,1.38,7.1,False,False,False,False,False,False,False,2.6349999,14.595745,0.37700596,403
RYTT34,RYTT34,BDR,RTX (BDR: RYTT34),9.5,A,2.0,C,3.0,OK,214.38,189.58,191.5,186.61,821382625.25,False,0.0,False,0.0,False,0.0,False,0.0,False,0.0,True,False,0.63,221.34,False,False,False,False,False,True,False,12.274000000000001,37.742958,4.355812,404
LLFT11,LLFT11,ETF,LLFT11,9.5,A,0.5,C,0.0,Fraco,116.91,115.42,112.66,112.66,299757.25,False,0.0,False,0.0,False,0.0,False,0.0,False,0.0,True,False,0.01,117.04,False,False,False,False,False,False,False,0.0,999.0,999.0,405
BTLG11,BTLG11,ETF,BTLG11,9.5,A,0.5,C,0.0,Fraco,100.86,101.45,100.08,99.24,10763073.25,False,0.0,False,0.0,False,0.0,False,0.0,False,0.0,True,False,0.71,102.86,False,False,False,False,False,False,False,8.615,93.130196,0.97516173,406
BODB11,BODB11,ETF,BODB11,9.5,A,2.0,C,0.0,Fraco,7.63,7.65,7.55,7.33,927853.79,False,0.0,False,0.0,False,0.0,False,0.0,False,0.0,True,False,1.32,7.76,False,False,False,False,False,True,False,0.0,999.0,999.0,407
TAKP34,TAKP34,BDR,TAK (BDR: TAKP34),9.5,A,0.5,C,2.0,Fraco,17.25,16.27,16.97,16.26,93070822.5,False,0.0,False,0.0,False,0.0,False,0.0,False,0.0,True,False,1.21,17.83,False,False,False,False,False,False,False,-2.118,999.0,1.201485,408
BBYY34,BBYY34,BDR,BBY (BDR: BBYY34),9.5,A,2.0,C,4.0,Forte,87.82,76.84,67.52,69.21,161406309.48,False,0.0,False,0.0,False,0.0,False,0.0,False,0.0,True,False,0.63,91.27,False,False,False,False,False,True,False,39.104,16.262962,6.0019135,409
KNIP11,KNIP11,ETF,KNIP11,9.5,A,0.5,C,1.0,Fraco,90.81,91.37,88.69,86.82,8103793.37,False,0.0,False,0.0,False,0.0,False,0.0,False,0.0,True,False,1.03,93.28,False,False,False,False,False,False,False,0.0,8.159029,999.0,410
SNCI11,SNCI11,ETF,SNCI11,9.5,A,0.5,C,1.0,Fraco,85.06,85.37,84.39,81.79,218604.19,False,0.0,False,0.0,False,0.0,False,0.0,False,0.0,True,False,0.49,87.36,False,False,False,False,False,False,False,0.0,5.9482517,999.0,411
T1CH34,T1CH34,BDR,TECH (BDR: T1CH34),9.5,A,2.0,C,2.0,Fraco,72.03,61.81,59.01,59.44,370988131.72,False,0.0,False,0.0,False,0.0,False,0.0,False,0.0,True,False,1.34,72.37,False,False,False,False,False,True,False,5.3400002,102.9,5.40644,412
W2EX34,W2EX34,BDR,WEX (BDR: W2EX34),9.5,A,2.0,C,4.0,Forte,186.4,149.74,153.66,152.6,123699509.55,False,0.0,False,0.0,False,0.0,False,0.0,False,0.0,True,False,0.62,191.38,False,False,False,False,False,True,False,30.19,18.602793,4.7549806,413
AIGB34,AIGB34,BDR,AIG (BDR: AIGB34),9.5,A,2.0,C,4.0,Forte,78.89,76.77,76.51,76.78,201379740.29,False,0.0,False,0.0,False,0.0,False,0.0,False,0.0,True,False,0.73,82.45,False,False,False,False,False,True,False,7.722999999999999,13.889085,1.0404906,414
XB3511,XB3511,ETF,XB3511,9.5,A,2.0,C,0.0,Fraco,51.78,51.83,51.44,51.39,421385.63,False,0.0,False,0.0,False,0.0,False,0.0,False,0.0,True,False,2.05,52.59,False,False,False,False,False,True,False,0.0,999.0,999.0,415
CYCR11,CYCR11,ETF,CYCR11,9.5,A,2.0,C,1.0,Fraco,8.68,8.7,8.6,8.37,80559.08,False,0.0,False,0.0,False,0.0,False,0.0,False,0.0,True,False,0.12,8.93,False,False,False,False,False,True,False,0.0,3.6936173,999.0,416
DIVD11,DIVD11,ETF,DIVD11,9.5,A,0.5,C,0.0,Fraco,63.12,61.35,62.72,60.67,614031.35,False,0.0,False,0.0,False,0.0,False,0.0,False,0.0,True,False,0.72,63.99,False,False,False,False,False,False,False,0.0,999.0,999.0,417
RCRB11,RCRB11,ETF,RCRB11,9.5,A,2.0,C,1.0,Fraco,136.8,137.16,136.79,132.8,1457330.43,False,0.0,False,0.0,False,0.0,False,0.0,False,0.0,True,False,1.43,141.0,False,False,False,False,False,True,False,9.1800004,18.739725,0.659789,418
E1CL34,E1CL34,BDR,ECL (BDR: E1CL34),9.5,A,2.0,C,3.0,OK,279.34,267.53,271.75,269.55,238782622.27,False,0.0,False,0.0,False,0.0,False,0.0,False,0.0,True,False,0.65,288.3,False,False,False,False,False,True,False,21.956,37.445038,7.797783,419
N1DA34,N1DA34,BDR,NDAQ (BDR: N1DA34),9.5,A,2.0,C,4.0,Forte,95.16,87.92,88.87,88.74,423644913.82,False,0.0,False,0.0,False,0.0,False,0.0,False,0.0,True,False,1.08,96.87,False,False,False,False,False,True,False,16.521999,27.74344,4.4661384,420
AFHI11,AFHI11,ETF,AFHI11,9.5,A,2.0,C,1.0,Fraco,94.0,94.4,92.29,90.85,766288.0,False,0.0,False,0.0,False,0.0,False,0.0,False,0.0,True,False,1.47,95.02,False,False,False,False,False,True,False,0.0,8.639706,999.0,421
REGN34,REGN34,BDR,REGN (BDR: REGN34),9.5,A,0.5,C,3.0,OK,738.34,641.02,716.51,707.39,1055277651.76,False,0.0,False,0.0,False,0.0,False,0.0,False,0.0,True,True,1.83,702.6,False,False,False,False,False,False,False,14.548,18.02588,2.394681,422
KNDI11,KNDI11,ETF,KNDI11,9.5,A,0.5,C,0.0,Fraco,100.91,102.17,100.14,98.04,1282868.88,False,0.0,False,0.0,False,0.0,False,0.0,False,0.0,True,False,1.66,103.1,False,False,False,False,False,False,False,0.0,999.0,999.0,423
BLMG11,BLMG11,ETF,BLMG11,9.5,A,0.5,C,0.0,Fraco,34.72,30.93,31.62,31.24,509029.94,False,0.0,False,0.0,False,0.0,False,0.0,False,0.0,True,True,3.19,32.9,False,False,False,False,False,False,False,0.0,999.0,999.0,424
VCRI11,VCRI11,ETF,VCRI11,9.5,A,0.5,C,1.0,Fraco,7.16,7.22,7.15,6.88,62707.28,False,0.0,False,0.0,False,0.0,False,0.0,False,0.0,True,False,0.31,7.51,False,False,False,False,False,False,False,0.0,5.6825395,999.0,425
R1JF34,R1JF34,BDR,RJF (BDR: R1JF34),9.5,A,2.0,C,4.0,Forte,174.97,158.16,156.64,157.2,119214060.63,False,0.0,False,0.0,False,0.0,False,0.0,False,0.0,True,False,0.47,178.28,False,False,False,False,False,True,False,0.0,15.24129,2.710024,426
F2IV34,F2IV34,BDR,FIVN (BDR: F2IV34),9.5,A,2.0,C,3.0,OK,27.66,23.15,19.51,19.93,157692701.73,False,0.0,False,0.0,False,0.0,False,0.0,False,0.0,True,False,2.43,28.05,False,False,False,False,False,True,False,7.664999999999999,42.55385,2.5526023,427
FLRY3,FLEURY S.A.,BR_STOCK,FLRY3,9.5,A,0.5,C,3.0,OK,16.97,15.7,16.02,15.64,34730800.59,False,0.0,False,0.0,False,0.0,False,0.0,False,0.0,True,False,1.18,17.2,False,False,False,False,False,False,False,11.672,14.629311,1.780132,428
X1YZ34,X1YZ34,BDR,XYZ (BDR: X1YZ34),9.5,A,2.0,C,2.0,Fraco,82.59,75.18,67.51,67.64,250827140.32,False,0.0,False,0.0,False,0.0,False,0.0,False,0.0,True,False,0.7,84.08,False,False,False,False,False,True,False,3.743,64.52344,2.2394857,429
S2LA34,S2LA34,BDR,SLAB (BDR: S2LA34),9.5,A,2.0,C,1.0,Fraco,216.93,218.16,199.78,182.62,66582539.58,False,0.0,False,0.0,False,0.0,False,0.0,False,0.0,True,False,0.94,219.47,False,False,False,False,False,True,False,-4.646,999.0,6.5103087,430
EDEN39,ISHARES MSCI DENMARK ETF,BDR,EDEN (BDR: EDEN39),9.5,A,2.0,C,1.0,Fraco,116.03,110.96,110.23,109.49,1522841.26,False,0.0,False,0.0,False,0.0,False,0.0,False,0.0,True,False,3.41,117.11,False,False,False,False,False,True,False,0.0,16.95865,999.0,431
BDIV11,BDIV11,ETF,BDIV11,9.5,A,0.5,C,0.0,Fraco,36.56,35.22,35.83,35.69,190404.49,False,0.0,False,0.0,False,0.0,False,0.0,False,0.0,True,False,0.67,36.74,False,False,False,False,False,False,False,0.0,999.0,999.0,432
ARGT39,GLOBAL X MSCI ARGENTINA ETF,BDR,ARGT (BDR: ARGT39),9.5,A,2.0,C,1.0,Fraco,96.15,93.65,92.32,90.78,23874622.28,False,0.0,False,0.0,False,0.0,False,0.0,False,0.0,True,False,2.24,96.47,False,False,False,False,False,True,False,0.0,16.056,999.0,433
RZAT11,RZAT11,ETF,RZAT11,9.5,A,0.5,C,1.0,Fraco,92.15,92.85,87.95,85.52,397995.86,False,0.0,False,0.0,False,0.0,False,0.0,False,0.0,True,False,0.63,93.28,False,False,False,False,False,False,False,0.0,7.666389,999.0,434
BRZP11,BRZP11,ETF,BRZP11,9.5,A,0.5,C,0.0,Fraco,181.0,182.29,177.67,168.98,710606.0,False,0.0,False,0.0,False,0.0,False,0.0,False,0.0,True,False,2.03,186.16,False,False,False,False,False,False,False,0.0,999.0,999.0,435
CPTI11,CPTI11,ETF,CPTI11,9.5,A,0.5,C,0.0,Fraco,85.95,86.01,85.21,82.91,1704474.39,False,0.0,False,0.0,False,0.0,False,0.0,False,0.0,True,False,0.75,87.25,False,False,False,False,False,False,False,0.0,999.0,999.0,436
RIFF11,RIFF11,ETF,RIFF11,9.5,A,0.5,C,0.0,Fraco,7.66,7.59,7.63,7.47,220968.02,False,0.0,False,0.0,False,0.0,False,0.0,False,0.0,True,False,1.33,7.65,False,False,False,False,False,False,False,0.0,999.0,999.0,437
RECR11,RECR11,ETF,RECR11,9.5,A,0.5,C,1.0,Fraco,79.98,79.98,78.09,75.89,1492586.82,False,0.0,False,0.0,False,0.0,False,0.0,False,0.0,True,False,0.76,82.36,False,False,False,False,False,False,False,0.0,7.4538684,999.0,438
M2RV34,M2RV34,BDR,MRVL (BDR: M2RV34),9.3,B,0.5,C,3.0,OK,183.3,239.18,150.15,134.5,5001067649.56,False,0.0,False,0.0,True,0.8,False,0.0,False,0.0,False,False,1.13,292.43,False,False,False,False,False,False,False,16.028000000000002,62.98969,8.810805,439
M1GM34,M1GM34,BDR,MGM (BDR: M1GM34),9.3,B,0.5,C,1.0,Fraco,45.66,45.89,39.64,38.14,141199531.45,False,0.0,False,0.0,True,0.8,False,0.0,False,0.0,False,False,1.47,48.25,False,False,False,False,False,False,False,13.488,62.547943,4.8538322,440
A1MT34,A1MT34,BDR,AMAT (BDR: A1MT34),9.3,B,0.5,C,4.0,Forte,501.77,541.55,415.38,371.52,5834416851.69,False,0.0,False,0.0,True,0.8,False,0.0,False,0.0,False,False,1.49,693.78,False,False,False,False,False,False,False,39.692003,47.114555,16.66235,441
T2ER34,T2ER34,BDR,TER (BDR: T2ER34),9.3,B,0.5,C,4.0,Forte,365.49,379.52,326.54,288.13,2541141158.63,False,0.0,False,0.0,True,0.8,False,0.0,False,0.0,False,False,1.72,463.66,False,False,False,False,False,False,False,36.464999999999996,50.204666,18.198973,442
W1DC34,W1DC34,BDR,WDC (BDR: W1DC34),9.3,B,0.5,C,4.0,Forte,533.04,559.48,388.56,329.58,4286951635.61,False,0.0,False,0.0,True,0.8,False,0.0,False,0.0,False,False,1.04,617.39,False,False,False,False,False,False,False,85.920995,31.861326,25.486013,443
CSCO34,CSCO34,BDR,CSCO (BDR: CSCO34),9.3,B,0.5,C,4.0,Forte,113.56,117.38,93.64,88.62,2366197658.65,False,0.0,False,0.0,True,0.8,False,0.0,False,0.0,False,False,1.04,121.61,False,False,False,False,False,False,False,25.229000000000003,37.853333,9.157326,444
C2GN34,C2GN34,BDR,CGNX (BDR: C2GN34),9.3,B,0.5,C,3.0,OK,62.62,64.57,54.43,50.82,126511559.56,False,0.0,False,0.0,True,0.8,False,0.0,False,0.0,False,False,1.2,72.87,False,False,False,False,False,False,False,9.748,73.670586,7.051008,445
S1TX34,S1TX34,BDR,STX (BDR: S1TX34),9.3,B,0.5,C,3.0,OK,851.68,887.6,599.41,514.36,6166876003.13,False,0.0,False,0.0,True,0.8,False,0.0,False,0.0,False,False,1.17,937.54,False,False,False,False,False,False,False,371.52898,3702.9565,174.52458,446
CLOV34,CLOV34,BDR,CLOV (BDR: CLOV34),9.3,B,0.5,C,1.0,Fraco,4.34,4.5,3.03,2.97,10601761.05,False,0.0,False,0.0,True,0.8,False,0.0,False,0.0,False,False,0.59,5.55,False,False,False,False,False,False,False,-16.858999999999998,999.0,6.718266,447
T1WL34,T1WL34,BDR,TWLO (BDR: T1WL34),9.3,B,0.5,C,3.0,OK,190.94,201.52,157.49,149.19,187203115.65,False,0.0,False,0.0,True,0.8,False,0.0,False,0.0,False,False,0.61,229.22,False,False,False,False,False,False,False,1.317,289.303,3.731119,448
A1MD34,A1MD34,BDR,AMD (BDR: A1MD34),9.3,B,0.5,C,3.0,OK,485.39,510.97,337.45,310.52,17039969828.16,False,0.0,False,0.0,True,0.8,False,0.0,False,0.0,False,False,1.21,574.2,False,False,False,False,False,False,False,8.062999999999999,161.25914,12.27375,449
MUTC34,MUTC34,BDR,MU (BDR: MUTC34),9.3,B,0.5,C,5.0,Forte,874.66,962.26,610.03,514.78,52127020329.52,False,0.0,False,0.0,True,0.8,False,0.0,False,0.0,False,False,1.22,1096.83,False,False,False,False,False,False,False,66.63799999999999,19.757397,9.803957,450
R1CL34,R1CL34,BDR,RCL (BDR: R1CL34),9.28,B,2.0,C,3.0,OK,321.94,291.98,287.69,284.12,550685134.92,False,0.0,False,0.0,True,0.65,False,0.0,False,0.0,True,False,0.61,328.87,False,False,False,False,False,True,False,44.669998,19.897404,8.4116745,451
COLD34,COLD34,BDR,COLD (BDR: COLD34),9.12,B,0.5,C,1.0,Fraco,14.46,14.94,13.16,12.73,40313699.27,False,0.0,False,0.0,True,0.75,False,0.0,False,0.0,False,False,0.67,16.88,False,False,False,False,False,False,False,-3.7019998,999.0,1.4629705,452
ASML34,ASML34,BDR,ASML (BDR: ASML34),9.12,B,0.5,C,4.0,Forte,1651.44,1745.58,1498.96,1384.55,3496398918.03,False,0.0,False,0.0,True,0.75,False,0.0,False,0.0,False,False,1.04,1940.48,False,False,False,False,False,False,False,53.942,57.262135,1420.2565,453
CHPX39,CHPX39,BDR,CHPX (BDR: CHPX39),9.12,B,0.5,C,0.0,Fraco,87.01,97.76,75.8,70.58,1748212.93,False,0.0,False,0.0,True,0.75,False,0.0,False,0.0,False,False,0.38,103.85,False,False,False,False,False,False,False,0.0,31.971064,999.0,454
Q1UA34,Q1UA34,BDR,PWR (BDR: Q1UA34),9.12,B,0.5,C,3.0,OK,657.98,681.96,599.2,560.0,1677879217.27,False,0.0,False,0.0,True,0.75,False,0.0,False,0.0,False,False,2.4,709.07,False,False,False,False,False,False,False,13.533999999999999,90.25789,10.916481,455
J1BH34,J1BH34,BDR,JBHT (BDR: J1BH34),9.12,B,0.5,C,4.0,Forte,269.21,279.27,240.04,223.29,274234257.53,False,0.0,False,0.0,True,0.75,False,0.0,False,0.0,False,False,0.81,299.76,False,False,False,False,False,False,False,18.448,38.240055,6.9132786,456
BPAC11,BCO BTG PACTUAL S.A.,BR_STOCK,BPAC11,9.12,B,0.5,C,3.0,OK,56.62,54.02,56.52,54.98,269658406.91,False,0.0,False,0.0,False,0.0,False,0.0,True,0.85,True,False,0.76,59.1,False,False,False,False,False,False,False,24.84,92.21498,3.6633022,457
N2VC34,N2VC34,BDR,NVCR (BDR: N2VC34),9.12,B,0.5,C,2.0,Fraco,15.23,16.58,14.18,13.78,20461047.49,False,0.0,False,0.0,True,0.75,False,0.0,False,0.0,False,False,0.6,21.45,False,False,False,False,False,False,False,-43.217,999.0,5.24449,458
M1RN34,M1RN34,BDR,MRNA (BDR: M1RN34),9.12,B,0.5,C,2.0,Fraco,57.92,58.22,50.76,44.72,252443790.74,False,0.0,False,0.0,True,0.75,False,0.0,False,0.0,False,False,0.92,85.6,False,False,False,False,False,False,False,-36.556998,999.0,3.1039655,459
C1NC34,C1NC34,BDR,CNC (BDR: C1NC34),9.12,B,0.5,C,2.0,Fraco,60.84,63.55,49.6,46.47,309724637.82,False,0.0,False,0.0,True,0.75,False,0.0,False,0.0,False,False,0.91,69.36,False,False,False,False,False,False,False,-20.358999,999.0,1.332078,460
S2YN34,S2YN34,BDR,SYNA (BDR: S2YN34),9.12,B,0.5,C,2.0,Fraco,108.85,127.84,99.22,91.97,94832513.37,False,0.0,False,0.0,True,0.75,False,0.0,False,0.0,False,False,1.29,135.79,False,False,False,False,False,False,False,-3.504,999.0,3.1032615,461
STMN34,STMN34,BDR,STM (BDR: STMN34),9.12,B,0.5,C,2.0,Fraco,53.06,68.69,47.37,41.77,514900832.77,False,0.0,False,0.0,True,0.75,False,0.0,False,0.0,False,False,0.66,73.37,False,False,False,False,False,False,False,2.686,104.03922,2.6451967,462
L1RC34,L1RC34,BDR,LRCX (BDR: L1RC34),9.12,B,0.5,C,4.0,Forte,297.72,337.44,268.42,240.01,6523970242.79,False,0.0,False,0.0,True,0.75,False,0.0,False,0.0,False,False,1.93,415.49,False,False,False,False,False,False,False,66.762,56.173584,35.17486,463
ITUB4,ITAU UNIBANCO HOLDING S.A.,BR_STOCK,ITUB4,9.12,B,0.5,C,0.0,Fraco,42.74,41.19,42.15,40.6,535126191.02,False,0.0,False,0.0,False,0.0,False,0.0,True,0.85,True,False,0.74,44.64,False,False,False,False,False,False,False,0.0,0.0,0.0,464
TEXA34,TEXA34,BDR,TXN (BDR: TEXA34),9.12,B,0.5,C,4.0,Forte,278.76,298.68,244.08,224.82,2558592059.39,False,0.0,False,0.0,True,0.75,False,0.0,False,0.0,False,False,1.0,315.34,False,False,False,False,False,False,False,35.176,42.300457,14.133753,465
JHSF3,JHSF PARTICIPACOES S.A.,BR_STOCK,JHSF3,9.0,B,0.5,C,5.0,Forte,11.21,10.9,10.13,9.25,32841937.11,False,0.0,False,0.0,False,0.0,False,0.0,False,0.0,True,False,0.97,11.45,False,False,False,False,False,False,False,27.879998,3.5474682,1.0583459,466
COPH34,COPH34,BDR,COP (BDR: COPH34),9.0,B,0.5,C,1.0,Fraco,119.03,113.71,112.82,106.61,549965730.24,False,0.0,False,0.0,False,0.0,False,0.0,False,0.0,True,False,0.77,122.38,False,False,False,False,False,False,False,11.2840004,20.174576,2.246824,467
PETR3,PETROLEO BRASILEIRO S.A. PETROBRAS,BR_STOCK,PETR3,9.0,B,0.5,C,4.0,Forte,48.55,45.27,44.16,40.93,323770234.91,False,0.0,False,0.0,False,0.0,False,0.0,False,0.0,True,False,0.77,49.06,False,False,False,False,False,False,False,25.601000000000003,5.9717097,1.405576,468
PRIO3,PRIO S.A.,BR_STOCK,PRIO3,9.0,B,0.5,C,3.0,OK,59.96,58.5,57.39,52.5,259542852.04,False,0.0,False,0.0,False,0.0,False,0.0,False,0.0,True,False,0.72,61.35,False,False,False,False,False,False,False,9.729999,18.336391,1.8180716,469
B1KR34,B1KR34,BDR,BKR (BDR: B1KR34),9.0,B,0.5,C,3.0,OK,59.9,59.88,59.23,56.22,473545032.76,False,0.0,False,0.0,False,0.0,False,0.0,False,0.0,True,False,0.69,62.67,False,False,False,False,False,False,False,16.463,19.26045,2.958609,470
D1VN34,D1VN34,BDR,DVN (BDR: D1VN34),9.0,B,0.5,C,3.0,OK,44.17,43.86,43.76,41.37,334876387.07,False,0.0,False,0.0,False,0.0,False,0.0,False,0.0,True,False,0.75,46.21,False,False,False,False,False,False,False,15.178001,12.303621,1.777894,471
BROF11,BROF11,ETF,BROF11,9.0,B,0.5,C,1.0,Fraco,60.5,57.62,57.21,55.11,126868.5,False,0.0,False,0.0,False,0.0,False,0.0,False,0.0,False,False,0.31,64.5,False,False,False,False,False,False,False,0.0,8.910162,999.0,472
D2AR34,D2AR34,BDR,DAR (BDR: D2AR34),9.0,B,0.5,C,2.0,Fraco,61.0,58.63,54.64,49.49,207671023.0,False,0.0,False,0.0,False,0.0,False,0.0,False,0.0,False,False,1.65,65.69,False,False,False,False,False,False,False,4.879,44.2029,1.9880716,473
RECT11,RECT11,ETF,RECT11,9.0,B,0.5,C,1.0,Fraco,35.43,35.16,36.22,34.97,198195.42,False,0.0,False,0.0,False,0.0,False,0.0,True,0.8,False,False,0.52,37.89,False,False,False,False,False,False,False,0.0,0.91290903,999.0,474
C1IC34,C1IC34,BDR,CI (BDR: C1IC34),9.0,B,0.5,C,5.0,Forte,287.66,286.37,279.24,277.69,534030153.38,False,0.0,False,0.0,False,0.0,False,0.0,False,0.0,False,False,1.04,305.44,False,False,False,False,False,False,False,16.268998,12.188983,1.8032396,475
HREC11,HREC11,ETF,HREC11,9.0,B,2.0,C,1.0,Fraco,8.3,8.27,8.08,7.99,90063.3,False,0.0,False,0.0,False,0.0,False,0.0,False,0.0,True,False,1.33,8.35,False,False,False,False,False,True,False,0.0,9.54023,999.0,476
PETR4,PETROLEO BRASILEIRO S.A. PETROBRAS,BR_STOCK,PETR4,9.0,B,0.5,C,0.0,Fraco,42.84,40.46,40.13,37.43,1080501915.85,False,0.0,False,0.0,False,0.0,False,0.0,False,0.0,True,False,0.83,43.49,False,False,False,False,False,False,False,0.0,0.0,0.0,477
CATP34,CATP34,BDR,CAT (BDR: CATP34),8.95,B,0.5,C,3.0,OK,809.14,919.57,792.21,734.0,2168867443.66,False,0.0,False,0.0,True,0.7,False,0.0,False,0.0,False,False,0.82,1039.33,False,False,False,False,False,False,False,51.331,40.215706,19.973341,478
GSGI34,GSGI34,BDR,GS (BDR: GSGI34),8.95,B,0.5,C,4.0,Forte,1024.86,1046.9,945.56,909.47,2011825772.74,False,0.0,False,0.0,True,0.7,False,0.0,False,0.0,False,False,0.94,1153.99,False,False,False,False,False,False,False,16.951999,15.832843,2.7967176,479
M2KS34,M2KS34,BDR,MKSI (BDR: M2KS34),8.95,B,0.5,C,2.0,Fraco,293.3,346.52,275.23,243.6,842809833.52,False,0.0,False,0.0,True,0.7,False,0.0,False,0.0,False,False,2.17,428.97,False,False,False,False,False,False,False,12.662,61.23173,7.0221214,480
EUCA4,EUCATEX S.A. INDUSTRIA E COMERCIO,BR_STOCK,EUCA4,8.95,B,0.5,C,4.0,Forte,22.61,24.41,21.92,20.51,477071.01,False,0.0,False,0.0,True,0.7,False,0.0,False,0.0,False,False,0.32,24.61,False,False,False,False,False,False,False,14.633,5.0923424,0.7074469,481
O1DF34,O1DF34,BDR,ODFL (BDR: O1DF34),8.95,B,0.5,C,4.0,Forte,212.47,226.14,202.84,187.47,749017095.78,False,0.0,False,0.0,True,0.7,False,0.0,False,0.0,False,False,2.2,238.51,False,False,False,False,False,False,False,24.818,44.264584,9.702712,482
TSMC34,TSMC34,BDR,TSM (BDR: TSMC34),8.95,B,0.5,C,4.0,Forte,403.31,424.79,377.19,355.48,6057801261.74,False,0.0,False,0.0,True,0.7,False,0.0,False,0.0,False,False,0.9,468.51,False,False,False,False,False,False,False,39.969003,35.40913,84.11018,483
GPRK34,GPRK34,BDR,GPRK (BDR: GPRK34),8.95,B,0.5,C,3.0,OK,9.59,10.02,9.08,8.67,1464383.43,False,0.0,False,0.0,True,0.7,False,0.0,False,0.0,False,False,0.38,10.69,False,False,False,False,False,False,False,22.567,9.047171,2.1202743,484
T1EC34,T1EC34,BDR,FTI (BDR: T1EC34),8.62,B,0.5,C,4.0,Forte,68.92,69.77,65.5,59.76,406578297.88,False,0.0,False,0.0,False,0.0,False,0.0,True,0.85,False,False,2.0,77.92,False,False,False,False,False,False,False,33.407003,26.40613,8.170716,485
JTEK39,JTEK39,BDR,JTEK (BDR: JTEK39),8.6,B,0.5,C,0.0,Fraco,93.85,103.34,93.47,93.01,32975309.53,False,0.0,False,0.0,True,0.6,False,0.0,False,0.0,False,False,1.06,110.24,False,False,False,False,False,False,False,0.0,36.114384,999.0,486
H1LT34,H1LT34,BDR,HLT (BDR: H1LT34),8.6,B,0.5,C,2.0,Fraco,322.02,333.0,316.59,305.38,581077019.68,False,0.0,False,0.0,True,0.6,False,0.0,False,0.0,False,False,0.8,342.98,False,False,False,False,False,False,False,0.0,49.088413,-13.772132,487
A1KA34,A1KA34,BDR,AKAM (BDR: A1KA34),8.6,B,0.5,C,1.0,Fraco,113.75,129.13,112.4,104.92,322150465.0,False,0.0,False,0.0,True,0.6,False,0.0,False,0.0,False,False,0.85,131.08,False,False,False,False,False,False,False,9.1680005,38.429054,3.3727686,488
USTK11,USTK11,ETF,USTK11,8.6,B,0.5,C,0.0,Fraco,20.58,21.32,18.98,18.84,137803.68,False,0.0,False,0.0,True,0.6,False,0.0,False,0.0,False,False,0.81,22.1,False,False,False,False,False,False,False,0.0,30.313055,999.0,489
MOOO34,MOOO34,BDR,MO (BDR: MOOO34),8.6,B,0.5,C,3.0,OK,67.94,71.54,66.27,63.92,1260715135.24,False,0.0,False,0.0,True,0.6,False,0.0,False,0.0,False,False,2.44,77.06,False,False,False,False,False,False,False,0.0,14.183717,-35.348595,490
LOGG3,LOG COMMERCIAL PROPERTIES,BR_STOCK,LOGG3,8.6,B,0.5,C,4.0,Forte,25.62,26.39,24.79,23.3,4780692.16,False,0.0,False,0.0,True,0.6,False,0.0,False,0.0,False,False,0.56,28.7,False,False,False,False,False,False,False,11.023,5.5695653,0.5986401,491
QQQQ11,QQQQ11,ETF,QQQQ11,8.6,B,0.5,C,0.0,Fraco,121.03,134.34,116.78,112.91,126234.29,False,0.0,False,0.0,True,0.6,False,0.0,False,0.0,False,False,4.24,143.93,False,False,False,False,False,False,False,0.0,999.0,999.0,492
C1DN34,C1DN34,BDR,CDNS (BDR: C1DN34),8.6,B,0.5,C,4.0,Forte,332.82,371.29,328.69,327.59,867350239.57,False,0.0,False,0.0,True,0.6,False,0.0,False,0.0,False,False,0.85,391.0,False,False,False,False,False,False,False,23.229,66.298805,13.29525,493
UTEC11,UTEC11,ETF,UTEC11,8.6,B,0.5,C,0.0,Fraco,27.28,28.21,25.12,24.91,1861614.53,False,0.0,False,0.0,True,0.6,False,0.0,False,0.0,False,False,0.76,29.71,False,False,False,False,False,False,False,0.0,30.367653,999.0,494
HPQB34,HPQB34,BDR,HPQ (BDR: HPQB34),8.53,B,0.5,C,3.0,OK,26.86,24.42,21.12,22.01,407847836.15,True,0.51,False,0.0,False,0.0,False,0.0,False,0.0,False,False,1.02,29.12,False,False,False,False,False,False,False,0.0,9.948148,-171.0828,495
JDCO34,JDCO34,BDR,JD (BDR: JDCO34),8.5,B,0.5,C,2.0,Fraco,32.31,28.82,28.46,28.82,284872338.68,False,0.0,False,0.0,False,0.0,False,0.0,False,0.0,True,False,1.13,32.58,False,False,False,False,False,False,False,6.0040000000000004,23.583942,1.3860778,496
VRTA11,VRTA11,ETF,VRTA11,8.5,B,0.5,C,1.0,Fraco,73.5,72.94,74.18,73.24,1894462.5,False,0.0,False,0.0,False,0.0,False,0.0,False,0.0,True,False,1.41,74.49,False,False,False,False,False,False,False,8.1949994,10.914761,0.80617744,497
HABT11,HABT11,ETF,HABT11,8.5,B,0.5,C,0.0,Fraco,71.29,70.86,71.71,69.97,1778329.07,False,0.0,False,0.0,False,0.0,False,0.0,False,0.0,True,False,1.98,72.65,False,False,False,False,False,False,False,0.0,999.0,999.0,498
VISC11,VISC11,ETF,VISC11,8.5,B,0.5,C,0.0,Fraco,105.33,104.49,105.51,104.57,2914586.48,False,0.0,False,0.0,False,0.0,False,0.0,False,0.0,True,False,0.73,107.0,False,False,False,False,False,False,False,0.0,73.14583,999.0,499
DEXP3,DEXXOS PARTICIPACOES S.A.,BR_STOCK,DEXP3,8.5,B,0.5,C,2.0,Fraco,7.31,7.1,7.32,7.19,296786.0,False,0.0,False,0.0,False,0.0,False,0.0,False,0.0,True,False,0.75,7.36,False,False,False,False,False,False,False,13.880999999999998,10.013699,0.8374384,500
BOXP34,BOXP34,BDR,BXP (BDR: BOXP34),8.5,B,2.0,C,1.0,Fraco,71.67,65.23,60.67,62.64,110773220.84,False,0.0,False,0.0,False,0.0,False,0.0,False,0.0,True,False,0.89,74.94,False,False,False,False,False,True,False,5.308,38.532257,2.2076762,501
PIBB11,PIBB11,ETF,PIBB11,8.5,B,0.5,C,1.0,Fraco,316.26,308.6,317.58,305.65,155599.92,False,0.0,False,0.0,False,0.0,False,0.0,False,0.0,True,False,0.05,317.43,False,False,False,False,False,False,False,0.0,11.069473,999.0,502
G1PI34,G1PI34,BDR,GPN (BDR: G1PI34),8.5,B,2.0,C,2.0,Fraco,86.84,73.34,72.46,74.05,206059935.27,False,0.0,False,0.0,False,0.0,False,0.0,False,0.0,True,False,0.71,89.1,False,False,False,False,False,True,False,2.935,31.92647,0.99787414,503
SMIN39,ISHARES MSCI INDIA SMALL-CAP ETF,BDR,SMIN (BDR: SMIN39),8.5,B,2.0,C,0.0,Fraco,69.76,68.53,66.66,67.77,3651796.59,False,0.0,False,0.0,False,0.0,False,0.0,False,0.0,True,False,0.35,71.2,False,False,False,False,False,True,False,0.0,29.707405,999.0,504
FMSC34,FMSC34,BDR,FMS (BDR: FMSC34),8.5,B,2.0,C,2.0,Fraco,25.7,23.13,22.37,22.7,20056537.6,False,0.0,False,0.0,False,0.0,False,0.0,False,0.0,True,False,1.28,25.07,False,False,False,False,False,True,False,7.852,13.817204,0.916657,505
FYTO11,FYTO11,ETF,FYTO11,8.5,B,0.5,C,0.0,Fraco,8.09,8.21,8.19,7.95,82744.52,False,0.0,False,0.0,False,0.0,False,0.0,False,0.0,True,False,0.85,8.49,False,False,False,False,False,False,False,0.0,999.0,999.0,506
KNCA11,KNCA11,ETF,KNCA11,8.5,B,0.5,C,0.0,Fraco,90.87,90.51,91.43,90.4,7049694.81,False,0.0,False,0.0,False,0.0,False,0.0,False,0.0,True,False,2.64,91.93,False,False,False,False,False,False,False,0.0,999.0,999.0,507
IAAG11,IAAG11,ETF,IAAG11,8.5,B,0.5,C,0.0,Fraco,8.17,8.23,8.22,7.92,134126.89,False,0.0,False,0.0,False,0.0,False,0.0,False,0.0,True,False,0.8,8.44,False,False,False,False,False,False,False,0.0,999.0,999.0,508
IB5M11,IB5M11,ETF,IB5M11,8.5,B,0.5,C,0.0,Fraco,121.22,122.23,121.59,120.49,1530281.3,False,0.0,False,0.0,False,0.0,False,0.0,False,0.0,True,False,0.35,123.76,False,False,False,False,False,False,False,0.0,999.0,999.0,509
NSLU11,NSLU11,ETF,NSLU11,8.5,B,0.5,C,0.0,Fraco,177.0,172.63,178.32,176.91,95403.0,False,0.0,False,0.0,False,0.0,False,0.0,False,0.0,True,False,1.03,174.98,False,False,False,False,False,False,False,0.0,999.0,999.0,510
BOVA11,BOVA11,ETF,BOVA11,8.5,B,0.5,C,1.0,Fraco,174.31,170.01,174.99,168.87,444304505.01,False,0.0,False,0.0,False,0.0,False,0.0,False,0.0,True,False,0.95,175.56,False,False,False,False,False,False,False,0.0,11.359646,999.0,511
BOVV11,BOVV11,ETF,BOVV11,8.5,B,0.5,C,1.0,Fraco,183.06,178.42,183.61,177.02,47882637.44,False,0.0,False,0.0,False,0.0,False,0.0,False,0.0,True,False,0.56,184.27,False,False,False,False,False,False,False,0.0,11.220021,999.0,512
TECK11,TECK11,ETF,TECK11,8.5,B,0.5,C,0.0,Fraco,111.85,114.56,107.05,108.98,11775008.59,False,0.0,False,0.0,False,0.0,False,0.0,False,0.0,True,False,1.3,117.5,False,False,False,False,False,False,False,0.0,29.094498,999.0,513
BTHF11,BTHF11,ETF,BTHF11,8.5,B,2.0,C,1.0,Fraco,8.83,8.96,8.88,8.59,3640088.0,False,0.0,False,0.0,False,0.0,False,0.0,False,0.0,True,False,1.18,9.17,False,False,False,False,False,True,False,0.0,11.932432,999.0,514
BCIA11,BCIA11,ETF,BCIA11,8.5,B,0.5,C,0.0,Fraco,88.75,88.37,88.93,86.37,151407.5,False,0.0,False,0.0,False,0.0,False,0.0,False,0.0,True,False,0.65,89.76,False,False,False,False,False,False,False,0.0,999.0,999.0,515
BRAX11,BRAX11,ETF,BRAX11,8.5,B,0.5,C,1.0,Fraco,148.24,144.97,149.26,144.11,333836.49,False,0.0,False,0.0,False,0.0,False,0.0,False,0.0,True,False,0.19,151.49,False,False,False,False,False,False,False,0.0,11.147052,999.0,516
HSAF11,HSAF11,ETF,HSAF11,8.5,B,0.5,C,1.0,Fraco,76.28,78.18,77.07,75.53,200692.68,False,0.0,False,0.0,False,0.0,False,0.0,False,0.0,True,False,0.43,80.16,False,False,False,False,False,False,False,0.0,7.3986416,999.0,517
PACL11,PACL11,ETF,PACL11,8.5,B,0.5,C,0.0,Fraco,107.31,107.97,107.36,106.45,277074.41,False,0.0,False,0.0,False,0.0,False,0.0,False,0.0,True,False,0.07,109.9,False,False,False,False,False,False,False,0.0,999.0,999.0,518
ICRI11,ICRI11,ETF,ICRI11,8.5,B,0.5,C,1.0,Fraco,91.96,93.7,92.05,89.03,97753.48,False,0.0,False,0.0,False,0.0,False,0.0,False,0.0,True,False,0.15,96.22,False,False,False,False,False,False,False,0.0,6.1801076,999.0,519
RBIF11,RBIF11,ETF,RBIF11,8.5,B,2.0,C,0.0,Fraco,73.7,74.56,74.14,72.05,56012.0,False,0.0,False,0.0,False,0.0,False,0.0,False,0.0,True,False,0.52,77.26,False,False,False,False,False,True,False,0.0,999.0,999.0,520
BOVX11,BOVX11,ETF,BOVX11,8.5,B,0.5,C,0.0,Fraco,18.15,17.74,18.27,17.62,5918188.53,False,0.0,False,0.0,False,0.0,False,0.0,False,0.0,True,False,0.71,18.33,False,False,False,False,False,False,False,0.0,999.0,999.0,521
KNRI11,KNRI11,ETF,KNRI11,8.5,B,0.5,C,1.0,Fraco,156.56,154.47,157.4,152.89,5423708.0,False,0.0,False,0.0,False,0.0,False,0.0,False,0.0,True,False,1.07,157.93,False,False,False,False,False,False,False,7.609000000000001,10.6236,0.9773699,522
JSCR11,JSCR11,ETF,JSCR11,8.5,B,0.5,C,1.0,Fraco,8.0,8.14,8.02,7.84,275384.0,False,0.0,False,0.0,False,0.0,False,0.0,False,0.0,True,False,0.54,8.31,False,False,False,False,False,False,False,0.0,5.882353,999.0,523
IRIM11,IRIM11,ETF,IRIM11,8.5,B,0.5,C,1.0,Fraco,64.79,65.42,63.09,63.49,2842466.92,False,0.0,False,0.0,False,0.0,False,0.0,False,0.0,True,False,1.0,66.48,False,False,False,False,False,False,False,0.0,7.4215355,999.0,524
JURO11,JURO11,ETF,JURO11,8.5,B,0.5,C,0.0,Fraco,97.49,96.89,98.83,97.4,3492676.66,False,0.0,False,0.0,False,0.0,False,0.0,False,0.0,True,False,0.82,99.17,False,False,False,False,False,False,False,0.0,999.0,999.0,525
RINV11,RINV11,ETF,RINV11,8.5,B,0.5,C,1.0,Fraco,102.79,104.64,103.92,101.5,464816.38,False,0.0,False,0.0,False,0.0,False,0.0,False,0.0,True,False,0.81,106.03,False,False,False,False,False,False,False,0.0,5.0117016,999.0,526
AREA11,AREA11,ETF,AREA11,8.5,B,0.5,C,0.0,Fraco,102.25,103.33,102.69,102.13,389061.25,False,0.0,False,0.0,False,0.0,False,0.0,False,0.0,True,False,0.83,104.67,False,False,False,False,False,False,False,0.0,999.0,999.0,527
V1NO34,V1NO34,BDR,VNO (BDR: V1NO34),8.5,B,2.0,C,1.0,Fraco,40.15,37.43,32.28,33.1,51571914.11,False,0.0,False,0.0,False,0.0,False,0.0,False,0.0,True,False,0.7,41.59,False,False,False,False,False,True,False,12.604000000000001,11.0,1.5617707,528
BOVB11,BOVB11,ETF,BOVB11,8.5,B,0.5,C,1.0,Fraco,181.33,177.2,182.38,175.86,1182271.61,False,0.0,False,0.0,False,0.0,False,0.0,False,0.0,True,False,0.18,182.95,False,False,False,False,False,False,False,0.0,11.347913,999.0,529
EMBJ3,EMBJ3,BR_STOCK,EMBJ3,8.5,B,0.5,C,2.0,Fraco,86.14,78.98,83.71,83.74,325626425.69,False,0.0,False,0.0,False,0.0,False,0.0,True,1.0,True,False,0.85,88.86,False,False,False,False,False,False,False,8.789,39.154545,3.567317,530
P1UK34,P1UK34,BDR,PUK (BDR: P1UK34),8.5,B,2.0,C,5.0,Forte,30.98,28.08,29.69,29.3,31718159.99,False,0.0,False,0.0,False,0.0,False,0.0,False,0.0,True,False,1.0,30.31,False,False,False,False,False,True,False,20.577998,10.091206,7.7976336,531
WHGR11,WHGR11,ETF,WHGR11,8.5,B,0.5,C,1.0,Fraco,9.0,9.12,9.07,8.84,125685.0,False,0.0,False,0.0,False,0.0,False,0.0,False,0.0,True,False,0.6,9.1,False,False,False,False,False,False,False,0.0,6.923077,999.0,532
VRTM11,VRTM11,ETF,VRTM11,8.5,B,0.5,C,1.0,Fraco,6.92,6.96,6.92,6.73,105654.56,False,0.0,False,0.0,False,0.0,False,0.0,False,0.0,True,False,0.9,7.06,False,False,False,False,False,False,False,0.0,5.7666664,999.0,533
SNFZ11,SNFZ11,ETF,SNFZ11,8.5,B,0.5,C,0.0,Fraco,9.24,9.35,9.31,9.23,107304.12,False,0.0,False,0.0,False,0.0,False,0.0,False,0.0,True,False,0.6,9.29,False,False,False,False,False,False,False,0.0,999.0,999.0,534
K2RC34,K2RC34,BDR,KRC (BDR: K2RC34),8.5,B,2.0,C,1.0,Fraco,39.54,37.3,33.71,35.09,38266101.17,False,0.0,False,0.0,False,0.0,False,0.0,False,0.0,True,False,0.6,40.85,False,False,False,False,False,True,False,3.431,27.65035,0.8799573,535
KFOF11,KFOF11,ETF,KFOF11,8.5,B,2.0,C,0.0,Fraco,79.15,78.65,79.95,78.88,544552.01,False,0.0,False,0.0,False,0.0,False,0.0,False,0.0,True,False,0.67,80.0,False,False,False,False,False,True,False,0.0,20.294872,999.0,536
RZAK11,RZAK11,ETF,RZAK11,8.5,B,0.5,C,1.0,Fraco,78.71,80.18,79.89,78.21,803943.93,False,0.0,False,0.0,False,0.0,False,0.0,False,0.0,True,False,0.69,81.19,False,False,False,False,False,False,False,0.0,6.710145,999.0,537
LFTX11,LFTX11,ETF,LFTX11,8.5,B,0.5,C,0.0,Fraco,26.16,25.83,25.59,,161721.12,False,0.0,False,0.0,False,0.0,False,0.0,False,0.0,True,False,0.55,26.22,False,False,False,False,False,False,False,0.0,999.0,999.0,538
HSML11,HSML11,ETF,HSML11,8.5,B,0.5,C,1.0,Fraco,87.52,86.77,88.93,87.0,3439710.91,False,0.0,False,0.0,False,0.0,False,0.0,False,0.0,True,False,1.36,88.43,False,False,False,False,False,False,False,0.0,19.235163,999.0,539
BBOV11,BBOV11,ETF,BBOV11,8.5,B,0.5,C,1.0,Fraco,93.2,90.85,93.5,90.23,13082203.97,False,0.0,False,0.0,False,0.0,False,0.0,False,0.0,True,False,1.92,93.5,False,False,False,False,False,False,False,0.0,11.368351,999.0,540
PMLL11,PMLL11,ETF,PMLL11,8.5,B,0.5,C,0.0,Fraco,102.28,103.02,102.86,100.76,3295461.56,False,0.0,False,0.0,False,0.0,False,0.0,False,0.0,True,False,0.78,104.74,False,False,False,False,False,False,False,0.0,204.56,999.0,541
IBOB11,IBOB11,ETF,IBOB11,8.5,B,0.5,C,1.0,Fraco,145.99,142.47,146.53,141.41,5369220.42,False,0.0,False,0.0,False,0.0,False,0.0,False,0.0,True,False,2.02,147.27,False,False,False,False,False,False,False,0.0,11.348793,999.0,542
H1BA34,H1BA34,BDR,HBAN (BDR: H1BA34),8.25,B,0.5,C,2.0,Fraco,17.08,17.11,16.77,16.53,382316156.29,False,0.0,False,0.0,True,0.5,False,0.0,False,0.0,False,False,0.69,18.58,False,False,False,False,False,False,False,9.002,13.138462,1.1602473,543
ARXD11,ARXD11,ETF,ARXD11,8.25,B,0.5,C,1.0,Fraco,7.85,7.89,7.62,7.43,124092.8,False,0.0,False,0.0,True,0.5,False,0.0,False,0.0,False,False,2.11,8.57,False,False,False,False,False,False,False,0.0,12.460318,999.0,544
UPSS34,UPSS34,BDR,UPS (BDR: UPSS34),8.25,B,0.5,C,3.0,OK,105.27,108.58,104.76,101.19,463409683.84,False,0.0,False,0.0,True,0.5,False,0.0,False,0.0,False,False,0.7,118.42,False,False,False,False,False,False,False,29.602,19.566914,5.945778,545
P1HM34,P1HM34,BDR,PHM (BDR: P1HM34),8.25,B,0.5,C,2.0,Fraco,128.74,124.77,124.58,123.74,169543120.31,False,0.0,False,0.0,True,0.5,False,0.0,False,0.0,False,False,0.57,137.97,False,False,False,False,False,False,False,14.901,13.150154,1.8959119,546
XPCA11,XPCA11,ETF,XPCA11,8.12,B,0.5,C,0.0,Fraco,7.67,7.76,7.92,7.73,324579.06,False,0.0,False,0.0,False,0.0,False,0.0,True,0.65,True,False,0.59,7.89,False,False,False,False,False,False,False,0.0,999.0,999.0,547
YUMR34,YUMR34,BDR,YUM (BDR: YUMR34),8.0,B,0.5,C,2.0,Fraco,157.0,153.64,155.61,153.15,435642972.0,False,0.0,False,0.0,False,0.0,False,0.0,False,0.0,False,False,1.02,170.14,False,False,False,False,False,False,False,0.0,25.322582,-5.949674,548
B8IN8L,B8IN8L,BR_STOCK,B8IN8L,8.0,B,2.0,C,0.0,Fraco,0.01,,,,179236.17,False,0.0,False,0.0,False,0.0,False,0.0,False,0.0,True,False,0.0,,False,False,False,False,False,True,False,0.0,0.0,0.0,549
CICS5L,CICS5L,BR_STOCK,CICS5L,8.0,B,2.0,C,0.0,Fraco,0.02,,,,109572.68,False,0.0,False,0.0,False,0.0,False,0.0,False,0.0,True,False,0.0,,False,False,False,False,False,True,False,0.0,999.0,999.0,550
F8DF5L,F8DF5L,BR_STOCK,F8DF5L,8.0,B,2.0,C,0.0,Fraco,0.01,,,,368355.38,False,0.0,False,0.0,False,0.0,False,0.0,False,0.0,True,False,0.0,,False,False,False,False,False,True,False,0.0,0.0,0.0,551
I8RD6L,I8RD6L,BR_STOCK,I8RD6L,8.0,B,2.0,C,0.0,Fraco,0.13,,,,1671614.69,False,0.0,False,0.0,False,0.0,False,0.0,False,0.0,True,False,0.0,,False,False,False,False,False,True,False,0.0,0.0,0.0,552
BMTE5L,BMTE5L,BR_STOCK,BMTE5L,8.0,B,2.0,C,0.0,Fraco,0.01,,,,89170.51,False,0.0,False,0.0,False,0.0,False,0.0,False,0.0,True,False,0.0,,False,False,False,False,False,True,False,0.0,0.0,0.0,553
CMIG4,CIA ENERGETICA DE MINAS GERAIS - CEMIG,BR_STOCK,CMIG4,8.0,B,0.5,C,4.0,Forte,11.23,10.87,11.19,10.94,80573000.72,False,0.0,False,0.0,False,0.0,False,0.0,False,0.0,True,False,0.77,11.42,False,False,False,False,False,False,False,17.038,6.567251,1.1121014,554
F1TV34,F1TV34,BDR,FTV (BDR: F1TV34),8.0,B,0.5,C,2.0,Fraco,58.48,60.83,58.39,56.71,218889995.01,False,0.0,False,0.0,False,0.0,False,0.0,False,0.0,False,False,1.19,64.56,False,False,False,False,False,False,False,6.814000000000001,30.9418,2.9379551,555
F1SL34,F1SL34,BDR,FSLY (BDR: F1SL34),8.0,B,0.5,C,2.0,Fraco,21.55,18.77,18.87,16.65,74438718.51,False,0.0,False,0.0,False,0.0,False,0.0,False,0.0,True,False,0.66,21.92,False,False,False,False,False,False,False,-10.656,999.0,3.4485517,556
FDXB34,FDXB34,BDR,FDX (BDR: FDXB34),8.0,B,0.5,C,2.0,Fraco,308.55,319.81,295.68,274.02,352568346.15,False,0.0,False,0.0,False,0.0,False,0.0,False,0.0,True,False,0.73,322.13,False,False,False,False,False,False,False,14.846,16.633423,2.3399284,557
A1GI34,A1GI34,BDR,A (BDR: A1GI34),8.0,B,2.0,C,4.0,Forte,138.71,130.99,125.96,130.53,221973323.73,False,0.0,False,0.0,False,0.0,False,0.0,False,0.0,True,False,0.67,142.42,False,False,False,False,False,True,False,21.330999000000002,27.853415,5.4965134,558
K1SS34,K1SS34,BDR,KSS (BDR: K1SS34),8.0,B,2.0,C,1.0,Fraco,19.5,16.66,16.14,16.74,85096849.5,False,0.0,False,0.0,False,0.0,False,0.0,False,0.0,True,False,1.43,19.43,False,False,False,False,False,True,False,6.9970004,8.193277,0.54758364,559
AVGO34,AVGO34,BDR,AVGO (BDR: AVGO34),8.0,B,0.5,C,4.0,Forte,387.84,395.46,366.34,364.72,8499708991.1,False,0.0,False,0.0,False,0.0,False,0.0,False,0.0,True,False,1.17,407.52,False,False,False,False,False,False,False,37.280998,64.64,21.04395,560
W1MC34,W1MC34,BDR,WM (BDR: W1MC34),8.0,B,0.5,C,3.0,OK,226.33,225.02,226.03,221.76,509153103.77,False,0.0,False,0.0,False,0.0,False,0.0,False,0.0,False,False,1.25,247.15,False,False,False,False,False,False,False,29.841,59.4042,9.155745,561
TTEX5L,TTEX5L,BR_STOCK,TTEX5L,8.0,B,2.0,C,0.0,Fraco,50.0,,,,11713300.0,False,0.0,False,0.0,False,0.0,False,0.0,False,0.0,True,False,0.0,,False,False,False,False,False,True,False,0.0,999.0,999.0,562
KHCB34,KHCB34,BDR,KHC (BDR: KHCB34),8.0,B,0.5,C,3.0,OK,26.38,24.3,23.23,23.36,339565644.26,False,0.0,False,0.0,False,0.0,False,0.0,False,0.0,False,False,0.89,28.09,False,False,False,False,False,False,False,-12.576,999.0,0.74629396,563
PATC11,PATC11,ETF,PATC11,8.0,B,0.5,C,0.0,Fraco,39.99,39.67,39.55,39.98,74101.47,False,0.0,False,0.0,False,0.0,False,0.0,False,0.0,True,False,5.57,40.8,False,False,False,False,False,False,False,0.0,999.0,999.0,564
M1CK34,M1CK34,BDR,MCK (BDR: M1CK34),8.0,B,0.5,C,2.0,Fraco,865.51,788.04,838.09,834.24,480146005.47,False,0.0,False,0.0,False,0.0,False,0.0,False,0.0,True,False,0.58,907.0,False,False,False,False,False,False,False,0.0,22.545195,-47.81823,565
SHOW3,T4F ENTRETENIMENTO S.A.,BR_STOCK,SHOW3,8.0,B,0.5,C,2.0,Fraco,6.04,5.88,5.64,5.7,347300.0,False,0.0,False,0.0,False,0.0,False,0.0,False,0.0,True,False,0.62,6.1,False,False,False,False,False,False,False,-39.883998,999.0,0.4065971,566
WTXA11,WTXA11,ETF,WTXA11,8.0,B,2.0,C,0.0,Fraco,1.0,,,,1258009684.0,False,0.0,False,0.0,False,0.0,False,0.0,False,0.0,True,False,0.0,,False,False,False,False,False,True,False,0.0,999.0,999.0,567
EQIX34,EQIX34,BDR,EQIX (BDR: EQIX34),8.0,B,0.5,C,2.0,Fraco,1047.53,1054.76,974.08,924.22,859370590.37,False,0.0,False,0.0,False,0.0,False,0.0,False,0.0,False,False,1.51,1104.99,False,False,False,False,False,False,False,10.059,67.49549,7.225541,568
BPML11,BPML11,ETF,BPML11,8.0,B,0.5,C,1.0,Fraco,84.53,85.6,86.64,83.27,621041.9,False,0.0,False,0.0,False,0.0,False,0.0,True,0.8,True,False,0.69,86.88,False,False,False,False,False,False,False,0.0,8.214771,999.0,569
OFSA3,OUROFINO S.A.,BR_STOCK,OFSA3,8.0,B,0.5,C,5.0,Forte,27.97,28.41,27.18,25.81,97895.0,False,0.0,False,0.0,False,0.0,False,0.0,False,0.0,True,False,0.25,29.3,False,False,False,False,False,False,False,33.278999999999996,6.2293987,1.8419492,570
AMOB3,AUTOMOB PARTICIPAÇÕES S.A.,BR_STOCK,AMOB3,8.0,B,0.5,C,1.0,Fraco,13.25,13.01,13.21,13.08,71550.0,False,0.0,False,0.0,False,0.0,False,0.0,False,0.0,True,False,0.27,13.76,False,False,False,False,False,False,False,0.0,999.0,0.2558261,571
Z1OM34,Z1OM34,BDR,ZM (BDR: Z1OM34),8.0,B,0.5,C,5.0,Forte,92.32,93.09,89.15,87.95,221223368.71,False,0.0,False,0.0,False,0.0,False,0.0,False,0.0,True,False,0.79,94.45,False,False,False,False,False,False,False,21.948,13.596465,2.7816446,572
A1RG34,A1RG34,BDR,ARGX (BDR: A1RG34),8.0,B,0.5,C,4.0,Forte,872.58,870.6,817.17,829.77,223421495.64,False,0.0,False,0.0,False,0.0,False,0.0,False,0.0,False,False,0.88,953.58,False,False,False,False,False,False,False,23.635,33.291874,162.08113,573
NEWU11,NEWU11,ETF,NEWU11,8.0,B,0.5,C,1.0,Fraco,109.0,113.17,106.91,104.75,223014.0,False,0.0,False,0.0,False,0.0,False,0.0,False,0.0,False,False,16.77,118.0,False,False,False,False,False,False,False,21.801001,10900.0,999.0,574
EBTA11,EBTA11,ETF,EBTA11,8.0,B,2.0,C,0.0,Fraco,1.0,,,,88114877.0,False,0.0,False,0.0,False,0.0,False,0.0,False,0.0,True,False,0.0,,False,False,False,False,False,True,False,0.0,999.0,999.0,575
BNKS11,BNKS11,ETF,BNKS11,8.0,B,2.0,C,0.0,Fraco,48.76,,,,116877.72,False,0.0,False,0.0,False,0.0,False,0.0,False,0.0,True,False,0.0,,False,False,False,False,False,True,False,0.0,999.0,999.0,576
NB0511,NB0511,ETF,NB0511,8.0,B,2.0,C,0.0,Fraco,49.81,,,,63308.51,False,0.0,False,0.0,False,0.0,False,0.0,False,0.0,True,False,0.0,,False,False,False,False,False,True,False,0.0,999.0,999.0,577
NB0211,NB0211,ETF,NB0211,8.0,B,2.0,C,0.0,Fraco,50.09,,,,61510.52,False,0.0,False,0.0,False,0.0,False,0.0,False,0.0,True,False,0.0,,False,False,False,False,False,True,False,0.0,999.0,999.0,578
AGRX11,AGRX11,ETF,AGRX11,8.0,B,2.0,C,0.0,Fraco,7.99,,,,240762.66,False,0.0,False,0.0,False,0.0,False,0.0,False,0.0,True,False,0.0,,False,False,False,False,False,True,False,0.0,999.0,999.0,579
FRVP6L,FRVP6L,BR_STOCK,FRVP6L,8.0,B,2.0,C,0.0,Fraco,0.1,,,,58519.1,False,0.0,False,0.0,False,0.0,False,0.0,False,0.0,True,False,0.0,,False,False,False,False,False,True,False,0.0,999.0,999.0,580
PRNR3,PRINER SERVIÇOS INDUSTRIAIS S.A.,BR_STOCK,PRNR3,8.0,B,0.5,C,2.0,Fraco,19.44,18.37,18.76,17.98,10017432.28,False,0.0,False,0.0,False,0.0,False,0.0,False,0.0,True,True,1.86,19.4,False,False,False,False,False,False,False,11.630999000000001,28.173914,2.038377,581
AQPA11,AQPA11,ETF,AQPA11,8.0,B,2.0,C,0.0,Fraco,1.0,,,,91962369.0,False,0.0,False,0.0,False,0.0,False,0.0,False,0.0,True,False,0.0,,False,False,False,False,False,True,False,0.0,999.0,999.0,582
IBOV11,IBOV11,ETF,IBOV11,8.0,B,2.0,C,0.0,Fraco,176271.0,,,,18758054736.0,False,0.0,False,0.0,False,0.0,False,0.0,False,0.0,True,False,0.0,,False,False,False,False,False,True,False,0.0,999.0,999.0,583
BOAV5L,BOAV5L,BR_STOCK,BOAV5L,8.0,B,2.0,C,0.0,Fraco,0.1,,,,78967.7,False,0.0,False,0.0,False,0.0,False,0.0,False,0.0,True,False,0.0,,False,False,False,False,False,True,False,0.0,999.0,999.0,584
FARG7L,FARG7L,BR_STOCK,FARG7L,8.0,B,2.0,C,0.0,Fraco,0.19,,,,358275.4,False,0.0,False,0.0,False,0.0,False,0.0,False,0.0,True,False,0.0,,False,False,False,False,False,True,False,0.0,999.0,999.0,585
C1BO34,C1BO34,BDR,CBOE (BDR: C1BO34),8.0,B,0.5,C,4.0,Forte,296.52,285.27,287.78,277.87,430923011.39,False,0.0,False,0.0,False,0.0,False,0.0,False,0.0,True,False,1.35,308.84,False,False,False,False,False,False,False,25.14,25.34359,5.7760634,586
GPCA11,GPCA11,ETF,GPCA11,8.0,B,0.5,C,0.0,Fraco,25.5,,,,2164771.5,False,0.0,False,0.0,False,0.0,False,0.0,False,0.0,True,False,0.69,25.64,False,False,False,False,False,False,False,0.0,999.0,999.0,587
BUSM39,ISHARES MSCI USA MIN VOL FACTOR ETF,BDR,BUSM (BDR: BUSM39),8.0,B,2.0,C,0.0,Fraco,16.37,,,,86637.98,False,0.0,False,0.0,False,0.0,False,0.0,False,0.0,True,False,0.4,16.45,False,False,False,False,False,True,False,0.0,999.0,999.0,588
CPLG11,CPLG11,ETF,CPLG11,8.0,B,2.0,C,0.0,Fraco,11.04,,,,74321.28,False,0.0,False,0.0,False,0.0,False,0.0,False,0.0,True,False,1.31,11.0,False,False,False,False,False,True,True,0.0,20.072727,999.0,589
TIMS3L,TIM S.A.,BR_STOCK,TIMS3L,8.0,B,2.0,C,0.0,Fraco,20.23,,,,17498949.6,False,0.0,False,0.0,False,0.0,False,0.0,False,0.0,True,False,0.0,,False,False,False,False,False,True,False,0.0,999.0,999.0,590
SEER3,SER EDUCACIONAL S.A.,BR_STOCK,SEER3,8.0,B,0.5,C,4.0,Forte,12.07,11.49,11.51,11.02,5302350.87,False,0.0,False,0.0,False,0.0,False,0.0,False,0.0,True,False,0.8,12.45,False,False,False,False,False,False,False,18.484,1.657967,1.0895468,591
NTNF11,NTNF11,ETF,NTNF11,8.0,B,2.0,C,0.0,Fraco,50.46,,,,510907.49,False,0.0,False,0.0,False,0.0,False,0.0,False,0.0,True,False,0.22,50.5,False,False,False,False,False,True,True,0.0,999.0,999.0,592
S1OU34,S1OU34,BDR,LUV (BDR: S1OU34),7.78,B,0.5,C,3.0,OK,45.6,46.04,43.86,41.43,148667075.83,False,0.0,False,0.0,True,0.65,False,0.0,False,0.0,False,False,0.54,52.23,False,False,False,False,False,False,False,11.099,28.499998,3.1500413,593
AMZO34,AMZO34,BDR,AMZN (BDR: AMZO34),7.62,B,0.5,C,4.0,Forte,235.5,246.38,236.5,234.75,18546814746.0,False,0.0,False,0.0,False,0.0,False,0.0,True,0.85,False,False,2.02,258.08,False,False,False,False,False,False,False,24.285,28.169857,5.730903,594
A1RC34,A1RC34,BDR,ARCO (BDR: A1RC34),7.62,B,0.5,C,4.0,Forte,8.19,8.38,8.23,7.94,8897697.44,False,0.0,False,0.0,False,0.0,False,0.0,True,0.85,False,False,1.13,8.64,False,False,False,False,False,False,False,36.284,7.378378,2.2249389,595
A1AP34,A1AP34,BDR,AAP (BDR: A1AP34),7.6,B,0.5,C,1.0,Fraco,56.19,57.16,52.92,52.07,61708924.1,False,0.0,False,0.0,True,0.6,False,0.0,False,0.0,False,False,0.67,62.91,False,False,False,False,False,False,False,3.0840001999999997,50.16964,1.5234661,596
C1RR34,C1RR34,BDR,CARR (BDR: C1RR34),7.6,B,0.5,C,2.0,Fraco,61.39,67.97,62.35,60.42,600470440.41,False,0.0,False,0.0,True,0.6,False,0.0,False,0.0,False,False,1.18,73.5,False,False,False,False,False,False,False,8.966000000000001,43.85,3.866843,597
TEND3,CONSTRUTORA TENDA S.A.,BR_STOCK,TEND3,7.6,B,0.5,C,4.0,Forte,30.05,33.15,30.33,28.67,58414193.52,False,0.0,False,0.0,True,0.6,False,0.0,False,0.0,False,False,0.88,37.94,False,False,False,False,False,False,False,47.064,6.107723,2.7125833,598
T2RE34,T2RE34,BDR,TREX (BDR: T2RE34),7.6,B,0.5,C,4.0,Forte,43.93,44.3,41.23,40.71,94903385.42,False,0.0,False,0.0,True,0.6,False,0.0,False,0.0,False,False,1.03,49.72,False,False,False,False,False,False,False,20.084,24.405556,4.583681,599
I1RP34,I1RP34,BDR,TT (BDR: I1RP34),7.5,B,0.5,C,3.0,OK,440.28,469.13,446.91,438.38,1161203274.38,False,0.0,False,0.0,False,0.0,False,0.0,True,0.8,False,False,2.07,497.65,False,False,False,False,False,False,False,36.630002,33.634834,11.336612,600
NDIV11,NDIV11,ETF,NDIV11,7.5,B,0.5,C,1.0,Fraco,125.83,122.5,126.45,124.47,788450.79,False,0.0,False,0.0,False,0.0,False,0.0,False,0.0,True,False,0.31,127.06,False,False,False,False,False,False,False,0.0,9.9948435,999.0,601
A1WK34,A1WK34,BDR,AWK (BDR: A1WK34),7.5,B,2.0,C,1.0,Fraco,136.81,129.0,130.03,130.21,407854544.47,False,0.0,False,0.0,False,0.0,False,0.0,False,0.0,True,False,1.28,140.44,False,False,False,False,False,True,False,10.217,23.710571,2.4206018,602
BODI11,BODI11,ETF,BODI11,7.5,B,0.5,C,0.0,Fraco,10.0,9.9,9.82,9.82,149660.0,False,0.0,False,0.0,False,0.0,False,0.0,False,0.0,True,False,0.52,10.17,False,False,False,False,False,False,False,0.0,999.0,999.0,603
BXPO11,BXPO11,ETF,BXPO11,7.5,B,0.5,C,1.0,Fraco,151.87,146.34,152.35,148.75,122407.22,False,0.0,False,0.0,False,0.0,False,0.0,False,0.0,True,False,6.63,151.93,False,False,False,False,False,False,False,0.0,19.335814,999.0,604
NBOV11,NBOV11,ETF,NBOV11,7.5,B,0.5,C,0.0,Fraco,122.36,117.94,123.23,120.67,58610.44,False,0.0,False,0.0,False,0.0,False,0.0,False,0.0,True,False,0.23,122.8,False,False,False,False,False,False,False,0.0,999.0,999.0,605
SPBZ11,SPBZ11,ETF,SPBZ11,7.5,B,0.5,C,0.0,Fraco,117.69,116.69,,,2942603.13,False,0.0,False,0.0,False,0.0,False,0.0,False,0.0,True,False,14.94,120.0,False,False,False,False,False,False,False,0.0,999.0,999.0,606
TVRI11,TVRI11,ETF,TVRI11,7.5,B,0.5,C,1.0,Fraco,92.08,90.45,92.97,91.32,663068.09,False,0.0,False,0.0,False,0.0,False,0.0,False,0.0,True,False,1.42,92.51,False,False,False,False,False,False,False,10.863,6.225828,0.8949537,607
GOLB11,GOLB11,ETF,GOLB11,7.5,B,0.5,C,0.0,Fraco,102.83,101.47,,,2258146.84,False,0.0,False,0.0,False,0.0,False,0.0,False,0.0,True,False,1.76,104.98,False,False,False,False,False,False,False,0.0,999.0,999.0,608
XFIX11,XFIX11,ETF,XFIX11,7.5,B,0.5,C,1.0,Fraco,13.41,13.5,13.56,13.38,277506.54,False,0.0,False,0.0,False,0.0,False,0.0,False,0.0,True,False,1.06,13.63,False,False,False,False,False,False,False,0.0,8.48396,999.0,609
LFTI11,LFTI11,ETF,LFTI11,7.5,B,0.5,C,0.0,Fraco,54.23,53.55,,,1375381.25,False,0.0,False,0.0,False,0.0,False,0.0,False,0.0,True,False,0.37,54.37,False,False,False,False,False,False,False,0.0,999.0,999.0,610
NLFA11,NLFA11,ETF,NLFA11,7.5,B,0.5,C,0.0,Fraco,108.65,107.87,,,3059149.44,False,0.0,False,0.0,False,0.0,False,0.0,False,0.0,True,False,0.73,108.69,False,False,False,False,False,False,False,0.0,999.0,999.0,611
CAON34,CAON34,BDR,COF (BDR: CAON34),7.5,B,2.0,C,1.0,Fraco,210.14,196.52,201.88,206.24,603531114.27,False,0.0,False,0.0,False,0.0,False,0.0,True,1.0,True,False,0.58,213.32,False,False,False,False,False,True,False,9.031,11.571586,1.1894628,612
S2UI34,S2UI34,BDR,SUI (BDR: S2UI34),7.5,B,0.5,C,1.0,Fraco,124.43,121.49,124.67,123.95,127785006.4,False,0.0,False,0.0,False,0.0,False,0.0,False,0.0,True,False,0.4,128.13,False,False,False,False,False,False,False,1.722,159.52565,2.2709105,613
CMIG3,CIA ENERGETICA DE MINAS GERAIS - CEMIG,BR_STOCK,CMIG3,7.5,B,0.5,C,4.0,Forte,16.16,15.88,15.49,14.9,1651551.98,False,0.0,False,0.0,False,0.0,False,0.0,False,0.0,False,False,1.04,17.05,False,False,False,False,False,False,False,17.038,9.450292,1.600317,614
EGAF11,EGAF11,ETF,EGAF11,7.5,B,0.5,C,0.0,Fraco,87.5,86.83,89.43,87.61,258300.0,False,0.0,False,0.0,False,0.0,False,0.0,False,0.0,True,False,0.49,89.5,False,False,False,False,False,False,False,0.0,999.0,999.0,615
POSB11,POSB11,ETF,POSB11,7.5,B,0.5,C,0.0,Fraco,104.56,103.53,,,4309335.74,False,0.0,False,0.0,False,0.0,False,0.0,False,0.0,True,False,0.73,105.0,False,False,False,False,False,False,False,0.0,999.0,999.0,616
SPXH11,SPXH11,ETF,SPXH11,7.5,B,0.5,C,0.0,Fraco,56.55,56.49,,,2067637.62,False,0.0,False,0.0,False,0.0,False,0.0,False,0.0,True,False,0.38,58.0,False,False,False,False,False,False,False,0.0,999.0,999.0,617
KISU11,KISU11,ETF,KISU11,7.5,B,0.5,C,1.0,Fraco,6.47,6.41,6.58,6.48,375473.5,False,0.0,False,0.0,False,0.0,False,0.0,False,0.0,True,False,0.97,6.59,False,False,False,False,False,False,False,0.0,4.2012987,999.0,618
BISE11,BISE11,ETF,BISE11,7.5,B,0.5,C,0.0,Fraco,104.36,104.04,,,4668544.63,False,0.0,False,0.0,False,0.0,False,0.0,False,0.0,True,False,0.52,105.94,False,False,False,False,False,False,False,0.0,999.0,999.0,619
S1HW34,S1HW34,BDR,SHW (BDR: S1HW34),7.5,B,2.0,C,3.0,OK,344.84,322.38,330.91,331.43,444852905.96,False,0.0,False,0.0,False,0.0,False,0.0,False,0.0,True,False,0.55,357.27,False,False,False,False,False,True,False,65.12400000000001,31.841183,18.469284,620
GDIV11,GDIV11,ETF,GDIV11,7.5,B,2.0,C,0.0,Fraco,97.43,96.95,,,77651.71,False,0.0,False,0.0,False,0.0,False,0.0,False,0.0,True,False,1.18,100.18,False,False,False,False,False,True,False,0.0,999.0,999.0,621
SPYR11,SPYR11,ETF,SPYR11,7.5,B,0.5,C,0.0,Fraco,112.2,111.8,,,113209.8,False,0.0,False,0.0,False,0.0,False,0.0,False,0.0,True,False,1.0,113.84,False,False,False,False,False,False,False,0.0,999.0,999.0,622
5PRE11,5PRE11,ETF,5PRE11,7.5,B,0.5,C,0.0,Fraco,50.3,49.81,49.75,49.75,1464685.68,False,0.0,False,0.0,False,0.0,False,0.0,False,0.0,True,False,0.29,50.67,False,False,False,False,False,False,False,0.0,999.0,999.0,623
AUPO11,AUPO11,ETF,AUPO11,7.5,B,0.5,C,0.0,Fraco,108.09,107.02,,,9870346.11,False,0.0,False,0.0,False,0.0,False,0.0,False,0.0,True,False,1.03,108.3,False,False,False,False,False,False,False,0.0,999.0,999.0,624
LFIX11,LFIX11,ETF,LFIX11,7.5,B,2.0,C,0.0,Fraco,21.37,21.05,20.67,20.67,18962734.35,False,0.0,False,0.0,False,0.0,False,0.0,False,0.0,True,False,14.13,21.52,False,False,False,False,False,True,False,0.0,999.0,999.0,625
ALZR11,ALZR11,ETF,ALZR11,7.5,B,2.0,C,1.0,Fraco,9.96,9.95,10.15,10.09,3334946.65,False,0.0,False,0.0,False,0.0,False,0.0,False,0.0,True,False,1.01,10.28,False,False,False,False,False,True,False,0.0,9.137614,999.0,626
RURA11,RURA11,ETF,RURA11,7.5,B,0.5,C,0.0,Fraco,8.23,8.3,8.41,8.18,1870827.04,False,0.0,False,0.0,False,0.0,False,0.0,False,0.0,True,False,0.78,8.29,False,False,False,False,False,False,False,0.0,999.0,999.0,627
USIG39,ISHARES BROAD USD INVESTMENT GRADE CORP BOND ETF,BDR,USIG (BDR: USIG39),7.5,B,2.0,C,0.0,Fraco,50.37,50.78,50.76,50.7,54035121.53,False,0.0,False,0.0,False,0.0,False,0.0,False,0.0,True,False,0.48,51.11,False,False,False,False,False,True,False,0.0,999.0,999.0,628
BLAK34,BLAK34,BDR,BLK (BDR: BLAK34),7.5,B,2.0,C,3.0,OK,1098.37,1030.85,1038.55,1045.86,548187677.6,False,0.0,False,0.0,False,0.0,False,0.0,False,0.0,True,False,0.6,1125.0,False,False,False,False,False,True,False,0.0,26.301964,3.0103052,629
LTBX11,LTBX11,ETF,LTBX11,7.5,B,2.0,C,0.0,Fraco,26.09,25.81,,,5546577.49,False,0.0,False,0.0,False,0.0,False,0.0,False,0.0,True,False,0.93,26.18,False,False,False,False,False,True,False,0.0,999.0,999.0,630
HFOF11,HFOF11,ETF,HFOF11,7.5,B,2.0,C,1.0,Fraco,6.39,6.39,6.46,6.29,1047327.37,False,0.0,False,0.0,False,0.0,False,0.0,False,0.0,True,False,0.59,6.42,False,False,False,False,False,True,False,0.0,3.5698323,999.0,631
PACB11,PACB11,ETF,PACB11,7.5,B,0.5,C,0.0,Fraco,10.56,10.73,10.71,10.62,751111.71,False,0.0,False,0.0,False,0.0,False,0.0,False,0.0,True,False,1.88,10.87,False,False,False,False,False,False,False,0.0,999.0,999.0,632
RZAG11,RZAG11,ETF,RZAG11,7.5,B,0.5,C,0.0,Fraco,8.53,8.51,8.67,8.57,900938.57,False,0.0,False,0.0,False,0.0,False,0.0,False,0.0,True,False,0.74,8.75,False,False,False,False,False,False,False,0.0,999.0,999.0,633
CPTR11,CPTR11,ETF,CPTR11,7.5,B,0.5,C,0.0,Fraco,7.85,7.88,7.89,7.58,442873.44,False,0.0,False,0.0,False,0.0,False,0.0,False,0.0,True,False,3.05,8.12,False,False,False,False,False,False,False,0.0,999.0,999.0,634
I1BN34,I1BN34,BDR,IBN (BDR: I1BN34),7.5,B,2.0,C,4.0,Forte,30.26,28.1,28.43,29.01,145116914.78,False,0.0,False,0.0,False,0.0,False,0.0,False,0.0,True,False,0.64,30.42,False,False,False,False,False,True,False,16.073999,18.679012,2.7498436,635
MSCD34,MSCD34,BDR,MA (BDR: MSCD34),7.5,B,2.0,C,3.0,OK,577.35,512.1,517.71,526.24,2390303377.07,False,0.0,False,0.0,False,0.0,False,0.0,False,0.0,True,False,1.5,569.99,False,False,False,False,False,True,False,232.076,33.39213,76.207756,636
IRBR3,IRB - BRASIL RESSEGUROS S.A.,BR_STOCK,IRBR3,7.5,B,0.5,C,2.0,Fraco,54.31,53.5,53.92,52.52,13018107.33,False,0.0,False,0.0,False,0.0,False,0.0,True,0.8,False,False,0.5,58.02,False,False,False,False,False,False,False,6.737,12.659674,0.8340629,637
T1AL34,T1AL34,BDR,TAL (BDR: T1AL34),7.5,B,2.0,C,3.0,OK,12.34,9.91,10.81,10.97,139933331.17,False,0.0,False,0.0,False,0.0,False,0.0,False,0.0,True,True,2.53,11.06,False,False,False,False,False,True,False,14.062000999999999,13.413043,1.8093841,638
A2FY34,A2FY34,BDR,AFYA (BDR: A2FY34),7.5,B,0.5,C,5.0,Forte,14.29,14.32,14.24,14.19,969762.27,False,0.0,False,0.0,False,0.0,False,0.0,True,0.8,False,False,0.88,15.55,False,False,False,False,False,False,False,16.756999999999998,8.820988,1.377904,639
NVDC34,NVDC34,BDR,NVDA (BDR: NVDC34),7.25,B,0.5,C,4.0,Forte,195.04,206.52,195.34,192.86,24011414531.85,False,0.0,False,0.0,False,0.0,False,0.0,True,0.7,False,False,0.97,214.39,False,False,False,False,False,False,False,114.28799999999998,29.82263,24.168526,640
C1BR34,C1BR34,BDR,CBRE (BDR: C1BR34),7.12,B,0.5,C,2.0,Fraco,149.46,135.43,145.01,148.02,336981648.2,False,0.0,False,0.0,False,0.0,False,0.0,True,0.85,True,False,1.22,153.08,False,False,False,False,False,False,False,15.798001000000001,34.201374,4.978681,641
WIZC3,WIZ CO PARTICIPAÇÕES E CORRETAGEM DE SEGUROS S.A.,BR_STOCK,WIZC3,7.12,B,0.5,C,3.0,OK,8.23,7.97,8.56,8.37,2003181.89,False,0.0,False,0.0,False,0.0,False,0.0,True,0.85,True,False,1.2,8.59,False,False,False,False,False,False,False,28.619,6.8016524,1.9143987,642
U2TH34,U2TH34,BDR,UTHR (BDR: U2TH34),7.12,B,0.5,C,2.0,Fraco,525.82,545.37,530.63,514.0,165901996.33,False,0.0,False,0.0,False,0.0,False,0.0,True,0.65,False,False,0.78,563.7,False,False,False,False,False,False,False,20.261000000000003,19.424456,3.7563403,643
BEST11,BEST11,ETF,BEST11,7.12,B,0.5,C,1.0,Fraco,115.3,114.38,118.17,116.16,389714.01,False,0.0,False,0.0,False,0.0,False,0.0,True,0.85,True,False,0.62,121.1,False,False,False,False,False,False,False,0.0,11.174884,999.0,644
ALUP11,ALUPAR INVESTIMENTO S/A,BR_STOCK,ALUP11,7.12,B,0.5,C,2.0,Fraco,32.64,32.66,33.56,33.21,21245375.6,False,0.0,False,0.0,False,0.0,False,0.0,True,0.85,True,False,1.1,34.27,False,False,False,False,False,False,False,12.679000000000002,7.821711,1.158515,645
B3SA3,B3 S.A. - BRASIL. BOLSA. BALCÃO,BR_STOCK,B3SA3,7.0,B,0.5,C,0.0,Fraco,15.63,15.25,16.2,15.38,658788874.82,False,0.0,False,0.0,False,0.0,False,0.0,False,0.0,True,False,1.23,16.22,False,False,False,False,False,False,False,0.0,0.0,0.0,646
NEXT34,NEXT34,BDR,NEE (BDR: NEXT34),7.0,B,0.5,C,3.0,OK,87.93,87.28,88.48,86.82,696518768.33,False,0.0,False,0.0,False,0.0,False,0.0,False,0.0,True,False,0.81,90.99,False,False,False,False,False,False,False,11.677,19.759552,3.320494,647
W1RB34,W1RB34,BDR,WRB (BDR: W1RB34),7.0,B,0.5,C,4.0,Forte,73.38,69.42,68.17,69.07,79394295.21,False,0.0,False,0.0,False,0.0,False,0.0,False,0.0,False,False,0.48,77.45,False,False,False,False,False,False,False,0.0,15.098764,2.9389617,648
Z1BR34,Z1BR34,BDR,ZBRA (BDR: Z1BR34),7.0,B,2.0,C,3.0,OK,288.57,253.28,240.02,246.35,217065533.78,False,0.0,False,0.0,False,0.0,False,0.0,False,0.0,True,False,1.03,288.59,False,False,False,False,False,True,False,11.781,34.89359,4.02362,649
DOTZ3,DOTZ S.A.,BR_STOCK,DOTZ3,7.0,B,0.5,C,2.0,Fraco,5.63,4.38,3.86,4.65,1082086.02,False,0.0,False,0.0,False,0.0,False,0.0,False,0.0,True,True,2.3,5.03,False,False,False,False,False,False,False,0.0,10.236363,-0.310655,650
F2RS34,F2RS34,BDR,FRSH (BDR: F2RS34),7.0,B,2.0,C,4.0,Forte,11.26,9.92,9.41,10.02,126893277.68,False,0.0,False,0.0,False,0.0,False,0.0,False,0.0,True,False,0.76,11.74,False,False,False,False,False,True,False,17.32,18.459017,3.0815544,651
I2RS34,I2RS34,BDR,IR (BDR: I2RS34),7.0,B,0.5,C,3.0,OK,84.32,77.34,82.51,81.45,301993765.31,False,0.0,False,0.0,False,0.0,False,0.0,False,0.0,True,False,0.75,87.64,False,False,False,False,False,False,False,5.7150003,56.972973,3.242578,652
LAND3,TERRA SANTA PROPRIEDADES AGRICOLAS S.A.,BR_STOCK,LAND3,7.0,B,0.5,C,2.0,Fraco,8.55,8.23,8.47,8.39,420660.01,False,0.0,False,0.0,False,0.0,False,0.0,False,0.0,True,False,0.17,8.71,False,False,False,False,False,False,False,0.47200000000000003,285.0,1.2343006,653
NEXG11,NEXG11,ETF,NEXG11,7.0,B,0.5,C,0.0,Fraco,127.65,131.1,127.73,126.38,255172.35,False,0.0,False,0.0,False,0.0,False,0.0,False,0.0,True,False,1.31,134.0,False,False,False,False,False,False,False,0.0,999.0,999.0,654
INRD11,INRD11,ETF,INRD11,7.0,B,0.5,C,1.0,Fraco,73.62,74.9,74.53,73.32,62061.66,False,0.0,False,0.0,False,0.0,False,0.0,False,0.0,False,False,1.35,78.1,False,False,False,False,False,False,False,0.0,8.827338,999.0,655
P2IN34,P2IN34,BDR,PINS (BDR: P2IN34),7.0,B,2.0,C,2.0,Fraco,24.43,21.5,21.04,22.94,236517973.03,False,0.0,False,0.0,False,0.0,False,0.0,False,0.0,True,False,0.94,24.63,False,False,False,False,False,True,False,8.870000000000001,50.895836,4.9164824,656
ALPK3,ALLPARK EMPREENDIMENTOS PARTICIPACOES SERVICOS S.A,BR_STOCK,ALPK3,7.0,B,0.5,C,1.0,Fraco,4.42,4.31,4.48,4.39,626314.01,False,0.0,False,0.0,False,0.0,False,0.0,False,0.0,True,False,1.31,4.47,False,False,False,False,False,False,False,5.567,73.66667,2.6723096,657
UNIP6,UNIPAR CARBOCLORO S.A.,BR_STOCK,UNIP6,7.0,B,0.5,C,2.0,Fraco,62.76,60.81,62.31,61.73,7662995.8,False,0.0,False,0.0,False,0.0,False,0.0,False,0.0,True,False,1.01,63.93,False,False,False,False,False,False,False,16.176,19.98726,3.7408354,658
T1TW34,T1TW34,BDR,TTWO (BDR: T1TW34),7.0,B,0.5,C,2.0,Fraco,247.43,234.03,223.95,229.84,542660490.78,False,0.0,False,0.0,False,0.0,False,0.0,False,0.0,False,False,1.29,265.94,False,False,False,False,False,False,False,-10.5579995,999.0,13.065955,659
N1IS34,N1IS34,BDR,NI (BDR: N1IS34),7.0,B,0.5,C,2.0,Fraco,45.07,46.75,45.83,44.89,198941502.57,False,0.0,False,0.0,False,0.0,False,0.0,False,0.0,False,False,0.97,48.06,False,False,False,False,False,False,False,9.1120005,22.422886,2.2369466,660
LMTB34,LMTB34,BDR,LMT (BDR: LMTB34),7.0,B,0.5,C,3.0,OK,574.11,527.01,564.86,539.96,731584909.67,False,0.0,False,0.0,False,0.0,False,0.0,False,0.0,True,False,0.88,593.77,False,False,False,False,False,False,False,89.165,21.19269,15.059807,661
KLBN3,KLABIN S.A.,BR_STOCK,KLBN3,7.0,B,0.5,C,1.0,Fraco,3.68,3.44,3.67,3.61,2280496.04,False,0.0,False,0.0,False,0.0,False,0.0,False,0.0,True,False,1.09,3.68,False,False,False,False,False,False,False,5.465,46.0,0.4997963,662
S1LG34,S1LG34,BDR,SLG (BDR: S1LG34),7.0,B,2.0,C,1.0,Fraco,53.61,49.06,43.66,44.42,28419572.69,False,0.0,False,0.0,False,0.0,False,0.0,False,0.0,True,False,0.4,55.64,False,False,False,False,False,True,False,-3.573,999.0,1.1504292,663
A1EP34,A1EP34,BDR,AEP (BDR: A1EP34),7.0,B,0.5,C,3.0,OK,127.78,131.65,127.92,125.1,702679591.37,False,0.0,False,0.0,False,0.0,False,0.0,False,0.0,False,False,1.56,140.58,False,False,False,False,False,False,False,12.584999999999999,18.93037,2.185282,664
D1TE34,D1TE34,BDR,DTE (BDR: D1TE34),7.0,B,0.5,C,1.0,Fraco,141.7,146.79,142.23,139.83,110472009.92,False,0.0,False,0.0,False,0.0,False,0.0,False,0.0,False,False,0.58,155.75,False,False,False,False,False,False,False,11.03,22.456419,2.4270349,665
A1LG34,A1LG34,BDR,ALGN (BDR: A1LG34),7.0,B,0.5,C,3.0,OK,173.41,173.47,174.11,166.51,259100730.38,False,0.0,False,0.0,False,0.0,False,0.0,True,1.0,False,False,1.54,190.97,False,False,False,False,False,False,False,10.824,30.105902,2.9929755,666
NETE34,NETE34,BDR,NTES (BDR: NETE34),7.0,B,2.0,C,5.0,Forte,131.9,124.48,121.8,125.93,116249223.18,False,0.0,False,0.0,False,0.0,False,0.0,False,0.0,True,False,1.02,136.66,False,False,False,False,False,True,False,22.128001,16.86637,17.340225,667
A1JG34,A1JG34,BDR,AJG (BDR: A1JG34),7.0,B,2.0,C,3.0,OK,256.46,229.43,226.74,234.13,481517995.72,False,0.0,False,0.0,False,0.0,False,0.0,False,0.0,True,False,1.47,269.8,False,False,False,False,False,True,False,7.007,41.498383,2.7711625,668
P1VH34,P1VH34,BDR,PVH (BDR: P1VH34),7.0,B,0.5,C,2.0,Fraco,87.01,81.38,75.9,76.57,64300043.54,False,0.0,False,0.0,False,0.0,False,0.0,False,0.0,True,False,0.91,89.17,False,False,False,False,False,False,False,3.3239998,26.366667,0.8190796,669
N1WS34,N1WS34,BDR,NWS (BDR: N1WS34),7.0,B,2.0,C,2.0,Fraco,31.8,30.27,29.26,29.32,30404806.07,False,0.0,False,0.0,False,0.0,False,0.0,False,0.0,True,False,0.98,33.04,False,False,False,False,False,True,False,6.524000000000001,40.253162,2.0383308,670
CXRI11,CXRI11,ETF,CXRI11,7.0,B,0.5,C,0.0,Fraco,63.12,64.02,63.67,62.9,72903.6,False,0.0,False,0.0,False,0.0,False,0.0,False,0.0,True,False,6.61,66.29,False,False,False,False,False,False,False,0.0,999.0,999.0,671
L1WH34,L1WH34,BDR,LW (BDR: L1WH34),7.0,B,2.0,C,2.0,Fraco,53.55,45.48,44.09,47.83,78637959.68,False,0.0,False,0.0,False,0.0,False,0.0,False,0.0,True,False,0.54,55.69,False,False,False,False,False,True,False,16.280001,25.745193,4.0335946,672
M1SI34,M1SI34,BDR,MSI (BDR: M1SI34),7.0,B,0.5,C,2.0,Fraco,430.82,410.67,421.39,414.17,278735374.9,False,0.0,False,0.0,False,0.0,False,0.0,False,0.0,True,False,0.7,442.22,False,False,False,False,False,False,False,99.289,34.6876,28.145292,673
GRUL11,GRUL11,ETF,GRUL11,7.0,B,0.5,C,1.0,Fraco,8.36,8.34,8.42,8.23,698937.77,False,0.0,False,0.0,False,0.0,False,0.0,False,0.0,False,False,1.95,8.98,False,False,False,False,False,False,False,0.0,7.269565,999.0,674
TMOS34,TMOS34,BDR,TMO (BDR: TMOS34),7.0,B,2.0,C,3.0,OK,576.77,502.11,517.18,529.64,1015690850.85,False,0.0,False,0.0,False,0.0,False,0.0,False,0.0,True,False,0.65,588.56,False,False,False,False,False,True,False,13.514999999999999,31.075972,4.127156,675
JBSS32,JBS N.V.,BDR,JBS (BDR: JBSS32),7.0,B,0.5,C,3.0,OK,14.29,12.36,13.91,13.6,69100423.73,False,0.0,False,0.0,False,0.0,False,0.0,False,0.0,True,False,0.89,14.27,False,False,False,False,False,False,False,22.102,8.820988,1.8587408,676
LVOL11,LVOL11,ETF,LVOL11,7.0,B,0.5,C,1.0,Fraco,137.69,136.86,139.01,134.5,144987.57,False,0.0,False,0.0,False,0.0,False,0.0,False,0.0,True,False,0.21,143.19,False,False,False,False,False,False,False,0.0,11.375355,999.0,677
CEBR6,CIA ENERGETICA DE BRASILIA,BR_STOCK,CEBR6,6.62,B,0.5,C,3.0,OK,27.71,28.12,28.63,27.42,113611.0,False,0.0,False,0.0,False,0.0,False,0.0,True,0.85,False,False,0.95,31.0,False,False,False,False,False,False,False,16.638,12.481981,2.1120427,678
UTLL11,UTLL11,ETF,UTLL11,6.62,B,0.5,C,0.0,Fraco,122.18,122.41,124.44,120.27,265863.68,False,0.0,False,0.0,False,0.0,False,0.0,True,0.85,False,False,0.13,130.64,False,False,False,False,False,False,False,0.0,999.0,999.0,679
IFRA11,IFRA11,ETF,IFRA11,6.5,B,0.5,C,0.0,Fraco,92.36,93.43,95.31,93.48,1762782.97,False,0.0,False,0.0,False,0.0,False,0.0,False,0.0,True,False,0.9,93.73,False,False,False,False,False,False,False,0.0,999.0,999.0,680
BHVN34,BHVN34,BDR,BHVN (BDR: BHVN34),6.5,B,0.5,C,0.0,Fraco,13.82,13.27,11.45,11.59,13227950.91,False,0.0,False,0.0,False,0.0,False,0.0,False,0.0,False,False,0.46,17.28,False,False,False,False,False,False,False,-333.0,999.0,16.069767,681
K1LA34,K1LA34,BDR,KLAC (BDR: K1LA34),6.5,B,0.5,C,4.0,Forte,180.33,221.07,176.78,161.9,3129846463.06,False,0.0,False,0.0,False,0.0,False,0.0,False,0.0,False,False,1.36,290.84,False,False,False,False,False,False,False,87.496,51.230114,40.42367,682
J2BL34,J2BL34,BDR,JBL (BDR: J2BL34),6.5,B,0.5,C,3.0,OK,308.52,348.17,299.33,277.51,383368480.95,False,0.0,False,0.0,False,0.0,False,0.0,False,0.0,False,False,1.14,379.19,False,False,False,False,False,False,False,65.876,38.66165,24.444971,683
CASH3,MÉLIUZ S.A.,BR_STOCK,CASH3,6.5,B,0.5,C,2.0,Fraco,4.45,4.23,3.99,4.05,2912969.88,False,0.0,False,0.0,False,0.0,False,0.0,False,0.0,False,False,0.27,4.95,False,False,False,False,False,False,False,-17.454,999.0,1.1152881,684
DOLX11,DOLX11,ETF,DOLX11,6.5,B,0.5,C,0.0,Fraco,46.88,47.5,,,287374.41,False,0.0,False,0.0,False,0.0,False,0.0,False,0.0,True,False,0.41,48.29,False,False,False,False,False,False,False,0.0,999.0,999.0,685
XB6011,XB6011,ETF,XB6011,6.5,B,0.5,C,0.0,Fraco,49.72,50.47,,,277189.01,False,0.0,False,0.0,False,0.0,False,0.0,False,0.0,True,False,6.31,51.06,False,False,False,False,False,False,False,0.0,999.0,999.0,686
C1MI34,C1MI34,BDR,CMI (BDR: C1MI34),6.5,B,0.5,C,3.0,OK,632.98,669.12,613.57,576.06,558317459.85,False,0.0,False,0.0,False,0.0,False,0.0,False,0.0,False,False,0.93,701.39,False,False,False,False,False,False,False,21.993999,32.84795,7.0718484,687
JMBI11,JMBI11,ETF,JMBI11,6.5,B,0.5,C,0.0,Fraco,84.28,84.74,,,1148062.14,False,0.0,False,0.0,False,0.0,False,0.0,False,0.0,True,False,1.22,87.0,False,False,False,False,False,False,False,0.0,999.0,999.0,688
M2PR34,M2PR34,BDR,MPWR (BDR: M2PR34),6.5,B,0.5,C,4.0,Forte,1316.18,1445.29,1285.87,1205.36,2226725260.49,False,0.0,False,0.0,False,0.0,False,0.0,False,0.0,False,False,1.9,1419.92,False,False,False,False,False,False,False,19.573999999999998,94.08006,17.583767,689
S1RE34,S1RE34,BDR,SRE (BDR: S1RE34),6.5,B,0.5,C,2.0,Fraco,89.58,91.49,91.37,90.89,331064843.87,False,0.0,False,0.0,False,0.0,False,0.0,True,0.8,False,False,1.44,96.02,False,False,False,False,False,False,False,5.689,30.469387,1.8153815,690
O2NS34,O2NS34,BDR,ON (BDR: O2NS34),6.5,B,0.5,C,2.0,Fraco,83.74,105.63,82.72,74.86,854049918.67,False,0.0,False,0.0,False,0.0,False,0.0,False,0.0,False,False,1.17,102.64,False,False,False,False,False,False,False,7.4939995999999995,61.57353,4.494177,691
TD3511,TD3511,ETF,TD3511,6.5,B,2.0,C,0.0,Fraco,50.73,50.81,,,403455.69,False,0.0,False,0.0,False,0.0,False,0.0,False,0.0,True,False,0.45,51.25,False,False,False,False,False,True,False,0.0,999.0,999.0,692
GARE11,GARE11,ETF,GARE11,6.5,B,2.0,C,0.0,Fraco,8.19,8.12,8.18,8.23,7443259.99,False,0.0,False,0.0,False,0.0,False,0.0,False,0.0,True,False,0.85,8.19,False,False,False,False,False,True,False,0.0,999.0,999.0,693
G2EV34,G2EV34,BDR,GEV (BDR: G2EV34),6.5,B,0.5,C,4.0,Forte,981.98,1025.06,911.62,834.09,2717593262.69,False,0.0,False,0.0,False,0.0,False,0.0,False,0.0,False,False,0.81,1195.94,False,False,False,False,False,False,False,82.577,28.18542,21.872814,694
N1OV34,N1OV34,BDR,NOV (BDR: N1OV34),6.5,B,0.5,C,2.0,Fraco,19.3,19.69,19.04,17.96,48933951.47,False,0.0,False,0.0,False,0.0,False,0.0,False,0.0,False,False,0.62,21.2,False,False,False,False,False,False,False,1.545,77.2,1.1192948,695
A1DI34,A1DI34,BDR,ADI (BDR: A1DI34),6.5,B,0.5,C,3.0,OK,366.67,398.33,356.27,329.31,2212269425.7,False,0.0,False,0.0,False,0.0,False,0.0,False,0.0,False,False,1.44,400.69,False,False,False,False,False,False,False,9.639000000000001,54.645306,5.2931156,696
K1SG34,K1SG34,BDR,KEYS (BDR: K1SG34),6.5,B,0.5,C,4.0,Forte,312.69,333.72,295.59,268.07,324582228.61,False,0.0,False,0.0,False,0.0,False,0.0,False,0.0,False,False,0.83,345.2,False,False,False,False,False,False,False,18.174,50.433872,8.433758,697
W1MB34,W1MB34,BDR,WMB (BDR: W1MB34),6.5,B,0.5,C,3.0,OK,70.91,73.61,70.7,67.71,360523122.47,False,0.0,False,0.0,False,0.0,False,0.0,False,0.0,False,False,0.77,76.48,False,False,False,False,False,False,False,19.656000000000002,31.10088,6.784348,698
XB4511,XB4511,ETF,XB4511,6.5,B,0.5,C,0.0,Fraco,49.89,50.22,,,274395.0,False,0.0,False,0.0,False,0.0,False,0.0,False,0.0,True,False,4.83,50.82,False,False,False,False,False,False,False,0.0,999.0,999.0,699
SHPP11,SHPP11,ETF,SHPP11,6.5,B,0.5,C,0.0,Fraco,10.59,10.94,10.43,10.39,65479474.72,False,0.0,False,0.0,False,0.0,False,0.0,False,0.0,False,False,9.97,15.0,False,False,False,False,False,False,False,0.0,999.0,999.0,700
NUIF11,NUIF11,ETF,NUIF11,6.5,B,0.5,C,0.0,Fraco,85.5,86.29,,,139450.5,False,0.0,False,0.0,False,0.0,False,0.0,False,0.0,True,False,1.65,87.93,False,False,False,False,False,False,False,0.0,999.0,999.0,701
HGBS11,HGBS11,ETF,HGBS11,6.5,B,0.5,C,3.0,OK,19.14,19.37,19.5,19.3,3367472.35,False,0.0,False,0.0,False,0.0,False,0.0,False,0.0,True,False,0.79,19.45,False,False,False,False,False,False,False,5.2449997999999995,17.4,0.9224096,702
SNAG11,SNAG11,ETF,SNAG11,6.5,B,0.5,C,0.0,Fraco,9.84,9.93,10.12,9.82,1249660.34,False,0.0,False,0.0,False,0.0,False,0.0,False,0.0,True,False,0.78,9.99,False,False,False,False,False,False,False,0.0,999.0,999.0,703
CDIB11,CDIB11,ETF,CDIB11,6.5,B,0.5,C,0.0,Fraco,50.95,,,,2776876.94,False,0.0,False,0.0,False,0.0,False,0.0,False,0.0,True,False,0.71,51.76,False,False,False,False,False,False,False,0.0,999.0,999.0,704
CDII11,CDII11,ETF,CDII11,6.5,B,0.5,C,0.0,Fraco,98.98,100.03,100.38,99.84,6556732.36,False,0.0,False,0.0,False,0.0,False,0.0,False,0.0,True,False,0.91,101.97,False,False,False,False,False,False,False,0.0,999.0,999.0,705
DTCR39,GLOBAL X DATA CENTER & DIGITAL INFRASTRUCTURE ETF,BDR,DTCR (BDR: DTCR39),6.5,B,0.5,C,1.0,Fraco,27.69,29.86,26.86,25.43,42951150.5,False,0.0,False,0.0,False,0.0,False,0.0,False,0.0,False,False,1.98,30.0,False,False,False,False,False,False,False,0.0,19.211021,999.0,706
TEPP11,TEPP11,ETF,TEPP11,6.5,B,0.5,C,1.0,Fraco,7.9,8.0,8.24,8.05,945977.61,False,0.0,False,0.0,False,0.0,False,0.0,False,0.0,True,False,0.94,8.02,False,False,False,False,False,False,False,0.0,2.5483873,999.0,707
ABTC11,ABTC11,ETF,ABTC11,6.5,B,0.5,C,0.0,Fraco,99.88,,,,185776.79,False,0.0,False,0.0,False,0.0,False,0.0,False,0.0,True,False,0.21,104.0,False,False,False,False,False,False,False,0.0,999.0,999.0,708
TD5011,TD5011,ETF,TD5011,6.5,B,0.5,C,0.0,Fraco,49.42,50.22,,,152460.69,False,0.0,False,0.0,False,0.0,False,0.0,False,0.0,True,False,4.4,50.68,False,False,False,False,False,False,False,0.0,999.0,999.0,709
ITLC34,ITLC34,BDR,INTC (BDR: ITLC34),6.5,B,0.5,C,2.0,Fraco,91.13,113.22,76.35,66.77,12174754024.34,False,0.0,False,0.0,False,0.0,False,0.0,False,0.0,False,False,1.05,135.74,False,False,False,False,False,False,False,-10.715,999.0,4.109212,710
E1TN34,E1TN34,BDR,ETN (BDR: E1TN34),6.5,B,0.5,C,2.0,Fraco,386.89,402.57,379.43,372.73,1127903167.93,False,0.0,False,0.0,False,0.0,False,0.0,False,0.0,False,False,1.2,423.45,False,False,False,False,False,False,False,20.844999,37.89324,7.617745,711
LVBI11,LVBI11,ETF,LVBI11,6.5,B,0.5,C,0.0,Fraco,102.71,103.91,105.64,104.77,2332544.08,False,0.0,False,0.0,False,0.0,False,0.0,False,0.0,True,False,0.81,105.42,False,False,False,False,False,False,False,0.0,999.0,999.0,712
RZTR11,RZTR11,ETF,RZTR11,6.5,B,0.5,C,1.0,Fraco,87.7,87.7,89.83,88.82,2306246.82,False,0.0,False,0.0,False,0.0,False,0.0,False,0.0,True,False,0.9,88.65,False,False,False,False,False,False,False,0.0,9.470841,999.0,713
XPSF11,XPSF11,ETF,XPSF11,6.5,B,0.5,C,1.0,Fraco,6.15,6.23,6.35,6.2,144149.85,False,0.0,False,0.0,False,0.0,False,0.0,False,0.0,True,False,0.6,6.33,False,False,False,False,False,False,False,0.0,3.8198757,999.0,714
TD6011,TD6011,ETF,TD6011,6.5,B,0.5,C,0.0,Fraco,49.67,50.5,,,90101.38,False,0.0,False,0.0,False,0.0,False,0.0,False,0.0,True,False,0.5,50.98,False,False,False,False,False,False,False,0.0,999.0,999.0,715
OROF11,OROF11,ETF,OROF11,6.5,B,2.0,C,0.0,Fraco,94.23,,,,54653.4,False,0.0,False,0.0,False,0.0,False,0.0,False,0.0,True,False,341.18,97.35,False,False,False,False,False,True,False,0.0,999.0,999.0,716
B1AX34,B1AX34,BDR,BAX (BDR: B1AX34),6.5,B,0.5,C,1.0,Fraco,26.75,21.08,19.52,19.54,563480297.0,False,0.0,False,0.0,False,0.0,False,0.0,False,0.0,False,True,3.61,24.93,False,False,False,False,False,False,False,-15.010999,999.0,2.2861292,717
BDIF11,BDIF11,ETF,BDIF11,6.5,B,0.5,C,0.0,Fraco,69.51,71.14,71.26,69.72,2159884.3,False,0.0,False,0.0,False,0.0,False,0.0,False,0.0,True,False,1.3,72.6,False,False,False,False,False,False,False,0.0,999.0,999.0,718
BOEI34,BOEI34,BDR,BA (BDR: BOEI34),6.12,C,0.5,C,2.0,Fraco,220.9,218.88,223.73,218.37,902113162.27,False,0.0,False,0.0,False,0.0,False,0.0,True,0.65,False,False,0.62,237.48,False,False,False,False,False,False,False,173.537,79.460434,28.628822,719
S1YK34,S1YK34,BDR,SYK (BDR: S1YK34),6.0,C,2.0,C,4.0,Forte,348.04,316.57,334.94,341.74,845943260.45,False,0.0,False,0.0,False,0.0,False,0.0,False,0.0,True,False,1.13,352.49,False,False,False,False,False,True,False,15.2,40.329086,5.8063765,720
C1MG34,C1MG34,BDR,CMG (BDR: C1MG34),6.0,C,2.0,C,2.0,Fraco,38.52,32.72,34.84,34.95,1359274439.11,False,0.0,False,0.0,False,0.0,False,0.0,False,0.0,True,True,2.13,37.09,False,False,False,False,False,True,False,49.231997,35.666664,20.587921,721
KLBN4,KLABIN S.A.,BR_STOCK,KLBN4,6.0,C,0.5,C,1.0,Fraco,3.6,3.43,3.66,3.6,11173319.7,False,0.0,False,0.0,False,0.0,False,0.0,False,0.0,True,False,1.03,3.66,False,False,False,False,False,False,False,5.465,45.0,0.48893115,722
AUVP11,AUVP11,ETF,AUVP11,6.0,C,0.5,C,1.0,Fraco,123.5,119.36,123.82,120.07,831402.0,False,0.0,False,0.0,False,0.0,False,0.0,False,0.0,True,False,1.06,125.12,False,False,False,False,False,False,False,0.0,8.619456,999.0,723
HGRE11,HGRE11,ETF,HGRE11,6.0,C,0.5,C,1.0,Fraco,118.52,123.83,122.52,119.76,2214901.7,False,0.0,False,0.0,False,0.0,False,0.0,False,0.0,False,False,0.91,127.1,False,False,False,False,False,False,False,2.2640000000000002,18.461058,0.7183683,724
TSNF34,TSNF34,BDR,TSN (BDR: TSNF34),6.0,C,0.5,C,3.0,OK,60.65,58.9,61.12,59.22,104973871.74,False,0.0,False,0.0,False,0.0,False,0.0,False,0.0,True,False,0.57,63.03,False,False,False,False,False,False,False,2.619,47.75591,1.180053,725
WEGE3,WEG S.A.,BR_STOCK,WEGE3,6.0,C,0.5,C,0.0,Fraco,46.82,44.57,46.99,45.76,356169101.68,False,0.0,False,0.0,False,0.0,False,0.0,False,0.0,True,False,0.68,48.49,False,False,False,False,False,False,False,0.0,0.0,0.0,726
AUAU3,UNIÃO PET PARTICIPAÇÕES S.A.,BR_STOCK,AUAU3,6.0,C,0.5,C,2.0,Fraco,3.39,3.22,3.28,3.28,7337655.23,False,0.0,False,0.0,False,0.0,False,0.0,False,0.0,True,False,0.79,3.38,False,False,False,False,False,False,False,6.5120004,999.0,0.9403606,727
C1TA34,C1TA34,BDR,CTAS (BDR: C1TA34),6.0,C,0.5,C,4.0,Forte,206.79,182.29,183.86,184.24,649842516.86,False,0.0,False,0.0,False,0.0,False,0.0,False,0.0,False,False,1.13,219.17,False,False,False,False,False,False,False,40.714002,42.030487,16.098871,728
WFCO34,WFCO34,BDR,WFC (BDR: WFCO34),6.0,C,2.0,C,3.0,OK,85.43,83.2,83.66,84.21,895017820.66,False,0.0,False,0.0,False,0.0,False,0.0,False,0.0,True,False,0.65,89.79,False,False,False,False,False,True,False,12.575,12.417151,1.6060082,729
CPFE3,CPFL ENERGIA S.A.,BR_STOCK,CPFE3,6.0,C,0.5,C,4.0,Forte,46.09,44.8,46.4,45.22,34585936.11,False,0.0,False,0.0,False,0.0,False,0.0,False,0.0,True,False,0.61,47.88,False,False,False,False,False,False,False,24.762999999999998,9.218,2.1857069,730
FIND11,FIND11,ETF,FIND11,6.0,C,0.5,C,1.0,Fraco,181.25,174.68,181.87,176.63,13819406.25,False,0.0,False,0.0,False,0.0,False,0.0,False,0.0,True,False,8.04,184.99,False,False,False,False,False,False,False,0.0,10.265809,999.0,731
A1TH34,A1TH34,BDR,ATHM (BDR: A1TH34),6.0,C,2.0,C,2.0,Fraco,22.87,18.69,19.08,20.28,17791053.92,False,0.0,False,0.0,False,0.0,False,0.0,False,0.0,True,False,0.92,23.38,False,False,False,False,False,True,False,4.35,16.693432,0.7824129,732
UNIP3,UNIPAR CARBOCLORO S.A.,BR_STOCK,UNIP3,6.0,C,0.5,C,2.0,Fraco,58.85,58.54,59.91,58.31,117700.0,False,0.0,False,0.0,False,0.0,False,0.0,False,0.0,True,False,0.51,60.0,False,False,False,False,False,False,False,16.176,18.742037,3.5077784,733
REME11,REME11,ETF,REME11,6.0,C,0.5,C,0.0,Fraco,77.38,75.85,,,169462.19,False,0.0,False,0.0,False,0.0,False,0.0,False,0.0,True,False,0.88,78.5,False,False,False,False,False,False,False,0.0,999.0,999.0,734
SMRE11,SMRE11,ETF,SMRE11,6.0,C,0.5,C,1.0,Fraco,59.8,54.13,58.33,59.76,166004.8,False,0.0,False,0.0,False,0.0,False,0.0,False,0.0,True,False,0.97,62.58,False,False,False,False,False,False,False,0.0,5.320285,999.0,735
VIGT11,VIGT11,ETF,VIGT11,6.0,C,0.5,C,0.0,Fraco,50.88,49.97,,,1030676.18,False,0.0,False,0.0,False,0.0,False,0.0,False,0.0,False,False,2.86,53.99,False,False,False,False,False,False,False,0.0,999.0,999.0,736
GAME11,GAME11,ETF,GAME11,6.0,C,0.5,C,1.0,Fraco,8.23,8.56,8.56,8.37,247081.05,False,0.0,False,0.0,False,0.0,False,0.0,False,0.0,False,False,0.97,8.81,False,False,False,False,False,False,False,0.0,5.7957745,999.0,737
E1MN34,E1MN34,BDR,EMN (BDR: E1MN34),6.0,C,0.5,C,1.0,Fraco,70.07,70.44,70.69,67.82,158134185.52,False,0.0,False,0.0,False,0.0,False,0.0,False,0.0,True,False,1.78,70.49,False,False,False,False,False,False,False,6.633,20.251444,1.3328134,738
M1KT34,M1KT34,BDR,MKTX (BDR: M1KT34),6.0,C,0.5,C,5.0,Forte,162.76,120.81,153.21,156.67,1532029392.17,False,0.0,False,0.0,False,0.0,False,0.0,False,0.0,True,True,20.64,126.16,False,False,False,False,False,False,False,24.298000000000002,19.28436,4.859668,739
HGRU11,HGRU11,ETF,HGRU11,6.0,C,0.5,C,0.0,Fraco,123.38,127.66,125.61,124.08,8783298.62,False,0.0,False,0.0,False,0.0,False,0.0,False,0.0,False,False,1.56,130.44,False,False,False,False,False,False,False,0.0,12338.0,999.0,740
ULEV34,ULEV34,BDR,UL (BDR: ULEV34),6.0,C,2.0,C,1.0,Fraco,65.27,59.72,61.95,63.01,497959620.68,False,0.0,False,0.0,False,0.0,False,0.0,False,0.0,True,False,1.43,67.45,False,False,False,False,False,True,False,31.868999999999996,22.200678,8.044455,741
Z1BH34,Z1BH34,BDR,ZBH (BDR: Z1BH34),6.0,C,2.0,C,3.0,OK,94.96,88.44,89.57,90.69,151397195.5,False,0.0,False,0.0,False,0.0,False,0.0,False,0.0,True,False,0.71,97.6,False,False,False,False,False,True,False,6.0650002,24.601036,1.4491293,742
T2ND34,T2ND34,BDR,TNDM (BDR: T2ND34),6.0,C,0.5,C,1.0,Fraco,19.01,16.41,19.27,18.98,38027186.24,False,0.0,False,0.0,False,0.0,False,0.0,False,0.0,True,False,1.18,18.75,False,False,False,False,False,False,False,-65.726995,999.0,9.834455,743
HGBL11,HGBL11,ETF,HGBL11,6.0,C,0.5,C,1.0,Fraco,8.8,8.93,8.93,8.79,218416.0,False,0.0,False,0.0,False,0.0,False,0.0,False,0.0,False,False,1.43,9.58,False,False,False,False,False,False,False,0.0,10.3529415,999.0,744
MSFT34,MSFT34,BDR,MSFT (BDR: MSFT34),6.0,C,2.0,C,4.0,Forte,451.1,398.42,410.98,432.49,49324303175.37,False,0.0,False,0.0,False,0.0,False,0.0,False,0.0,True,True,3.46,405.99,False,False,False,False,False,True,False,34.013999,27.044365,8.087563,745
HOND34,HOND34,BDR,HMC (BDR: HOND34),6.0,C,2.0,C,1.0,Fraco,30.72,27.41,27.49,28.19,33406186.77,False,0.0,False,0.0,False,0.0,False,0.0,False,0.0,True,False,0.95,31.06,False,False,False,False,False,True,False,-2.8499998,999.0,0.5524013,746
VPPR11,VPPR11,ETF,VPPR11,6.0,C,0.5,C,0.0,Fraco,19.95,20.31,20.35,19.02,146472.91,False,0.0,False,0.0,False,0.0,False,0.0,False,0.0,True,False,1.79,21.0,False,False,False,False,False,False,False,0.0,999.0,999.0,747
DEOP34,DEOP34,BDR,DEO (BDR: DEOP34),6.0,C,2.0,C,2.0,Fraco,89.06,82.59,83.54,85.44,95832208.83,False,0.0,False,0.0,False,0.0,False,0.0,False,0.0,True,False,1.05,89.67,False,False,False,False,False,True,False,19.716998999999998,20.61574,76.86744,748
M1HK34,M1HK34,BDR,MHK (BDR: M1HK34),6.0,C,2.0,C,4.0,Forte,119.56,110.08,111.01,111.74,260328025.72,False,0.0,False,0.0,False,0.0,False,0.0,False,0.0,True,False,3.24,122.82,False,False,False,False,False,True,False,5.1030003,17.898203,0.87219137,749
EVTC31,EVERTEC INC,BDR,EVTC (BDR: EVTC31),6.0,C,2.0,C,3.0,OK,31.6,27.06,27.83,28.18,11374230.54,False,0.0,False,0.0,False,0.0,False,0.0,False,0.0,True,False,1.0,32.04,False,False,False,False,False,True,False,20.166,15.192308,2.9137852,750
CRAA11,CRAA11,ETF,CRAA11,6.0,C,0.5,C,0.0,Fraco,91.06,95.76,95.51,93.13,424703.83,False,0.0,False,0.0,False,0.0,False,0.0,False,0.0,False,False,0.67,97.7,False,False,False,False,False,False,False,0.0,999.0,999.0,751
PYPL34,PYPL34,BDR,PYPL (BDR: PYPL34),6.0,C,2.0,C,4.0,Forte,57.65,46.75,47.91,51.94,656277759.22,False,0.0,False,0.0,False,0.0,False,0.0,False,0.0,True,False,0.61,59.47,False,False,False,False,False,True,False,24.497,10.897921,2.5681577,752
BKNG34,BKNG34,BDR,BKNG (BDR: BKNG34),6.0,C,0.5,C,2.0,Fraco,193.24,174.06,179.05,184.85,1226551513.91,False,0.0,False,0.0,False,0.0,False,0.0,True,1.0,False,False,1.09,204.61,False,False,False,False,False,False,False,0.0,25.459816,-17.27671,753
ABCB4,BCO ABC BRASIL S.A.,BR_STOCK,ABCB4,6.0,C,0.5,C,3.0,OK,24.09,23.57,24.15,23.34,6475392.04,False,0.0,False,0.0,False,0.0,False,0.0,False,0.0,True,False,0.72,25.05,False,False,False,False,False,False,False,15.0,4.452865,0.8156701,754
E1XC34,E1XC34,BDR,EXC (BDR: E1XC34),6.0,C,0.5,C,2.0,Fraco,45.58,46.13,45.9,45.64,637753425.68,False,0.0,False,0.0,False,0.0,False,0.0,False,0.0,False,False,1.65,48.54,False,False,False,False,False,False,False,9.764000000000001,16.69597,1.5909251,755
PFIZ34,PFIZ34,BDR,PFE (BDR: PFIZ34),6.0,C,0.5,C,3.0,OK,24.91,24.71,25.33,24.92,924471995.69,False,0.0,False,0.0,False,0.0,False,0.0,False,0.0,True,False,0.99,25.5,False,False,False,False,False,False,False,8.3100006,19.015268,1.575585,756
N1VO34,N1VO34,BDR,NVO (BDR: N1VO34),6.0,C,2.0,C,5.0,Forte,51.61,46.78,45.32,46.0,545135637.62,False,0.0,False,0.0,False,0.0,False,0.0,False,0.0,True,False,1.25,52.12,False,False,False,False,False,True,False,71.402,12.376499,7.413799,757
U2ST34,U2ST34,BDR,U (BDR: U2ST34),6.0,C,2.0,C,2.0,Fraco,33.34,28.98,28.32,31.43,247538098.85,False,0.0,False,0.0,False,0.0,False,0.0,False,0.0,True,False,1.06,33.05,False,False,False,False,False,True,False,-20.111999,999.0,4.8892803,758
I1CE34,I1CE34,BDR,ICE (BDR: I1CE34),6.0,C,0.5,C,3.0,OK,156.27,140.09,153.94,153.89,1052074833.35,False,0.0,False,0.0,False,0.0,False,0.0,False,0.0,True,True,1.75,155.3,False,False,False,False,False,False,False,13.852999999999998,22.746725,3.0005183,759
PAGS34,PAGS34,BDR,PAGS (BDR: PAGS34),6.0,C,0.5,C,4.0,Forte,9.84,9.1,9.79,9.69,21886295.62,False,0.0,False,0.0,False,0.0,False,0.0,False,0.0,True,False,0.78,9.77,False,False,False,False,False,False,False,14.518,6.8811193,0.9665855,760
KLBN11,KLABIN S.A.,BR_STOCK,KLBN11,6.0,C,0.5,C,1.0,Fraco,18.05,17.13,18.29,17.96,125005269.72,False,0.0,False,0.0,False,0.0,False,0.0,False,0.0,True,False,1.81,18.31,False,False,False,False,False,False,False,5.465,27.307108,2.4514463,761
BBDC3,BCO BRADESCO S.A.,BR_STOCK,BBDC3,6.0,C,0.5,C,2.0,Fraco,15.99,15.48,16.06,15.74,111148087.41,False,0.0,False,0.0,False,0.0,False,0.0,False,0.0,True,False,1.33,16.74,False,False,False,False,False,False,False,13.366,7.614286,0.94025636,762
BBDC4,BCO BRADESCO S.A.,BR_STOCK,BBDC4,6.0,C,0.5,C,0.0,Fraco,18.39,17.78,18.57,18.27,879696654.8,False,0.0,False,0.0,False,0.0,False,0.0,False,0.0,True,False,2.04,19.16,False,False,False,False,False,False,False,0.0,0.0,0.0,763
IGTI3,IGUATEMI S.A.,BR_STOCK,IGTI3,5.62,C,0.5,C,5.0,Forte,3.15,3.37,3.26,3.17,148050.0,False,0.0,False,0.0,False,0.0,False,0.0,True,0.85,False,False,0.71,3.53,False,False,False,False,False,False,False,15.360999999999999,5.431035,0.19137304,764
ISAE4,ISA ENERGIA BRASIL S.A,BR_STOCK,ISAE4,5.62,C,0.5,C,3.0,OK,26.76,27.81,28.05,27.23,53089164.45,False,0.0,False,0.0,False,0.0,False,0.0,True,0.85,False,False,0.44,30.29,False,False,False,False,False,False,False,11.273,7.5168543,0.8229035,765
P1YC34,P1YC34,BDR,PAYC (BDR: P1YC34),5.5,C,0.5,C,5.0,Forte,161.52,138.68,134.79,144.62,162183851.49,False,0.0,False,0.0,False,0.0,False,0.0,False,0.0,False,False,1.32,172.54,False,False,False,False,False,False,False,37.147000000000006,18.716106,9.060414,766
V2RN34,V2RN34,BDR,VRNS (BDR: V2RN34),5.5,C,0.5,C,1.0,Fraco,39.93,38.7,30.79,33.11,97588441.59,False,0.0,False,0.0,False,0.0,False,0.0,False,0.0,False,False,1.15,49.54,False,False,False,False,False,False,False,-35.974996999999995,999.0,7.840173,767
N1XP34,N1XP34,BDR,NXPI (BDR: N1XP34),5.5,C,0.5,C,4.0,Forte,245.16,291.75,249.91,239.81,1842756444.89,False,0.0,False,0.0,False,0.0,False,0.0,False,0.0,False,False,1.75,298.04,False,False,False,False,False,False,False,27.921000000000003,48.93413,5.667915,768
USIM5,USINAS SID DE MINAS GERAIS S.A.-USIMINAS,BR_STOCK,USIM5,5.5,C,0.5,C,0.0,Fraco,7.55,9.32,7.75,7.15,190546149.81,False,0.0,False,0.0,False,0.0,False,0.0,False,0.0,False,False,3.06,8.89,False,False,False,False,False,False,False,0.0,0.0,0.0,769
CPSH11,CPSH11,ETF,CPSH11,5.5,C,0.5,C,0.0,Fraco,9.72,9.83,10.06,9.91,1359915.52,False,0.0,False,0.0,False,0.0,False,0.0,False,0.0,True,False,0.69,9.97,False,False,False,False,False,False,False,0.0,999.0,999.0,770
A1LK34,A1LK34,BDR,ALK (BDR: A1LK34),5.5,C,0.5,C,1.0,Fraco,47.24,46.72,45.95,45.79,102952308.7,False,0.0,False,0.0,False,0.0,False,0.0,False,0.0,False,False,0.59,53.5,False,False,False,False,False,False,False,-4.598,999.0,1.4360845,771
RPRI11,RPRI11,ETF,RPRI11,5.5,C,0.5,C,1.0,Fraco,76.72,77.29,79.78,79.03,177299.92,False,0.0,False,0.0,False,0.0,False,0.0,False,0.0,True,False,0.22,78.52,False,False,False,False,False,False,False,0.0,5.878927,999.0,772
M1SC34,M1SC34,BDR,MSCI (BDR: M1SC34),5.5,C,0.5,C,2.0,Fraco,575.74,595.57,575.27,569.83,305294765.92,False,0.0,False,0.0,False,0.0,False,0.0,False,0.0,False,False,0.55,644.77,False,False,False,False,False,False,False,0.0,31.461203,-15.563065,773
G1SK34,G1SK34,BDR,GSK (BDR: G1SK34),5.5,C,0.5,C,3.0,OK,52.07,51.67,52.72,51.0,287972664.68,False,0.0,False,0.0,False,0.0,False,0.0,False,0.0,False,False,0.95,55.79,False,False,False,False,False,False,False,33.383,16.635782,4.400554,774
HGLG11,HGLG11,ETF,HGLG11,5.5,C,0.5,C,2.0,Fraco,147.42,149.96,151.4,151.07,14726668.14,False,0.0,False,0.0,False,0.0,False,0.0,False,0.0,True,False,0.94,150.65,False,False,False,False,False,False,False,12.235999999999999,9.622716,0.93162876,775
XRXB34,XRXB34,BDR,XRX (BDR: XRXB34),5.5,C,0.5,C,1.0,Fraco,3.49,2.98,2.29,2.42,98606840.68,False,0.0,False,0.0,False,0.0,False,0.0,False,0.0,False,True,13.81,3.21,False,False,False,False,False,False,False,-115.359,999.0,1.5266842,776
JSAF11,JSAF11,ETF,JSAF11,5.5,C,0.5,C,1.0,Fraco,7.13,7.28,7.44,7.27,1241304.5,False,0.0,False,0.0,False,0.0,False,0.0,False,0.0,True,False,0.92,7.5,False,False,False,False,False,False,False,0.0,3.772487,999.0,777
GOGL35,GOGL35,BDR,GOOG (BDR: GOGL35),5.5,C,0.5,C,5.0,Forte,333.68,357.21,336.49,324.65,5658601040.35,False,0.0,False,0.0,False,0.0,False,0.0,False,0.0,False,False,0.74,374.35,False,False,False,False,False,False,False,48.676,16.734201,6.556114,778
FATN11,FATN11,ETF,FATN11,5.5,C,0.5,C,1.0,Fraco,79.77,80.38,82.17,81.13,1819713.16,False,0.0,False,0.0,False,0.0,False,0.0,False,0.0,True,False,1.07,80.99,False,False,False,False,False,False,False,0.0,14.424953,999.0,779
FGAA11,FGAA11,ETF,FGAA11,5.5,C,0.5,C,0.0,Fraco,8.18,8.36,8.56,8.4,604019.4,False,0.0,False,0.0,False,0.0,False,0.0,False,0.0,True,False,0.9,8.41,False,False,False,False,False,False,False,0.0,999.0,999.0,780
D2TC34,D2TC34,BDR,DT (BDR: D2TC34),5.5,C,0.5,C,2.0,Fraco,44.1,42.57,39.56,41.32,192690004.13,False,0.0,False,0.0,False,0.0,False,0.0,False,0.0,False,False,1.08,46.62,False,False,False,False,False,False,False,6.2179998,81.666664,4.975742,781
RBRY11,RBRY11,ETF,RBRY11,5.5,C,0.5,C,0.0,Fraco,84.74,88.38,90.3,89.41,3628651.45,False,0.0,False,0.0,False,0.0,False,0.0,False,0.0,True,False,1.06,88.46,False,False,False,False,False,False,False,0.0,999.0,999.0,782
T1RI34,T1RI34,BDR,TRIP (BDR: T1RI34),5.5,C,0.5,C,0.0,Fraco,14.19,12.8,11.95,12.78,28406349.99,False,0.0,False,0.0,False,0.0,False,0.0,False,0.0,False,False,0.76,15.15,False,False,False,False,False,False,False,2.937,129.0,2.6459072,783
VILG11,VILG11,ETF,VILG11,5.5,C,0.5,C,1.0,Fraco,92.38,93.84,95.93,93.52,1034009.31,False,0.0,False,0.0,False,0.0,False,0.0,False,0.0,True,False,0.54,96.39,False,False,False,False,False,False,False,0.0,14.85209,999.0,784
ADPR34,ADPR34,BDR,ADP (BDR: ADPR34),5.5,C,0.5,C,4.0,Forte,263.87,233.98,224.85,233.09,706627486.98,False,0.0,False,0.0,False,0.0,False,0.0,False,0.0,False,False,1.0,280.59,False,False,False,False,False,False,False,71.208,24.14181,16.646898,785
V2TX34,V2TX34,BDR,VTEX (BDR: V2TX34),5.5,C,0.5,C,3.0,OK,4.37,3.88,3.72,3.81,5442437.19,False,0.0,False,0.0,False,0.0,False,0.0,False,0.0,False,False,1.33,4.6,False,False,False,False,False,False,False,9.696,33.615383,3.2038124,786
E2EF34,E2EF34,BDR,EEFT (BDR: E2EF34),5.5,C,0.5,C,3.0,OK,76.67,72.53,72.02,73.19,128207877.62,False,0.0,False,0.0,False,0.0,False,0.0,False,0.0,False,False,2.55,83.97,False,False,False,False,False,False,False,24.67,11.241935,2.4097939,787
SLBG34,SLBG34,BDR,SLB (BDR: SLBG34),5.5,C,0.5,C,2.0,Fraco,48.91,50.93,49.84,46.33,467787710.59,False,0.0,False,0.0,False,0.0,False,0.0,False,0.0,False,False,0.64,53.2,False,False,False,False,False,False,False,12.909001,23.858538,2.663218,788
W1PP34,W1PP34,BDR,WPP (BDR: W1PP34),5.5,C,0.5,C,0.0,Fraco,20.46,18.15,18.12,18.69,8585097.46,False,0.0,False,0.0,False,0.0,False,0.0,False,0.0,False,False,1.08,21.79,False,False,False,False,False,False,False,-5.287,999.0,6.5604196,789
KMBB34,KMBB34,BDR,KMB (BDR: KMBB34),5.5,C,0.5,C,3.0,OK,110.19,104.77,100.66,101.68,312630193.41,False,0.0,False,0.0,False,0.0,False,0.0,False,0.0,False,False,0.98,116.82,False,False,False,False,False,False,False,111.727,21.313347,20.364075,790
VINF11,VINF11,ETF,VINF11,5.5,C,0.5,C,0.0,Fraco,85.58,85.19,88.24,88.27,109456.82,False,0.0,False,0.0,False,0.0,False,0.0,False,0.0,True,False,0.58,88.98,False,False,False,False,False,False,False,0.0,999.0,999.0,791
A2MB34,A2MB34,BDR,AMBA (BDR: A2MB34),5.5,C,0.5,C,2.0,Fraco,74.09,72.74,66.73,70.45,110132927.31,False,0.0,False,0.0,False,0.0,False,0.0,False,0.0,False,False,0.8,94.0,False,False,False,False,False,False,False,-11.816,999.0,5.364176,792
G1LW34,G1LW34,BDR,GLW (BDR: G1LW34),5.5,C,0.5,C,4.0,Forte,135.22,183.19,151.09,134.71,2120789417.39,False,0.0,False,0.0,False,0.0,False,0.0,False,0.0,False,False,0.96,240.87,False,False,False,False,False,False,False,16.813,62.313362,9.754022,793
TPIS3,TPI - TRIUNFO PARTICIP. E INVEST. S.A.,BR_STOCK,TPIS3,5.5,C,0.5,C,0.0,Fraco,8.01,9.89,8.11,7.03,428535.01,False,0.0,False,0.0,False,0.0,False,0.0,False,0.0,False,False,1.64,10.49,False,False,False,False,False,False,False,-66.175,999.0,0.6924274,794
FIQE3,UNIFIQUE TELECOMUNICAÇÕES S.A.,BR_STOCK,FIQE3,5.5,C,0.5,C,4.0,Forte,5.38,5.83,5.77,5.35,1855024.04,False,0.0,False,0.0,False,0.0,False,0.0,False,0.0,False,False,0.68,5.99,False,False,False,False,False,False,False,18.761998,8.67742,1.7915418,795
GOGL34,GOGL34,BDR,GOOGL (BDR: GOGL34),5.5,C,0.5,C,5.0,Forte,333.66,359.31,337.73,325.41,9843178645.53,False,0.0,False,0.0,False,0.0,False,0.0,False,0.0,False,False,0.85,375.27,False,False,False,False,False,False,False,48.676,16.741596,6.5557218,796
S1KM34,S1KM34,BDR,SKM (BDR: S1KM34),5.5,C,0.5,C,1.0,Fraco,31.79,35.33,31.84,28.98,59536885.93,False,0.0,False,0.0,False,0.0,False,0.0,False,0.0,False,False,0.56,36.89,False,False,False,False,False,False,False,2.609,51.274193,1.338289,797
A1RE34,A1RE34,BDR,ARE (BDR: A1RE34),5.5,C,0.5,C,1.0,Fraco,52.49,50.4,49.29,50.57,52623221.3,False,0.0,False,0.0,False,0.0,False,0.0,False,0.0,False,False,0.63,55.74,False,False,False,False,False,False,False,-4.144,999.0,0.5695097,798
MCOR34,MCOR34,BDR,MCO (BDR: MCOR34),5.5,C,0.5,C,3.0,OK,482.26,467.06,466.33,470.27,333892235.5,False,0.0,False,0.0,False,0.0,False,0.0,False,0.0,False,False,0.65,523.31,False,False,False,False,False,False,False,76.932,30.619682,27.609781,799
XPLG11,XPLG11,ETF,XPLG11,5.5,C,0.5,C,1.0,Fraco,92.05,92.05,96.18,96.04,4608391.35,False,0.0,False,0.0,False,0.0,False,0.0,False,0.0,True,False,0.74,93.23,False,False,False,False,False,False,False,0.0,18.1917,999.0,800
A2XO34,A2XO34,BDR,AXON (BDR: A2XO34),5.5,C,0.5,C,3.0,OK,525.3,489.73,484.48,515.75,313113987.82,False,0.0,False,0.0,False,0.0,False,0.0,False,0.0,False,False,0.81,665.07,False,False,False,False,False,False,False,6.765000000000001,210.12,11.975925,801
ELCI34,ELCI34,BDR,EL (BDR: ELCI34),5.12,C,0.5,C,1.0,Fraco,84.88,83.65,90.43,91.84,180672336.71,False,0.0,False,0.0,False,0.0,False,0.0,True,0.85,True,False,1.01,87.23,False,False,False,False,False,False,False,-5.949,999.0,7.6904955,802
RARA11,RARA11,ETF,RARA11,5.0,C,0.5,C,0.0,Fraco,15.06,,,,251562.25,False,0.0,False,0.0,False,0.0,False,0.0,False,0.0,False,False,0.86,16.7,False,False,False,False,False,False,False,0.0,29.355043,999.0,803
DVER11,DVER11,ETF,DVER11,5.0,C,0.5,C,0.0,Fraco,12.73,12.51,13.07,12.82,140029.99,False,0.0,False,0.0,False,0.0,False,0.0,False,0.0,True,False,1.03,13.02,False,False,False,False,False,False,False,0.0,999.0,999.0,804
RCSL4,RECRUSUL S.A.,BR_STOCK,RCSL4,5.0,C,0.5,C,0.0,Fraco,0.7,0.51,1.06,0.96,3523169.94,False,0.0,False,0.0,False,0.0,False,0.0,False,0.0,True,False,0.77,0.68,False,False,False,False,False,False,False,0.0,999.0,-6.481481,805
RADL3,RAIA DROGASIL S.A.,BR_STOCK,RADL3,5.0,C,0.5,C,2.0,Fraco,18.25,17.73,21.51,21.39,93144350.0,False,0.0,False,0.0,False,0.0,False,0.0,False,0.0,True,False,0.71,19.0,False,False,False,False,False,False,False,18.86,23.397436,4.347308,806
H1II34,H1II34,BDR,HII (BDR: H1II34),5.0,C,0.5,C,2.0,Fraco,319.9,292.07,357.89,345.06,389476323.17,False,0.0,False,0.0,False,0.0,False,0.0,False,0.0,True,True,2.13,302.78,False,False,False,False,False,False,False,12.198,20.786224,2.4474401,807
S1PO34,S1PO34,BDR,SPOT (BDR: S1PO34),5.0,C,2.0,C,4.0,Forte,522.61,484.33,492.73,524.73,1047904618.2,False,0.0,False,0.0,False,0.0,False,0.0,False,0.0,True,False,1.16,528.09,False,False,False,False,False,True,False,37.987998,35.6244,11.782659,808
PRAF11,PRAF11,ETF,PRAF11,5.0,C,0.5,C,0.0,Fraco,88.48,,,,1796409.51,False,0.0,False,0.0,False,0.0,False,0.0,False,0.0,False,False,28.96,94.73,False,False,False,False,False,False,False,0.0,999.0,999.0,809
ISUS11,ISUS11,ETF,ISUS11,5.0,C,0.5,C,1.0,Fraco,43.04,42.53,44.75,43.83,74244.0,False,0.0,False,0.0,False,0.0,False,0.0,False,0.0,True,False,4.07,44.5,False,False,False,False,False,False,False,0.0,11.889099,999.0,810
RCSL3,RECRUSUL S.A.,BR_STOCK,RCSL3,5.0,C,0.5,C,0.0,Fraco,0.47,0.4,0.58,0.56,62463.0,False,0.0,False,0.0,False,0.0,False,0.0,False,0.0,True,False,1.66,0.49,False,False,False,False,False,False,False,0.0,999.0,-4.351852,811
L2PL34,L2PL34,BDR,LPLA (BDR: L2PL34),5.0,C,2.0,C,3.0,OK,339.17,300.07,319.81,329.1,274462140.76,False,0.0,False,0.0,False,0.0,False,0.0,False,0.0,True,False,1.21,343.75,False,False,False,False,False,True,False,20.452,30.528355,4.783443,812
XSPI11,XSPI11,ETF,XSPI11,5.0,C,0.5,C,0.0,Fraco,103.87,106.73,,,96287.49,False,0.0,False,0.0,False,0.0,False,0.0,False,0.0,False,False,0.97,111.2,False,False,False,False,False,False,False,0.0,999.0,999.0,813
E2ST34,E2ST34,BDR,ESTC (BDR: E2ST34),5.0,C,0.5,C,4.0,Forte,64.25,59.94,58.74,64.48,111422350.0,False,0.0,False,0.0,False,0.0,False,0.0,False,0.0,True,False,1.14,66.06,False,False,False,False,False,False,False,33.376998,18.731777,5.272444,814
EWBZ11,EWBZ11,ETF,EWBZ11,5.0,C,0.5,C,1.0,Fraco,127.03,125.97,133.37,131.73,654966.67,False,0.0,False,0.0,False,0.0,False,0.0,False,0.0,True,False,1.55,129.75,False,False,False,False,False,False,False,0.0,11.0502615,999.0,815
MTSA4,METISA METALURGICA TIMBOENSE S.A.,BR_STOCK,MTSA4,5.0,C,0.5,C,2.0,Fraco,46.94,45.68,52.89,50.35,75104.0,False,0.0,False,0.0,False,0.0,False,0.0,False,0.0,True,False,1.31,48.0,False,False,False,False,False,False,False,8.376999999999999,10.790805,0.8655726,816
A2ZT34,A2ZT34,BDR,AZTA (BDR: A2ZT34),5.0,C,2.0,C,2.0,Fraco,28.8,24.25,26.51,28.05,17180956.34,False,0.0,False,0.0,False,0.0,False,0.0,False,0.0,True,False,1.02,29.04,False,False,False,False,False,True,False,-6.811,999.0,0.8538393,817
PNVL3,DIMED S.A. DISTRIBUIDORA DE MEDICAMENTOS,BR_STOCK,PNVL3,5.0,C,0.5,C,3.0,OK,11.87,11.16,12.81,11.97,14543123.86,False,0.0,False,0.0,False,0.0,False,0.0,False,0.0,True,False,2.2,12.25,False,False,False,False,False,False,False,10.398,13.488636,1.3604584,818
BRAP4,BRADESPAR S.A.,BR_STOCK,BRAP4,5.0,C,0.5,C,3.0,OK,21.73,22.18,22.79,21.39,31408541.34,False,0.0,False,0.0,False,0.0,False,0.0,False,0.0,True,False,0.98,22.76,False,False,False,False,False,False,False,9.4849996,11.62032,1.0917952,819
C1OO34,C1OO34,BDR,COO (BDR: C1OO34),5.0,C,2.0,C,2.0,Fraco,72.65,67.83,72.49,73.07,97109150.19,False,0.0,False,0.0,False,0.0,False,0.0,False,0.0,True,False,0.7,74.45,False,False,False,False,False,True,False,2.8529999999999998,61.567802,1.7186317,820
CAPE11,CAPE11,ETF,CAPE11,5.0,C,0.5,C,1.0,Fraco,140.68,138.04,144.22,140.83,703399.96,False,0.0,False,0.0,False,0.0,False,0.0,False,0.0,True,False,1.19,144.1,False,False,False,False,False,False,False,0.0,12.516303,999.0,821
IVWO11,IVWO11,ETF,IVWO11,5.0,C,0.5,C,1.0,Fraco,20.52,21.13,,,99337.32,False,0.0,False,0.0,False,0.0,False,0.0,False,0.0,False,False,1.36,21.97,False,False,False,False,False,False,False,0.0,15.414429,999.0,822
BCRI11,BCRI11,ETF,BCRI11,5.0,C,0.5,C,0.0,Fraco,59.65,59.29,61.25,60.4,199052.06,False,0.0,False,0.0,False,0.0,False,0.0,False,0.0,True,False,0.88,60.2,False,False,False,False,False,False,False,0.0,999.0,999.0,823
PIPE11,PIPE11,ETF,PIPE11,5.0,C,0.5,C,0.0,Fraco,94.94,98.57,,,189215.42,False,0.0,False,0.0,False,0.0,False,0.0,False,0.0,False,False,0.55,100.94,False,False,False,False,False,False,False,0.0,999.0,999.0,824
GXUS11,GXUS11,ETF,GXUS11,5.0,C,0.5,C,1.0,Fraco,108.97,110.17,,,139590.57,False,0.0,False,0.0,False,0.0,False,0.0,False,0.0,False,False,1.43,115.01,False,False,False,False,False,False,False,0.0,17.285982,999.0,825
PASS3,COMPASS GAS E ENERGIA S.A.,BR_STOCK,PASS3,5.0,C,0.5,C,2.0,Fraco,24.84,25.23,,,9623016.06,False,0.0,False,0.0,False,0.0,False,0.0,False,0.0,True,False,0.52,25.71,False,False,False,False,False,False,False,18.847998999999998,14.358381,3.0976431,826
LEVE3,MAHLE-METAL LEVE S.A.,BR_STOCK,LEVE3,5.0,C,0.5,C,3.0,OK,31.62,32.43,32.89,31.88,8202228.22,False,0.0,False,0.0,False,0.0,False,0.0,False,0.0,True,False,1.2,33.25,False,False,False,False,False,False,False,67.706,6.453061,4.0010123,827
BMOB3,BEMOBI MOBILE TECH S.A.,BR_STOCK,BMOB3,5.0,C,0.5,C,5.0,Forte,23.76,23.74,24.24,23.78,3459456.03,False,0.0,False,0.0,False,0.0,False,0.0,False,0.0,True,False,0.65,24.47,False,False,False,False,False,False,False,15.548,12.638298,2.0700471,828
COWC34,COWC34,BDR,COST (BDR: COWC34),5.0,C,0.5,C,4.0,Forte,954.17,961.3,971.62,954.81,2035027976.96,False,0.0,False,0.0,False,0.0,False,0.0,False,0.0,True,False,1.04,987.55,False,False,False,False,False,False,False,29.152,48.02063,25.596062,829
QLBR11,QLBR11,ETF,QLBR11,5.0,C,0.5,C,1.0,Fraco,112.41,114.14,,,218862.28,False,0.0,False,0.0,False,0.0,False,0.0,False,0.0,False,False,0.33,118.99,False,False,False,False,False,False,False,0.0,5.399441,999.0,830
SNEC34,SNEC34,BDR,SONY (BDR: SNEC34),5.0,C,2.0,C,2.0,Fraco,22.77,21.24,21.83,23.42,161996303.0,False,0.0,False,0.0,False,0.0,False,0.0,False,0.0,True,False,1.32,23.55,False,False,False,False,False,True,False,12.336001000000001,21.685717,2.7152112,831
MATD3,HOSPITAL MATER DEI S/A,BR_STOCK,MATD3,5.0,C,0.5,C,3.0,OK,4.92,4.87,5.37,5.14,307992.0,False,0.0,False,0.0,False,0.0,False,0.0,False,0.0,True,False,0.33,5.11,False,False,False,False,False,False,False,8.295999499999999,13.2972975,1.0894598,832
ECOO11,ECOO11,ETF,ECOO11,5.0,C,0.5,C,1.0,Fraco,143.2,141.4,149.53,146.23,56564.0,False,0.0,False,0.0,False,0.0,False,0.0,False,0.0,True,False,7.61,147.02,False,False,False,False,False,False,False,0.0,12.282758,999.0,833
BTER11,BTER11,ETF,BTER11,5.0,C,0.5,C,1.0,Fraco,20.85,,,,728853.46,False,0.0,False,0.0,False,0.0,False,0.0,False,0.0,False,False,0.37,22.0,False,False,False,False,False,False,False,0.0,11.201854,999.0,834
KORE11,KORE11,ETF,KORE11,5.0,C,0.5,C,1.0,Fraco,65.85,64.59,68.68,67.35,1318777.92,False,0.0,False,0.0,False,0.0,False,0.0,False,0.0,True,False,0.71,67.36,False,False,False,False,False,False,False,0.0,4.413539,999.0,835
B1ME34,B1ME34,BDR,ONC (BDR: B1ME34),5.0,C,2.0,C,3.0,OK,322.08,294.13,309.59,314.07,67012606.17,False,0.0,False,0.0,False,0.0,False,0.0,False,0.0,True,False,0.51,331.69,False,False,False,False,False,True,False,12.422,72.868774,7.5176806,836
ABTT34,ABTT34,BDR,ABT (BDR: ABTT34),5.0,C,2.0,C,2.0,Fraco,105.61,92.48,101.32,107.08,675756889.18,False,0.0,False,0.0,False,0.0,False,0.0,False,0.0,True,False,0.44,110.04,False,False,False,False,False,True,False,10.576,34.177994,3.533407,837
D2AS34,D2AS34,BDR,DASH (BDR: D2AS34),5.0,C,2.0,C,2.0,Fraco,197.53,173.86,178.99,191.43,659105062.95,False,0.0,False,0.0,False,0.0,False,0.0,False,0.0,True,False,0.95,199.89,False,False,False,False,False,True,False,9.922,93.61612,8.44434,838
ALOS3,ALLOS S.A,BR_STOCK,ALOS3,5.0,C,0.5,C,4.0,Forte,27.22,27.1,28.29,27.3,91461919.69,False,0.0,False,0.0,False,0.0,False,0.0,False,0.0,True,False,1.01,28.51,False,False,False,False,False,False,False,6.8569995,16.39759,1.0480517,839
J1EF34,J1EF34,BDR,JEF (BDR: J1EF34),5.0,C,0.5,C,3.0,OK,55.09,55.16,52.2,53.0,85684231.74,False,0.0,False,0.0,False,0.0,False,0.0,False,0.0,True,False,0.81,57.84,False,False,False,False,False,False,False,0.0,15.388268,1.0603815,840
MOTV3,MOTIVA INFRAESTRUTURA DE MOBILIDADE S.A.,BR_STOCK,MOTV3,5.0,C,0.5,C,0.0,Fraco,14.89,14.4,15.41,15.4,136215212.14,False,0.0,False,0.0,False,0.0,False,0.0,False,0.0,True,False,1.86,15.34,False,False,False,False,False,False,False,0.0,0.0,0.0,841
CEBR5,CIA ENERGETICA DE BRASILIA,BR_STOCK,CEBR5,4.62,C,0.5,C,3.0,OK,23.5,23.95,25.79,24.7,338400.0,False,0.0,False,0.0,False,0.0,False,0.0,True,0.85,False,False,0.92,25.09,False,False,False,False,False,False,False,16.638,10.538116,1.7911586,842
S2ED34,S2ED34,BDR,SEDG (BDR: S2ED34),4.5,C,0.5,C,2.0,Fraco,41.76,56.87,45.12,42.63,74848073.63,False,0.0,False,0.0,False,0.0,False,0.0,False,0.0,False,False,0.76,59.92,False,False,False,False,False,False,False,-72.501,999.0,6.183918,843
ICLR34,ICLR34,BDR,ICLR (BDR: ICLR34),4.5,C,0.5,C,2.0,Fraco,165.53,153.96,139.25,148.37,292500611.99,False,0.0,False,0.0,False,0.0,False,0.0,False,0.0,False,False,1.94,186.64,False,False,False,False,False,False,False,1.8429999999999997,73.24336,1.3633854,844
L1YB34,L1YB34,BDR,LYB (BDR: L1YB34),4.5,C,0.5,C,0.0,Fraco,60.44,61.17,61.83,57.17,204232134.52,False,0.0,False,0.0,False,0.0,False,0.0,False,0.0,False,False,0.76,64.98,False,False,False,False,False,False,False,-6.0089998,999.0,1.9430335,845
D1OW34,D1OW34,BDR,DOW (BDR: D1OW34),4.5,C,0.5,C,1.0,Fraco,30.09,31.54,32.61,30.03,225078767.79,False,0.0,False,0.0,False,0.0,False,0.0,False,0.0,False,False,0.68,32.73,False,False,False,False,False,False,False,-5.54,999.0,1.3704683,846
H1OG34,H1OG34,BDR,HOG (BDR: H1OG34),4.5,C,0.5,C,2.0,Fraco,24.64,25.09,22.16,22.62,33050025.42,False,0.0,False,0.0,False,0.0,False,0.0,False,0.0,False,False,0.38,28.77,False,False,False,False,False,False,False,6.093,13.688889,0.83108467,847
W2YF34,W2YF34,BDR,W (BDR: W2YF34),4.5,C,0.5,C,1.0,Fraco,89.78,82.39,83.84,87.29,167355932.98,False,0.0,False,0.0,False,0.0,False,0.0,False,0.0,False,False,0.55,97.96,False,False,False,False,False,False,False,0.0,999.0,-4.157829,848
AJFI11,AJFI11,ETF,AJFI11,4.5,C,0.5,C,0.0,Fraco,7.9,8.24,8.08,7.91,447922.11,False,0.0,False,0.0,False,0.0,False,0.0,False,0.0,False,False,1.83,8.38,False,False,False,False,False,False,False,0.0,999.0,999.0,849
M1CH34,M1CH34,BDR,MCHP (BDR: M1CH34),4.5,C,0.5,C,2.0,Fraco,75.01,89.21,79.9,74.87,971473590.21,False,0.0,False,0.0,False,0.0,False,0.0,False,0.0,False,False,1.15,91.4,False,False,False,False,False,False,False,3.405,340.95456,6.3214226,850
P1GR34,P1GR34,BDR,PRGS (BDR: P1GR34),4.5,C,0.5,C,4.0,Forte,40.34,34.38,34.96,37.03,22014828.96,False,0.0,False,0.0,False,0.0,False,0.0,False,0.0,False,False,0.87,43.24,False,False,False,False,False,False,False,18.573999999999998,19.582525,3.2930613,851
NOKI34,NOKI34,BDR,NOK (BDR: NOKI34),4.5,C,0.5,C,2.0,Fraco,9.09,12.99,10.08,9.15,919318401.67,False,0.0,False,0.0,False,0.0,False,0.0,False,0.0,False,False,0.89,13.13,False,False,False,False,False,False,False,3.4549999999999996,64.92857,2.098546,852
TECX11,TECX11,ETF,TECX11,4.5,C,0.5,C,0.0,Fraco,156.97,185.4,170.4,165.49,307504.23,False,0.0,False,0.0,False,0.0,False,0.0,False,0.0,False,False,2.95,199.0,False,False,False,False,False,False,False,0.0,999.0,999.0,853
XETH11,XETH11,ETF,XETH11,4.5,C,0.5,C,0.0,Fraco,26.12,24.22,,,61094.68,False,0.0,False,0.0,False,0.0,False,0.0,False,0.0,False,False,0.29,42.99,False,False,False,False,False,False,False,0.0,999.0,999.0,854
BTAG11,BTAG11,ETF,BTAG11,4.5,C,0.5,C,0.0,Fraco,100.32,108.16,106.61,103.07,110953.92,False,0.0,False,0.0,False,0.0,False,0.0,False,0.0,False,False,0.11,112.55,False,False,False,False,False,False,False,0.0,999.0,999.0,855
BLCA11,BLCA11,ETF,BLCA11,4.5,C,0.5,C,0.0,Fraco,86.01,95.21,93.62,92.04,466346.23,False,0.0,False,0.0,False,0.0,False,0.0,False,0.0,False,False,2.56,97.68,False,False,False,False,False,False,False,0.0,168.64706,999.0,856
GILD34,GILD34,BDR,GILD (BDR: GILD34),4.5,C,0.5,C,5.0,Forte,131.28,129.44,133.87,130.43,808180546.01,False,0.0,False,0.0,False,0.0,False,0.0,False,0.0,False,False,0.97,140.61,False,False,False,False,False,False,False,43.36,17.861225,6.9339247,857
P2CY34,P2CY34,BDR,PCTY (BDR: P2CY34),4.5,C,0.5,C,4.0,Forte,136.71,115.27,117.38,124.91,104454374.31,False,0.0,False,0.0,False,0.0,False,0.0,False,0.0,False,False,1.2,149.04,False,False,False,False,False,False,False,21.598,29.21154,6.4104853,858
R1EL34,R1EL34,BDR,RELX (BDR: R1EL34),4.5,C,0.5,C,3.0,OK,36.61,33.21,34.23,36.06,139976250.56,False,0.0,False,0.0,False,0.0,False,0.0,False,0.0,False,False,1.37,38.58,False,False,False,False,False,False,False,131.864,22.054218,84.1397,859
DOLA11,DOLA11,ETF,DOLA11,4.5,C,0.5,C,0.0,Fraco,10.03,10.06,10.07,10.12,1068576.11,False,0.0,False,0.0,False,0.0,False,0.0,False,0.0,True,False,0.87,10.29,False,False,False,False,False,False,False,0.0,999.0,999.0,860
AXPB34,AXPB34,BDR,AXP (BDR: AXPB34),4.5,C,0.5,C,3.0,OK,337.52,332.48,331.05,337.68,580619098.62,False,0.0,False,0.0,False,0.0,False,0.0,False,0.0,False,False,0.51,363.14,False,False,False,False,False,False,False,34.377,20.480583,6.6460567,861
PINE4,BCO PINE S.A.,BR_STOCK,PINE4,4.5,C,0.5,C,4.0,Forte,12.76,12.69,12.92,12.07,6226880.11,False,0.0,False,0.0,False,0.0,False,0.0,False,0.0,False,False,0.41,13.8,False,False,False,False,False,False,False,36.492002,5.9074073,1.8912109,862
E2NP34,E2NP34,BDR,ENPH (BDR: E2NP34),4.5,C,0.5,C,1.0,Fraco,37.38,50.2,42.79,40.02,201777432.67,False,0.0,False,0.0,False,0.0,False,0.0,False,0.0,False,False,1.1,50.53,False,False,False,False,False,False,False,12.995999999999999,37.009903,4.179338,863
V1RT34,V1RT34,BDR,VRT (BDR: V1RT34),4.5,C,0.5,C,4.0,Forte,227.5,307.34,269.21,245.92,3091944082.5,False,0.0,False,0.0,False,0.0,False,0.0,False,0.0,False,False,2.18,338.88,False,False,False,False,False,False,False,43.943,51.47059,20.577063,864
CAMB3,CAMBUCI S.A.,BR_STOCK,CAMB3,4.5,C,0.5,C,5.0,Forte,9.1,9.47,9.33,9.2,70980.0,False,0.0,False,0.0,False,0.0,False,0.0,False,0.0,False,False,0.85,9.74,False,False,False,False,False,False,False,22.389999,5.515152,1.1920357,865
SNID11,SNID11,ETF,SNID11,4.5,C,0.5,C,0.0,Fraco,10.4,10.81,10.66,10.41,71032.0,False,0.0,False,0.0,False,0.0,False,0.0,False,0.0,False,False,0.55,11.09,False,False,False,False,False,False,False,0.0,999.0,999.0,866
XBIT11,XBIT11,ETF,XBIT11,4.5,C,0.5,C,0.0,Fraco,31.91,31.57,,,82327.8,False,0.0,False,0.0,False,0.0,False,0.0,False,0.0,False,False,0.3,37.99,False,False,False,False,False,False,False,0.0,999.0,999.0,867
R1OP34,R1OP34,BDR,ROP (BDR: R1OP34),4.5,C,0.5,C,4.0,Forte,389.25,343.96,358.58,382.54,399282529.5,False,0.0,False,0.0,False,0.0,False,0.0,False,0.0,False,False,1.05,410.26,False,False,False,False,False,False,False,13.065999999999999,16.225512,2.0586197,868
CMIN3,CSN MINERAÇÃO S.A.,BR_STOCK,CMIN3,4.5,C,0.5,C,0.0,Fraco,5.72,4.75,4.99,5.08,64202993.65,False,0.0,False,0.0,False,0.0,False,0.0,False,0.0,False,False,1.11,5.99,False,False,False,False,False,False,False,0.0,0.0,0.0,869
SMFT3,SMARTFIT ESCOLA DE GINÁSTICA E DANÇA S.A.,BR_STOCK,SMFT3,4.5,C,0.5,C,3.0,OK,19.96,19.44,19.88,20.92,97859883.51,False,0.0,False,0.0,False,0.0,False,0.0,True,0.8,False,False,1.14,21.45,False,False,False,False,False,False,False,12.060001,17.981981,2.075923,870
P2AX34,P2AX34,BDR,PAX (BDR: P2AX34),4.12,C,0.5,C,2.0,Fraco,10.97,11.16,12.66,13.13,16497092.29,False,0.0,False,0.0,False,0.0,False,0.0,True,0.85,True,False,1.55,11.38,False,False,False,False,False,False,False,13.319999,24.377779,2.8929324,871
BBGO11,BBGO11,ETF,BBGO11,4.12,C,0.5,C,0.0,Fraco,65.16,67.19,70.12,67.32,115854.49,False,0.0,False,0.0,False,0.0,False,0.0,True,0.65,False,False,0.44,69.2,False,False,False,False,False,False,False,0.0,999.0,999.0,872
ARML3,ARMAC LOCAÇÃO. LOGÍSTICA E SERVIÇOS S.A.,BR_STOCK,ARML3,4.0,C,0.5,C,1.0,Fraco,3.4,3.21,4.27,4.11,2190960.06,False,0.0,False,0.0,False,0.0,False,0.0,False,0.0,True,False,1.11,3.56,False,False,False,False,False,False,False,5.58,24.285715,0.9219089,873
JSRE11,JSRE11,ETF,JSRE11,4.0,C,0.5,C,1.0,Fraco,58.93,59.64,62.44,61.8,1484093.13,False,0.0,False,0.0,False,0.0,False,0.0,False,0.0,True,False,0.58,61.46,False,False,False,False,False,False,False,1.9769999999999999,9.489533,0.5377365,874
RANI3,IRANI PAPEL E EMBALAGEM S.A.,BR_STOCK,RANI3,4.0,C,0.5,C,1.0,Fraco,8.03,7.92,8.45,8.41,2970296.9,False,0.0,False,0.0,False,0.0,False,0.0,False,0.0,True,False,0.83,8.16,False,False,False,False,False,False,False,14.743999999999998,8.72826,1.2580291,875
U1LT34,U1LT34,BDR,ULTA (BDR: U1LT34),4.0,C,0.5,C,5.0,Forte,516.73,478.46,559.39,554.91,272654124.38,False,0.0,False,0.0,False,0.0,False,0.0,False,0.0,True,False,0.91,516.83,False,False,False,False,False,False,False,47.449002,19.374952,8.140685,876
MELI34,MELI34,BDR,MELI (BDR: MELI34),4.0,C,2.0,C,2.0,Fraco,1885.73,1721.61,1826.25,1893.95,679183367.07,False,0.0,False,0.0,False,0.0,False,0.0,False,0.0,True,False,1.16,1905.49,False,False,False,False,False,True,False,31.258000000000003,49.847473,13.13027,877
XPBR31,XP INC.,BDR,XP (BDR: XPBR31),4.0,C,0.5,C,4.0,Forte,17.2,16.26,18.02,17.89,63324830.01,False,0.0,False,0.0,False,0.0,False,0.0,False,0.0,True,False,1.1,17.34,False,False,False,False,False,False,False,22.944,8.865979,1.8936225,878
TAEE3,TRANSMISSORA ALIANÇA DE ENERGIA ELÉTRICA S.A.,BR_STOCK,TAEE3,4.0,C,0.5,C,3.0,OK,13.14,13.22,13.41,13.24,1110330.03,False,0.0,False,0.0,False,0.0,False,0.0,False,0.0,True,False,1.01,13.82,False,False,False,False,False,False,False,20.559,8.644737,0.5687327,879
PFRM3,PROFARMA DISTRIB PROD FARMACEUTICOS S.A.,BR_STOCK,PFRM3,4.0,C,0.5,C,3.0,OK,6.78,6.6,7.68,7.65,1944504.06,False,0.0,False,0.0,False,0.0,False,0.0,False,0.0,True,False,2.4,6.97,False,False,False,False,False,False,False,7.000000000000001,7.883721,0.6197441,880
P1KX34,P1KX34,BDR,PKX (BDR: P1KX34),4.0,C,0.5,C,3.0,OK,54.49,58.68,62.36,60.09,27962470.69,False,0.0,False,0.0,False,0.0,False,0.0,False,0.0,True,False,1.58,54.49,False,False,False,False,False,False,False,1.125,28.233162,1.6763526,881
AXIA7,AXIA7,BR_STOCK,AXIA7,4.0,C,0.5,C,2.0,Fraco,52.21,51.15,54.11,54.11,39924986.3,False,0.0,False,0.0,False,0.0,False,0.0,False,0.0,True,False,0.44,54.09,False,False,False,False,False,False,False,7.861999999999999,999.0,1.2238631,882
C1CL34,C1CL34,BDR,CCL (BDR: C1CL34),4.0,C,0.5,C,3.0,OK,27.77,27.54,28.0,27.78,513947035.22,False,0.0,False,0.0,False,0.0,False,0.0,False,0.0,True,False,0.94,29.43,False,False,False,False,False,False,False,26.689,12.509009,2.9380026,883
KDIF11,KDIF11,ETF,KDIF11,4.0,C,0.5,C,0.0,Fraco,116.58,120.71,122.41,120.35,3663643.14,False,0.0,False,0.0,False,0.0,False,0.0,False,0.0,False,False,1.09,124.65,False,False,False,False,False,False,False,0.0,999.0,999.0,884
VCJR11,VCJR11,ETF,VCJR11,4.0,C,0.5,C,1.0,Fraco,71.29,74.26,75.09,73.71,1573299.03,False,0.0,False,0.0,False,0.0,False,0.0,False,0.0,False,False,0.58,75.35,False,False,False,False,False,False,False,0.0,6.021115,999.0,885
MCRE11,MCRE11,ETF,MCRE11,4.0,C,0.5,C,1.0,Fraco,8.51,8.84,8.96,8.71,1647442.43,False,0.0,False,0.0,False,0.0,False,0.0,False,0.0,False,False,0.44,9.08,False,False,False,False,False,False,False,0.0,7.0916667,999.0,886
BRCR11,BRCR11,ETF,BRCR11,4.0,C,0.5,C,2.0,Fraco,40.09,41.89,44.42,43.07,608886.92,False,0.0,False,0.0,False,0.0,False,0.0,False,0.0,True,False,0.54,42.02,False,False,False,False,False,False,False,4.665,9.997506,0.46850532,887
SHUL4,SCHULZ S.A.,BR_STOCK,SHUL4,4.0,C,0.5,C,3.0,OK,4.58,4.68,4.96,4.81,1834747.97,False,0.0,False,0.0,False,0.0,False,0.0,False,0.0,True,False,0.81,4.79,False,False,False,False,False,False,False,18.205,5.948052,1.0683461,888
SAPR11,CIA SANEAMENTO DO PARANA - SANEPAR,BR_STOCK,SAPR11,4.0,C,0.5,C,2.0,Fraco,36.34,37.26,41.18,39.72,21622300.09,False,0.0,False,0.0,False,0.0,False,0.0,False,0.0,True,False,0.71,38.14,False,False,False,False,False,False,False,9.897999500000001,44.919655,0.8648057,889
CMCS34,CMCS34,BDR,CMCSA (BDR: CMCS34),4.0,C,0.5,C,1.0,Fraco,23.67,23.61,26.73,26.39,650233625.07,False,0.0,False,0.0,False,0.0,False,0.0,False,0.0,True,False,0.7,24.88,False,False,False,False,False,False,False,11.4879996,7.586539,0.9351665,890
T1OW34,T1OW34,BDR,AMT (BDR: T1OW34),4.0,C,0.5,C,3.0,OK,174.46,175.97,175.85,176.02,501841013.25,False,0.0,False,0.0,False,0.0,False,0.0,False,0.0,True,False,0.86,180.37,False,False,False,False,False,False,False,33.914003,28.138712,21.853941,891
K1TC34,K1TC34,BDR,KT (BDR: K1TC34),4.0,C,0.5,C,2.0,Fraco,18.48,18.12,20.26,19.82,29185962.24,False,0.0,False,0.0,False,0.0,False,0.0,False,0.0,True,False,1.36,18.99,False,False,False,False,False,False,False,8.652,8.555555,0.7236959,892
CHME34,CHME34,BDR,CME (BDR: CHME34),4.0,C,0.5,C,4.0,Forte,267.22,253.11,277.26,273.79,682216404.2,False,0.0,False,0.0,False,0.0,False,0.0,False,0.0,True,False,0.92,266.26,False,False,False,False,False,False,False,15.802,22.66497,3.6200824,893
TASA4,TAURUS ARMAS S.A.,BR_STOCK,TASA4,4.0,C,0.5,C,2.0,Fraco,4.83,4.68,5.03,4.94,633212.99,False,0.0,False,0.0,False,0.0,False,0.0,False,0.0,True,False,0.98,5.02,False,False,False,False,False,False,False,-3.06,999.0,0.56564003,894
BAZA3,BCO AMAZONIA S.A.,BR_STOCK,BAZA3,4.0,C,0.5,C,1.0,Fraco,61.38,59.82,65.48,64.85,220968.0,False,0.0,False,0.0,False,0.0,False,0.0,False,0.0,True,False,0.72,64.4,False,False,False,False,False,False,False,12.1879995,3.6953642,0.479041,895
BRSR6,BCO ESTADO DO RIO GRANDE DO SUL S.A.,BR_STOCK,BRSR6,4.0,C,0.5,C,2.0,Fraco,14.1,14.17,15.73,14.96,14319960.39,False,0.0,False,0.0,False,0.0,False,0.0,False,0.0,True,False,1.37,14.69,False,False,False,False,False,False,False,15.590000000000002,3.271462,0.5092643,896
RECV3,PETRORECÔNCAVO S.A.,BR_STOCK,RECV3,4.0,C,0.5,C,2.0,Fraco,10.55,10.53,11.33,11.04,14857565.27,False,0.0,False,0.0,False,0.0,False,0.0,False,0.0,True,False,0.89,11.04,False,False,False,False,False,False,False,12.347,5.7650275,0.7366804,897
BRAP3,BRADESPAR S.A.,BR_STOCK,BRAP3,4.0,C,0.5,C,3.0,OK,18.55,19.02,19.65,18.61,339464.99,False,0.0,False,0.0,False,0.0,False,0.0,False,0.0,True,False,0.72,19.4,False,False,False,False,False,False,False,9.4849996,9.9197855,0.93202025,898
GOLD11,GOLD11,ETF,GOLD11,4.0,C,0.5,C,0.0,Fraco,21.64,22.25,24.64,24.3,10304513.27,False,0.0,False,0.0,False,0.0,False,0.0,False,0.0,True,False,0.47,22.46,False,False,False,False,False,False,False,0.0,999.0,999.0,899
SAPR4,CIA SANEAMENTO DO PARANA - SANEPAR,BR_STOCK,SAPR4,4.0,C,0.5,C,3.0,OK,7.12,7.21,7.92,7.68,11384879.82,False,0.0,False,0.0,False,0.0,False,0.0,False,0.0,True,False,2.0,7.36,False,False,False,False,False,False,False,9.897999500000001,9.368421,0.16943909,900
XBCI11,XBCI11,ETF,XBCI11,4.0,C,0.5,C,0.0,Fraco,81.3,83.02,90.12,,561051.32,False,0.0,False,0.0,False,0.0,False,0.0,False,0.0,True,False,1.01,83.9,False,False,False,False,False,False,False,0.0,999.0,999.0,901
V2EE34,V2EE34,BDR,VEEV (BDR: V2EE34),4.0,C,2.0,C,3.0,OK,201.56,177.25,184.01,204.28,236259558.94,False,0.0,False,0.0,False,0.0,False,0.0,False,0.0,True,False,0.83,209.33,False,False,False,False,False,True,False,13.934,35.801064,4.496297,902
JOGO11,JOGO11,ETF,JOGO11,4.0,C,0.5,C,0.0,Fraco,121.96,114.1,120.29,127.24,480644.36,False,0.0,False,0.0,False,0.0,False,0.0,False,0.0,True,False,14.14,122.9,False,False,False,False,False,False,False,0.0,999.0,999.0,903
VINO11,VINO11,ETF,VINO11,4.0,C,0.5,C,0.0,Fraco,4.59,4.67,4.91,4.85,252436.24,False,0.0,False,0.0,False,0.0,False,0.0,False,0.0,True,False,0.57,4.72,False,False,False,False,False,False,False,0.0,24.157896,999.0,904
SPXS11,SPXS11,ETF,SPXS11,4.0,C,0.5,C,1.0,Fraco,7.78,8.06,8.16,8.04,689634.78,False,0.0,False,0.0,False,0.0,False,0.0,False,0.0,False,False,1.05,8.19,False,False,False,False,False,False,False,0.0,5.292517,999.0,905
B1AM34,B1AM34,BDR,BAM (BDR: B1AM34),4.0,C,2.0,C,4.0,Forte,47.96,46.95,47.57,48.66,73612651.55,False,0.0,False,0.0,False,0.0,False,0.0,False,0.0,True,False,0.74,49.57,False,False,False,False,False,True,False,22.388001,30.74359,10.113875,906
AGRO3,BRASILAGRO - CIA BRAS DE PROP AGRICOLAS,BR_STOCK,AGRO3,4.0,C,0.5,C,1.0,Fraco,19.08,18.74,19.88,19.83,1898459.99,False,0.0,False,0.0,False,0.0,False,0.0,False,0.0,True,False,1.02,19.72,False,False,False,False,False,False,False,-0.70200004,999.0,0.9312314,907
GLDX11,GLDX11,ETF,GLDX11,4.0,C,0.5,C,0.0,Fraco,97.19,100.17,110.85,109.32,865671.35,False,0.0,False,0.0,False,0.0,False,0.0,False,0.0,True,False,7.29,102.24,False,False,False,False,False,False,False,0.0,999.0,999.0,908
OUJP11,OUJP11,ETF,OUJP11,4.0,C,0.5,C,0.0,Fraco,73.1,75.14,77.55,75.04,567255.99,False,0.0,False,0.0,False,0.0,False,0.0,False,0.0,True,False,1.19,73.87,False,False,False,False,False,False,False,0.0,999.0,999.0,909
VAMO3,VAMOS LOCAÇÃO DE CAMINHÕES. MÁQUINAS E EQUIP. S.A.,BR_STOCK,VAMO3,4.0,C,0.5,C,2.0,Fraco,3.42,3.01,3.58,3.52,21679722.48,False,0.0,False,0.0,False,0.0,False,0.0,False,0.0,True,False,0.59,3.37,False,False,False,False,False,False,False,12.076,11.793104,1.3999181,910
BBAS3,BCO BRASIL S.A.,BR_STOCK,BBAS3,4.0,C,0.5,C,0.0,Fraco,21.19,20.11,22.21,21.97,335999243.47,False,0.0,False,0.0,False,0.0,False,0.0,False,0.0,True,False,0.88,21.13,False,False,False,False,False,False,False,0.0,0.0,0.0,911
SHLD39,GLOBAL X DEFENSE TECH ETF,BDR,SHLD (BDR: SHLD39),4.0,C,0.5,C,0.0,Fraco,62.77,62.52,68.9,67.84,56071374.32,False,0.0,False,0.0,False,0.0,False,0.0,False,0.0,True,False,0.81,65.04,False,False,False,False,False,False,False,0.0,29.721792,999.0,912
VALE3,VALE S.A.,BR_STOCK,VALE3,4.0,C,0.5,C,0.0,Fraco,76.09,78.1,80.73,76.15,1271889942.79,False,0.0,False,0.0,False,0.0,False,0.0,False,0.0,True,False,1.28,79.32,False,False,False,False,False,False,False,0.0,0.0,0.0,913
AXIA3,AXIA3,BR_STOCK,AXIA3,4.0,C,0.5,C,0.0,Fraco,52.95,52.47,55.9,56.5,520376722.5,False,0.0,False,0.0,False,0.0,False,0.0,False,0.0,True,False,0.94,55.14,False,False,False,False,False,False,False,0.0,0.0,0.0,914
AAZQ11,AAZQ11,ETF,AAZQ11,4.0,C,0.5,C,0.0,Fraco,6.74,6.97,7.07,6.9,609572.32,False,0.0,False,0.0,False,0.0,False,0.0,False,0.0,True,False,2.0,7.1,False,False,False,False,False,False,False,0.0,999.0,999.0,915
ITRI11,ITRI11,ETF,ITRI11,4.0,C,0.5,C,1.0,Fraco,77.28,79.89,81.25,78.95,891965.75,False,0.0,False,0.0,False,0.0,False,0.0,False,0.0,True,False,0.9,80.89,False,False,False,False,False,False,False,0.0,17.444696,999.0,916
RBVA11,RBVA11,ETF,RBVA11,4.0,C,0.5,C,1.0,Fraco,8.9,9.05,9.35,9.26,1652729.93,False,0.0,False,0.0,False,0.0,False,0.0,False,0.0,True,False,0.78,9.17,False,False,False,False,False,False,False,15.454,999.0,0.8136771,917
F2NV34,F2NV34,BDR,FNV (BDR: F2NV34),4.0,C,0.5,C,3.0,OK,221.36,215.35,234.11,225.32,127376521.07,False,0.0,False,0.0,False,0.0,False,0.0,False,0.0,True,False,0.78,220.0,False,False,False,False,False,False,False,19.041,31.177465,5.266088,918
N1EM34,N1EM34,BDR,NEM (BDR: N1EM34),4.0,C,0.5,C,5.0,Forte,95.76,99.0,108.88,103.88,807673374.02,False,0.0,False,0.0,False,0.0,False,0.0,False,0.0,True,False,1.07,98.93,False,False,False,False,False,False,False,25.905,12.075663,2.877404,919
TMCO34,TMCO34,BDR,TM (BDR: TMCO34),4.0,C,0.5,C,3.0,OK,191.45,178.85,203.93,203.61,98739187.23,False,0.0,False,0.0,False,0.0,False,0.0,False,0.0,True,False,1.17,195.85,False,False,False,False,False,False,False,10.233,10.618413,16.390123,920
P2CO34,P2CO34,BDR,PCOR (BDR: P2CO34),4.0,C,0.5,C,2.0,Fraco,53.79,44.9,53.75,58.87,340656540.37,False,0.0,False,0.0,False,0.0,False,0.0,False,0.0,True,True,2.03,50.59,False,False,False,False,False,False,False,-6.455999599999999,999.0,6.754992,921
P2AT34,P2AT34,BDR,PATH (BDR: P2AT34),4.0,C,0.5,C,3.0,OK,12.37,11.26,11.9,12.81,804428502.19,False,0.0,False,0.0,False,0.0,False,0.0,False,0.0,True,False,0.71,12.83,False,False,False,False,False,False,False,18.181998999999998,20.616665,3.3834794,922
RBHG11,RBHG11,ETF,RBHG11,4.0,C,0.5,C,1.0,Fraco,59.95,62.84,64.09,62.5,161625.2,False,0.0,False,0.0,False,0.0,False,0.0,False,0.0,True,False,0.85,63.07,False,False,False,False,False,False,False,0.0,6.0739617,999.0,923
PCIP11,PCIP11,ETF,PCIP11,4.0,C,0.5,C,1.0,Fraco,75.6,78.73,80.04,78.85,1062557.98,False,0.0,False,0.0,False,0.0,False,0.0,False,0.0,True,False,0.34,79.49,False,False,False,False,False,False,False,0.0,7.3828125,999.0,924
COPN11,COPN11,ETF,COPN11,3.62,C,0.5,C,0.0,Fraco,38.75,39.9,41.43,41.49,219286.25,False,0.0,False,0.0,False,0.0,False,0.0,True,0.85,False,False,1.15,42.5,False,False,False,False,False,False,False,0.0,999.0,999.0,925
C1NS34,C1NS34,BDR,CE (BDR: C1NS34),3.5,C,0.5,C,0.0,Fraco,44.81,49.35,53.3,50.01,60864752.72,False,0.0,False,0.0,False,0.0,False,0.0,False,0.0,False,False,0.71,49.63,False,False,False,False,False,False,False,-21.109,999.0,1.2094468,926
T2DH34,T2DH34,BDR,TDOC (BDR: T2DH34),3.5,C,0.5,C,1.0,Fraco,6.58,8.13,6.6,6.9,167664530.62,False,0.0,False,0.0,False,0.0,False,0.0,False,0.0,False,False,5.68,9.89,False,False,False,False,False,False,False,-12.386999999999999,999.0,0.8884688,927
GOLX11,GOLX11,ETF,GOLX11,3.5,C,0.5,C,0.0,Fraco,48.63,49.27,,,4690169.08,False,0.0,False,0.0,False,0.0,False,0.0,False,0.0,False,False,0.7,51.34,False,False,False,False,False,False,False,0.0,999.0,999.0,928
R2PD34,R2PD34,BDR,RPD (BDR: R2PD34),3.5,C,0.5,C,1.0,Fraco,9.48,8.76,8.59,10.51,22808594.5,False,0.0,False,0.0,False,0.0,False,0.0,False,0.0,False,False,0.99,13.75,False,False,False,False,False,False,False,19.698,27.085714,3.6224682,929
A1PL34,A1PL34,BDR,APLD (BDR: A1PL34),3.5,C,0.5,C,1.0,Fraco,27.97,37.59,33.78,32.68,712144907.71,False,0.0,False,0.0,False,0.0,False,0.0,False,0.0,False,False,1.09,37.42,False,False,False,False,False,False,False,-8.376,999.0,4.6882334,930
D1OC34,D1OC34,BDR,DOCU (BDR: D1OC34),3.5,C,0.5,C,4.0,Forte,54.29,48.5,50.0,54.75,245613718.88,False,0.0,False,0.0,False,0.0,False,0.0,False,0.0,False,False,1.41,59.13,False,False,False,False,False,False,False,16.440001000000002,35.25325,5.7596016,931
M1DB34,M1DB34,BDR,MDB (BDR: M1DB34),3.5,C,0.5,C,2.0,Fraco,325.88,335.21,323.51,333.28,451125467.16,False,0.0,False,0.0,False,0.0,False,0.0,False,0.0,False,False,1.12,373.33,False,False,False,False,False,False,False,-0.975,999.0,8.938504,932
E2NT34,E2NT34,BDR,ENTG (BDR: E2NT34),3.5,C,0.5,C,3.0,OK,117.11,143.33,129.97,118.88,504127167.15,False,0.0,False,0.0,False,0.0,False,0.0,False,0.0,False,False,1.39,173.26,False,False,False,False,False,False,False,6.788000499999999,67.69364,4.404784,933
ORVR3,ORIZON VALORIZACAO DE RESIDUOS S.A.,BR_STOCK,ORVR3,3.5,C,0.5,C,1.0,Fraco,69.41,76.07,74.31,70.65,38001977.01,False,0.0,False,0.0,False,0.0,False,0.0,False,0.0,False,False,0.77,80.95,False,False,False,False,False,False,False,8.196,68.04903,4.5700555,934
HALI34,HALI34,BDR,HAL (BDR: HALI34),3.5,C,0.5,C,4.0,Forte,31.64,36.39,35.89,33.48,208400304.74,False,0.0,False,0.0,False,0.0,False,0.0,False,0.0,False,False,0.44,36.2,False,False,False,False,False,False,False,14.917,16.565445,2.3967881,935
E1RI34,E1RI34,BDR,ERIC (BDR: E1RI34),3.5,C,0.5,C,3.0,OK,9.77,11.45,11.14,10.72,100429684.09,False,0.0,False,0.0,False,0.0,False,0.0,False,0.0,False,False,0.63,11.83,False,False,False,False,False,False,False,26.077,12.855264,0.31730053,936
SLVR11,SLVR11,ETF,SLVR11,3.5,C,0.5,C,0.0,Fraco,36.85,37.16,,,789105.87,False,0.0,False,0.0,False,0.0,False,0.0,False,0.0,False,False,1.18,41.38,False,False,False,False,False,False,False,0.0,999.0,999.0,937
QCOM34,QCOM34,BDR,QCOM (BDR: QCOM34),3.5,C,0.5,C,4.0,Forte,151.6,199.28,167.34,167.93,3504028874.67,False,0.0,False,0.0,False,0.0,False,0.0,False,0.0,False,False,1.76,196.09,False,False,False,False,False,False,False,36.083,17.325714,5.8855505,938
RIGG34,RIGG34,BDR,RIG (BDR: RIGG34),3.5,C,0.5,C,2.0,Fraco,5.08,5.62,5.76,5.31,260878575.16,False,0.0,False,0.0,False,0.0,False,0.0,False,0.0,False,False,1.19,5.51,False,False,False,False,False,False,False,-30.049,999.0,0.6864865,939
SBSP3,CIA SANEAMENTO BASICO EST SAO PAULO,BR_STOCK,SBSP3,3.5,C,0.5,C,0.0,Fraco,27.41,28.61,29.3,28.36,411917477.71,False,0.0,False,0.0,False,0.0,False,0.0,False,0.0,False,False,1.01,31.18,False,False,False,False,False,False,False,0.0,0.0,0.0,940
L2RN34,L2RN34,BDR,LRN (BDR: L2RN34),3.5,C,0.5,C,4.0,Forte,83.07,90.02,86.03,85.86,187277742.3,False,0.0,False,0.0,False,0.0,False,0.0,False,0.0,False,False,3.36,98.34,False,False,False,False,False,False,False,20.143,13.0,2.1198897,941
IRIF11,IRIF11,ETF,IRIF11,3.5,C,0.5,C,0.0,Fraco,8.36,8.89,,,60743.76,False,0.0,False,0.0,False,0.0,False,0.0,False,0.0,False,False,0.76,9.07,False,False,False,False,False,False,False,0.0,999.0,999.0,942
VGIA11,VGIA11,ETF,VGIA11,3.5,C,0.5,C,0.0,Fraco,8.32,9.32,9.31,9.1,2951145.49,False,0.0,False,0.0,False,0.0,False,0.0,False,0.0,False,False,0.29,9.74,False,False,False,False,False,False,False,0.0,999.0,999.0,943
IGTI11,IGUATEMI S.A.,BR_STOCK,IGTI11,3.5,C,0.5,C,4.0,Forte,25.11,25.02,26.56,26.09,30137022.73,False,0.0,False,0.0,False,0.0,False,0.0,False,0.0,False,False,0.95,26.63,False,False,False,False,False,False,False,15.360999999999999,154.04909,1.5255165,944
DUOL34,DUOL34,BDR,DUOL (BDR: DUOL34),3.5,C,0.5,C,5.0,Forte,133.6,122.15,120.65,147.57,101156179.82,False,0.0,False,0.0,False,0.0,False,0.0,False,0.0,False,False,0.73,143.8,False,False,False,False,False,False,False,36.960998000000004,15.268572,4.496651,945
FTCA11,FTCA11,ETF,FTCA11,3.5,C,0.5,C,0.0,Fraco,7.14,8.25,,,120287.58,False,0.0,False,0.0,False,0.0,False,0.0,False,0.0,False,False,0.99,8.66,False,False,False,False,False,False,False,0.0,999.0,999.0,946
BAER39,ISHARES US AEROSPACE & DEFENSE ETF,BDR,BAER (BDR: BAER39),3.5,C,0.5,C,0.0,Fraco,1.98,1.93,2.15,2.05,1267283.17,False,0.0,False,0.0,False,0.0,False,0.0,False,0.0,False,False,1.45,2.1,False,False,False,False,False,False,False,-31.619000000000003,999.0,-0.29968217,947
USIM3,USINAS SID DE MINAS GERAIS S.A.-USIMINAS,BR_STOCK,USIM3,3.5,C,0.5,C,2.0,Fraco,6.68,8.41,7.39,6.86,11096147.71,False,0.0,False,0.0,False,0.0,False,0.0,False,0.0,False,False,4.08,8.04,False,False,False,False,False,False,False,-9.325,999.0,0.4003836,948
ORBX39,ORBX39,BDR,ORBX (BDR: ORBX39),3.5,C,0.5,C,0.0,Fraco,39.61,53.86,,,1524747.36,False,0.0,False,0.0,False,0.0,False,0.0,False,0.0,False,False,1.18,56.2,False,False,False,False,False,False,False,0.0,999.0,999.0,949
BMEB3,BCO MERCANTIL DO BRASIL S.A.,BR_STOCK,BMEB3,3.5,C,0.5,C,4.0,Forte,49.7,53.66,58.16,55.13,139160.0,False,0.0,False,0.0,False,0.0,False,0.0,False,0.0,False,False,0.62,52.98,False,False,False,False,False,False,False,32.384997999999996,6.3799744,2.0515995,950
E1DU34,E1DU34,BDR,EDU (BDR: E1DU34),3.5,C,0.5,C,4.0,Forte,56.58,47.78,53.01,53.36,135557480.29,False,0.0,False,0.0,False,0.0,False,0.0,False,0.0,False,False,3.15,58.77,False,False,False,False,False,False,False,12.483,18.86,2.183039,951
R2HH34,R2HH34,BDR,RH (BDR: R2HH34),3.5,C,0.5,C,0.0,Fraco,166.21,158.85,162.68,163.42,145826842.54,False,0.0,False,0.0,False,0.0,False,0.0,False,0.0,False,False,1.28,193.45,False,False,False,False,False,False,False,0.0,32.086876,55.182602,952
ETHY11,ETHY11,ETF,ETHY11,3.5,C,0.5,C,0.0,Fraco,50.3,50.45,,,107591.7,False,0.0,False,0.0,False,0.0,False,0.0,False,0.0,False,False,0.29,53.0,False,False,False,False,False,False,False,0.0,999.0,999.0,953
N1GG34,N1GG34,BDR,NGG (BDR: N1GG34),3.5,C,0.5,C,3.0,OK,80.39,82.11,83.22,80.78,66801034.67,False,0.0,False,0.0,False,0.0,False,0.0,False,0.0,False,False,1.09,85.02,False,False,False,False,False,False,False,8.405999999999999,18.48046,9.192125,954
C1HR34,C1HR34,BDR,CHRW (BDR: C1HR34),3.5,C,0.5,C,3.0,OK,146.92,186.29,178.88,170.87,1064542785.25,False,0.0,False,0.0,False,0.0,False,0.0,False,0.0,False,False,2.83,210.33,False,False,False,False,False,False,False,34.838,29.801218,10.186507,955
ENGI11,ENERGISA S.A.,BR_STOCK,ENGI11,3.5,C,0.5,C,1.0,Fraco,49.61,48.22,50.45,49.65,114698321.41,False,0.0,False,0.0,False,0.0,False,0.0,False,0.0,False,False,0.92,52.3,False,False,False,False,False,False,False,12.091000000000001,35.949276,0.96511877,956
CHIP11,CHIP11,ETF,CHIP11,3.5,C,0.5,C,0.0,Fraco,33.57,37.68,32.34,58.83,1206170.09,False,0.0,False,0.0,False,0.0,False,0.0,False,0.0,False,False,0.41,40.2,False,False,False,False,False,False,False,0.0,999.0,999.0,957
DIVS11,DIVS11,ETF,DIVS11,3.5,C,0.5,C,0.0,Fraco,94.91,98.8,98.98,97.24,1929900.01,False,0.0,False,0.0,False,0.0,False,0.0,False,0.0,False,False,1.39,100.21,False,False,False,False,False,False,False,0.0,999.0,999.0,958
SPCX34,SPCX34,BDR,SPCX (BDR: SPCX34),3.5,C,0.5,C,2.0,Fraco,112.2,146.53,,,6152557743.05,False,0.0,False,0.0,False,0.0,False,0.0,False,0.0,False,False,0.78,171.74,False,False,False,False,False,False,False,0.0,999.0,18.838146,959
G2DD34,G2DD34,BDR,GDDY (BDR: G2DD34),3.5,C,0.5,C,4.0,Forte,99.33,87.13,91.45,100.84,128573052.36,False,0.0,False,0.0,False,0.0,False,0.0,False,0.0,False,False,0.78,106.0,False,False,False,False,False,False,False,398.215,15.74168,55.522636,960
V1RS34,V1RS34,BDR,VRSK (BDR: V1RS34),3.5,C,0.5,C,1.0,Fraco,200.35,184.79,191.0,198.59,433645567.21,False,0.0,False,0.0,False,0.0,False,0.0,False,0.0,False,False,1.12,226.08,False,False,False,False,False,False,False,0.0,30.823078,-22.478403,961
MOSC34,MOSC34,BDR,MOS (BDR: MOSC34),3.0,C,0.5,C,2.0,Fraco,22.77,22.15,24.51,24.75,105039719.86,False,0.0,False,0.0,False,0.0,False,0.0,False,0.0,True,False,0.68,23.4,False,False,False,False,False,False,False,0.59399996,162.64285,0.61313516,962
HYPE3,HYPERA S.A.,BR_STOCK,HYPE3,3.0,C,0.5,C,3.0,OK,21.65,20.96,22.18,22.5,45458504.2,False,0.0,False,0.0,False,0.0,False,0.0,False,0.0,True,False,0.58,21.82,False,False,False,False,False,False,False,12.954001000000002,8.263359,1.0784557,963
T1EL34,T1EL34,BDR,TEL (BDR: T1EL34),3.0,C,0.5,C,4.0,Forte,206.58,205.58,214.62,218.79,627461552.8,False,0.0,False,0.0,False,0.0,False,0.0,False,0.0,True,False,0.88,215.03,False,False,False,False,False,False,False,23.290001,20.252941,4.5218344,964
MBRF3,MBRF3,BR_STOCK,MBRF3,3.0,C,0.5,C,0.0,Fraco,17.96,16.07,17.98,18.16,172071159.23,False,0.0,False,0.0,False,0.0,False,0.0,False,0.0,True,False,1.16,18.21,False,False,False,False,False,False,False,0.0,0.0,0.0,965
CRIP34,CRIP34,BDR,TCOM (BDR: CRIP34),3.0,C,0.5,C,4.0,Forte,46.48,44.92,53.11,57.65,169534310.97,False,0.0,False,0.0,False,0.0,False,0.0,False,0.0,True,False,1.0,47.27,False,False,False,False,False,False,False,20.143999,6.947683,1.2372646,966
SUZB3,SUZANO S.A.,BR_STOCK,SUZB3,3.0,C,0.5,C,2.0,Fraco,42.73,41.65,47.52,47.53,153212686.36,False,0.0,False,0.0,False,0.0,False,0.0,False,0.0,True,False,0.67,43.5,False,False,False,False,False,False,False,26.295,4.649619,1.0995599,967
A2LC34,A2LC34,BDR,ALC (BDR: A2LC34),3.0,C,0.5,C,2.0,Fraco,69.61,67.22,73.92,74.58,170842641.13,False,0.0,False,0.0,False,0.0,False,0.0,False,0.0,True,False,1.11,71.49,False,False,False,False,False,False,False,3.7100002,41.682636,1.5339357,968
VLID3,VALID SOLUÇÕES S.A.,BR_STOCK,VLID3,3.0,C,0.5,C,2.0,Fraco,18.1,17.56,19.45,19.67,2448930.05,False,0.0,False,0.0,False,0.0,False,0.0,False,0.0,True,False,0.79,18.35,False,False,False,False,False,False,False,14.402999999999999,5.83871,0.8259183,969
FESA4,CIA FERRO LIGAS DA BAHIA - FERBASA,BR_STOCK,FESA4,3.0,C,0.5,C,2.0,Fraco,6.01,6.05,7.08,7.01,2153984.08,False,0.0,False,0.0,False,0.0,False,0.0,False,0.0,True,False,0.81,6.18,False,False,False,False,False,False,False,4.873,13.3555565,0.62054724,970
OBTC3,ORANJEBTC S.A. - EDUCAÇÃO E INVESTIMENTO,BR_STOCK,OBTC3,3.0,C,0.5,C,1.0,Fraco,6.23,6.22,7.13,7.31,842919.0,False,0.0,False,0.0,False,0.0,False,0.0,False,0.0,True,False,0.76,6.48,False,False,False,False,False,False,False,0.0,999.0,1.467609,971
VSLH11,VSLH11,ETF,VSLH11,3.0,C,0.5,C,0.0,Fraco,1.8,1.71,1.85,1.92,94593.6,False,0.0,False,0.0,False,0.0,False,0.0,False,0.0,True,False,1.6,1.8,False,False,False,False,False,False,False,0.0,999.0,999.0,972
ETHE11,ETHE11,ETF,ETHE11,3.0,C,0.5,C,0.0,Fraco,27.99,26.71,33.04,38.04,1729166.21,False,0.0,False,0.0,False,0.0,False,0.0,False,0.0,True,False,0.41,29.12,False,False,False,False,False,False,False,0.0,999.0,999.0,973
B1IL34,B1IL34,BDR,BILI (BDR: B1IL34),3.0,C,0.5,C,2.0,Fraco,18.7,17.69,23.59,24.43,48062050.06,False,0.0,False,0.0,False,0.0,False,0.0,False,0.0,True,False,1.22,19.09,False,False,False,False,False,False,False,9.361,37.4,3.3932278,974
P2LN34,P2LN34,BDR,PLNT (BDR: P2LN34),3.0,C,0.5,C,2.0,Fraco,55.98,52.34,71.85,79.62,79289399.59,False,0.0,False,0.0,False,0.0,False,0.0,False,0.0,True,False,0.71,57.02,False,False,False,False,False,False,False,0.0,20.209387,-9.186085,975
A1PO34,A1PO34,BDR,APO (BDR: A1PO34),3.0,C,0.5,C,0.0,Fraco,120.25,125.52,124.63,126.21,577239201.5,False,0.0,False,0.0,False,0.0,False,0.0,False,0.0,True,False,1.24,125.61,False,False,False,False,False,False,False,8.491999999999999,75.62893,3.7365608,976
E2PA34,E2PA34,BDR,EPAM (BDR: E2PA34),3.0,C,0.5,C,4.0,Forte,103.66,91.6,134.13,145.36,192842954.87,False,0.0,False,0.0,False,0.0,False,0.0,False,0.0,True,False,1.37,109.01,False,False,False,False,False,False,False,10.932,14.893679,1.5938865,977
P1DD34,P1DD34,BDR,PDD (BDR: P1DD34),3.0,C,0.5,C,4.0,Forte,87.44,84.32,97.33,104.02,512942553.44,False,0.0,False,0.0,False,0.0,False,0.0,False,0.0,True,False,0.89,89.71,False,False,False,False,False,False,False,25.4,9.165619,1.9638028,978
MDTC34,MDTC34,BDR,MDT (BDR: MDTC34),3.0,C,2.0,C,3.0,OK,85.71,80.31,86.8,88.82,542003721.24,False,0.0,False,0.0,False,0.0,False,0.0,False,0.0,True,False,0.85,88.98,False,False,False,False,False,True,False,9.8409995,22.978552,2.2182825,979
RBRR11,RBRR11,ETF,RBRR11,3.0,C,0.5,C,0.0,Fraco,75.62,78.56,80.62,79.88,2544083.75,False,0.0,False,0.0,False,0.0,False,0.0,False,0.0,True,False,0.6,78.38,False,False,False,False,False,False,False,0.0,999.0,999.0,980
U1HS34,U1HS34,BDR,UHS (BDR: U1HS34),3.0,C,0.5,C,5.0,Forte,163.29,151.15,181.19,191.54,189470604.49,False,0.0,False,0.0,False,0.0,False,0.0,False,0.0,True,False,1.06,170.0,False,False,False,False,False,False,False,20.948,6.664898,1.3704573,981
VGRI11,VGRI11,ETF,VGRI11,3.0,C,0.5,C,0.0,Fraco,5.77,5.6,6.8,6.88,168299.36,False,0.0,False,0.0,False,0.0,False,0.0,False,0.0,True,False,0.75,5.81,False,False,False,False,False,False,False,0.0,999.0,999.0,982
LIFE11,LIFE11,ETF,LIFE11,3.0,C,0.5,C,1.0,Fraco,7.23,7.27,7.82,7.67,548663.01,False,0.0,False,0.0,False,0.0,False,0.0,False,0.0,True,False,0.77,7.44,False,False,False,False,False,False,False,0.0,3.6700506,999.0,983
DEFI11,DEFI11,ETF,DEFI11,3.0,C,0.5,C,0.0,Fraco,12.49,12.03,13.88,16.34,439985.22,False,0.0,False,0.0,False,0.0,False,0.0,False,0.0,True,False,3.91,12.68,False,False,False,False,False,False,False,0.0,999.0,999.0,984
GLDI11,GLDI11,ETF,GLDI11,3.0,C,0.5,C,0.0,Fraco,53.62,54.31,58.75,57.73,1696912.11,False,0.0,False,0.0,False,0.0,False,0.0,False,0.0,True,False,2.76,55.37,False,False,False,False,False,False,False,0.0,999.0,999.0,985
L1VS34,L1VS34,BDR,LVS (BDR: L1VS34),3.0,C,0.5,C,2.0,Fraco,49.87,48.23,53.45,55.44,299778238.36,False,0.0,False,0.0,False,0.0,False,0.0,False,0.0,True,False,0.98,48.78,False,False,False,False,False,False,False,122.869,19.329458,55.59643,986
NBIT11,NBIT11,ETF,NBIT11,3.0,C,0.5,C,0.0,Fraco,26.31,26.26,30.02,33.22,50094.24,False,0.0,False,0.0,False,0.0,False,0.0,False,0.0,True,False,1.28,26.82,False,False,False,False,False,False,False,0.0,999.0,999.0,987
INLG11,INLG11,ETF,INLG11,3.0,C,0.5,C,1.0,Fraco,65.86,66.41,70.17,69.9,125529.16,False,0.0,False,0.0,False,0.0,False,0.0,False,0.0,True,False,1.22,70.23,False,False,False,False,False,False,False,0.0,4.7110157,999.0,988
RNEW3,RENOVA ENERGIA S.A.,BR_STOCK,RNEW3,3.0,C,0.5,C,2.0,Fraco,0.79,0.86,1.01,1.0,67071.0,False,0.0,False,0.0,False,0.0,False,0.0,False,0.0,True,False,1.91,0.84,False,False,False,False,False,False,False,-14.815000000000001,999.0,0.25558072,989
RNEW4,RENOVA ENERGIA S.A.,BR_STOCK,RNEW4,3.0,C,0.5,C,2.0,Fraco,0.78,0.84,0.96,0.96,74022.0,False,0.0,False,0.0,False,0.0,False,0.0,False,0.0,True,False,0.97,0.83,False,False,False,False,False,False,False,-14.815000000000001,999.0,0.2523455,990
ETER3,ETERNIT S.A.,BR_STOCK,ETER3,3.0,C,0.5,C,2.0,Fraco,3.78,3.68,3.82,3.86,129276.0,False,0.0,False,0.0,False,0.0,False,0.0,False,0.0,True,False,0.73,3.86,False,False,False,False,False,False,False,3.061,4.909091,0.28106177,991
F1IS34,F1IS34,BDR,FISV (BDR: F1IS34),3.0,C,0.5,C,1.0,Fraco,54.07,52.25,58.19,63.37,381935013.82,False,0.0,False,0.0,False,0.0,False,0.0,False,0.0,True,False,1.23,56.0,False,False,False,False,False,False,False,0.0,9.164407,1.0999227,992
LBRD34,LBRD34,BDR,LBRDK (BDR: LBRD34),3.0,C,0.5,C,1.0,Fraco,33.36,31.92,42.94,44.88,30603463.76,False,0.0,False,0.0,False,0.0,False,0.0,False,0.0,True,False,0.47,34.44,False,False,False,False,False,False,False,-29.59,999.0,0.8116393,993
M1CB34,M1CB34,BDR,TAP (BDR: M1CB34),3.0,C,0.5,C,3.0,OK,41.55,40.3,43.54,43.84,97696097.71,False,0.0,False,0.0,False,0.0,False,0.0,False,0.0,True,False,0.82,43.62,False,False,False,False,False,False,False,-18.080999000000002,999.0,0.77598286,994
ROXO34,ROXO34,BDR,NU (BDR: ROXO34),3.0,C,0.5,C,3.0,OK,14.49,13.14,14.79,15.12,657927916.07,False,0.0,False,0.0,False,0.0,False,0.0,False,0.0,True,False,0.4,14.85,False,False,False,False,False,False,False,30.055,22.292309,5.5967555,995
CSED3,CRUZEIRO DO SUL EDUCACIONAL S.A.,BR_STOCK,CSED3,3.0,C,0.5,C,3.0,OK,4.38,3.89,5.19,5.24,814242.02,False,0.0,False,0.0,False,0.0,False,0.0,False,0.0,True,False,0.99,4.3,False,False,False,False,False,False,False,16.947001,5.84,0.96646076,996
T1LK34,T1LK34,BDR,TLK (BDR: T1LK34),3.0,C,0.5,C,3.0,OK,14.56,14.5,16.84,17.4,9066337.54,False,0.0,False,0.0,False,0.0,False,0.0,False,0.0,True,False,0.76,15.21,False,False,False,False,False,False,False,14.213999999999999,16.0,0.010517214,997
I2NG34,I2NG34,BDR,INGR (BDR: I2NG34),3.0,C,0.5,C,3.0,OK,100.33,99.6,107.59,107.99,46905178.83,False,0.0,False,0.0,False,0.0,False,0.0,False,0.0,True,False,0.78,104.3,False,False,False,False,False,False,False,16.193001000000002,9.647116,1.4421239,998
MYPK3,IOCHPE MAXION S.A.,BR_STOCK,MYPK3,3.0,C,0.5,C,1.0,Fraco,9.56,9.15,9.64,9.84,6777084.3,False,0.0,False,0.0,False,0.0,False,0.0,False,0.0,True,False,1.1,9.61,False,False,False,False,False,False,False,4.679,15.672132,0.3493769,999
USDB11,USDB11,ETF,USDB11,3.0,C,0.5,C,0.0,Fraco,97.26,98.9,100.0,101.01,548643.67,False,0.0,False,0.0,False,0.0,False,0.0,False,0.0,True,False,0.86,101.27,False,False,False,False,False,False,False,0.0,999.0,999.0,1000
RBRL11,RBRL11,ETF,RBRL11,3.0,C,0.5,C,1.0,Fraco,71.67,76.32,83.09,82.4,283884.86,False,0.0,False,0.0,False,0.0,False,0.0,False,0.0,True,False,0.68,74.64,False,False,False,False,False,False,False,0.0,7.328221,999.0,1001
LOGN3,LOG-IN LOGISTICA INTERMODAL S.A.,BR_STOCK,LOGN3,3.0,C,0.5,C,0.0,Fraco,27.5,28.02,30.73,31.15,514250.0,False,0.0,False,0.0,False,0.0,False,0.0,False,0.0,True,False,2.12,28.34,False,False,False,False,False,False,False,2.8320000000000003,101.851845,2.7783391,1002
L1UL34,L1UL34,BDR,LULU (BDR: L1UL34),3.0,C,0.5,C,4.0,Forte,119.47,118.71,152.89,159.35,235174467.52,False,0.0,False,0.0,False,0.0,False,0.0,False,0.0,True,False,0.78,122.0,False,False,False,False,False,False,False,32.027,9.666263,2.8329737,1003
BRST3,BRISANET SERVIÇOS DE TELECOMUNICAÇÕES S.A.,BR_STOCK,BRST3,3.0,C,0.5,C,1.0,Fraco,2.77,2.76,3.02,3.05,306085.0,False,0.0,False,0.0,False,0.0,False,0.0,False,0.0,True,False,0.54,2.91,False,False,False,False,False,False,False,2.5390001,34.625,0.77634525,1004
D2PZ34,D2PZ34,BDR,DPZ (BDR: D2PZ34),3.0,C,0.5,C,3.0,OK,352.25,313.25,356.03,369.47,285612754.0,False,0.0,False,0.0,False,0.0,False,0.0,False,0.0,True,False,0.64,364.58,False,False,False,False,False,False,False,0.0,19.968822,-2.9249842,1005
AURO11,AURO11,ETF,AURO11,3.0,C,0.5,C,0.0,Fraco,91.27,93.88,102.57,101.86,171678.86,False,0.0,False,0.0,False,0.0,False,0.0,False,0.0,True,False,0.59,95.62,False,False,False,False,False,False,False,0.0,999.0,999.0,1006
W1YN34,W1YN34,BDR,WYNN (BDR: W1YN34),3.0,C,0.5,C,2.0,Fraco,100.7,100.3,105.41,109.76,122971613.87,False,0.0,False,0.0,False,0.0,False,0.0,False,0.0,True,False,0.83,100.81,False,False,False,False,False,False,False,0.0,28.853867,-48.600384,1007
SUIN11,SUIN11,ETF,SUIN11,3.0,C,0.5,C,0.0,Fraco,86.63,84.7,89.03,90.3,154634.55,False,0.0,False,0.0,False,0.0,False,0.0,False,0.0,True,False,1.54,89.2,False,False,False,False,False,False,False,0.0,999.0,999.0,1008
SMAC11,SMAC11,ETF,SMAC11,3.0,C,0.5,C,1.0,Fraco,56.32,56.48,60.25,59.68,52208.64,False,0.0,False,0.0,False,0.0,False,0.0,False,0.0,True,False,0.01,58.45,False,False,False,False,False,False,False,0.0,9.727805,999.0,1009
BABA34,BABA34,BDR,BABA (BDR: BABA34),3.0,C,0.5,C,4.0,Forte,116.32,113.97,133.48,140.17,834435127.25,False,0.0,False,0.0,False,0.0,False,0.0,False,0.0,True,False,0.78,121.86,False,False,False,False,False,False,False,9.2159994,17.895384,1.724619,1010
SCAR3,SAO CARLOS EMPREEND E PARTICIPACOES S.A.,BR_STOCK,SCAR3,3.0,C,0.5,C,1.0,Fraco,13.1,12.57,13.8,14.3,93010.0,False,0.0,False,0.0,False,0.0,False,0.0,False,0.0,True,False,0.62,13.53,False,False,False,False,False,False,False,-6.578,999.0,0.7239169,1011
EIDO39,ISHARES MSCI INDONESIA ETF,BDR,EIDO (BDR: EIDO39),3.0,C,0.5,C,1.0,Fraco,12.37,12.15,15.07,15.77,26162463.17,False,0.0,False,0.0,False,0.0,False,0.0,False,0.0,True,False,1.7,12.71,False,False,False,False,False,False,False,0.0,9.670702,999.0,1012
ITIT11,ITIT11,ETF,ITIT11,3.0,C,0.5,C,0.0,Fraco,61.91,67.59,69.65,68.34,129825.27,False,0.0,False,0.0,False,0.0,False,0.0,False,0.0,True,False,0.5,63.95,False,False,False,False,False,False,False,0.0,47.259544,999.0,1013
TRIG11,TRIG11,ETF,TRIG11,3.0,C,0.5,C,1.0,Fraco,43.03,43.98,48.07,47.5,50818.43,False,0.0,False,0.0,False,0.0,False,0.0,False,0.0,True,False,0.66,45.13,False,False,False,False,False,False,False,0.0,7.2824283,999.0,1014
BNDX11,BNDX11,ETF,BNDX11,3.0,C,0.5,C,0.0,Fraco,96.6,97.99,99.03,100.32,205564.8,False,0.0,False,0.0,False,0.0,False,0.0,False,0.0,True,False,1.17,101.34,False,False,False,False,False,False,False,0.0,999.0,999.0,1015
ENGI3,ENERGISA S.A.,BR_STOCK,ENGI3,3.0,C,0.5,C,2.0,Fraco,11.99,11.87,12.44,12.52,53955.0,False,0.0,False,0.0,False,0.0,False,0.0,False,0.0,True,False,1.68,12.53,False,False,False,False,False,False,False,12.091000000000001,16.652777,0.23325486,1016
ETHA39,ISHARES ETHEREUM TRUST ETF,BDR,ETHA (BDR: ETHA39),3.0,C,0.5,C,0.0,Fraco,14.51,13.73,16.61,18.82,324887814.26,False,0.0,False,0.0,False,0.0,False,0.0,False,0.0,True,False,0.71,14.92,False,False,False,False,False,False,False,0.0,999.0,999.0,1017
F1NI34,F1NI34,BDR,FIS (BDR: F1NI34),3.0,C,0.5,C,4.0,Forte,46.0,41.0,47.74,51.8,279007710.0,False,0.0,False,0.0,False,0.0,False,0.0,False,0.0,True,False,1.17,47.0,False,False,False,False,False,False,False,17.224999999999998,8.914729,1.4885286,1018
RAPT4,RANDONCORP S.A.,BR_STOCK,RAPT4,3.0,C,0.5,C,0.0,Fraco,4.88,4.81,5.47,5.6,8086648.19,False,0.0,False,0.0,False,0.0,False,0.0,False,0.0,True,False,1.03,5.0,False,False,False,False,False,False,False,-2.5209999,999.0,0.54745346,1019
AZEV3,AZEVEDO E TRAVASSOS S.A.,BR_STOCK,AZEV3,3.0,C,0.5,C,1.0,Fraco,3.9,2.59,4.29,4.73,7269990.18,False,0.0,False,0.0,False,0.0,False,0.0,False,0.0,True,False,1.4,3.13,False,False,False,False,False,False,False,-145.301,999.0,1.0260458,1020
AMER3,AMERICANAS S.A,BR_STOCK,AMER3,3.0,C,0.5,C,2.0,Fraco,4.53,4.36,5.09,5.23,6284922.29,False,0.0,False,0.0,False,0.0,False,0.0,False,0.0,True,False,0.97,4.7,False,False,False,False,False,False,False,4.694,1.7224334,0.20476429,1021
RAPT3,RANDONCORP S.A.,BR_STOCK,RAPT3,3.0,C,0.5,C,0.0,Fraco,4.75,4.75,5.46,5.59,54625.0,False,0.0,False,0.0,False,0.0,False,0.0,False,0.0,True,False,0.41,4.92,False,False,False,False,False,False,False,-2.5209999,999.0,0.5328697,1022
P2OS34,P2OS34,BDR,POST (BDR: P2OS34),3.0,C,0.5,C,3.0,OK,92.96,90.81,98.19,99.48,55236180.74,False,0.0,False,0.0,False,0.0,False,0.0,False,0.0,True,False,0.69,97.7,False,False,False,False,False,False,False,9.616,15.597315,1.3189745,1023
F1MC34,F1MC34,BDR,FMC (BDR: F1MC34),3.0,C,0.5,C,0.0,Fraco,11.83,11.65,13.84,14.76,107510755.39,False,0.0,False,0.0,False,0.0,False,0.0,False,0.0,True,False,2.61,12.3,False,False,False,False,False,False,False,-78.36799599999999,999.0,0.71346724,1024
XINA11,XINA11,ETF,XINA11,3.0,C,0.5,C,1.0,Fraco,7.32,7.1,7.68,7.92,740615.66,False,0.0,False,0.0,False,0.0,False,0.0,False,0.0,True,False,1.08,7.37,False,False,False,False,False,False,False,0.0,12.201294,999.0,1025
SMAL11,SMAL11,ETF,SMAL11,3.0,C,0.5,C,1.0,Fraco,107.36,108.18,115.25,114.17,161425960.12,False,0.0,False,0.0,False,0.0,False,0.0,False,0.0,True,False,1.17,111.89,False,False,False,False,False,False,False,0.0,9.848244,999.0,1026
SSFO34,SSFO34,BDR,CRM (BDR: SSFO34),3.0,C,0.5,C,3.0,OK,180.71,170.78,190.62,204.48,1823412759.44,False,0.0,False,0.0,False,0.0,False,0.0,False,0.0,True,False,0.74,190.18,False,False,False,False,False,False,False,16.908,20.939745,4.3231025,1027
STOC34,STOC34,BDR,STNE (BDR: STOC34),3.0,C,0.5,C,4.0,Forte,11.43,10.99,11.83,12.33,32723142.18,False,0.0,False,0.0,False,0.0,False,0.0,False,0.0,True,False,0.89,11.43,False,False,False,False,False,False,False,30.7,4.2333336,1.1515414,1028
I1QY34,I1QY34,BDR,IQ (BDR: I1QY34),3.0,C,0.5,C,0.0,Fraco,1.28,1.1,1.42,1.6,8538794.05,False,0.0,False,0.0,False,0.0,False,0.0,False,0.0,True,False,0.93,1.27,False,False,False,False,False,False,False,-5.125,999.0,0.6401408,1029
CHCM34,CHCM34,BDR,CHTR (BDR: CHCM34),3.0,C,0.5,C,3.0,OK,142.0,136.2,184.06,192.88,473351746.0,False,0.0,False,0.0,False,0.0,False,0.0,False,0.0,True,False,0.85,146.85,False,False,False,False,False,False,False,27.201998,3.69503,0.99914163,1030
S1BS34,S1BS34,BDR,SBSW (BDR: S1BS34),3.0,C,0.5,C,2.0,Fraco,9.09,9.6,12.76,12.46,42743644.11,False,0.0,False,0.0,False,0.0,False,0.0,False,0.0,True,False,1.02,9.16,False,False,False,False,False,False,False,-10.2510005,999.0,5.4408956,1031
SPXI11,SPXI11,ETF,SPXI11,3.0,C,0.5,C,0.0,Fraco,51.7,52.3,98.03,173.12,4615310.77,False,0.0,False,0.0,False,0.0,False,0.0,False,0.0,True,False,1.01,53.76,False,False,False,False,False,False,False,0.0,25.788141,999.0,1032
W1BO34,W1BO34,BDR,WB (BDR: W1BO34),3.0,C,0.5,C,3.0,OK,8.12,7.72,8.61,8.92,6802643.58,False,0.0,False,0.0,False,0.0,False,0.0,False,0.0,True,False,1.04,8.16,False,False,False,False,False,False,False,10.436,5.678322,0.5034722,1033
P2OD34,P2OD34,BDR,PODD (BDR: P2OD34),3.0,C,0.5,C,4.0,Forte,165.68,155.11,205.29,232.89,198920038.25,False,0.0,False,0.0,False,0.0,False,0.0,False,0.0,True,False,0.93,172.92,False,False,False,False,False,False,False,22.997999,38.710278,8.809954,1034
QETH11,QETH11,ETF,QETH11,3.0,C,0.5,C,0.0,Fraco,6.85,6.57,8.11,9.37,150816.45,False,0.0,False,0.0,False,0.0,False,0.0,False,0.0,True,False,0.47,7.1,False,False,False,False,False,False,False,0.0,999.0,999.0,1035
DEVA11,DEVA11,ETF,DEVA11,3.0,C,0.5,C,1.0,Fraco,18.86,17.89,21.2,21.36,238220.67,False,0.0,False,0.0,False,0.0,False,0.0,False,0.0,True,False,0.63,19.14,False,False,False,False,False,False,False,0.0,15.983052,999.0,1036
I1DX34,I1DX34,BDR,IDXX (BDR: I1DX34),3.0,C,0.5,C,4.0,Forte,558.8,556.85,598.07,620.88,235634778.85,False,0.0,False,0.0,False,0.0,False,0.0,False,0.0,True,False,0.88,581.37,False,False,False,False,False,False,False,72.91499999999999,41.0279,28.455034,1037
GMAT3,GRUPO MATEUS S.A.,BR_STOCK,GMAT3,3.0,C,0.5,C,4.0,Forte,3.98,3.95,4.5,4.79,19076538.09,False,0.0,False,0.0,False,0.0,False,0.0,False,0.0,True,False,1.14,4.07,False,False,False,False,False,False,False,16.014999,5.0379744,0.83701366,1038
GEHC34,GEHC34,BDR,GEHC (BDR: GEHC34),3.0,C,0.5,C,4.0,Forte,69.94,63.88,71.5,73.03,528611993.77,False,0.0,False,0.0,False,0.0,False,0.0,False,0.0,True,False,1.12,72.04,False,False,False,False,False,False,False,19.462,16.115208,2.982262,1039
Z2LL34,Z2LL34,BDR,Z (BDR: Z2LL34),3.0,C,0.5,C,3.0,OK,33.71,33.33,44.85,51.82,112526943.42,False,0.0,False,0.0,False,0.0,False,0.0,False,0.0,True,False,1.06,34.8,False,False,False,False,False,False,False,1.332,134.84,1.65961,1040
CLXC34,CLXC34,BDR,CLX (BDR: CLXC34),3.0,C,0.5,C,4.0,Forte,96.73,95.38,102.33,103.01,182452422.52,False,0.0,False,0.0,False,0.0,False,0.0,False,0.0,True,False,0.88,101.37,False,False,False,False,False,False,False,546.0989999999999,15.728456,-174.60289,1041
ASAI3,SENDAS DISTRIBUIDORA S.A.,BR_STOCK,ASAI3,3.0,C,0.5,C,2.0,Fraco,8.41,8.45,8.52,8.54,43360277.21,False,0.0,False,0.0,False,0.0,False,0.0,True,1.0,False,False,0.63,9.0,False,False,False,False,False,False,False,12.42,22.729729,1.9165907,1042
V1IP34,V1IP34,BDR,VIPS (BDR: V1IP34),3.0,C,0.5,C,5.0,Forte,15.19,13.99,15.24,16.02,16441139.09,False,0.0,False,0.0,False,0.0,False,0.0,False,0.0,True,False,0.62,15.23,False,False,False,False,False,False,False,17.788999999999998,6.9045453,1.2082675,1043
SAPP34,SAPP34,BDR,SAP (BDR: SAPP34),3.0,C,0.5,C,4.0,Forte,180.88,166.45,184.81,200.82,714564650.49,False,0.0,False,0.0,False,0.0,False,0.0,False,0.0,True,False,0.94,188.86,False,False,False,False,False,False,False,18.320999,23.831358,57.807667,1044
RAIL3,RUMO S.A.,BR_STOCK,RAIL3,3.0,C,0.5,C,1.0,Fraco,14.28,13.62,14.9,15.09,91247770.29,False,0.0,False,0.0,False,0.0,False,0.0,False,0.0,True,False,0.62,14.42,False,False,False,False,False,False,False,7.3340000000000005,25.5,1.907306,1045
TOTS3,TOTVS S.A.,BR_STOCK,TOTS3,3.0,C,0.5,C,4.0,Forte,31.13,29.68,34.79,36.99,186179185.98,False,0.0,False,0.0,False,0.0,False,0.0,False,0.0,True,False,1.4,30.49,False,False,False,False,False,False,False,16.914,21.17687,3.6362574,1046
C1AG34,C1AG34,BDR,CAG (BDR: C1AG34),3.0,C,0.5,C,1.0,Fraco,15.03,13.82,15.37,15.73,195457105.48,False,0.0,False,0.0,False,0.0,False,0.0,False,0.0,True,False,0.82,15.7,False,False,False,False,False,False,False,-25.063999999999997,999.0,1.1313511,1047
CSAN3,COSAN S.A.,BR_STOCK,CSAN3,3.0,C,0.5,C,0.0,Fraco,3.99,3.78,4.9,5.18,68377827.16,False,0.0,False,0.0,False,0.0,False,0.0,False,0.0,True,False,1.18,4.1,False,False,False,False,False,False,False,0.0,0.0,0.0,1048
M1LC34,M1LC34,BDR,MLCO (BDR: M1LC34),3.0,C,0.5,C,3.0,OK,5.76,5.48,5.84,6.5,11685007.18,False,0.0,False,0.0,False,0.0,False,0.0,False,0.0,True,False,0.99,5.74,False,False,False,False,False,False,False,0.0,9.931035,-1.8343949,1049
D2OX34,D2OX34,BDR,DOX (BDR: D2OX34),3.0,C,0.5,C,4.0,Forte,55.28,55.12,64.75,68.06,60427451.15,False,0.0,False,0.0,False,0.0,False,0.0,False,0.0,True,False,0.77,57.1,False,False,False,False,False,False,False,15.858,11.033932,1.7351454,1050
S2CH34,S2CH34,BDR,SQM (BDR: S2CH34),2.5,C,0.5,C,3.0,OK,68.43,75.41,77.72,71.93,115815175.18,False,0.0,False,0.0,False,0.0,False,0.0,False,0.0,False,False,1.73,75.7,False,False,False,False,False,False,False,13.402,23.926575,3.3400037,1051
TIMS3,TIM S.A.,BR_STOCK,TIMS3,2.5,C,0.5,C,0.0,Fraco,19.3,22.03,23.99,23.69,177573502.98,False,0.0,False,0.0,False,0.0,False,0.0,False,0.0,False,False,0.98,23.17,False,False,False,False,False,False,False,0.0,0.0,0.0,1052
LREN3,LOJAS RENNER S.A.,BR_STOCK,LREN3,2.5,C,0.5,C,0.0,Fraco,13.52,14.33,14.3,14.23,111039763.76,False,0.0,False,0.0,False,0.0,False,0.0,False,0.0,False,False,0.76,15.22,False,False,False,False,False,False,False,0.0,0.0,0.0,1053
VIVT3,TELEFÔNICA BRASIL S.A,BR_STOCK,VIVT3,2.5,C,0.5,C,0.0,Fraco,32.63,33.94,35.65,34.68,264906663.67,False,0.0,False,0.0,False,0.0,False,0.0,False,0.0,False,False,1.43,36.5,False,False,False,False,False,False,False,0.0,0.0,0.0,1054
B1BW34,B1BW34,BDR,BBWI (BDR: B1BW34),2.5,C,0.5,C,2.0,Fraco,19.95,19.85,20.15,20.4,67725624.19,False,0.0,False,0.0,False,0.0,False,0.0,False,0.0,False,False,0.69,23.41,False,False,False,False,False,False,False,0.0,5.667614,-3.5391166,1055
MDNE3,MOURA DUBEUX ENGENHARIA S/A,BR_STOCK,MDNE3,2.5,C,0.5,C,5.0,Forte,24.72,27.04,28.64,27.29,22705319.37,False,0.0,False,0.0,False,0.0,False,0.0,False,0.0,False,False,0.75,30.98,False,False,False,False,False,False,False,27.16,4.3597884,1.2059714,1056
L1MN34,L1MN34,BDR,LUMN (BDR: L1MN34),2.5,C,0.5,C,0.0,Fraco,6.56,7.97,7.92,8.07,79990356.42,False,0.0,False,0.0,False,0.0,False,0.0,False,0.0,False,False,1.17,7.66,False,False,False,False,False,False,False,0.0,999.0,-5.129007,1057
SANB3,BCO SANTANDER (BRASIL) S.A.,BR_STOCK,SANB3,2.5,C,0.5,C,3.0,OK,12.54,12.81,14.46,14.42,12636557.96,False,0.0,False,0.0,False,0.0,False,0.0,False,0.0,False,False,2.71,13.84,False,False,False,False,False,False,False,10.467,7.6463413,0.37142348,1058
W1BD34,W1BD34,BDR,WBD (BDR: W1BD34),2.5,C,0.5,C,1.0,Fraco,25.47,26.62,27.41,26.43,580862003.85,False,0.0,False,0.0,False,0.0,False,0.0,False,0.0,False,False,0.88,27.65,False,False,False,False,False,False,False,-4.9590003000000005,999.0,1.9599845,1059
W1DA34,W1DA34,BDR,WDAY (BDR: W1DA34),2.5,C,0.5,C,3.0,OK,158.11,135.61,145.58,165.96,1070244696.81,False,0.0,False,0.0,False,0.0,False,0.0,False,0.0,False,False,1.36,170.4,False,False,False,False,False,False,False,10.857999999999999,49.25545,5.891054,1060
WALM34,WALM34,BDR,WMT (BDR: WALM34),2.5,C,0.5,C,4.0,Forte,111.1,116.09,121.15,117.62,2986057656.69,False,0.0,False,0.0,False,0.0,False,0.0,False,0.0,False,False,1.22,118.09,False,False,False,False,False,False,False,24.132,39.11972,9.3771105,1061
TRBL11,TRBL11,ETF,TRBL11,2.5,C,0.5,C,0.0,Fraco,57.68,59.32,64.84,62.71,511448.56,False,0.0,False,0.0,False,0.0,False,0.0,False,0.0,False,False,0.74,61.89,False,False,False,False,False,False,False,-7.179,999.0,0.6964417,1062
D1HI34,D1HI34,BDR,DHI (BDR: D1HI34),2.5,C,0.5,C,2.0,Fraco,145.53,150.75,149.54,149.67,222916012.22,False,0.0,False,0.0,False,0.0,False,0.0,False,0.0,False,False,0.48,163.99,False,False,False,False,False,False,False,12.631999999999998,13.873213,1.7151848,1063
RBRX11,RBRX11,ETF,RBRX11,2.5,C,0.5,C,0.0,Fraco,7.58,8.01,8.09,7.86,1360412.91,False,0.0,False,0.0,False,0.0,False,0.0,False,0.0,False,False,0.63,8.15,False,False,False,False,False,False,False,0.0,29.153847,999.0,1064
S2GM34,S2GM34,BDR,SGML (BDR: S2GM34),2.5,C,0.5,C,1.0,Fraco,9.98,12.9,14.22,12.73,13078220.54,False,0.0,False,0.0,False,0.0,False,0.0,False,0.0,False,False,0.79,13.12,False,False,False,False,False,False,False,-49.056998,999.0,15.353846,1065
ENJU3,ENJOEI S.A.,BR_STOCK,ENJU3,2.5,C,0.5,C,2.0,Fraco,0.7,0.81,0.85,0.83,1339449.98,False,0.0,False,0.0,False,0.0,False,0.0,False,0.0,False,False,1.58,1.02,False,False,False,False,False,False,False,-5.757000000000001,999.0,0.4834254,1066
A1ZN34,A1ZN34,BDR,AZN (BDR: A1ZN34),2.5,C,0.5,C,4.0,Forte,171.34,179.46,187.52,183.97,373076050.71,False,0.0,False,0.0,False,0.0,False,0.0,False,0.0,False,False,0.82,196.41,False,False,False,False,False,False,False,21.965,25.688154,5.283869,1067
VCRA11,VCRA11,ETF,VCRA11,2.5,C,0.5,C,0.0,Fraco,57.54,60.19,60.99,59.48,627301.09,False,0.0,False,0.0,False,0.0,False,0.0,False,0.0,False,False,0.93,62.36,False,False,False,False,False,False,False,0.0,999.0,999.0,1068
RBHY11,RBHY11,ETF,RBHY11,2.5,C,0.5,C,1.0,Fraco,68.94,72.73,74.11,72.91,428668.94,False,0.0,False,0.0,False,0.0,False,0.0,False,0.0,False,False,1.14,75.29,False,False,False,False,False,False,False,0.0,5.7787094,999.0,1069
PICE11,PICE11,ETF,PICE11,2.5,C,0.5,C,0.0,Fraco,30.51,32.59,32.4,32.15,175340.97,False,0.0,False,0.0,False,0.0,False,0.0,False,0.0,False,False,4.56,33.86,False,False,False,False,False,False,False,0.0,999.0,999.0,1070
BMEB4,BCO MERCANTIL DO BRASIL S.A.,BR_STOCK,BMEB4,2.5,C,0.5,C,4.0,Forte,58.7,67.82,71.25,68.24,1115300.01,False,0.0,False,0.0,False,0.0,False,0.0,False,0.0,False,False,0.64,67.19,False,False,False,False,False,False,False,32.384997999999996,7.5353017,2.4231167,1071
GOEX39,GLOBAL X GOLD EXPLORERS ETF,BDR,GOEX (BDR: GOEX39),2.5,C,0.5,C,1.0,Fraco,71.22,72.56,84.01,80.75,118731.41,False,0.0,False,0.0,False,0.0,False,0.0,False,0.0,False,False,0.34,76.0,False,False,False,False,False,False,False,0.0,13.043417,999.0,1072
COTY34,COTY34,BDR,COTY (BDR: COTY34),2.5,C,0.5,C,1.0,Fraco,2.69,2.2,2.45,2.75,14941328.25,False,0.0,False,0.0,False,0.0,False,0.0,False,0.0,False,False,0.57,2.85,False,False,False,False,False,False,False,-13.938,999.0,0.76572734,1073
KIVO11,KIVO11,ETF,KIVO11,2.5,C,0.5,C,1.0,Fraco,56.81,58.42,60.35,59.01,204175.14,False,0.0,False,0.0,False,0.0,False,0.0,False,0.0,False,False,0.45,61.63,False,False,False,False,False,False,False,0.0,6.3474865,999.0,1074
RENT3,LOCALIZA RENT A CAR S.A.,BR_STOCK,RENT3,2.5,C,0.5,C,3.0,OK,38.23,40.19,44.06,43.17,178943158.86,False,0.0,False,0.0,False,0.0,False,0.0,False,0.0,False,False,0.58,42.03,False,False,False,False,False,False,False,8.53,18.4686,1.5913253,1075
MULT3,MULTIPLAN - EMPREEND IMOBILIARIOS S.A.,BR_STOCK,MULT3,2.5,C,0.5,C,5.0,Forte,28.23,28.78,30.24,29.6,187548824.96,False,0.0,False,0.0,False,0.0,False,0.0,False,0.0,False,False,2.28,30.5,False,False,False,False,False,False,False,20.018,11.42915,2.1379883,1076
PGMN3,EMPREENDIMENTOS PAGUE MENOS S.A.,BR_STOCK,PGMN3,2.5,C,0.5,C,3.0,OK,3.19,3.79,5.35,5.15,11780989.21,False,0.0,False,0.0,False,0.0,False,0.0,False,0.0,False,False,0.92,3.85,False,False,False,False,False,False,False,10.118,6.510204,0.6852846,1077
EART39,EART39,BDR,EART (BDR: EART39),2.5,C,0.5,C,0.0,Fraco,27.24,29.32,30.94,29.38,86024.24,False,0.0,False,0.0,False,0.0,False,0.0,False,0.0,False,False,0.14,29.39,False,False,False,False,False,False,False,0.0,21.310728,999.0,1078
EQTL3,EQUATORIAL S.A.,BR_STOCK,EQTL3,2.5,C,0.5,C,1.0,Fraco,38.66,38.8,40.18,39.49,155815263.39,False,0.0,False,0.0,False,0.0,False,0.0,False,0.0,False,False,0.71,41.09,False,False,False,False,False,False,False,6.935999499999999,41.12766,1.8923151,1079
LWSA3,LWSA S.A.,BR_STOCK,LWSA3,2.5,C,0.5,C,3.0,OK,3.77,3.83,3.9,3.9,14088489.93,False,0.0,False,0.0,False,0.0,False,0.0,True,0.8,False,False,1.51,4.21,False,False,False,False,False,False,False,-8.613,999.0,0.88228416,1080
S2EA34,S2EA34,BDR,SE (BDR: S2EA34),2.5,C,0.5,C,3.0,OK,106.24,96.3,99.87,111.0,355637755.41,False,0.0,False,0.0,False,0.0,False,0.0,False,0.0,False,False,0.76,115.72,False,False,False,False,False,False,False,14.856,41.82677,5.055196,1081
E2AG34,E2AG34,BDR,EXP (BDR: E2AG34),2.5,C,0.5,C,3.0,OK,205.48,213.99,210.55,212.64,116865103.73,False,0.0,False,0.0,False,0.0,False,0.0,False,0.0,False,False,0.99,225.33,False,False,False,False,False,False,False,27.029999999999998,15.613981,4.2568884,1082
CURY3,CURY CONSTRUTORA E INCORPORADORA S.A.,BR_STOCK,CURY3,2.5,C,0.5,C,5.0,Forte,30.4,32.07,33.23,32.89,89369918.88,False,0.0,False,0.0,False,0.0,False,0.0,False,0.0,False,False,0.99,35.5,False,False,False,False,False,False,False,73.690003,8.49162,6.0630236,1083
RIAA3,RIAA3,BR_STOCK,RIAA3,2.5,C,0.5,C,4.0,Forte,7.85,8.59,8.93,8.53,23539009.71,False,0.0,False,0.0,False,0.0,False,0.0,False,0.0,False,False,2.55,9.17,False,False,False,False,False,False,False,28.160998,2.6079733,0.7402169,1084
PRIF11,PRIF11,ETF,PRIF11,2.5,C,0.5,C,0.0,Fraco,90.08,97.38,99.14,97.97,102150.72,False,0.0,False,0.0,False,0.0,False,0.0,False,0.0,False,False,1.04,109.99,False,False,False,False,False,False,False,0.0,999.0,999.0,1085
PKIN11,PKIN11,ETF,PKIN11,2.5,C,0.5,C,0.0,Fraco,115.19,120.03,120.68,119.92,60129.18,False,0.0,False,0.0,False,0.0,False,0.0,False,0.0,False,False,0.64,124.97,False,False,False,False,False,False,False,0.0,999.0,999.0,1086
LPSB3,LPS BRASIL - CONSULTORIA DE IMOVEIS S.A.,BR_STOCK,LPSB3,2.5,C,0.5,C,4.0,Forte,1.46,1.51,1.64,1.59,532170.01,False,0.0,False,0.0,False,0.0,False,0.0,False,0.0,False,False,4.91,1.54,False,False,False,False,False,False,False,22.142999999999997,4.866667,0.84149855,1087
TAEE4,TRANSMISSORA ALIANÇA DE ENERGIA ELÉTRICA S.A.,BR_STOCK,TAEE4,2.5,C,0.5,C,3.0,OK,13.37,13.41,13.65,13.45,2496178.98,False,0.0,False,0.0,False,0.0,False,0.0,False,0.0,False,False,1.07,14.08,False,False,False,False,False,False,False,20.559,8.796053,0.57868767,1088
T1AM34,T1AM34,BDR,TEAM (BDR: T1AM34),2.5,C,0.5,C,1.0,Fraco,98.12,90.24,93.09,109.19,381034116.43,False,0.0,False,0.0,False,0.0,False,0.0,False,0.0,False,False,0.95,106.72,False,False,False,False,False,False,False,-19.288999,999.0,28.556461,1089
BOTZ39,GLOBAL X ROBOTICS & ARTIFICIAL INTELLIGENCE ETF,BDR,BOTZ (BDR: BOTZ39),2.5,C,0.5,C,0.0,Fraco,34.9,37.25,37.17,36.88,30450809.73,False,0.0,False,0.0,False,0.0,False,0.0,False,0.0,False,False,1.04,38.43,False,False,False,False,False,False,False,0.0,34.231796,999.0,1090
PGCO34,PGCO34,BDR,PG (BDR: PGCO34),2.5,C,0.5,C,3.0,OK,143.96,146.29,146.53,145.86,1119133575.39,False,0.0,False,0.0,False,0.0,False,0.0,False,0.0,False,False,0.95,153.68,False,False,False,False,False,False,False,30.290001999999998,21.046783,6.2371655,1091
L1EG34,L1EG34,BDR,LEG (BDR: L1EG34),2.5,C,0.5,C,2.0,Fraco,10.02,10.7,10.92,10.62,17204200.51,False,0.0,False,0.0,False,0.0,False,0.0,False,0.0,False,False,0.93,11.98,False,False,False,False,False,False,False,25.155002,6.223603,1.3154786,1092
AURE3,AUREN ENERGIA S.A.,BR_STOCK,AURE3,2.5,C,0.5,C,1.0,Fraco,11.2,11.78,12.1,11.97,28463679.52,False,0.0,False,0.0,False,0.0,False,0.0,False,0.0,False,False,1.09,13.03,False,False,False,False,False,False,False,-8.761,999.0,0.9822838,1093
MOVI3,MOVIDA PARTICIPACOES SA,BR_STOCK,MOVI3,2.5,C,0.5,C,3.0,OK,7.99,9.1,11.04,10.55,19207160.45,False,0.0,False,0.0,False,0.0,False,0.0,False,0.0,False,False,0.51,9.66,False,False,False,False,False,False,False,12.866999000000002,7.609524,0.8834587,1094
TAEE11,TRANSMISSORA ALIANÇA DE ENERGIA ELÉTRICA S.A.,BR_STOCK,TAEE11,2.5,C,0.5,C,2.0,Fraco,39.87,39.9,40.63,40.1,91007259.56,False,0.0,False,0.0,False,0.0,False,0.0,False,0.0,False,False,1.12,42.09,False,False,False,False,False,False,False,20.559,40.272724,1.7256751,1095
EGIE3,ENGIE BRASIL ENERGIA S.A.,BR_STOCK,EGIE3,2.5,C,0.5,C,3.0,OK,29.99,32.57,32.68,31.87,96237909.27,False,0.0,False,0.0,False,0.0,False,0.0,False,0.0,False,False,0.6,33.81,False,False,False,False,False,False,False,20.204,13.44843,2.5186865,1096
SIVR39,ABRDN PHYSICAL SILVER SHARES ETF,BDR,SIVR (BDR: SIVR39),2.5,C,0.5,C,0.0,Fraco,56.22,61.26,71.83,66.75,49117784.69,False,0.0,False,0.0,False,0.0,False,0.0,False,0.0,False,False,0.99,59.22,False,False,False,False,False,False,False,0.0,999.0,999.0,1097
SAPR3,CIA SANEAMENTO DO PARANA - SANEPAR,BR_STOCK,SAPR3,2.5,C,0.5,C,3.0,OK,7.94,8.38,9.43,8.92,593118.0,False,0.0,False,0.0,False,0.0,False,0.0,False,0.0,False,False,0.67,8.59,False,False,False,False,False,False,False,9.897999500000001,10.447369,0.18895315,1098
WUNI34,WUNI34,BDR,WU (BDR: WUNI34),2.5,C,0.5,C,2.0,Fraco,7.69,7.78,8.51,8.44,140582190.66,False,0.0,False,0.0,False,0.0,False,0.0,False,0.0,False,False,1.93,8.95,False,False,False,False,False,False,False,47.657,5.654412,2.6407967,1099
L1HX34,L1HX34,BDR,LHX (BDR: L1HX34),2.5,C,0.5,C,2.0,Fraco,271.9,298.25,324.7,314.47,1012379657.97,False,0.0,False,0.0,False,0.0,False,0.0,False,0.0,False,False,2.73,308.89,False,False,False,False,False,False,False,0.0,27.436932,2.6454306,1100
J1KH34,J1KH34,BDR,JKHY (BDR: J1KH34),2.5,C,0.5,C,4.0,Forte,154.24,139.7,156.0,158.4,121292180.96,False,0.0,False,0.0,False,0.0,False,0.0,False,0.0,False,False,0.84,162.96,False,False,False,False,False,False,False,24.892001,21.5419,5.144935,1101
ATTB34,ATTB34,BDR,T (BDR: ATTB34),2.5,C,0.5,C,4.0,Forte,23.21,22.66,24.75,24.64,974261737.86,False,0.0,False,0.0,False,0.0,False,0.0,False,0.0,False,False,0.43,25.32,False,False,False,False,False,False,False,18.339,7.6600657,1.4455655,1102
IBCR11,IBCR11,ETF,IBCR11,2.5,C,0.5,C,1.0,Fraco,42.99,46.56,47.62,46.61,118867.35,False,0.0,False,0.0,False,0.0,False,0.0,False,0.0,False,False,3.3,47.85,False,False,False,False,False,False,False,0.0,4.573405,999.0,1103
GZIT11,GZIT11,ETF,GZIT11,2.5,C,0.5,C,1.0,Fraco,40.64,41.38,42.71,42.34,134559.04,False,0.0,False,0.0,False,0.0,False,0.0,False,0.0,False,False,0.44,44.05,False,False,False,False,False,False,False,0.0,9.562353,999.0,1104
A1LB34,A1LB34,BDR,ALB (BDR: A1LB34),2.5,C,0.5,C,2.0,Fraco,117.76,144.62,164.89,151.8,209748581.08,False,0.0,False,0.0,False,0.0,False,0.0,False,0.0,False,False,0.79,139.88,False,False,False,False,False,False,False,-1.82,999.0,1.822995,1105
AWII34,AWII34,BDR,AWI (BDR: AWII34),2.5,C,0.5,C,3.0,OK,174.37,157.81,171.54,175.89,66394339.93,False,0.0,False,0.0,False,0.0,False,0.0,False,0.0,False,False,0.51,188.59,False,False,False,False,False,False,False,36.618,23.919067,8.419604,1106
R1SG34,R1SG34,BDR,RSG (BDR: R1SG34),2.5,C,0.5,C,3.0,OK,211.33,212.24,213.87,213.45,314763780.59,False,0.0,False,0.0,False,0.0,False,0.0,False,0.0,False,False,1.1,228.22,False,False,False,False,False,False,False,18.346001,30.363506,5.4332066,1107
EMAE4,EMAE - EMPRESA METROP.AGUAS ENERGIA S.A.,BR_STOCK,EMAE4,2.5,C,0.5,C,3.0,OK,36.0,37.47,41.84,40.86,82800.0,False,0.0,False,0.0,False,0.0,False,0.0,False,0.0,False,False,0.55,38.45,False,False,False,False,False,False,False,-13.79,999.0,2.1433675,1108
JSLG3,JSL S.A.,BR_STOCK,JSLG3,2.5,C,0.5,C,1.0,Fraco,5.65,5.78,6.72,6.17,2536285.04,False,0.0,False,0.0,False,0.0,False,0.0,False,0.0,False,False,0.71,5.97,False,False,False,False,False,False,False,-6.431000000000001,999.0,1.3824321,1109
ALPA4,ALPARGATAS S.A.,BR_STOCK,ALPA4,2.5,C,0.5,C,5.0,Forte,11.73,12.25,12.63,11.97,7514237.71,False,0.0,False,0.0,False,0.0,False,0.0,False,0.0,False,False,0.48,12.44,False,False,False,False,False,False,False,16.464001,13.639534,2.299549,1110
CEBR3,CIA ENERGETICA DE BRASILIA,BR_STOCK,CEBR3,2.5,C,0.5,C,3.0,OK,23.8,25.26,27.64,26.2,116620.0,False,0.0,False,0.0,False,0.0,False,0.0,False,0.0,False,False,0.67,25.88,False,False,False,False,False,False,False,16.638,10.72072,1.8140243,1111
DASA3,DIAGNOSTICOS DA AMERICA S.A.,BR_STOCK,DASA3,2.5,C,0.5,C,0.0,Fraco,2.64,2.8,3.4,3.14,1665048.07,False,0.0,False,0.0,False,0.0,False,0.0,False,0.0,False,False,0.52,3.2,False,False,False,False,False,False,False,-13.780999999999999,999.0,0.48052424,1112
N1OW34,N1OW34,BDR,NOW (BDR: N1OW34),2.5,C,0.5,C,2.0,Fraco,110.07,105.44,109.71,125.29,2933093068.62,False,0.0,False,0.0,False,0.0,False,0.0,False,0.0,False,False,0.87,118.36,False,False,False,False,False,False,False,14.244000000000002,68.79375,9.679036,1113
VTRU3,VITRU EDUCAÇÃO S.A,BR_STOCK,VTRU3,2.5,C,0.5,C,5.0,Forte,12.93,13.02,14.02,13.6,5338797.13,False,0.0,False,0.0,False,0.0,False,0.0,False,0.0,False,False,1.07,13.83,False,False,False,False,False,False,False,35.219001999999996,1.6792209,0.46423957,1114
PHGN34,PHGN34,BDR,PHG (BDR: PHGN34),2.5,C,0.5,C,3.0,OK,26.44,26.63,27.22,27.08,41687631.56,False,0.0,False,0.0,False,0.0,False,0.0,False,0.0,False,False,0.94,28.53,False,False,False,False,False,False,False,10.154,20.338463,1.9414843,1115
VFCO34,VFCO34,BDR,VFC (BDR: VFCO34),2.5,C,0.5,C,2.0,Fraco,14.96,16.82,18.02,17.51,193734394.09,False,0.0,False,0.0,False,0.0,False,0.0,False,0.0,False,False,1.4,18.26,False,False,False,False,False,False,False,22.092,21.68116,1.5823989,1116
PCAR3,CIA BRASILEIRA DE DISTRIBUICAO,BR_STOCK,PCAR3,2.5,C,0.5,C,0.0,Fraco,2.74,2.23,2.71,2.99,11287978.04,False,0.0,False,0.0,False,0.0,False,0.0,False,0.0,False,False,1.3,2.94,False,False,False,False,False,False,False,-109.664,999.0,2.0311341,1117
TTEN3,TRÊS TENTOS AGROINDUSTRIAL S/A,BR_STOCK,TTEN3,2.5,C,0.5,C,3.0,OK,12.07,14.87,15.71,15.61,50423630.73,False,0.0,False,0.0,False,0.0,False,0.0,False,0.0,False,False,1.79,15.91,False,False,False,False,False,False,False,15.687001,8.6214285,1.2640067,1118
C1CJ34,C1CJ34,BDR,CCJ (BDR: C1CJ34),2.5,C,0.5,C,3.0,OK,88.23,99.92,109.31,104.58,328066503.78,False,0.0,False,0.0,False,0.0,False,0.0,False,0.0,False,False,0.91,104.2,False,False,False,False,False,False,False,9.5979996,83.235855,7.673919,1119
PEPB34,PEPB34,BDR,PEP (BDR: PEPB34),2.5,C,0.5,C,4.0,Forte,140.2,141.36,148.76,147.59,1089061519.09,False,0.0,False,0.0,False,0.0,False,0.0,False,0.0,False,False,0.96,149.04,False,False,False,False,False,False,False,51.507999999999996,18.374836,8.666625,1120
S2NA34,S2NA34,BDR,SNAP (BDR: S2NA34),2.0,C,0.5,C,1.0,Fraco,4.69,5.02,5.62,6.18,117143843.28,False,0.0,False,0.0,False,0.0,False,0.0,False,0.0,True,False,0.77,4.89,False,False,False,False,False,False,False,-18.648,999.0,3.8192182,1121
FOXC34,FOXC34,BDR,FOX (BDR: FOXC34),2.0,C,0.5,C,3.0,OK,52.34,52.52,55.98,56.46,43494644.81,False,0.0,False,0.0,False,0.0,False,0.0,False,0.0,True,False,0.69,52.9,False,False,False,False,False,False,False,15.2,13.7736845,2.0078256,1122
COIN11,COIN11,ETF,COIN11,2.0,C,0.5,C,0.0,Fraco,38.27,39.05,43.82,47.89,601527.87,False,0.0,False,0.0,False,0.0,False,0.0,False,0.0,True,False,0.36,39.53,False,False,False,False,False,False,False,0.0,999.0,999.0,1123
ARRI11,ARRI11,ETF,ARRI11,2.0,C,0.5,C,1.0,Fraco,4.63,4.63,5.58,5.66,65843.23,False,0.0,False,0.0,False,0.0,False,0.0,False,0.0,True,False,0.56,4.72,False,False,False,False,False,False,False,0.0,4.7244897,999.0,1124
HODL11,HODL11,ETF,HODL11,2.0,C,0.5,C,0.0,Fraco,55.14,56.01,63.81,70.34,384546.36,False,0.0,False,0.0,False,0.0,False,0.0,False,0.0,True,False,0.55,57.25,False,False,False,False,False,False,False,0.0,999.0,999.0,1125
HIGH11,HIGH11,ETF,HIGH11,2.0,C,0.5,C,1.0,Fraco,81.86,82.81,92.56,93.34,400704.7,False,0.0,False,0.0,False,0.0,False,0.0,False,0.0,True,False,0.32,85.0,False,False,False,False,False,False,False,0.0,10.417076,999.0,1126
VGHF11,VGHF11,ETF,VGHF11,2.0,C,0.5,C,1.0,Fraco,5.83,5.91,6.39,6.47,1595012.19,False,0.0,False,0.0,False,0.0,False,0.0,False,0.0,True,False,0.97,6.02,False,False,False,False,False,False,False,0.0,10.599999,999.0,1127
OURO11,OURO11,ETF,OURO11,2.0,C,0.5,C,0.0,Fraco,92.3,93.45,101.43,101.43,590720.02,False,0.0,False,0.0,False,0.0,False,0.0,False,0.0,True,False,2.76,94.5,False,False,False,False,False,False,False,0.0,999.0,999.0,1128
BITH11,BITH11,ETF,BITH11,2.0,C,0.5,C,0.0,Fraco,73.5,75.12,85.72,94.57,3987301.5,False,0.0,False,0.0,False,0.0,False,0.0,False,0.0,True,False,0.49,76.63,False,False,False,False,False,False,False,0.0,999.0,999.0,1129
TGAR11,TGAR11,ETF,TGAR11,2.0,C,0.5,C,0.0,Fraco,50.5,52.88,66.71,69.71,1505405.0,False,0.0,False,0.0,False,0.0,False,0.0,False,0.0,True,False,0.59,54.1,False,False,False,False,False,False,False,0.0,999.0,999.0,1130
FIIB11,FIIB11,ETF,FIIB11,2.0,C,0.5,C,0.0,Fraco,438.95,444.36,452.4,454.84,133879.75,False,0.0,False,0.0,False,0.0,False,0.0,False,0.0,True,False,0.65,444.9,False,False,False,False,False,False,False,0.0,999.0,999.0,1131
INBR32,INTER CO INC,BDR,INTR (BDR: INBR32),2.0,C,0.5,C,4.0,Forte,5.64,5.69,7.4,7.75,24908117.53,False,0.0,False,0.0,False,0.0,False,0.0,False,0.0,True,False,1.13,5.93,False,False,False,False,False,False,False,15.526000000000002,9.096774,1.2433081,1132
TGMA3,TEGMA GESTAO LOGISTICA S.A.,BR_STOCK,TGMA3,2.0,C,0.5,C,4.0,Forte,30.55,30.7,33.5,33.93,7057049.82,False,0.0,False,0.0,False,0.0,False,0.0,False,0.0,True,False,1.55,31.89,False,False,False,False,False,False,False,25.372,8.462604,2.2112043,1133
DISB34,DISB34,BDR,DIS (BDR: DISB34),2.0,C,0.5,C,3.0,OK,96.16,98.84,102.54,103.89,1639715478.29,False,0.0,False,0.0,False,0.0,False,0.0,False,0.0,True,False,1.62,99.85,False,False,False,False,False,False,False,11.01,15.385601,1.5435736,1134
FRAS3,FRASLE MOBILITY S.A.,BR_STOCK,FRAS3,2.0,C,0.5,C,0.0,Fraco,20.83,20.97,22.12,22.34,3070341.99,False,0.0,False,0.0,False,0.0,False,0.0,False,0.0,True,False,0.97,21.4,False,False,False,False,False,False,False,11.21,23.144445,2.4005992,1135
BITO39,ISHARES CORE S&P TOTAL US STOCK MARKET ETF,BDR,BITO (BDR: BITO39),2.0,C,0.5,C,0.0,Fraco,8.77,8.89,10.01,10.91,496758802.67,False,0.0,False,0.0,False,0.0,False,0.0,False,0.0,True,False,0.18,9.08,False,False,False,False,False,False,False,0.0,999.0,999.0,1136
FIIP11,FIIP11,ETF,FIIP11,2.0,C,0.5,C,0.0,Fraco,131.49,131.83,135.7,139.18,160286.32,False,0.0,False,0.0,False,0.0,False,0.0,False,0.0,True,False,1.06,134.9,False,False,False,False,False,False,False,7.7309996000000005,999.0,0.65888643,1137
B1SX34,B1SX34,BDR,BSX (BDR: B1SX34),2.0,C,0.5,C,4.0,Forte,46.0,46.81,65.03,73.41,1046951904.0,False,0.0,False,0.0,False,0.0,False,0.0,False,0.0,True,False,1.04,47.16,False,False,False,False,False,False,False,0.0,18.623482,2.8150053,1138
BITB39,ISHARES U.S. HOME CONSTRUCTION ETF,BDR,BITB (BDR: BITB39),2.0,C,0.5,C,0.0,Fraco,35.14,35.54,39.74,43.15,40636808.93,False,0.0,False,0.0,False,0.0,False,0.0,False,0.0,True,False,1.19,36.33,False,False,False,False,False,False,False,0.0,999.0,999.0,1139
VULC3,VULCABRAS S.A.,BR_STOCK,VULC3,2.0,C,0.5,C,4.0,Forte,14.07,14.47,16.52,17.1,9789905.79,False,0.0,False,0.0,False,0.0,False,0.0,False,0.0,True,False,0.88,14.72,False,False,False,False,False,False,False,48.356,3.6076922,1.7635999,1140
M2PT34,M2PT34,BDR,MPT (BDR: M2PT34),2.0,C,0.5,C,1.0,Fraco,4.69,4.75,4.92,4.92,24978701.11,False,0.0,False,0.0,False,0.0,False,0.0,False,0.0,True,False,1.2,4.93,False,False,False,False,False,False,False,-2.6819998000000003,999.0,0.61686176,1141
KEPL3,KEPLER WEBER S.A.,BR_STOCK,KEPL3,2.0,C,0.5,C,3.0,OK,6.49,6.56,8.09,8.26,4049759.86,False,0.0,False,0.0,False,0.0,False,0.0,False,0.0,True,False,1.09,6.66,False,False,False,False,False,False,False,19.634001,7.6352935,1.4207531,1142
PSEC11,PSEC11,ETF,PSEC11,2.0,C,0.5,C,0.0,Fraco,53.95,56.21,57.52,57.61,1360511.12,False,0.0,False,0.0,False,0.0,False,0.0,False,0.0,True,False,0.81,56.34,False,False,False,False,False,False,False,0.0,47.324562,999.0,1143
Z1TS34,Z1TS34,BDR,ZTS (BDR: Z1TS34),2.0,C,0.5,C,4.0,Forte,76.03,76.78,103.76,109.48,290305420.37,False,0.0,False,0.0,False,0.0,False,0.0,False,0.0,True,False,0.67,79.43,False,False,False,False,False,False,False,67.74799999999999,12.463934,9.698941,1144
IBIT39,ISHARES BITCOIN TRUST,BDR,IBIT (BDR: IBIT39),2.0,C,0.5,C,0.0,Fraco,36.7,37.09,41.47,45.04,1310783796.55,False,0.0,False,0.0,False,0.0,False,0.0,False,0.0,True,False,1.04,37.93,False,False,False,False,False,False,False,0.0,999.0,999.0,1145
QBTC11,QBTC11,ETF,QBTC11,2.0,C,0.5,C,0.0,Fraco,19.88,20.18,23.0,25.41,1171826.55,False,0.0,False,0.0,False,0.0,False,0.0,False,0.0,True,False,0.66,20.6,False,False,False,False,False,False,False,0.0,999.0,999.0,1146
HASH11,HASH11,ETF,HASH11,2.0,C,0.5,C,0.0,Fraco,42.67,43.03,50.01,55.95,5533189.34,False,0.0,False,0.0,False,0.0,False,0.0,False,0.0,True,False,0.61,44.03,False,False,False,False,False,False,False,0.0,999.0,999.0,1147
U2PW34,U2PW34,BDR,UPWK (BDR: U2PW34),1.5,C,0.5,C,4.0,Forte,9.25,8.75,12.4,13.86,35083492.5,False,0.0,False,0.0,False,0.0,False,0.0,False,0.0,False,False,1.11,9.84,False,False,False,False,False,False,False,18.756,11.419753,2.0065076,1148
H2UB34,H2UB34,BDR,HUBS (BDR: H2UB34),1.5,C,0.5,C,2.0,Fraco,233.1,204.17,246.34,287.3,400952756.4,False,0.0,False,0.0,False,0.0,False,0.0,False,0.0,False,False,0.99,254.41,False,False,False,False,False,False,False,5.011,122.04189,6.064943,1149
LOWC34,LOWC34,BDR,LOW (BDR: LOWC34),1.5,C,0.5,C,2.0,Fraco,210.08,213.53,237.17,236.83,385723269.6,False,0.0,False,0.0,False,0.0,False,0.0,False,0.0,False,False,0.53,227.4,False,False,False,False,False,False,False,0.0,17.773266,-12.713629,1150
S2TW34,S2TW34,BDR,STWD (BDR: S2TW34),1.5,C,0.5,C,2.0,Fraco,16.23,16.52,16.89,16.88,61401723.79,False,0.0,False,0.0,False,0.0,False,0.0,False,0.0,False,False,1.17,17.19,False,False,False,False,False,False,False,5.3000003,17.08421,0.9027198,1151
P2TC34,P2TC34,BDR,PTC (BDR: P2TC34),1.5,C,0.5,C,5.0,Forte,136.3,127.13,144.44,154.44,442804226.01,False,0.0,False,0.0,False,0.0,False,0.0,False,0.0,False,True,2.0,132.75,False,False,False,False,False,False,False,34.4,13.220175,4.0785184,1152
G1LO34,G1LO34,BDR,GLOB (BDR: G1LO34),1.5,C,0.5,C,3.0,OK,36.39,34.63,46.19,50.39,52085370.03,False,0.0,False,0.0,False,0.0,False,0.0,False,0.0,False,False,0.87,38.97,False,False,False,False,False,False,False,5.204000000000001,14.792683,0.7386433,1153
QQQI11,QQQI11,ETF,QQQI11,1.5,C,0.5,C,0.0,Fraco,91.22,97.17,95.7,97.07,688528.57,False,0.0,False,0.0,False,0.0,False,0.0,False,0.0,False,False,0.35,100.68,False,False,False,False,False,False,False,0.0,29.554312,999.0,1154
D2OC34,D2OC34,BDR,DOCS (BDR: D2OC34),1.5,C,0.5,C,3.0,OK,21.24,20.96,26.6,33.73,79569669.46,False,0.0,False,0.0,False,0.0,False,0.0,False,0.0,False,False,1.24,23.57,False,False,False,False,False,False,False,19.282,21.67347,4.089334,1155
BBIG11,BBIG11,ETF,BBIG11,1.5,C,0.5,C,1.0,Fraco,5.46,6.07,6.62,6.58,968953.45,False,0.0,False,0.0,False,0.0,False,0.0,False,0.0,False,False,0.75,6.09,False,False,False,False,False,False,False,0.0,3.2694612,999.0,1156
BKCH39,GLOBAL X BLOCKCHAIN ETF,BDR,BKCH (BDR: BKCH39),1.5,C,0.5,C,1.0,Fraco,68.12,77.67,72.38,75.93,2813219.87,False,0.0,False,0.0,False,0.0,False,0.0,False,0.0,False,False,0.89,75.06,False,False,False,False,False,False,False,0.0,13.840745,999.0,1157
A2SO34,A2SO34,BDR,ASO (BDR: A2SO34),1.5,C,0.5,C,5.0,Forte,48.35,49.4,53.61,52.37,62211266.14,False,0.0,False,0.0,False,0.0,False,0.0,False,0.0,False,False,1.07,51.88,False,False,False,False,False,False,False,18.847998999999998,8.542403,1.4477348,1158
XPIE11,XPIE11,ETF,XPIE11,1.5,C,0.5,C,0.0,Fraco,43.37,47.55,50.07,49.7,1959976.99,False,0.0,False,0.0,False,0.0,False,0.0,False,0.0,False,False,1.03,46.92,False,False,False,False,False,False,False,0.0,999.0,999.0,1159
PVBI11,PVBI11,ETF,PVBI11,1.5,C,0.5,C,1.0,Fraco,69.31,71.92,75.3,75.03,2484694.1,False,0.0,False,0.0,False,0.0,False,0.0,False,0.0,False,False,0.78,73.49,False,False,False,False,False,False,False,0.0,7.3891253,999.0,1160
IBBP11,IBBP11,ETF,IBBP11,1.5,C,0.5,C,1.0,Fraco,7.48,7.88,7.98,7.98,219538.0,False,0.0,False,0.0,False,0.0,False,0.0,False,0.0,False,False,2.68,10.49,False,False,False,False,False,False,False,0.0,3.8163264,999.0,1161
A1UT34,A1UT34,BDR,ADSK (BDR: A1UT34),1.5,C,0.5,C,4.0,Forte,234.97,216.08,238.59,254.21,559442190.64,False,0.0,False,0.0,False,0.0,False,0.0,False,0.0,False,False,0.94,249.14,False,False,False,False,False,False,False,50.395999999999994,34.352337,15.546513,1162
T2YL34,T2YL34,BDR,TYL (BDR: T2YL34),1.5,C,0.5,C,3.0,OK,323.31,305.31,344.08,376.66,520607337.09,False,0.0,False,0.0,False,0.0,False,0.0,False,0.0,False,False,1.88,348.62,False,False,False,False,False,False,False,8.930001,42.54079,3.8568258,1163
JGPX11,JGPX11,ETF,JGPX11,1.5,C,0.5,C,0.0,Fraco,59.3,61.99,65.65,64.78,271475.4,False,0.0,False,0.0,False,0.0,False,0.0,False,0.0,False,False,1.47,64.0,False,False,False,False,False,False,False,0.0,999.0,999.0,1164
P2CF34,P2CF34,BDR,PAC (BDR: P2CF34),1.5,C,0.5,C,2.0,Fraco,219.58,236.12,251.08,245.42,41309805.32,False,0.0,False,0.0,False,0.0,False,0.0,False,0.0,False,False,1.1,258.15,False,False,False,False,False,False,False,28.030002,20.77389,628.28033,1165
GROP31,BRAZIL POTASH CORP.,BDR,GRO (BDR: GROP31),1.5,C,0.5,C,1.0,Fraco,2.05,2.25,2.65,2.56,165590.8,False,0.0,False,0.0,False,0.0,False,0.0,False,0.0,False,False,0.41,2.42,False,False,False,False,False,False,False,-35.457,999.0,0.75478643,1166
CYRE4,CYRELA BRAZIL REALTY S.A.EMPREEND E PART,BR_STOCK,CYRE4,1.5,C,0.5,C,3.0,OK,20.35,20.26,23.01,23.01,16306455.31,False,0.0,False,0.0,False,0.0,False,0.0,False,0.0,False,False,4.17,22.02,False,False,False,False,False,False,False,21.141,999.0,0.83490604,1167
K2CG34,K2CG34,BDR,KC (BDR: K2CG34),1.5,C,0.5,C,1.0,Fraco,10.14,10.82,12.84,12.65,10155240.76,False,0.0,False,0.0,False,0.0,False,0.0,False,0.0,False,False,0.88,11.16,False,False,False,False,False,False,False,-13.543999000000001,999.0,2.32426,1168
ANIM3,ANIMA HOLDING S.A.,BR_STOCK,ANIM3,1.5,C,0.5,C,0.0,Fraco,2.2,2.74,3.71,3.62,16929440.37,False,0.0,False,0.0,False,0.0,False,0.0,False,0.0,False,False,0.45,2.92,False,False,False,False,False,False,False,0.0,0.0,0.0,1169
BRKM5,BRASKEM S.A.,BR_STOCK,BRKM5,1.5,C,0.5,C,1.0,Fraco,5.93,7.83,9.03,8.59,44172568.72,False,0.0,False,0.0,False,0.0,False,0.0,False,0.0,False,False,1.22,7.04,False,False,False,False,False,False,False,0.0,999.0,-0.30032918,1170
CTSH34,CTSH34,BDR,CTSH (BDR: CTSH34),1.5,C,0.5,C,4.0,Forte,53.9,47.48,60.13,63.54,610096525.21,False,0.0,False,0.0,False,0.0,False,0.0,False,0.0,False,False,1.21,57.06,False,False,False,False,False,False,False,14.924000000000001,11.565451,1.7193033,1171
A2RE34,A2RE34,BDR,ARES (BDR: A2RE34),1.5,C,0.5,C,2.0,Fraco,124.12,123.15,125.59,131.94,311182375.97,False,0.0,False,0.0,False,0.0,False,0.0,False,0.0,False,False,1.25,131.34,False,False,False,False,False,False,False,14.182,57.198154,10.907813,1172
RBRP11,RBRP11,ETF,RBRP11,1.5,C,0.5,C,0.0,Fraco,45.9,48.35,50.4,49.98,589906.82,False,0.0,False,0.0,False,0.0,False,0.0,False,0.0,False,False,0.69,48.57,False,False,False,False,False,False,False,0.0,999.0,999.0,1173
EDGA11,EDGA11,ETF,EDGA11,1.5,C,0.5,C,2.0,Fraco,12.93,13.21,13.51,13.67,179959.74,False,0.0,False,0.0,False,0.0,False,0.0,False,0.0,False,False,2.46,14.95,False,False,False,False,False,False,False,-9.731,1.9910687,0.30826083,1174
W1IX34,W1IX34,BDR,WIX (BDR: W1IX34),1.5,C,0.5,C,1.0,Fraco,56.68,50.38,71.04,83.08,104685183.24,False,0.0,False,0.0,False,0.0,False,0.0,False,0.0,False,False,1.36,62.77,False,False,False,False,False,False,False,0.0,999.0,-23.153595,1175
SMTO3,SAO MARTINHO S.A.,BR_STOCK,SMTO3,1.5,C,0.5,C,3.0,OK,14.4,15.76,16.45,15.84,23653439.37,False,0.0,False,0.0,False,0.0,False,0.0,False,0.0,False,False,1.09,16.85,False,False,False,False,False,False,False,11.891,5.6916995,0.63116366,1176
SPGI34,SPGI34,BDR,SPGI (BDR: SPGI34),1.5,C,0.5,C,3.0,OK,415.0,410.33,423.5,433.55,1061148775.0,False,0.0,False,0.0,False,0.0,False,0.0,False,0.0,False,False,1.25,462.02,False,False,False,False,False,False,False,14.255,25.227962,3.9405966,1177
POMO3,MARCOPOLO S.A.,BR_STOCK,POMO3,1.5,C,0.5,C,4.0,Forte,4.94,5.46,5.75,5.68,2621164.03,False,0.0,False,0.0,False,0.0,False,0.0,False,0.0,False,False,0.33,5.63,False,False,False,False,False,False,False,30.911,4.94,1.5097799,1178
ADBE34,ADBE34,BDR,ADBE (BDR: ADBE34),1.5,C,0.5,C,5.0,Forte,247.9,228.43,256.68,276.89,1631115274.74,False,0.0,False,0.0,False,0.0,False,0.0,False,0.0,False,False,1.09,266.28,False,False,False,False,False,False,False,62.953996999999994,14.173814,8.58766,1179
BLAU3,BLAU FARMACÊUTICA S.A.,BR_STOCK,BLAU3,1.5,C,0.5,C,3.0,OK,8.62,9.93,10.14,9.91,3450585.95,False,0.0,False,0.0,False,0.0,False,0.0,False,0.0,False,False,1.5,10.63,False,False,False,False,False,False,False,10.8610004,9.170213,0.8680765,1180
APXM11,APXM11,ETF,APXM11,1.5,C,0.5,C,0.0,Fraco,63.5,69.24,74.29,74.05,120967.5,False,0.0,False,0.0,False,0.0,False,0.0,False,0.0,False,False,1.49,69.6,False,False,False,False,False,False,False,0.0,999.0,999.0,1181
QUBT34,QUBT34,BDR,QUBT (BDR: QUBT34),1.5,C,0.5,C,2.0,Fraco,8.02,9.59,9.33,10.38,63709087.16,False,0.0,False,0.0,False,0.0,False,0.0,False,0.0,False,False,0.91,10.02,False,False,False,False,False,False,False,-4.367999999999999,999.0,1.1322886,1182
I1FO34,I1FO34,BDR,INFY (BDR: I1FO34),1.5,C,0.5,C,5.0,Forte,11.95,11.57,13.63,14.44,195601707.68,False,0.0,False,0.0,False,0.0,False,0.0,False,0.0,False,False,0.53,12.7,False,False,False,False,False,False,False,32.0,14.753086,10.063158,1183
X1YL34,X1YL34,BDR,XYL (BDR: X1YL34),1.5,C,0.5,C,3.0,OK,116.82,114.69,122.89,127.81,239274461.61,False,0.0,False,0.0,False,0.0,False,0.0,False,0.0,False,False,0.86,127.16,False,False,False,False,False,False,False,9.182999,27.814287,2.4786758,1184
A1IV34,A1IV34,BDR,AIV (BDR: A1IV34),1.5,C,0.5,C,0.0,Fraco,2.66,2.86,2.94,2.94,1627930.69,False,0.0,False,0.0,False,0.0,False,0.0,False,0.0,False,False,0.61,3.01,False,False,False,False,False,False,False,9.6499994,22.166668,1.0302092,1185
CSUD3,CSU DIGITAL S.A.,BR_STOCK,CSUD3,1.5,C,0.5,C,4.0,Forte,14.13,15.37,16.99,16.85,524223.0,False,0.0,False,0.0,False,0.0,False,0.0,False,0.0,False,False,0.89,15.02,False,False,False,False,False,False,False,20.919999999999998,5.720648,1.2220012,1186
BRKM3,BRASKEM S.A.,BR_STOCK,BRKM3,1.5,C,0.5,C,1.0,Fraco,4.95,6.35,7.9,7.82,195524.99,False,0.0,False,0.0,False,0.0,False,0.0,False,0.0,False,False,1.42,5.92,False,False,False,False,False,False,False,0.0,999.0,-0.25069636,1187
AZUL3,AZUL S.A.,BR_STOCK,AZUL3,1.5,C,0.5,C,3.0,OK,22.36,22.52,1587710.51,1587710.51,1902836.05,False,0.0,False,0.0,False,0.0,False,0.0,False,0.0,False,False,1.02,24.77,False,False,False,False,False,False,False,0.0,2.2315369,-2.1626852,1188
D1XC34,D1XC34,BDR,DXC (BDR: D1XC34),1.5,C,0.5,C,0.0,Fraco,11.24,9.38,11.72,12.2,61058747.28,False,0.0,False,0.0,False,0.0,False,0.0,False,0.0,False,False,1.46,11.87,False,False,False,False,False,False,False,0.836,112.399994,0.6324556,1189
G1AR34,G1AR34,BDR,IT (BDR: G1AR34),1.5,C,0.5,C,3.0,OK,152.92,145.63,166.79,184.56,287454119.12,False,0.0,False,0.0,False,0.0,False,0.0,False,0.0,False,False,1.54,167.47,False,False,False,False,False,False,False,94.878,15.110672,163.7259,1190
G1MI34,G1MI34,BDR,GIS (BDR: G1MI34),1.5,C,0.5,C,1.0,Fraco,36.42,34.76,37.99,39.74,264814432.03,False,0.0,False,0.0,False,0.0,False,0.0,False,0.0,False,False,0.76,39.56,False,False,False,False,False,False,False,-1.028,999.0,3.5174809,1191
G1FI34,G1FI34,BDR,GFI (BDR: G1FI34),1.5,C,0.5,C,5.0,Forte,33.53,35.47,43.57,42.74,105005662.47,False,0.0,False,0.0,False,0.0,False,0.0,False,0.0,False,False,1.03,35.83,False,False,False,False,False,False,False,51.931000000000004,8.510152,7.112855,1192
FSLR34,FSLR34,BDR,FSLR (BDR: FSLR34),1.5,C,0.5,C,5.0,Forte,206.01,245.38,227.74,234.31,417599769.71,False,0.0,False,0.0,False,0.0,False,0.0,False,0.0,False,False,1.14,241.0,False,False,False,False,False,False,False,18.436000999999997,13.30814,2.2408466,1193
N1IC34,N1IC34,BDR,NICE (BDR: N1IC34),1.5,C,0.5,C,3.0,OK,98.88,93.68,104.71,108.31,49700844.06,False,0.0,False,0.0,False,0.0,False,0.0,False,0.0,False,False,0.68,105.84,False,False,False,False,False,False,False,14.760000000000002,11.729537,40.29011,1194
H1CA34,H1CA34,BDR,HCA (BDR: H1CA34),1.5,C,0.5,C,3.0,OK,395.79,386.81,452.34,456.0,410862879.44,False,0.0,False,0.0,False,0.0,False,0.0,False,0.0,False,False,0.57,429.54,False,False,False,False,False,False,False,0.0,13.263741,-13.277979,1195
JCCJ11,JCCJ11,ETF,JCCJ11,1.5,C,0.5,C,0.0,Fraco,134.01,146.46,147.92,147.57,215890.1,False,0.0,False,0.0,False,0.0,False,0.0,False,0.0,False,False,1.01,149.58,False,False,False,False,False,False,False,0.0,999.0,999.0,1196
BPAC3,BCO BTG PACTUAL S.A.,BR_STOCK,BPAC3,1.5,C,0.5,C,4.0,Forte,22.15,23.4,31.5,30.82,130685.0,False,0.0,False,0.0,False,0.0,False,0.0,False,0.0,False,False,0.33,24.77,False,False,False,False,False,False,False,24.84,14.668874,1.4331003,1197
COCE3,CIA ENERGETICA DO CEARA - COELCE,BR_STOCK,COCE3,1.5,C,0.5,C,3.0,OK,31.6,34.04,37.05,35.82,237000.0,False,0.0,False,0.0,False,0.0,False,0.0,False,0.0,False,False,0.0,36.0,False,False,False,False,False,False,False,9.372,13.333334,0.4864158,1198
WLMM4,WLM PART. E COMÉRCIO DE MÁQUINAS E VEÍCULOS S.A.,BR_STOCK,WLMM4,1.5,C,0.5,C,2.0,Fraco,16.28,18.67,20.51,19.88,130240.01,False,0.0,False,0.0,False,0.0,False,0.0,False,0.0,False,False,3.7,20.1,False,False,False,False,False,False,False,10.308,7.6431923,0.78933334,1199
ESPA3,MPM CORPÓREOS S.A.,BR_STOCK,ESPA3,1.5,C,0.5,C,4.0,Forte,7.9,7.6,9.37,9.67,89270.0,False,0.0,False,0.0,False,0.0,False,0.0,False,0.0,False,False,0.28,8.5,False,False,False,False,False,False,False,1.49,18.372093,0.32553157,1200
HSHY34,HSHY34,BDR,HSY (BDR: HSHY34),1.5,C,0.5,C,3.0,OK,177.23,180.02,194.25,190.19,295451973.3,False,0.0,False,0.0,False,0.0,False,0.0,False,0.0,False,False,0.96,188.37,False,False,False,False,False,False,False,23.233999999999998,33.003723,7.594053,1201
HOME34,HOME34,BDR,HD (BDR: HOME34),1.5,C,0.5,C,2.0,Fraco,333.35,329.86,341.3,345.56,1266892364.65,False,0.0,False,0.0,False,0.0,False,0.0,False,0.0,False,False,0.98,358.85,False,False,False,False,False,False,False,128.38,23.692253,23.954441,1202
TRXY11,TRXY11,ETF,TRXY11,1.5,C,0.5,C,1.0,Fraco,7.96,8.17,8.52,8.44,204834.68,False,0.0,False,0.0,False,0.0,False,0.0,False,0.0,False,False,0.54,8.75,False,False,False,False,False,False,False,0.0,15.92,999.0,1203
PTBL3,PBG S/A,BR_STOCK,PTBL3,1.5,C,0.5,C,1.0,Fraco,1.73,1.72,2.53,2.78,781960.01,False,0.0,False,0.0,False,0.0,False,0.0,False,0.0,False,False,2.32,1.83,False,False,False,False,False,False,False,-146.734,999.0,9.202128,1204
POSI3,POSITIVO TECNOLOGIA S.A.,BR_STOCK,POSI3,1.5,C,0.5,C,2.0,Fraco,3.52,3.83,4.11,4.09,2309823.99,False,0.0,False,0.0,False,0.0,False,0.0,False,0.0,False,False,1.48,4.12,False,False,False,False,False,False,False,0.7900001,50.285713,0.3147635,1205
JALL3,JALLES MACHADO S.A.,BR_STOCK,JALL3,1.5,C,0.5,C,0.0,Fraco,2.02,2.25,2.83,2.82,1328957.99,False,0.0,False,0.0,False,0.0,False,0.0,False,0.0,False,False,0.65,2.24,False,False,False,False,False,False,False,0.47299997,67.333336,0.3030303,1206
MTRE3,MITRE REALTY EMPREENDIMENTOS E PARTICIPAÇÕES S.A.,BR_STOCK,MTRE3,1.5,C,0.5,C,4.0,Forte,2.88,3.25,3.53,3.48,1203840.05,False,0.0,False,0.0,False,0.0,False,0.0,False,0.0,False,False,0.59,3.37,False,False,False,False,False,False,False,8.293000000000001,4.9655175,0.29894125,1207
W1MG34,W1MG34,BDR,WMG (BDR: W1MG34),1.5,C,0.5,C,3.0,OK,27.56,29.15,28.81,29.03,88110034.85,False,0.0,False,0.0,False,0.0,False,0.0,False,0.0,False,False,1.76,29.87,False,False,False,False,False,False,False,50.965,32.809525,19.477032,1208
MKLC34,MKLC34,BDR,MKL (BDR: MKLC34),1.5,C,0.5,C,2.0,Fraco,1886.16,1898.67,1959.33,1975.0,209480705.72,False,0.0,False,0.0,False,0.0,False,0.0,False,0.0,False,False,2.15,2054.37,False,False,False,False,False,False,False,9.994,10.412146,1.3096234,1209
SYNE3,SYN PROP E TECH S.A.,BR_STOCK,SYNE3,1.5,C,0.5,C,3.0,OK,4.01,3.96,4.33,4.41,486814.03,False,0.0,False,0.0,False,0.0,False,0.0,False,0.0,False,False,0.61,4.35,False,False,False,False,False,False,False,4.662,9.325582,0.88345456,1210
DHER34,DHER34,BDR,DHR (BDR: DHER34),1.5,C,0.5,C,3.0,OK,196.17,186.92,197.7,203.04,703912292.52,False,0.0,False,0.0,False,0.0,False,0.0,False,0.0,False,False,0.37,209.9,False,False,False,False,False,False,False,7.605,34.905693,2.622383,1211
S2RE34,S2RE34,BDR,ASR (BDR: S2RE34),1.5,C,0.5,C,5.0,Forte,276.56,290.98,316.04,312.07,6984799.3,False,0.0,False,0.0,False,0.0,False,0.0,False,0.0,False,False,0.37,316.66,False,False,False,False,False,False,False,22.775999,14.821008,3.490719,1212
HCTR11,HCTR11,ETF,HCTR11,1.5,C,0.5,C,0.0,Fraco,16.3,16.07,18.22,18.34,204532.39,False,0.0,False,0.0,False,0.0,False,0.0,False,0.0,False,False,0.51,17.43,False,False,False,False,False,False,False,0.0,999.0,999.0,1213
ACNB34,ACNB34,BDR,ACN (BDR: ACNB34),1.5,C,0.5,C,5.0,Forte,163.29,153.3,194.39,207.81,1201302436.46,False,0.0,False,0.0,False,0.0,False,0.0,False,0.0,False,False,0.88,176.4,False,False,False,False,False,False,False,24.406,13.042332,3.1329021,1214
NOCG34,NOCG34,BDR,NOC (BDR: NOCG34),1.5,C,0.5,C,4.0,Forte,534.85,535.43,614.87,603.3,330151658.08,False,0.0,False,0.0,False,0.0,False,0.0,False,0.0,False,False,0.56,565.42,False,False,False,False,False,False,False,26.958,17.000954,4.2486176,1215
VIVA3,VIVARA PARTICIPAÇOES S.A,BR_STOCK,VIVA3,1.5,C,0.5,C,4.0,Forte,22.16,22.04,26.0,27.33,68602927.53,False,0.0,False,0.0,False,0.0,False,0.0,False,0.0,False,False,1.06,23.94,False,False,False,False,False,False,False,20.746000000000002,8.899598,1.7190288,1216
R1YA34,R1YA34,BDR,RYAAY (BDR: R1YA34),1.5,C,0.5,C,4.0,Forte,60.17,60.96,62.79,63.19,64471852.19,False,0.0,False,0.0,False,0.0,False,0.0,False,0.0,False,False,0.6,67.59,False,False,False,False,False,False,False,22.408001,14.783783,2.896284,1217
G1DS34,G1DS34,BDR,GDS (BDR: G1DS34),1.5,C,0.5,C,3.0,OK,31.97,32.94,39.25,37.91,70523133.01,False,0.0,False,0.0,False,0.0,False,0.0,False,0.0,False,False,1.57,34.09,False,False,False,False,False,False,False,10.0109994,18.805882,1.4787802,1218
SLCE3,SLC AGRICOLA S.A.,BR_STOCK,SLCE3,1.5,C,0.5,C,0.0,Fraco,13.26,14.04,15.8,15.3,26826306.46,False,0.0,False,0.0,False,0.0,False,0.0,False,0.0,False,False,0.95,14.25,False,False,False,False,False,False,False,5.2529998,20.400002,1.2394841,1219
GRND3,GRENDENE S.A.,BR_STOCK,GRND3,1.5,C,0.5,C,3.0,OK,3.72,3.85,4.28,4.17,8130060.06,False,0.0,False,0.0,False,0.0,False,0.0,False,0.0,False,False,1.27,3.99,False,False,False,False,False,False,False,17.924,5.3142858,1.0574191,1220
TRIS3,TRISUL S.A.,BR_STOCK,TRIS3,1.5,C,0.5,C,3.0,OK,4.3,4.19,5.45,5.47,881930.04,False,0.0,False,0.0,False,0.0,False,0.0,False,0.0,False,False,0.61,4.6,False,False,False,False,False,False,False,13.177,4.2156863,0.67941225,1221
M1KC34,M1KC34,BDR,MKC (BDR: M1KC34),1.5,C,0.5,C,4.0,Forte,50.96,49.23,55.45,57.69,110574636.73,False,0.0,False,0.0,False,0.0,False,0.0,False,0.0,False,False,0.6,54.1,False,False,False,False,False,False,False,24.728,8.479201,1.9584934,1222
C1PB34,C1PB34,BDR,CPB (BDR: C1PB34),1.5,C,0.5,C,3.0,OK,22.08,21.6,22.84,24.31,118492098.79,False,0.0,False,0.0,False,0.0,False,0.0,False,0.0,False,False,0.9,23.67,False,False,False,False,False,False,False,15.389,10.823529,1.6334985,1223
CRFF11,CRFF11,ETF,CRFF11,1.5,C,0.5,C,1.0,Fraco,65.9,72.11,73.06,72.06,55817.3,False,0.0,False,0.0,False,0.0,False,0.0,False,0.0,False,False,15.34,76.5,False,False,False,False,False,False,False,0.0,4.0503993,999.0,1224
LAVV3,LAVVI EMPREENDIMENTOS IMOBILIÁRIOS S.A.,BR_STOCK,LAVV3,1.5,C,0.5,C,4.0,Forte,10.41,11.04,13.9,13.85,3584162.95,False,0.0,False,0.0,False,0.0,False,0.0,False,0.0,False,False,0.83,11.64,False,False,False,False,False,False,False,26.556998,5.128079,1.4875678,1225
CAML3,CAMIL ALIMENTOS S.A.,BR_STOCK,CAML3,1.5,C,0.5,C,1.0,Fraco,4.69,5.01,5.8,5.68,1514401.02,False,0.0,False,0.0,False,0.0,False,0.0,False,0.0,False,False,0.23,5.48,False,False,False,False,False,False,False,3.4099999999999997,15.633333,0.5352049,1226
B1NT34,B1NT34,BDR,BNTX (BDR: B1NT34),1.5,C,0.5,C,1.0,Fraco,92.85,91.28,97.42,98.27,126956309.86,False,0.0,False,0.0,False,0.0,False,0.0,False,0.0,False,False,1.89,98.81,False,False,False,False,False,False,False,-6.656,999.0,1.104081,1227
IBMB34,IBMB34,BDR,IBM (BDR: IBMB34),1.5,C,0.5,C,3.0,OK,221.74,260.41,259.13,268.46,1276526611.5,False,0.0,False,0.0,False,0.0,False,0.0,False,0.0,False,False,0.45,311.8,False,False,False,False,False,False,False,34.460998,19.710222,6.0637717,1228
NATU3,NATURA COSMETICOS S.A.,BR_STOCK,NATU3,1.5,C,0.5,C,1.0,Fraco,8.33,8.74,9.0,8.82,25437320.77,False,0.0,False,0.0,False,0.0,False,0.0,False,0.0,False,False,0.72,8.97,False,False,False,False,False,False,False,-0.089,999.0,0.9185136,1229
C2RN34,C2RN34,BDR,CRNC (BDR: C2RN34),1.5,C,0.5,C,0.0,Fraco,8.29,10.32,9.49,9.81,4401973.4,False,0.0,False,0.0,False,0.0,False,0.0,False,0.0,False,False,0.61,12.1,False,False,False,False,False,False,False,-12.765999,999.0,2.3618233,1230
RGTI34,RGTI34,BDR,RGTI (BDR: RGTI34),1.5,C,0.5,C,2.0,Fraco,14.86,19.17,18.74,22.17,343842560.06,False,0.0,False,0.0,False,0.0,False,0.0,False,0.0,False,False,1.06,19.74,False,False,False,False,False,False,False,-57.092,999.0,8.462414,1231
Z2SC34,Z2SC34,BDR,ZS (BDR: Z2SC34),1.5,C,0.5,C,2.0,Fraco,148.39,142.5,159.46,190.79,424206942.96,False,0.0,False,0.0,False,0.0,False,0.0,False,0.0,False,False,1.47,156.98,False,False,False,False,False,False,False,-3.7100002,999.0,10.139392,1232
BIDU34,BIDU34,BDR,BIDU (BDR: BIDU34),1.5,C,0.5,C,1.0,Fraco,107.48,116.95,126.92,125.62,240085177.18,False,0.0,False,0.0,False,0.0,False,0.0,False,0.0,False,False,1.23,119.88,False,False,False,False,False,False,False,0.319,999.0,0.91994435,1233
LIGT3,LIGHT S.A.,BR_STOCK,LIGT3,1.5,C,0.5,C,4.0,Forte,3.34,2.95,4.17,4.46,9165293.76,False,0.0,False,0.0,False,0.0,False,0.0,False,0.0,False,False,0.99,3.58,False,False,False,False,False,False,False,37.46,1.7578948,0.14950092,1234
STZB34,STZB34,BDR,STZ (BDR: STZB34),1.5,C,0.5,C,3.0,OK,130.38,138.44,147.63,144.3,169027245.93,False,0.0,False,0.0,False,0.0,False,0.0,False,0.0,False,False,0.65,144.0,False,False,False,False,False,False,False,23.69,12.417143,2.707957,1235
A1PP34,A1PP34,BDR,APP (BDR: A1PP34),1.5,C,0.5,C,3.0,OK,403.87,492.24,488.33,521.25,3025703132.67,False,0.0,False,0.0,False,0.0,False,0.0,False,0.0,False,False,1.36,576.46,False,False,False,False,False,False,False,266.444,35.11913,57.46585,1236
CVCB3,CVC BRASIL OPERADORA E AGÊNCIA DE VIAGENS S.A.,BR_STOCK,CVCB3,1.5,C,0.5,C,1.0,Fraco,1.3,1.38,1.93,1.91,5780579.79,False,0.0,False,0.0,False,0.0,False,0.0,False,0.0,False,False,0.25,1.4,False,False,False,False,False,False,False,-22.981001,999.0,1.6861218,1237
INTU34,INTU34,BDR,INTU (BDR: INTU34),1.5,C,0.5,C,5.0,Forte,315.5,292.78,402.81,465.31,1463374185.0,False,0.0,False,0.0,False,0.0,False,0.0,False,0.0,False,False,1.13,336.94,False,False,False,False,False,False,False,22.496,19.249542,4.194642,1238
S1NP34,S1NP34,BDR,SNPS (BDR: S1NP34),1.5,C,0.5,C,2.0,Fraco,372.33,448.19,454.48,449.77,831229301.33,False,0.0,False,0.0,False,0.0,False,0.0,False,0.0,False,False,0.92,464.46,False,False,False,False,False,False,False,3.8240000000000003,85.20137,2.3387415,1239
RDOR3,REDE DOR SÃO LUIZ S.A.,BR_STOCK,RDOR3,1.5,C,0.5,C,3.0,OK,34.42,34.28,37.84,38.42,141080688.49,False,0.0,False,0.0,False,0.0,False,0.0,False,0.0,False,False,0.81,36.5,False,False,False,False,False,False,False,19.188,16.390476,3.8291242,1240
I2ND34,I2ND34,BDR,INDI (BDR: I2ND34),1.5,C,0.5,C,1.0,Fraco,3.16,4.14,3.78,3.96,18293562.82,False,0.0,False,0.0,False,0.0,False,0.0,False,0.0,False,False,1.54,4.85,False,False,False,False,False,False,False,-41.160000000000004,999.0,2.0360825,1241
HAPV3,HAPVIDA PARTICIPACOES E INVESTIMENTOS SA,BR_STOCK,HAPV3,1.5,C,0.5,C,2.0,Fraco,11.01,11.01,11.65,14.71,49367740.03,False,0.0,False,0.0,False,0.0,False,0.0,False,0.0,False,False,0.95,11.63,False,False,False,False,False,False,False,-0.885,999.0,0.10862273,1242
R1MD34,R1MD34,BDR,RMD (BDR: R1MD34),1.5,C,0.5,C,4.0,Forte,208.56,199.16,224.61,231.47,188602891.39,False,0.0,False,0.0,False,0.0,False,0.0,False,0.0,False,False,0.82,222.43,False,False,False,False,False,False,False,25.246000000000002,20.11186,4.6596217,1243
S2HO34,S2HO34,BDR,SHOP (BDR: S2HO34),1.5,C,0.5,C,2.0,Fraco,122.4,115.75,124.43,133.34,1212647047.92,False,0.0,False,0.0,False,0.0,False,0.0,False,0.0,False,False,1.18,133.99,False,False,False,False,False,False,False,11.311,120.0,12.736733,1244
MGLU3,MAGAZINE LUIZA S.A.,BR_STOCK,MGLU3,0.5,C,0.5,C,0.0,Fraco,5.02,5.1,7.63,7.9,82714037.69,False,0.0,False,0.0,False,0.0,False,0.0,False,0.0,False,False,1.06,5.3,False,False,False,False,False,False,False,0.0,0.0,0.0,1245
M2PM34,M2PM34,BDR,MP (BDR: M2PM34),0.5,C,0.5,C,2.0,Fraco,41.66,54.91,58.21,59.48,251160640.28,False,0.0,False,0.0,False,0.0,False,0.0,False,0.0,False,False,0.93,57.46,False,False,False,False,False,False,False,-4.167,999.0,3.7626445,1246
MCDC34,MCDC34,BDR,MCD (BDR: MCDC34),0.5,C,0.5,C,2.0,Fraco,268.44,274.75,296.38,297.87,838546437.07,False,0.0,False,0.0,False,0.0,False,0.0,False,0.0,False,False,0.73,287.1,False,False,False,False,False,False,False,0.0,22.112026,-148.3094,1247
ECOR3,ECORODOVIAS INFRAESTRUTURA E LOGÍSTICA S.A.,BR_STOCK,ECOR3,0.5,C,0.5,C,3.0,OK,7.03,7.3,8.78,8.79,40904056.22,False,0.0,False,0.0,False,0.0,False,0.0,False,0.0,False,False,1.32,7.86,False,False,False,False,False,False,False,17.334,6.570093,1.1947656,1248
POMO4,MARCOPOLO S.A.,BR_STOCK,POMO4,0.5,C,0.5,C,4.0,Forte,5.34,5.73,6.06,6.08,27678288.79,False,0.0,False,0.0,False,0.0,False,0.0,False,0.0,False,False,0.61,6.05,False,False,False,False,False,False,False,30.911,5.34,1.6320293,1249
AMBP3,AMBIPAR PARTICIPACOES E EMPREENDIMENTOS S/A,BR_STOCK,AMBP3,0.5,C,0.5,C,1.0,Fraco,0.16,0.17,0.22,0.25,677359.98,False,0.0,False,0.0,False,0.0,False,0.0,False,0.0,False,False,1.69,0.18,False,False,False,False,False,False,False,-1.345,999.0,0.24390243,1250
QUAL3,QUALICORP CONSULTORIA E CORRETORA DE SEGUROS S.A.,BR_STOCK,QUAL3,0.5,C,0.5,C,1.0,Fraco,1.53,1.66,1.95,2.05,6474806.88,False,0.0,False,0.0,False,0.0,False,0.0,False,0.0,False,False,1.15,1.89,False,False,False,False,False,False,False,0.874,76.5,0.32924467,1251
APTV34,APTV34,BDR,APTV (BDR: APTV34),0.5,C,0.5,C,1.0,Fraco,58.09,61.77,67.88,70.89,113976704.69,False,0.0,False,0.0,False,0.0,False,0.0,False,0.0,False,False,0.93,62.97,False,False,False,False,False,False,False,4.0799997999999995,34.57738,1.3360165,1252
B2MB34,B2MB34,BDR,BMBL (BDR: B2MB34),0.5,C,0.5,C,2.0,Fraco,2.91,2.99,3.33,3.58,5349191.26,False,0.0,False,0.0,False,0.0,False,0.0,False,0.0,False,False,0.94,3.45,False,False,False,False,False,False,False,-82.56099999999999,999.0,0.6148321,1253
SANB11,BCO SANTANDER (BRASIL) S.A.,BR_STOCK,SANB11,0.5,C,0.5,C,0.0,Fraco,25.25,26.42,29.48,29.54,224119000.0,False,0.0,False,0.0,False,0.0,False,0.0,False,0.0,False,False,1.68,28.07,False,False,False,False,False,False,False,0.0,0.0,0.0,1254
CACR11,CACR11,ETF,CACR11,0.5,C,0.5,C,1.0,Fraco,15.6,23.07,56.1,59.39,295932.01,False,0.0,False,0.0,False,0.0,False,0.0,False,0.0,False,False,0.58,22.96,False,False,False,False,False,False,False,0.0,1.712404,999.0,1255
V1ST34,V1ST34,BDR,VST (BDR: V1ST34),0.5,C,0.5,C,2.0,Fraco,148.62,155.79,158.09,163.71,596427794.12,False,0.0,False,0.0,False,0.0,False,0.0,False,0.0,False,False,0.96,169.76,False,False,False,False,False,False,False,42.897999999999996,24.852842,16.098352,1256
P2LT34,P2LT34,BDR,PLTR (BDR: P2LT34),0.5,C,0.5,C,4.0,Forte,122.26,130.96,144.12,153.16,3115524614.98,False,0.0,False,0.0,False,0.0,False,0.0,False,0.0,False,False,0.82,138.9,False,False,False,False,False,False,False,32.586999999999996,137.37079,34.68369,1257
A1LN34,A1LN34,BDR,ALNY (BDR: A1LN34),0.5,C,0.5,C,2.0,Fraco,205.48,289.9,318.97,350.59,2004092014.89,False,0.0,False,0.0,False,0.0,False,0.0,False,0.0,False,False,7.68,380.0,False,False,False,False,False,False,False,90.356004,51.62814,25.49696,1258
B2YN34,B2YN34,BDR,BYND (BDR: B2YN34),0.5,C,0.5,C,0.0,Fraco,0.56,0.69,0.77,0.91,6659225.44,False,0.0,False,0.0,False,0.0,False,0.0,False,0.0,False,False,0.49,0.79,False,False,False,False,False,False,False,0.0,999.0,-12.080435,1259
PSKY34,PSKY34,BDR,PSKY (BDR: PSKY34),0.5,C,0.5,C,1.0,Fraco,7.81,9.71,10.54,11.7,103863002.44,False,0.0,False,0.0,False,0.0,False,0.0,False,0.0,False,False,1.15,10.39,False,False,False,False,False,False,False,-0.76800003,390.5,0.74594074,1260
N1CL34,N1CL34,BDR,NCLH (BDR: N1CL34),0.5,C,0.5,C,3.0,OK,18.72,19.21,20.25,20.31,670577145.0,False,0.0,False,0.0,False,0.0,False,0.0,False,0.0,False,False,2.72,21.4,False,False,False,False,False,False,False,29.533002000000003,15.096773,3.534743,1261
U1BE34,U1BE34,BDR,UBER (BDR: U1BE34),0.5,C,0.5,C,4.0,Forte,70.37,71.89,74.94,78.69,836907768.6,False,0.0,False,0.0,False,0.0,False,0.0,False,0.0,False,False,0.63,76.3,False,False,False,False,False,False,False,35.31,17.461538,5.7898636,1262
AZZA3,AZZAS 2154 S.A.,BR_STOCK,AZZA3,0.5,C,0.5,C,2.0,Fraco,15.86,18.18,22.23,22.94,56924710.77,False,0.0,False,0.0,False,0.0,False,0.0,False,0.0,False,False,2.1,19.39,False,False,False,False,False,False,False,10.524999,3.916049,0.40016147,1263
GFSA3,GAFISA S.A.,BR_STOCK,GFSA3,0.5,C,0.5,C,0.0,Fraco,0.28,0.88,2.09,3.01,877548.0,False,0.0,False,0.0,False,0.0,False,0.0,False,0.0,False,False,0.43,1.1,False,False,False,False,False,False,False,-34.651002,999.0,0.0044768485,1264
GGPS3,GPS PARTICIPACOES E EMPREENDIMENTOS S.A.,BR_STOCK,GGPS3,0.5,C,0.5,C,3.0,OK,11.76,12.06,15.22,15.61,30619512.6,False,0.0,False,0.0,False,0.0,False,0.0,False,0.0,False,False,1.05,13.28,False,False,False,False,False,False,False,17.129,12.510638,2.146377,1265
AZTE3,AZEVEDO & TRAVASSOS ENERGIA S.A.,BR_STOCK,AZTE3,0.5,C,0.5,C,2.0,Fraco,1.59,1.66,2.8,3.1,3822042.08,False,0.0,False,0.0,False,0.0,False,0.0,False,0.0,False,False,3.23,1.7,False,False,False,False,False,False,False,-3.94,999.0,0.21958293,1266
YDUQ3,YDUQS PARTICIPACOES S.A.,BR_STOCK,YDUQ3,0.5,C,0.5,C,2.0,Fraco,8.34,8.73,10.86,11.22,19393002.35,False,0.0,False,0.0,False,0.0,False,0.0,False,0.0,False,False,0.48,9.19,False,False,False,False,False,False,False,3.8120000000000003,18.954546,0.7284479,1267
HBSA3,HIDROVIAS DO BRASIL S.A.,BR_STOCK,HBSA3,0.5,C,0.5,C,0.0,Fraco,3.18,3.37,3.67,3.73,6566064.14,False,0.0,False,0.0,False,0.0,False,0.0,False,0.0,False,False,1.59,3.66,False,False,False,False,False,False,False,0.955,318.0,2.157395,1268
C1HK34,C1HK34,BDR,CHKP (BDR: C1HK34),0.5,C,0.5,C,5.0,Forte,128.23,131.11,148.19,159.33,329877306.13,False,0.0,False,0.0,False,0.0,False,0.0,False,0.0,False,False,1.78,142.1,False,False,False,False,False,False,False,38.024,13.192386,4.770461,1269
F2VR34,F2VR34,BDR,FVRR (BDR: F2VR34),0.5,C,0.5,C,3.0,OK,9.18,10.62,12.29,14.58,20740861.23,False,0.0,False,0.0,False,0.0,False,0.0,False,0.0,False,False,2.47,11.95,False,False,False,False,False,False,False,7.132,11.333334,0.76239514,1270
P1RG34,P1RG34,BDR,PRGO (BDR: P1RG34),0.5,C,0.5,C,0.0,Fraco,10.31,10.53,11.52,12.49,23552226.82,False,0.0,False,0.0,False,0.0,False,0.0,False,0.0,False,False,0.82,11.59,False,False,False,False,False,False,False,-52.232,999.0,0.56980217,1271
FAMB11,FAMB11,ETF,FAMB11,0.5,C,0.5,C,0.0,Fraco,700.0,803.98,960.68,973.94,119700.0,False,0.0,False,0.0,False,0.0,False,0.0,False,0.0,False,False,65.77,800.0,False,False,False,False,False,False,False,0.0,999.0,999.0,1272
M2ST34,M2ST34,BDR,MSTR (BDR: M2ST34),0.5,C,0.5,C,2.0,Fraco,97.74,114.11,137.87,158.95,1261301245.35,False,0.0,False,0.0,False,0.0,False,0.0,False,0.0,False,False,0.86,104.78,False,False,False,False,False,False,False,-30.756,999.0,0.9225019,1273
M1TA34,M1TA34,BDR,META (BDR: M1TA34),0.5,C,0.5,C,4.0,Forte,539.03,602.9,626.27,634.37,22543563995.19,False,0.0,False,0.0,False,0.0,False,0.0,False,0.0,False,False,2.97,686.08,False,False,False,False,False,False,False,32.930002,20.317755,5.6141357,1274
TSLA34,TSLA34,BDR,TSLA (BDR: TSLA34),0.5,C,0.5,C,2.0,Fraco,308.85,392.62,402.56,412.22,11289696637.26,False,0.0,False,0.0,False,0.0,False,0.0,False,0.0,False,False,0.79,432.86,False,False,False,False,False,False,False,4.6669997,288.64484,14.104672,1275
NFLX34,NFLX34,BDR,NFLX (BDR: NFLX34),0.5,C,0.5,C,4.0,Forte,73.17,77.46,86.16,91.55,3781783672.51,False,0.0,False,0.0,False,0.0,False,0.0,False,0.0,False,False,0.87,78.44,False,False,False,False,False,False,False,49.541000000000004,23.009434,10.104958,1276
MDIA3,M.DIAS BRANCO S.A. IND COM DE ALIMENTOS,BR_STOCK,MDIA3,0.5,C,0.5,C,4.0,Forte,17.13,18.1,21.59,22.66,5157842.75,False,0.0,False,0.0,False,0.0,False,0.0,False,0.0,False,False,0.5,18.21,False,False,False,False,False,False,False,8.540000000000001,8.315534,0.6871239,1277
MELK3,MELNICK DESENVOLVIMENTO IMOBILIÁRIO S.A.,BR_STOCK,MELK3,0.5,C,0.5,C,4.0,Forte,2.87,3.14,3.42,3.43,852963.97,False,0.0,False,0.0,False,0.0,False,0.0,False,0.0,False,False,0.76,3.24,False,False,False,False,False,False,False,13.383999999999999,4.8644066,0.5391696,1278
TOKY3,TOKY3,BR_STOCK,TOKY3,0.5,C,0.5,C,0.0,Fraco,0.3,0.42,1.48,2.09,79020.0,False,0.0,False,0.0,False,0.0,False,0.0,False,0.0,False,False,1.31,0.54,False,False,False,False,False,False,False,-121.55499999999999,999.0,0.16835018,1279
BRBI11,BRBI BR PARTNERS S.A.,BR_STOCK,BRBI11,0.5,C,0.5,C,2.0,Fraco,14.53,14.98,17.51,17.77,3221300.94,False,0.0,False,0.0,False,0.0,False,0.0,False,0.0,False,False,1.16,15.57,False,False,False,False,False,False,False,21.348,33.022728,1.9227206,1280
HBOR3,HELBOR EMPREENDIMENTOS S.A.,BR_STOCK,HBOR3,0.5,C,0.5,C,2.0,Fraco,1.87,2.15,2.44,2.62,385594.0,False,0.0,False,0.0,False,0.0,False,0.0,False,0.0,False,False,0.23,2.41,False,False,False,False,False,False,False,2.874,46.75,0.17140238,1281
ALLD3,ALLIED TECNOLOGIA S.A.,BR_STOCK,ALLD3,0.5,C,0.5,C,4.0,Forte,4.53,4.99,6.5,6.73,682671.03,False,0.0,False,0.0,False,0.0,False,0.0,False,0.0,False,False,0.61,4.88,False,False,False,False,False,False,False,21.81,1.2979944,0.28236616,1282
T2TD34,T2TD34,BDR,TTD (BDR: T2TD34),0.5,C,0.5,C,3.0,OK,18.28,19.41,24.66,29.45,271215708.79,False,0.0,False,0.0,False,0.0,False,0.0,False,0.0,False,False,1.0,20.53,False,False,False,False,False,False,False,16.735001,20.772728,3.509311,1283
C2OI34,C2OI34,BDR,COIN (BDR: C2OI34),0.5,C,0.5,C,1.0,Fraco,163.58,165.29,186.86,213.49,1123692047.92,False,0.0,False,0.0,False,0.0,False,0.0,False,0.0,False,False,1.0,181.49,False,False,False,False,False,False,False,6.686,60.139706,3.196358,1284
AALR3,ALLIANÇA SAÚDE E PARTICIPAÇÕES S.A.,BR_STOCK,AALR3,0.5,C,0.5,C,3.0,OK,3.2,3.2,3.76,4.09,305600.0,False,0.0,False,0.0,False,0.0,False,0.0,False,0.0,False,False,1.73,3.45,False,False,False,False,False,False,False,-6.186,999.0,0.4568818,1285
AMAR3,MARISA LOJAS S.A.,BR_STOCK,AMAR3,0.5,C,0.5,C,0.0,Fraco,0.58,0.62,0.81,0.89,54926.0,False,0.0,False,0.0,False,0.0,False,0.0,False,0.0,False,False,0.27,0.64,False,False,False,False,False,False,False,-76.019996,999.0,2.310757,1286
RENT4,LOCALIZA RENT A CAR S.A.,BR_STOCK,RENT4,0.5,C,0.5,C,3.0,OK,36.68,38.76,42.39,42.39,3297532.03,False,0.0,False,0.0,False,0.0,False,0.0,False,0.0,False,False,0.47,40.61,False,False,False,False,False,False,False,8.53,17.719807,1.5268065,1287
IFCM3,INFRACOMMERCE CXAAS S.A.,BR_STOCK,IFCM3,0.5,C,0.5,C,0.0,Fraco,1.44,2.47,3.56,5.12,96480.0,False,0.0,False,0.0,False,0.0,False,0.0,False,0.0,False,False,0.94,2.24,False,False,False,False,False,False,False,-15939.978,999.0,0.24746522,1288
ROMI3,ROMI S.A.,BR_STOCK,ROMI3,0.5,C,0.5,C,3.0,OK,5.87,6.14,7.11,7.28,302304.99,False,0.0,False,0.0,False,0.0,False,0.0,False,0.0,False,False,0.32,6.28,False,False,False,False,False,False,False,6.1440002,7.2469134,0.4378963,1289
BIOM3,BIOMM S.A.,BR_STOCK,BIOM3,0.5,C,0.5,C,2.0,Fraco,5.79,6.45,6.83,7.18,225231.0,False,0.0,False,0.0,False,0.0,False,0.0,False,0.0,False,False,1.57,6.44,False,False,False,False,False,False,False,5.133,48.25,2.4502752,1290
WDCN3,WDCN3,BR_STOCK,WDCN3,0.5,C,0.5,C,0.0,Fraco,2.32,2.41,2.52,2.65,67976.0,False,0.0,False,0.0,False,0.0,False,0.0,False,0.0,False,False,0.8,2.53,False,False,False,False,False,False,False,-33.964002,999.0,0.31629175,1291
T1DG34,T1DG34,BDR,TDG (BDR: T1DG34),0.5,C,0.5,C,2.0,Fraco,1249.91,1262.1,1270.02,1281.01,327012712.33,False,0.0,False,0.0,False,0.0,False,0.0,False,0.0,False,False,0.8,1359.99,False,False,False,False,False,False,False,0.0,39.0719,-7.4410925,1292
T1MU34,T1MU34,BDR,TMUS (BDR: T1MU34),0.5,C,0.5,C,4.0,Forte,173.34,183.85,194.51,197.84,1127118018.55,False,0.0,False,0.0,False,0.0,False,0.0,False,0.0,False,False,1.21,198.86,False,False,False,False,False,False,False,17.994,18.112852,3.3684416,1293
NUCL11,NUCL11,ETF,NUCL11,0.5,C,0.5,C,0.0,Fraco,67.03,74.17,84.51,85.92,83318.29,False,0.0,False,0.0,False,0.0,False,0.0,False,0.0,False,False,0.63,76.14,False,False,False,False,False,False,False,0.0,24.170738,999.0,1294
C2AC34,C2AC34,BDR,CACI (BDR: C2AC34),0.5,C,0.5,C,3.0,OK,477.35,490.49,544.65,552.26,82153845.45,False,0.0,False,0.0,False,0.0,False,0.0,False,0.0,False,False,0.63,515.67,False,False,False,False,False,False,False,13.449,19.692657,2.463755,1295
I1SR34,I1SR34,BDR,ISRG (BDR: I1SR34),0.5,C,0.5,C,3.0,OK,352.97,401.16,462.52,482.29,973944829.82,False,0.0,False,0.0,False,0.0,False,0.0,False,0.0,False,False,0.52,443.84,False,False,False,False,False,False,False,17.423001,40.47821,6.875414,1296
SOLH11,SOLH11,ETF,SOLH11,0.5,C,0.5,C,0.0,Fraco,10.59,10.74,13.15,15.77,56476.47,False,0.0,False,0.0,False,0.0,False,0.0,False,0.0,False,False,0.17,12.01,False,False,False,False,False,False,False,0.0,999.0,999.0,1297
RSUL4,METALURGICA RIOSULENSE S.A.,BR_STOCK,RSUL4,0.5,C,0.5,C,3.0,OK,41.5,54.95,61.17,61.98,236550.0,False,0.0,False,0.0,False,0.0,False,0.0,False,0.0,False,False,1.0,54.91,False,False,False,False,False,False,False,23.319000000000003,4.01354,0.87693346,1298
H1HH34,H1HH34,BDR,HHH (BDR: H1HH34),0.5,C,0.5,C,1.0,Fraco,64.87,67.76,70.33,73.55,17884594.89,False,0.0,False,0.0,False,0.0,False,0.0,False,0.0,False,False,0.74,75.54,False,False,False,False,False,False,False,3.612,30.313084,1.0140216,1299
S1RP34,S1RP34,BDR,SRPT (BDR: S1RP34),0.5,C,0.5,C,1.0,Fraco,15.56,16.97,19.02,19.45,45974868.72,False,0.0,False,0.0,False,0.0,False,0.0,False,0.0,False,False,0.93,20.88,False,False,False,False,False,False,False,4.914000000000001,44.457146,1.0913937,1300
ORCL34,ORCL34,BDR,ORCL (BDR: ORCL34),0.5,C,0.5,C,3.0,OK,127.56,165.51,166.23,182.82,4704687219.08,False,0.0,False,0.0,False,0.0,False,0.0,False,0.0,False,False,1.04,148.55,False,False,False,False,False,False,False,53.376000000000005,21.87993,9.782208,1301
T1SC34,T1SC34,BDR,TSCO (BDR: T1SC34),0.5,C,0.5,C,3.0,OK,30.21,30.59,41.01,44.07,246342543.51,False,0.0,False,0.0,False,0.0,False,0.0,False,0.0,False,False,0.67,32.64,False,False,False,False,False,False,False,39.513,15.734375,6.01194,1302
C1PR34,C1PR34,BDR,CPRT (BDR: C1PR34),0.5,C,0.5,C,5.0,Forte,29.57,30.04,34.18,35.95,294630426.73,False,0.0,False,0.0,False,0.0,False,0.0,False,0.0,False,False,0.74,31.42,False,False,False,False,False,False,False,17.607,18.363354,3.119658,1303
EVEN3,EVEN CONSTRUTORA E INCORPORADORA S.A.,BR_STOCK,EVEN3,0.5,C,0.5,C,2.0,Fraco,4.85,5.46,6.51,6.7,2679624.95,False,0.0,False,0.0,False,0.0,False,0.0,False,0.0,False,False,0.74,5.82,False,False,False,False,False,False,False,12.1929996,2.4371858,0.49273592,1304
HBRE3,HBR REALTY EMPREENDIMENTOS IMOBILIARIOS S/A,BR_STOCK,HBRE3,0.5,C,0.5,C,3.0,OK,2.06,2.46,3.02,3.24,986739.97,False,0.0,False,0.0,False,0.0,False,0.0,False,0.0,False,False,0.96,2.78,False,False,False,False,False,False,False,3.6670000000000003,7.1034484,0.11719195,1305
VITT3,VITTIA S.A.,BR_STOCK,VITT3,0.5,C,0.5,C,2.0,Fraco,3.1,3.34,3.67,3.79,1314089.96,False,0.0,False,0.0,False,0.0,False,0.0,False,0.0,False,False,2.08,3.5,False,False,False,False,False,False,False,9.7720005,8.378378,0.7840162,1306
TFCO4,TRACK & FIELD CO S.A.,BR_STOCK,TFCO4,0.5,C,0.5,C,4.0,Forte,14.45,14.76,15.5,15.87,5759769.92,False,0.0,False,0.0,False,0.0,False,0.0,False,0.0,False,False,0.84,15.62,False,False,False,False,False,False,False,26.393,15.537634,3.7271085,1307
C1CI34,C1CI34,BDR,CCI (BDR: C1CI34),0.5,C,0.5,C,0.0,Fraco,76.51,83.31,84.48,85.53,286983968.35,False,0.0,False,0.0,False,0.0,False,0.0,False,0.0,False,False,0.81,80.82,False,False,False,False,False,False,False,0.0,31.22857,-9.967431,1308
S2MP34,S2MP34,BDR,SMPL (BDR: S2MP34),0.5,C,0.5,C,1.0,Fraco,10.38,11.98,14.56,16.01,31333182.53,False,0.0,False,0.0,False,0.0,False,0.0,False,0.0,False,False,1.12,15.09,False,False,False,False,False,False,False,-12.197,999.0,0.647334,1309
N1RG34,N1RG34,BDR,NRG (BDR: N1RG34),0.5,C,0.5,C,1.0,Fraco,133.97,135.4,148.61,152.72,301282456.35,False,0.0,False,0.0,False,0.0,False,0.0,False,0.0,False,False,0.91,145.85,False,False,False,False,False,False,False,6.2480003,147.21977,6.7480984,1310
W1HR34,W1HR34,BDR,WHR (BDR: W1HR34),0.5,C,0.5,C,1.0,Fraco,38.07,39.54,57.11,60.84,55942798.59,False,0.0,False,0.0,False,0.0,False,0.0,False,0.0,False,False,0.71,41.86,False,False,False,False,False,False,False,5.4840002,12.905085,0.65429235,1311
C1GP34,C1GP34,BDR,CSGP (BDR: C1GP34),0.5,C,0.5,C,3.0,OK,29.46,30.81,42.14,49.02,352126089.16,False,0.0,False,0.0,False,0.0,False,0.0,False,0.0,False,False,1.43,31.4,False,False,False,False,False,False,False,0.894,163.66666,1.4772099,1312
F2IC34,F2IC34,BDR,FICO (BDR: F2IC34),0.5,C,0.5,C,2.0,Fraco,1139.54,1219.23,1265.85,1378.4,1090242397.43,False,0.0,False,0.0,False,0.0,False,0.0,False,0.0,False,False,3.81,1410.17,False,False,False,False,False,False,False,0.0,32.934685,-12.63082,1313
NIKE34,NIKE34,BDR,NKE (BDR: NIKE34),0.5,C,0.5,C,3.0,OK,42.29,43.49,50.82,54.02,614648159.56,False,0.0,False,0.0,False,0.0,False,0.0,False,0.0,False,False,0.83,45.04,False,False,False,False,False,False,False,22.138001,20.138096,4.218875,1314
C1AB34,C1AB34,BDR,CABO (BDR: C1AB34),0.5,C,0.5,C,1.0,Fraco,39.56,44.74,77.97,91.79,6031555.17,False,0.0,False,0.0,False,0.0,False,0.0,False,0.0,False,False,0.79,57.13,False,False,False,False,False,False,False,-19.869,999.0,0.15173891,1315
P2EG34,P2EG34,BDR,PEGA (BDR: P2EG34),0.5,C,0.5,C,4.0,Forte,30.03,31.9,40.36,44.89,100763595.23,False,0.0,False,0.0,False,0.0,False,0.0,False,0.0,False,False,0.6,33.2,False,False,False,False,False,False,False,54.693000000000005,17.0625,8.806452,1316
C1RH34,C1RH34,BDR,CRH (BDR: C1RH34),0.5,C,0.5,C,4.0,Forte,96.0,104.95,112.27,113.57,530664960.0,False,0.0,False,0.0,False,0.0,False,0.0,False,0.0,False,False,1.42,109.21,False,False,False,False,False,False,False,15.812000000000001,17.81076,2.7806745,1317
L1KQ34,L1KQ34,BDR,LKQ (BDR: L1KQ34),0.5,C,0.5,C,3.0,OK,22.6,25.81,28.96,29.04,221376699.14,False,0.0,False,0.0,False,0.0,False,0.0,False,0.0,False,False,3.7,27.28,False,False,False,False,False,False,False,8.139000000000001,11.3,0.8919762,1318
H1DB34,H1DB34,BDR,HDB (BDR: H1DB34),0.5,C,0.5,C,3.0,OK,24.14,24.73,27.98,30.02,109522790.99,False,0.0,False,0.0,False,0.0,False,0.0,False,0.0,False,False,0.37,27.5,False,False,False,False,False,False,False,13.838000000000001,16.881119,9.767069,1319
CRPG5,TRONOX PIGMENTOS DO BRASIL S.A.,BR_STOCK,CRPG5,0.5,C,0.5,C,2.0,Fraco,11.4,14.12,16.93,17.1,153899.99,False,0.0,False,0.0,False,0.0,False,0.0,False,0.0,False,False,2.08,14.45,False,False,False,False,False,False,False,-14.113999999999999,999.0,0.6013927,1320
BSLT11,BSLT11,ETF,BSLT11,0.5,C,0.5,C,0.0,Fraco,68.0,69.82,76.93,80.41,350200.0,False,0.0,False,0.0,False,0.0,False,0.0,False,0.0,False,False,3.23,80.03,False,False,False,False,False,False,False,0.0,999.0,999.0,1321
VCRR11,VCRR11,ETF,VCRR11,0.5,C,0.5,C,0.0,Fraco,53.52,56.42,60.56,61.4,187908.72,False,0.0,False,0.0,False,0.0,False,0.0,False,0.0,False,False,1.1,57.5,False,False,False,False,False,False,False,0.0,999.0,999.0,1322
GPRO34,GPRO34,BDR,GPRO (BDR: GPRO34),0.5,C,0.5,C,0.0,Fraco,0.71,0.83,1.01,1.2,2193485.74,False,0.0,False,0.0,False,0.0,False,0.0,False,0.0,False,False,0.74,0.81,False,False,False,False,False,False,False,-236.05,999.0,-64.954544,1323
V1MC34,V1MC34,BDR,VMC (BDR: V1MC34),0.5,C,0.5,C,3.0,OK,271.24,286.44,289.5,289.81,341146401.68,False,0.0,False,0.0,False,0.0,False,0.0,False,0.0,False,False,1.26,305.83,False,False,False,False,False,False,False,13.234000000000002,31.948174,4.1552787,1324
XRPH11,XRPH11,ETF,XRPH11,0.5,C,0.5,C,0.0,Fraco,8.63,9.19,11.59,13.47,674520.81,False,0.0,False,0.0,False,0.0,False,0.0,False,0.0,False,False,4.23,9.49,False,False,False,False,False,False,False,0.0,999.0,999.0,1325
QSOL11,QSOL11,ETF,QSOL11,0.5,C,0.5,C,0.0,Fraco,4.57,4.69,5.76,6.95,257780.0,False,0.0,False,0.0,False,0.0,False,0.0,False,0.0,False,False,1.41,5.25,False,False,False,False,False,False,False,0.0,999.0,999.0,1326
U2PS34,U2PS34,BDR,UPST (BDR: U2PS34),0.5,C,0.5,C,1.0,Fraco,27.04,31.12,33.18,36.15,107053743.14,False,0.0,False,0.0,False,0.0,False,0.0,False,0.0,False,False,1.15,36.9,False,False,False,False,False,False,False,7.008,65.951225,3.5300262,1327
R1OL34,R1OL34,BDR,ROL (BDR: R1OL34),0.5,C,0.5,C,4.0,Forte,38.35,45.26,53.54,54.71,289740067.67,False,0.0,False,0.0,False,0.0,False,0.0,False,0.0,False,False,1.01,46.36,False,False,False,False,False,False,False,37.008998,34.863636,13.36237,1328
MFII11,MFII11,ETF,MFII11,0.5,C,0.5,C,2.0,Fraco,48.76,49.84,61.53,62.97,518757.62,False,0.0,False,0.0,False,0.0,False,0.0,False,0.0,False,False,0.67,53.85,False,False,False,False,False,False,False,11.484,4.697495,0.4900256,1329
META11,META11,ETF,META11,0.5,C,0.5,C,0.0,Fraco,6.14,6.6,8.63,11.08,57519.52,False,0.0,False,0.0,False,0.0,False,0.0,False,0.0,False,False,4.08,6.61,False,False,False,False,False,False,False,0.0,999.0,999.0,1330
URPR11,URPR11,ETF,URPR11,0.5,C,0.5,C,1.0,Fraco,19.3,21.39,29.69,30.01,321171.29,False,0.0,False,0.0,False,0.0,False,0.0,False,0.0,False,False,0.62,20.38,False,False,False,False,False,False,False,0.0,1.7820867,999.0,1331
Q2SC34,Q2SC34,BDR,QS (BDR: Q2SC34),0.5,C,0.5,C,1.0,Fraco,5.23,7.13,7.77,9.31,134997126.59,False,0.0,False,0.0,False,0.0,False,0.0,False,0.0,False,False,0.77,7.87,False,False,False,False,False,False,False,-39.075002,999.0,2.8991132,1332
ORLY34,ORLY34,BDR,ORLY (BDR: ORLY34),0.5,C,0.5,C,2.0,Fraco,87.36,88.37,91.72,93.18,1177856542.63,False,0.0,False,0.0,False,0.0,False,0.0,False,0.0,False,False,1.56,93.52,False,False,False,False,False,False,False,0.0,27.733334,-96.31753,1333
BEEM39,ISHARES MSCI EMERGING MARKETS ETF,BDR,BEEM (BDR: BEEM39),0.5,C,0.5,C,1.0,Fraco,1.04,1.24,1.49,1.68,399988.15,False,0.0,False,0.0,False,0.0,False,0.0,False,0.0,False,False,0.52,1.36,False,False,False,False,False,False,False,-76.07599499999999,999.0,1.0206083,1334
R2BL34,R2BL34,BDR,RBLX (BDR: R2BL34),0.5,C,0.5,C,1.0,Fraco,48.67,49.15,58.56,70.34,858427216.06,False,0.0,False,0.0,False,0.0,False,0.0,False,0.0,False,False,2.55,58.43,False,False,False,False,False,False,False,-311.935,999.0,80.57947,1335
AZOI34,AZOI34,BDR,AZO (BDR: AZOI34),0.5,C,0.5,C,2.0,Fraco,3006.57,3088.92,3396.07,3487.86,482187694.42,False,0.0,False,0.0,False,0.0,False,0.0,False,0.0,False,False,1.14,3239.14,False,False,False,False,False,False,False,0.0,20.666553,-17.674168,1336
O1TI34,O1TI34,BDR,OTIS (BDR: O1TI34),0.5,C,0.5,C,3.0,OK,71.69,71.98,79.7,81.85,158470105.19,False,0.0,False,0.0,False,0.0,False,0.0,False,0.0,False,False,0.46,75.91,False,False,False,False,False,False,False,0.0,18.429306,-4.747997,1337
ONCO3,ONCOCLINICAS DO BRASIL SERVICOS MEDICOS  S.A.,BR_STOCK,ONCO3,0.5,C,0.5,C,0.0,Fraco,0.58,1.11,1.74,1.81,1013433.97,False,0.0,False,0.0,False,0.0,False,0.0,False,0.0,False,False,0.16,1.4,False,False,False,False,False,False,False,-205.898,999.0,1.2159328,1338
PLPL3,PLANO & PLANO DESENVOLVIMENTO IMOBILIÁRIO S.A.,BR_STOCK,PLPL3,0.5,C,0.5,C,3.0,OK,7.5,8.33,11.82,12.5,11568000.0,False,0.0,False,0.0,False,0.0,False,0.0,False,0.0,False,False,0.76,8.65,False,False,False,False,False,False,False,37.973,4.464286,1.4299333,1339
SIMH3,SIMPAR S.A.,BR_STOCK,SIMH3,0.5,C,0.5,C,1.0,Fraco,7.73,8.06,10.25,10.27,10896981.03,False,0.0,False,0.0,False,0.0,False,0.0,False,0.0,False,False,0.55,8.42,False,False,False,False,False,False,False,0.64499998,999.0,0.77540374,1340
LJQQ3,LOJAS QUERO-QUERO S/A,BR_STOCK,LJQQ3,0.5,C,0.5,C,1.0,Fraco,1.21,1.29,1.84,1.92,1414611.04,False,0.0,False,0.0,False,0.0,False,0.0,False,0.0,False,False,0.62,1.33,False,False,False,False,False,False,False,-43.785998,999.0,0.72935504,1341
SEQL3,SEQUOIA LOGISTICA E TRANSPORTES S.A,BR_STOCK,SEQL3,0.5,C,0.5,C,0.0,Fraco,0.07,0.08,0.57,2.1,79660.0,False,0.0,False,0.0,False,0.0,False,0.0,False,0.0,False,False,2.97,0.08,False,False,False,False,False,False,False,0.0,999.0,-1.707317,1342
OIBR3,OI S.A.,BR_STOCK,OIBR3,0.5,C,0.5,C,0.0,Fraco,0.12,0.12,0.15,0.17,120852.0,False,0.0,False,0.0,False,0.0,False,0.0,False,0.0,False,False,1.9,0.13,False,False,False,False,False,False,False,0.0,999.0,-0.0025064228,1343
EZTC3,EZ TEC EMPREEND. E PARTICIPACOES S.A.,BR_STOCK,EZTC3,0.5,C,0.5,C,4.0,Forte,11.49,12.65,13.81,13.86,9866462.8,False,0.0,False,0.0,False,0.0,False,0.0,False,0.0,False,False,0.6,13.46,False,False,False,False,False,False,False,11.286,5.471429,0.6187732,1344
VVEO3,CM HOSPITALAR S.A.,BR_STOCK,VVEO3,0.5,C,0.5,C,2.0,Fraco,0.7,0.96,1.26,1.3,576239.99,False,0.0,False,0.0,False,0.0,False,0.0,False,0.0,False,False,0.51,0.74,False,False,False,False,False,False,False,1.076,11.666667,0.11754828,1345
SOJA3,BOA SAFRA SEMENTES S.A.,BR_STOCK,SOJA3,0.5,C,0.5,C,2.0,Fraco,5.51,6.05,7.29,7.66,4417918.18,False,0.0,False,0.0,False,0.0,False,0.0,False,0.0,False,False,1.01,6.24,False,False,False,False,False,False,False,5.975,68.87501,0.58153033,1346
SANB4,BCO SANTANDER (BRASIL) S.A.,BR_STOCK,SANB4,0.5,C,0.5,C,3.0,OK,12.88,13.66,15.03,15.11,10088904.09,False,0.0,False,0.0,False,0.0,False,0.0,False,0.0,False,False,2.48,14.21,False,False,False,False,False,False,False,10.467,7.8536587,0.381494,1347
LKFT34,LKFT34,BDR,LKFT (BDR: LKFT34),0.5,C,0.5,C,3.0,OK,27.64,28.73,30.62,30.9,4856651.93,False,0.0,False,0.0,False,0.0,False,0.0,False,0.0,False,False,0.95,30.91,False,False,False,False,False,False,False,16.261,3.2787662,9.83408,1348
SBFG3,GRUPO SBF SA,BR_STOCK,SBFG3,0.5,C,0.5,C,4.0,Forte,9.45,10.28,11.42,11.71,18170459.63,False,0.0,False,0.0,False,0.0,False,0.0,False,0.0,False,False,1.16,10.45,False,False,False,False,False,False,False,11.1719996,6.5624995,0.66097784,1349
O2LE34,O2LE34,BDR,OLED (BDR: O2LE34),0.5,C,0.5,C,2.0,Fraco,80.36,85.7,98.46,105.59,95755449.89,False,0.0,False,0.0,False,0.0,False,0.0,False,0.0,False,False,1.79,87.87,False,False,False,False,False,False,False,12.697,17.89755,2.2047849,1350
C2RS34,C2RS34,BDR,CRSP (BDR: C2RS34),0.5,C,0.5,C,2.0,Fraco,48.44,52.2,52.64,54.14,65565136.66,False,0.0,False,0.0,False,0.0,False,0.0,False,0.0,False,False,0.77,63.45,False,False,False,False,False,False,False,-31.206,999.0,2.5730371,1351
D2KN34,D2KN34,BDR,DKNG (BDR: D2KN34),0.5,C,0.5,C,1.0,Fraco,23.72,25.53,26.1,27.68,253198966.63,False,0.0,False,0.0,False,0.0,False,0.0,False,0.0,False,False,0.97,27.52,False,False,False,False,False,False,False,7.936,263.55554,19.442621,1352
AZEV4,AZEVEDO E TRAVASSOS S.A.,BR_STOCK,AZEV4,0.5,C,0.5,C,0.0,Fraco,1.8,1.9,3.04,3.74,16042499.58,False,0.0,False,0.0,False,0.0,False,0.0,False,0.0,False,False,3.24,1.98,False,False,False,False,False,False,False,0.0,0.0,0.0,1353
CEAB3,CEA MODAS S.A.,BR_STOCK,CEAB3,0.5,C,0.5,C,4.0,Forte,9.43,10.51,11.42,12.45,66563543.15,False,0.0,False,0.0,False,0.0,False,0.0,False,0.0,False,False,1.16,11.24,False,False,False,False,False,False,False,16.788,5.015958,0.77004737,1354
MRVE3,MRV ENGENHARIA E PARTICIPACOES S.A.,BR_STOCK,MRVE3,0.5,C,0.5,C,0.0,Fraco,4.73,5.18,7.08,7.27,38308270.15,False,0.0,False,0.0,False,0.0,False,0.0,False,0.0,False,False,0.85,5.5,False,False,False,False,False,False,False,0.0,0.0,0.0,1355
BEEF3,MINERVA S.A.,BR_STOCK,BEEF3,0.5,C,0.5,C,0.0,Fraco,3.59,3.64,4.44,4.9,34400456.18,False,0.0,False,0.0,False,0.0,False,0.0,False,0.0,False,False,1.27,3.78,False,False,False,False,False,False,False,0.0,0.0,0.0,1356
DEFT31,DEFI TECHNOLOGIES INC,BDR,DEFT (BDR: DEFT31),0.5,C,0.5,C,3.0,OK,0.43,0.53,0.69,0.89,664440.73,False,0.0,False,0.0,False,0.0,False,0.0,False,0.0,False,False,0.94,0.57,False,False,False,False,False,False,False,35.292,5.3612504,1.0885787,1357
DIRR3,DIRECIONAL ENGENHARIA S.A.,BR_STOCK,DIRR3,0.5,C,0.5,C,0.0,Fraco,11.46,12.98,13.76,14.17,111945864.37,False,0.0,False,0.0,False,0.0,False,0.0,False,0.0,False,False,1.4,14.42,False,False,False,False,False,False,False,0.0,0.0,0.0,1358
BHIA3,GRUPO CASAS BAHIA S.A.,BR_STOCK,BHIA3,0.5,C,0.5,C,0.0,Fraco,0.79,1.13,2.25,2.52,8145216.22,False,0.0,False,0.0,False,0.0,False,0.0,False,0.0,False,False,1.42,1.19,False,False,False,False,False,False,False,0.0,0.0,0.0,1359
RAIZ4,RAIZEN S.A.,BR_STOCK,RAIZ4,0.5,C,0.5,C,0.0,Fraco,0.26,0.37,0.55,0.63,4987423.82,False,0.0,False,0.0,False,0.0,False,0.0,False,0.0,False,False,1.57,0.41,False,False,False,False,False,False,False,0.0,0.0,0.0,1360
CSNA3,CIA SIDERURGICA NACIONAL,BR_STOCK,CSNA3,0.5,C,0.5,C,0.0,Fraco,4.95,5.55,7.09,7.51,100908221.11,False,0.0,False,0.0,False,0.0,False,0.0,False,0.0,False,False,1.81,5.87,False,False,False,False,False,False,False,0.0,0.0,0.0,1361
CYRE3,CYRELA BRAZIL REALTY S.A.EMPREEND E PART,BR_STOCK,CYRE3,0.5,C,0.5,C,0.0,Fraco,21.53,21.84,25.43,26.64,177131621.65,False,0.0,False,0.0,False,0.0,False,0.0,False,0.0,False,False,1.29,23.7,False,False,False,False,False,False,False,0.0,0.0,0.0,1362
PMAM3,PARANAPANEMA S.A.,BR_STOCK,PMAM3,0.5,C,0.5,C,0.0,Fraco,0.24,0.3,0.52,0.61,3295511.93,False,0.0,False,0.0,False,0.0,False,0.0,False,0.0,False,False,2.16,0.41,False,False,False,False,False,False,False,0.0,0.0,0.0,1363
COGN3,COGNA EDUCAÇÃO S.A.,BR_STOCK,COGN3,0.5,C,0.5,C,0.0,Fraco,2.31,2.32,2.98,3.01,63542554.43,False,0.0,False,0.0,False,0.0,False,0.0,False,0.0,False,False,1.27,2.44,False,False,False,False,False,False,False,0.0,0.0,0.0,1364
L1DO34,L1DO34,BDR,LDOS (BDR: L1DO34),0.5,C,0.5,C,3.0,OK,112.41,114.04,149.92,159.37,93028608.06,False,0.0,False,0.0,False,0.0,False,0.0,False,0.0,False,False,0.56,119.18,False,False,False,False,False,False,False,30.579,10.284538,2.820545,1365
