ticker,name,category,display,technical_score,technical_tier,technical_score_weekly,technical_tier_weekly,fundamental_score,fundamental_tag,price,sma50,sma150,sma200,volume_financeiro,vcp,vcp_conf,wedge_or_trend,wedge_or_trend_conf,rasb_trend,rasb_trend_conf,wedge,wedge_conf,cup_handle,cup_handle_conf,pre_breakout,breakout,breakout_vol_ratio,breakout_resistance,vcp_weekly,wedge_or_trend_weekly,rasb_trend_weekly,wedge_weekly,cup_handle_weekly,pre_breakout_weekly,breakout_weekly,roe,pl,pvp,rank
E1QN34,E1QN34,BDR,EQNR (BDR: E1QN34),17.12,S,0.5,C,5.0,Forte,40.77,36.48,34.71,31.73,79597228.85,False,0.0,False,0.0,True,0.75,False,0.0,True,1.0,True,False,0.7,41.63,False,False,False,False,False,False,False,21.270001,11.04878,4.6031384,1
N1TA34,N1TA34,BDR,NTAP (BDR: N1TA34),16.93,S,2.0,C,3.0,OK,207.08,169.93,128.74,124.11,468365264.94,False,0.0,False,0.0,True,0.8,False,0.0,True,0.85,True,False,0.86,209.06,False,False,False,False,False,True,False,106.734,32.611023,30.042072,2
MILS3,MILLS LOCAÇÃO. SERVIÇOS E LOGÍSTICA S.A,BR_STOCK,MILS3,16.75,S,2.0,C,5.0,Forte,15.61,15.44,13.97,13.43,20263340.55,False,0.0,False,0.0,True,0.75,False,0.0,True,0.85,True,False,2.23,15.94,False,False,False,False,False,True,False,26.255,8.303191,1.8857212,3
ARMT34,ARMT34,BDR,MT (BDR: ARMT34),16.75,S,2.0,C,2.0,Fraco,73.83,67.02,61.19,56.46,76535206.93,False,0.0,False,0.0,True,0.75,False,0.0,True,0.85,True,False,0.83,75.51,False,False,False,False,False,True,False,3.2840000000000003,31.021008,2.0310307,4
F1AN34,F1AN34,BDR,FANG (BDR: F1AN34),16.6,S,2.0,C,3.0,OK,202.47,190.11,183.7,174.3,187192627.28,False,0.0,False,0.0,True,0.6,False,0.0,True,1.0,True,False,0.49,209.4,False,False,False,False,False,True,False,3.4930002,38.565716,1.4988563,5
T1EC34,T1EC34,BDR,FTI (BDR: T1EC34),16.6,S,2.0,C,4.0,Forte,78.62,70.38,67.43,61.71,198788253.58,False,0.0,False,0.0,True,0.6,False,0.0,True,1.0,True,False,0.75,77.92,False,False,False,False,False,True,False,35.814,27.488111,9.4388275,6
K1BF34,K1BF34,BDR,KB (BDR: K1BF34),16.57,S,2.0,C,3.0,OK,119.99,113.29,106.82,101.53,13672740.27,False,0.0,False,0.0,True,0.7,False,0.0,True,0.85,True,False,0.54,125.66,False,False,False,False,False,True,False,10.223999599999999,10.609195,4.5449247,7
R1KU34,R1KU34,BDR,ROKU (BDR: R1KU34),16.45,S,2.0,C,3.0,OK,157.68,140.54,117.32,113.91,213433430.57,True,0.55,False,0.0,True,0.8,False,0.0,False,0.0,True,False,0.46,154.12,False,False,False,False,False,True,False,13.122,66.81356,8.712083,8
E1OG34,E1OG34,BDR,EOG (BDR: E1OG34),16.45,S,2.0,C,5.0,Forte,142.62,137.35,130.67,124.03,198735543.64,False,0.0,False,0.0,True,0.7,False,0.0,True,0.8,True,False,0.42,148.69,False,False,False,False,False,True,False,22.506999999999998,11.098832,2.4679863,9
J1CI34,J1CI34,BDR,JCI (BDR: J1CI34),16.45,S,2.0,C,3.0,OK,153.63,144.89,137.66,132.34,246414860.42,False,0.0,False,0.0,True,0.7,False,0.0,True,0.8,True,False,0.46,157.06,False,False,False,False,False,True,False,14.332,43.399715,6.902772,10
C1NC34,C1NC34,BDR,CNC (BDR: C1NC34),16.25,S,2.0,C,2.0,Fraco,67.49,64.93,51.28,48.12,118806490.17,False,0.0,False,0.0,True,0.75,False,0.0,True,0.65,True,False,0.38,68.38,False,False,False,False,False,True,False,-20.358999,999.0,1.4776782,11
U1RI34,U1RI34,BDR,URI (BDR: U1RI34),16.25,S,2.0,C,3.0,OK,1154.47,1092.37,936.74,908.45,477084715.39,True,0.44,False,0.0,True,0.8,False,0.0,True,0.65,True,False,0.97,1177.15,False,False,False,False,False,True,False,28.895,27.77171,7.80216,12
S1NA34,S1NA34,BDR,SNA (BDR: S1NA34),15.35,S,2.0,C,4.0,Forte,403.4,401.19,380.22,369.77,57670466.53,False,0.0,False,0.0,True,0.6,False,0.0,True,0.5,True,False,0.43,423.02,False,False,False,False,False,True,False,17.932000000000002,20.602655,3.4535897,13
D1EL34,D1EL34,BDR,DELL (BDR: D1EL34),15.3,S,2.0,C,2.0,Fraco,490.97,421.72,260.89,229.09,1755152455.35,False,0.0,False,0.0,True,0.8,False,0.0,False,0.0,True,False,0.6,514.0,False,False,False,False,False,True,False,0.0,39.089966,-226.98566,14
FNAM11,FNAM11,ETF,FNAM11,15.3,S,0.5,C,0.0,Fraco,0.37,0.01,0.0,0.0,900950.01,False,0.0,False,0.0,True,0.8,False,0.0,False,0.0,True,False,0.05,0.0,False,False,False,False,False,False,False,0.0,999.0,999.0,15
A1PH34,A1PH34,BDR,APH (BDR: A1PH34),15.25,S,0.5,C,3.0,OK,167.01,159.58,146.22,143.76,605912194.26,False,0.0,False,0.0,True,0.75,False,0.0,True,0.85,False,False,0.59,176.33,False,False,False,False,False,False,False,38.115,41.855892,13.288114,16
OXYP34,OXYP34,BDR,OXY (BDR: OXYP34),15.1,S,0.5,C,4.0,Forte,58.37,54.47,54.02,50.69,322710541.62,False,0.0,False,0.0,True,0.6,False,0.0,True,1.0,True,False,0.61,59.55,False,False,False,False,False,False,False,10.629,17.216814,1.7438525,17
P1AC34,P1AC34,BDR,PCAR (BDR: P1AC34),14.9,S,0.5,C,3.0,OK,130.79,124.93,121.04,116.75,247939767.38,False,0.0,False,0.0,True,0.65,False,0.0,True,0.85,False,False,0.51,138.87,False,False,False,False,False,False,False,12.755999000000001,27.534735,3.3877275,18
S1TT34,S1TT34,BDR,STT (BDR: S1TT34),14.8,S,2.0,C,1.0,Fraco,191.84,177.07,149.49,142.29,117265267.2,False,0.0,False,0.0,True,0.8,False,0.0,False,0.0,True,False,0.42,191.61,False,False,False,False,False,True,False,12.437,16.93204,2.2048545,19
H1UM34,H1UM34,BDR,HUM (BDR: H1UM34),14.8,S,0.5,C,3.0,OK,389.66,380.6,273.83,268.86,222057494.59,False,0.0,False,0.0,True,0.8,False,0.0,False,0.0,True,False,0.45,407.34,False,False,False,False,False,False,False,6.893000000000001,36.79509,2.5179317,20
Z2DV34,Z2DV34,BDR,ZD (BDR: Z2DV34),14.8,S,2.0,C,2.0,Fraco,55.38,51.01,43.85,41.33,21092525.63,False,0.0,False,0.0,True,0.8,False,0.0,False,0.0,True,False,0.48,58.06,False,False,False,False,False,True,False,-1.456,999.0,1.2027365,21
TGTB34,TGTB34,BDR,TGT (BDR: TGTB34),14.8,S,2.0,C,2.0,Fraco,154.51,136.73,123.33,115.26,332628611.09,False,0.0,False,0.0,True,0.8,False,0.0,False,0.0,True,False,0.56,156.47,False,False,False,False,False,True,False,22.015,20.411491,4.2804313,22
H1FC34,H1FC34,BDR,DINO (BDR: H1FC34),14.8,S,2.0,C,5.0,Forte,93.68,78.77,65.34,61.41,198980255.21,False,0.0,False,0.0,True,0.8,False,0.0,False,0.0,True,False,0.72,93.64,False,False,False,False,False,True,False,19.504999,8.93041,1.6193324,23
R1HI34,R1HI34,BDR,RHI (BDR: R1HI34),14.8,S,2.0,C,1.0,Fraco,43.22,35.89,29.13,28.26,66330186.58,False,0.0,False,0.0,True,0.8,False,0.0,False,0.0,True,False,0.96,44.18,False,False,False,False,False,True,False,9.110999999999999,37.586956,3.5294356,24
UBSG34,UBSG34,BDR,UBS (BDR: UBSG34),14.8,S,2.0,C,2.0,Fraco,53.65,51.3,45.33,44.1,41873087.91,False,0.0,False,0.0,True,0.8,False,0.0,False,0.0,True,False,0.51,54.22,False,False,False,False,False,True,False,10.671999999999999,33.738995,1.8047705,25
S2EI34,S2EI34,BDR,SEIC (BDR: S2EI34),14.8,S,2.0,C,4.0,Forte,106.38,96.07,87.67,86.11,38338712.73,False,0.0,False,0.0,True,0.8,False,0.0,False,0.0,True,False,0.63,107.0,False,False,False,False,False,True,False,27.587998000000002,18.761904,5.1058316,26
G1RM34,G1RM34,BDR,GRMN (BDR: G1RM34),14.8,S,2.0,C,4.0,Forte,310.17,256.87,240.97,230.98,103036927.61,False,0.0,False,0.0,True,0.8,False,0.0,False,0.0,True,False,0.4,314.28,False,False,False,False,False,True,False,21.886998,31.97629,6.626998,27
M1PC34,M1PC34,BDR,MPC (BDR: M1PC34),14.8,S,2.0,C,4.0,Forte,355.33,287.77,242.49,227.59,597515443.49,False,0.0,False,0.0,True,0.8,False,0.0,False,0.0,True,False,0.65,357.2,False,False,False,False,False,True,False,42.099,12.325008,6.214562,28
C2OL34,C2OL34,BDR,CIB (BDR: C2OL34),14.8,S,2.0,C,4.0,Forte,96.46,83.1,74.62,71.11,14204024.25,False,0.0,False,0.0,True,0.8,False,0.0,False,0.0,True,False,0.4,100.74,False,False,False,False,False,True,False,19.218999,9.578948,0.0021727923,29
N1UE34,N1UE34,BDR,NUE (BDR: N1UE34),14.8,S,2.0,C,3.0,OK,268.66,248.03,211.09,197.23,256935949.76,False,0.0,False,0.0,True,0.8,False,0.0,False,0.0,True,False,0.73,280.11,False,False,False,False,False,True,False,14.548999000000002,21.441341,2.773007,30
VLOE34,VLOE34,BDR,VLO (BDR: VLOE34),14.8,S,2.0,C,5.0,Forte,341.6,283.29,242.45,224.33,551594635.06,False,0.0,False,0.0,True,0.8,False,0.0,False,0.0,True,False,0.55,343.73,False,False,False,False,False,True,False,27.637,14.251089,4.249373,31
AIRB34,AIRB34,BDR,ABNB (BDR: AIRB34),14.8,S,2.0,C,4.0,Forte,184.06,148.42,137.6,134.74,642648794.56,False,0.0,False,0.0,True,0.8,False,0.0,False,0.0,True,False,0.54,187.12,False,False,False,False,False,True,True,34.542,41.92711,13.923898,32
E1CO34,E1CO34,BDR,EC (BDR: E1CO34),14.8,S,2.0,C,5.0,Forte,17.17,15.91,13.91,12.78,30157413.25,False,0.0,False,0.0,True,0.8,False,0.0,False,0.0,True,False,0.81,17.43,False,False,False,False,False,True,False,15.948,11.218955,0.00874406,33
GGBR3,GERDAU S.A.,BR_STOCK,GGBR3,14.7,S,0.5,C,4.0,Forte,21.08,20.02,18.93,18.29,394196.0,False,0.0,False,0.0,True,0.7,False,0.0,True,0.7,False,False,0.53,22.62,False,False,False,False,False,False,False,4.1810002,18.330435,0.77289724,34
GGBR4,GERDAU S.A.,BR_STOCK,GGBR4,14.7,S,0.5,C,3.0,OK,24.65,23.33,21.98,21.27,174134992.31,False,0.0,False,0.0,True,0.7,False,0.0,True,0.7,False,False,0.66,26.44,False,False,False,False,False,False,False,4.1810002,21.41739,0.9030578,35
INGG34,INGG34,BDR,ING (BDR: INGG34),14.62,S,2.0,C,4.0,Forte,35.71,32.2,29.16,28.22,38082250.03,False,0.0,False,0.0,True,0.75,False,0.0,False,0.0,True,False,0.42,35.87,False,False,False,False,False,True,False,17.124,13.374531,1.7587912,36
B1CS34,B1CS34,BDR,BCS (BDR: B1CS34),14.62,S,2.0,C,3.0,OK,28.14,26.78,24.61,24.14,55760250.52,False,0.0,False,0.0,True,0.75,False,0.0,False,0.0,True,False,0.64,28.37,False,False,False,False,False,True,False,10.091999999999999,10.779694,1.0687253,37
C1FG34,C1FG34,BDR,CFG (BDR: C1FG34),14.62,S,2.0,C,3.0,OK,74.73,69.97,64.27,61.74,98114142.36,False,0.0,False,0.0,True,0.75,False,0.0,False,0.0,True,False,0.46,74.68,False,False,False,False,False,True,False,8.270001,16.281046,1.3121808,38
BILB34,BILB34,BDR,BBVA (BDR: BILB34),14.62,S,2.0,C,4.0,Forte,28.7,25.62,23.45,22.87,51787006.12,False,0.0,False,0.0,True,0.75,False,0.0,False,0.0,True,False,0.88,28.94,False,False,False,False,False,True,False,18.924,13.167431,2.4447815,39
SVAL11,SVAL11,ETF,SVAL11,14.62,S,0.5,C,1.0,Fraco,161.17,152.52,143.59,141.13,160202.98,False,0.0,False,0.0,True,0.75,False,0.0,False,0.0,True,False,0.25,161.0,False,False,False,False,False,False,False,0.0,17.914236,999.0,40
BOAC34,BOAC34,BDR,BAC (BDR: BOAC34),14.62,S,2.0,C,3.0,OK,64.49,59.63,53.97,53.79,1095946377.18,False,0.0,False,0.0,True,0.75,False,0.0,False,0.0,True,False,0.66,65.2,False,False,False,False,False,True,False,11.1990005,14.8937645,1.6392151,41
JPMC34,JPMC34,BDR,JPM (BDR: JPMC34),14.62,S,2.0,C,4.0,Forte,362.79,338.79,313.41,312.51,1279114128.43,False,0.0,False,0.0,True,0.75,False,0.0,False,0.0,True,False,0.62,366.5,False,False,False,False,False,True,False,17.788999999999998,15.6375,2.7276008,42
VLYB34,VLYB34,BDR,VLY (BDR: VLYB34),14.62,S,2.0,C,3.0,OK,15.01,14.51,13.3,12.76,57913489.15,False,0.0,False,0.0,True,0.75,False,0.0,False,0.0,True,False,0.62,15.1,False,False,False,False,False,True,False,8.953,12.72034,1.1209857,43
USTK11,USTK11,ETF,USTK11,14.62,S,0.5,C,0.0,Fraco,22.86,21.39,19.2,19.02,215386.93,False,0.0,False,0.0,True,0.75,False,0.0,False,0.0,True,False,1.07,22.56,False,False,False,False,False,False,False,0.0,33.671356,999.0,44
UTEC11,UTEC11,ETF,UTEC11,14.62,S,0.5,C,0.0,Fraco,30.33,28.32,25.41,25.15,379974.24,False,0.0,False,0.0,True,0.75,False,0.0,False,0.0,True,False,0.15,30.12,False,False,False,False,False,False,False,0.0,33.773994,999.0,45
COLO39,GLOBAL X MSCI COLOMBIA ETF,BDR,COLO (BDR: COLO39),14.62,S,2.0,C,1.0,Fraco,48.48,44.13,40.95,39.51,8852641.84,False,0.0,False,0.0,True,0.75,False,0.0,False,0.0,True,False,1.18,48.79,False,False,False,False,False,True,False,0.0,11.481991,999.0,46
R1VT34,R1VT34,BDR,RVTY (BDR: R1VT34),14.62,S,2.0,C,3.0,OK,116.78,109.3,100.64,99.82,68779541.7,False,0.0,False,0.0,True,0.75,False,0.0,False,0.0,True,False,0.37,118.34,False,False,False,False,False,True,False,3.211,56.14183,1.8025563,47
N1WG34,N1WG34,BDR,NWG (BDR: N1WG34),14.62,S,2.0,C,3.0,OK,19.1,17.74,16.5,16.33,53373770.96,False,0.0,False,0.0,True,0.75,False,0.0,False,0.0,True,False,0.74,19.42,False,False,False,False,False,True,False,14.776,9.457921,1.452623,48
TXSA34,TXSA34,BDR,TX (BDR: TXSA34),14.62,S,2.0,C,4.0,Forte,53.77,47.46,43.65,41.8,15600935.47,False,0.0,False,0.0,True,0.75,False,0.0,False,0.0,True,False,0.35,55.66,False,False,False,False,False,True,False,4.4320002,14.936111,0.8654156,49
I1VZ34,I1VZ34,BDR,IVZ (BDR: I1VZ34),14.62,S,2.0,C,2.0,Fraco,32.56,29.06,26.89,26.35,111981062.3,False,0.0,False,0.0,True,0.75,False,0.0,False,0.0,True,False,0.69,32.55,False,False,False,False,False,True,False,-0.57300003,999.0,1.4428489,50
A1EG34,A1EG34,BDR,AEG (BDR: A1EG34),14.62,S,2.0,C,2.0,Fraco,9.47,8.84,7.96,7.83,23165777.17,False,0.0,False,0.0,True,0.75,False,0.0,False,0.0,True,False,0.58,9.61,False,False,False,False,False,True,False,10.421,13.717392,1.6461276,51
R1FC34,R1FC34,BDR,RF (BDR: R1FC34),14.62,S,2.0,C,3.0,OK,31.9,30.41,28.42,27.69,168454008.99,False,0.0,False,0.0,True,0.75,False,0.0,False,0.0,True,False,0.69,32.47,False,False,False,False,False,True,False,11.866999400000001,12.96748,1.5570089,52
MRCK34,MRCK34,BDR,MRK (BDR: MRCK34),14.62,S,2.0,C,1.0,Fraco,135.86,125.36,118.26,112.7,619620508.86,False,0.0,False,0.0,True,0.75,False,0.0,False,0.0,True,False,0.52,135.68,False,False,False,False,False,True,False,6.961,108.688,7.313738,53
H1SB34,H1SB34,BDR,HSBC (BDR: H1SB34),14.62,S,2.0,C,2.0,Fraco,103.77,98.61,90.21,85.48,57438457.23,False,0.0,False,0.0,True,0.75,False,0.0,False,0.0,True,False,0.4,107.92,False,False,False,False,False,True,False,13.104999000000001,14.8242855,8.237349,54
MSBR34,MSBR34,BDR,MS (BDR: MSBR34),14.62,S,0.5,C,4.0,Forte,217.38,215.66,190.75,185.32,615267148.7,False,0.0,False,0.0,True,0.75,False,0.0,False,0.0,True,False,0.61,222.0,False,False,False,False,False,False,False,17.969999,17.558966,3.2061474,55
Q1UE34,Q1UE34,BDR,DGX (BDR: Q1UE34),14.62,S,2.0,C,3.0,OK,234.35,214.99,200.78,195.27,93313016.73,False,0.0,False,0.0,True,0.75,False,0.0,False,0.0,True,False,0.53,240.13,False,False,False,False,False,True,False,14.602,24.87792,3.42983,56
NMRH34,NMRH34,BDR,NMR (BDR: NMRH34),14.62,S,2.0,C,3.0,OK,9.83,9.34,8.71,8.47,4121365.09,False,0.0,False,0.0,True,0.75,False,0.0,False,0.0,True,False,0.61,10.05,False,False,False,False,False,True,False,11.158,11.702381,1.1934859,57
L1YG34,L1YG34,BDR,LYG (BDR: L1YG34),14.62,S,2.0,C,3.0,OK,6.22,5.81,5.46,5.31,31296967.68,False,0.0,False,0.0,True,0.75,False,0.0,False,0.0,True,False,0.36,6.25,False,False,False,False,False,True,False,11.3400005,14.465116,1.6121631,58
USBC34,USBC34,BDR,USB (BDR: USBC34),14.62,S,2.0,C,3.0,OK,65.41,61.43,56.62,54.77,189956930.0,False,0.0,False,0.0,True,0.75,False,0.0,False,0.0,True,False,0.47,65.61,False,False,False,False,False,True,False,12.623000000000001,13.055888,1.6810157,59
S1WK34,S1WK34,BDR,SWK (BDR: S1WK34),14.62,S,2.0,C,3.0,OK,102.05,90.74,81.66,78.61,81278031.08,False,0.0,False,0.0,True,0.75,False,0.0,False,0.0,True,False,0.37,104.68,False,False,False,False,False,True,False,6.886,24.9511,1.7670996,60
S1MF34,S1MF34,BDR,SMFG (BDR: S1MF34),14.62,S,2.0,C,3.0,OK,26.32,24.98,22.52,21.42,22932759.83,False,0.0,False,0.0,True,0.75,False,0.0,False,0.0,True,False,0.55,26.54,False,False,False,False,False,True,False,8.569,16.97742,1.7160288,61
M1UF34,M1UF34,BDR,MUFG (BDR: M1UF34),14.62,S,2.0,C,3.0,OK,23.07,21.39,19.19,18.31,59583539.1,False,0.0,False,0.0,True,0.75,False,0.0,False,0.0,True,False,0.89,23.25,False,False,False,False,False,True,False,9.458999,17.342106,1.8223139,62
BCSA34,BCSA34,BDR,SAN (BDR: BCSA34),14.62,S,2.0,C,3.0,OK,14.78,13.68,12.49,12.09,221647787.57,False,0.0,False,0.0,True,0.75,False,0.0,False,0.0,True,False,1.06,15.0,False,False,False,False,False,True,False,13.109000000000002,14.495098,1.6771986,63
A1PD34,A1PD34,BDR,APD (BDR: A1PD34),14.6,S,2.0,C,1.0,Fraco,308.87,292.31,285.7,275.87,102741279.7,False,0.0,False,0.0,True,0.6,False,0.0,True,0.8,True,False,0.35,311.51,False,False,False,False,False,True,False,0.023,999.0,4.954047,64
JNJB34,JNJB34,BDR,JNJ (BDR: JNJB34),14.57,S,0.5,C,3.0,OK,260.29,251.31,238.19,228.3,740811913.9,False,0.0,False,0.0,True,0.7,False,0.0,True,0.65,False,False,0.43,274.9,False,False,False,False,False,False,False,25.741999999999997,30.196056,7.3769984,65
A1LG34,A1LG34,BDR,ALGN (BDR: A1LG34),14.5,S,0.5,C,2.0,Fraco,181.31,175.38,175.09,168.77,170999623.24,False,0.0,False,0.0,False,0.0,False,0.0,True,1.0,True,False,1.09,187.96,False,False,False,False,False,False,False,10.155,31.477428,3.0519972,66
COCA34,COCA34,BDR,KO (BDR: COCA34),14.45,S,2.0,C,3.0,OK,87.7,83.3,78.7,76.31,515434982.46,False,0.0,False,0.0,True,0.7,False,0.0,False,0.0,True,False,0.4,90.92,False,False,False,False,False,True,False,42.054,26.336336,10.439233,67
SPXR11,SPXR11,ETF,SPXR11,14.45,S,2.0,C,0.0,Fraco,75.81,72.66,68.1,66.69,12250137.51,False,0.0,False,0.0,True,0.7,False,0.0,False,0.0,True,False,0.74,76.0,False,False,False,False,False,True,False,0.0,999.0,999.0,68
IWMI11,IWMI11,ETF,IWMI11,14.45,S,0.5,C,0.0,Fraco,85.97,82.36,77.84,76.99,102390.27,False,0.0,False,0.0,True,0.7,False,0.0,False,0.0,True,False,0.97,85.34,False,False,False,False,False,False,False,0.0,999.0,999.0,69
NASD11,NASD11,ETF,NASD11,14.45,S,0.5,C,0.0,Fraco,21.85,20.94,19.47,19.37,20117819.75,False,0.0,False,0.0,True,0.7,False,0.0,False,0.0,True,False,1.02,21.56,False,False,False,False,False,False,False,0.0,32.742302,999.0,70
S2LA34,S2LA34,BDR,SLAB (BDR: S2LA34),14.45,S,2.0,C,1.0,Fraco,218.41,218.27,205.72,187.23,39250898.58,False,0.0,False,0.0,True,0.7,False,0.0,False,0.0,True,False,0.89,219.75,False,False,False,False,False,True,False,-3.628,999.0,6.5547256,71
EQIX34,EQIX34,BDR,EQIX (BDR: EQIX34),14.45,S,2.0,C,2.0,Fraco,1102.1,1051.22,995.39,937.52,497256487.98,False,0.0,False,0.0,True,0.7,False,0.0,False,0.0,True,False,0.7,1104.99,False,False,False,False,False,True,False,10.735,70.78356,7.5612144,72
CTGP34,CTGP34,BDR,C (BDR: CTGP34),14.45,S,0.5,C,3.0,OK,139.34,136.5,124.02,119.59,738422974.81,False,0.0,False,0.0,True,0.7,False,0.0,False,0.0,True,False,0.6,139.26,False,False,False,False,False,False,False,8.529,15.015086,1.2144189,73
W1AB34,W1AB34,BDR,WAB (BDR: W1AB34),14.45,S,2.0,C,3.0,OK,299.17,276.42,260.03,247.4,200920715.56,False,0.0,False,0.0,True,0.7,False,0.0,False,0.0,True,False,0.74,306.64,False,False,False,False,False,True,False,11.553001,40.318733,4.580622,74
I1RM34,I1RM34,BDR,IRM (BDR: I1RM34),14.45,S,2.0,C,1.0,Fraco,129.37,124.62,113.74,106.97,78668341.59,False,0.0,False,0.0,True,0.7,False,0.0,False,0.0,True,False,0.3,132.87,False,False,False,False,False,True,False,0.0,91.75177,-30.06507,75
BBMC39,BBMC39,BDR,BBMC (BDR: BBMC39),14.45,S,2.0,C,0.0,Fraco,129.93,125.2,117.99,114.83,1151049.81,False,0.0,False,0.0,True,0.7,False,0.0,False,0.0,True,False,0.9,129.66,False,False,False,False,False,True,False,0.0,22.291,999.0,76
L2IV34,L2IV34,BDR,LIVN (BDR: L2IV34),14.45,S,2.0,C,4.0,Forte,82.22,80.07,70.51,67.69,45479335.92,False,0.0,False,0.0,True,0.7,False,0.0,False,0.0,True,False,0.61,85.76,False,False,False,False,False,True,False,15.404001000000001,24.253687,3.415303,77
CPRL34,CPRL34,BDR,CP (BDR: CPRL34),14.45,S,3.63,C,2.0,Fraco,93.52,89.75,84.32,81.3,201590021.4,False,0.0,False,0.0,True,0.7,False,0.0,False,0.0,True,False,0.71,93.98,True,False,False,False,False,True,False,8.154,30.265371,2.4651532,78
BCAT39,GLOBAL X S&P 500 CATHOLIC VALUES ETF,BDR,BCAT (BDR: BCAT39),14.45,S,2.0,C,1.0,Fraco,15.88,15.61,14.5,14.0,7243699.0,False,0.0,False,0.0,True,0.7,False,0.0,False,0.0,True,False,0.64,16.2,False,False,False,False,False,True,False,0.0,7.488208,999.0,79
CNIC34,CNIC34,BDR,CNI (BDR: CNIC34),14.45,S,2.0,C,3.0,OK,126.82,123.25,112.05,107.92,63757716.12,False,0.0,False,0.0,True,0.7,False,0.0,False,0.0,True,False,0.36,131.55,False,False,False,False,False,True,False,22.017999,22.687834,4.876479,80
FDXB34,FDXB34,BDR,FDX (BDR: FDXB34),14.45,S,2.0,C,2.0,Fraco,334.65,319.46,301.72,281.2,355250671.37,False,0.0,False,0.0,True,0.7,False,0.0,False,0.0,True,False,0.68,340.25,False,False,False,False,False,True,False,14.846,18.030981,2.537899,81
JQUA39,JQUA39,BDR,JQUA (BDR: JQUA39),14.45,S,2.0,C,0.0,Fraco,75.27,71.96,67.06,65.89,49180663.11,False,0.0,False,0.0,True,0.7,False,0.0,False,0.0,True,False,1.15,75.55,False,False,False,False,False,True,False,0.0,25.730288,999.0,82
VBBR3,VIBRA ENERGIA S.A.,BR_STOCK,VBBR3,14.35,S,0.5,C,3.0,OK,33.51,31.87,30.77,28.9,164500581.76,False,0.0,False,0.0,True,0.6,False,0.0,True,0.7,False,False,0.58,36.63,False,False,False,False,False,False,False,13.962,13.050585,1.8407332,83
P1HC34,P1HC34,BDR,PH (BDR: P1HC34),14.28,S,2.0,C,4.0,Forte,1055.78,967.96,942.81,919.73,222142455.56,False,0.0,False,0.0,True,0.65,False,0.0,False,0.0,True,False,0.28,1099.94,False,False,False,False,False,True,False,25.075999999999997,37.07075,9.112114,84
E1MR34,E1MR34,BDR,EMR (BDR: E1MR34),14.28,S,2.0,C,3.0,OK,163.19,146.11,142.94,140.43,280426026.58,False,0.0,False,0.0,True,0.65,False,0.0,False,0.0,True,False,0.48,166.35,False,False,False,False,False,True,False,12.8,35.70897,4.4666758,85
RYTT34,RYTT34,BDR,RTX (BDR: RYTT34),14.28,S,2.0,C,3.0,OK,222.94,199.52,194.17,189.68,486180869.12,False,0.0,False,0.0,True,0.65,False,0.0,False,0.0,True,False,0.52,226.88,False,False,False,False,False,True,False,12.274000000000001,39.18102,4.5267005,86
AMGN34,AMGN34,BDR,AMGN (BDR: AMGN34),14.28,S,2.0,C,3.0,OK,415.21,370.22,355.04,346.58,669679738.92,False,0.0,False,0.0,True,0.65,False,0.0,False,0.0,True,False,0.58,421.79,False,False,False,False,False,True,False,91.473,25.805468,19.204903,87
BTRA11,BTRA11,ETF,BTRA11,14.28,S,0.5,C,1.0,Fraco,70.0,64.18,63.08,60.95,227780.0,False,0.0,False,0.0,True,0.65,False,0.0,False,0.0,True,False,0.83,71.12,False,False,False,False,False,False,False,0.0,6.2836623,999.0,88
GDBR34,GDBR34,BDR,GD (BDR: GDBR34),14.28,S,2.0,C,4.0,Forte,395.73,368.84,353.29,349.45,126793874.17,False,0.0,False,0.0,True,0.65,False,0.0,False,0.0,True,False,0.35,400.0,False,False,False,False,False,True,False,17.803,24.144602,3.9851964,89
D2AR34,D2AR34,BDR,DAR (BDR: D2AR34),14.28,S,2.0,C,4.0,Forte,67.02,59.13,56.48,51.12,111444402.48,False,0.0,False,0.0,True,0.65,False,0.0,False,0.0,True,False,0.77,65.78,False,False,False,False,False,True,False,12.126000000000001,18.016129,2.016124,90
DDNB34,DDNB34,BDR,DD (BDR: DDNB34),14.12,S,0.5,C,3.0,OK,146.29,139.82,139.81,134.32,128680189.05,False,0.0,False,0.0,False,0.0,False,0.0,True,0.85,True,False,0.39,149.42,False,False,False,False,False,False,False,1.7919999999999998,62.785408,1.4347361,91
O1KE34,O1KE34,BDR,OKE (BDR: O1KE34),14.1,S,2.0,C,4.0,Forte,94.99,88.74,85.21,81.05,184269956.98,False,0.0,False,0.0,True,0.6,False,0.0,False,0.0,True,False,0.46,94.75,False,False,False,False,False,True,False,16.277,16.405872,2.6768303,92
V1OD34,V1OD34,BDR,VOD (BDR: V1OD34),14.1,S,2.0,C,0.0,Fraco,16.42,14.94,14.81,14.15,40049348.97,False,0.0,False,0.0,True,0.6,False,0.0,False,0.0,True,False,0.48,16.4,False,False,False,False,False,True,False,0.10899999,999.0,1.2990154,93
JPME39,JPME39,BDR,JPME (BDR: JPME39),14.1,S,2.0,C,1.0,Fraco,129.19,124.82,119.4,116.31,1169427.9,False,0.0,False,0.0,True,0.6,False,0.0,False,0.0,True,False,0.95,128.98,False,False,False,False,False,True,False,0.0,18.833845,999.0,94
CBAV3,COMPANHIA BRASILEIRA DE ALUMÍNIO,BR_STOCK,CBAV3,14.1,S,2.0,C,3.0,OK,11.09,10.85,10.41,9.26,16640545.23,False,0.0,False,0.0,True,0.6,False,0.0,False,0.0,True,False,0.49,11.18,False,False,False,False,False,True,False,14.575,12.054348,1.4258164,95
T1EV34,T1EV34,BDR,TEVA (BDR: T1EV34),14.1,S,2.0,C,0.0,Fraco,36.78,33.59,32.96,31.53,72946360.06,False,0.0,False,0.0,True,0.6,False,0.0,False,0.0,True,False,0.35,37.39,False,False,False,False,False,True,False,9.690999999999999,61.299995,5.528333,96
A1ME34,A1ME34,BDR,AME (BDR: A1ME34),14.1,S,2.0,C,3.0,OK,254.6,238.55,229.82,222.14,225129800.8,False,0.0,False,0.0,True,0.6,False,0.0,False,0.0,True,False,0.71,261.16,False,False,False,False,False,True,False,14.562,37.22222,5.183436,97
DESK3,DESKTOP S.A.,BR_STOCK,DESK3,14.1,S,2.0,C,1.0,Fraco,18.86,18.0,17.16,16.86,4152972.13,False,0.0,False,0.0,True,0.6,False,0.0,False,0.0,True,False,0.53,19.19,False,False,False,False,False,True,False,4.9889997,37.000004,1.5431798,98
EWJV39,ISHARES MSCI JAPAN VALUE ETF,BDR,EWJV (BDR: EWJV39),14.1,S,2.0,C,1.0,Fraco,47.97,45.67,44.03,42.61,4721351.43,False,0.0,False,0.0,True,0.6,False,0.0,False,0.0,True,False,0.54,48.36,False,False,False,False,False,True,False,0.0,15.527411,999.0,99
UGPA3,ULTRAPAR PARTICIPACOES S.A.,BR_STOCK,UGPA3,14.1,S,2.0,C,4.0,Forte,32.21,28.93,27.76,26.03,258069733.66,False,0.0,False,0.0,True,0.6,False,0.0,False,0.0,True,False,0.86,33.39,False,False,False,False,False,True,False,19.181,9.817074,2.0894167,100
BBJP39,JPMORGAN BETABUILDERS JAPAN ETF,BDR,BBJP (BDR: BBJP39),14.1,S,2.0,C,0.0,Fraco,79.2,75.43,73.03,71.13,39338559.28,False,0.0,False,0.0,True,0.6,False,0.0,False,0.0,True,False,0.22,79.72,False,False,False,False,False,True,False,0.0,20.076185,999.0,101
D1LR34,D1LR34,BDR,DLR (BDR: D1LR34),14.1,S,2.0,C,2.0,Fraco,200.1,185.9,181.8,175.5,352100172.84,False,0.0,False,0.0,True,0.6,False,0.0,False,0.0,True,False,0.85,207.47,False,False,False,False,False,True,False,2.912,253.29114,2.7726972,102
FIXA11,FIXA11,ETF,FIXA11,14.1,S,0.5,C,0.0,Fraco,19.42,19.19,19.03,17.4,249644.1,False,0.0,False,0.0,True,0.6,False,0.0,False,0.0,True,False,0.88,19.57,False,False,False,False,False,False,False,0.0,999.0,999.0,103
HYBR11,HYBR11,ETF,HYBR11,14.01,S,0.5,C,0.0,Fraco,55.68,54.98,53.78,53.15,276451.2,True,0.59,False,0.0,True,0.5,False,0.0,False,0.0,True,False,0.57,55.77,False,False,False,False,False,False,False,0.0,999.0,999.0,104
GOAU3,METALURGICA GERDAU S.A.,BR_STOCK,GOAU3,13.85,S,0.5,C,3.0,OK,9.84,9.35,9.12,8.84,307008.0,False,0.0,False,0.0,True,0.6,False,0.0,True,0.5,False,False,0.45,10.49,False,False,False,False,False,False,False,4.168,26.621622,0.6774416,105
ACWX39,ISHARES MSCI ACWI EX U.S. ETF,BDR,ACWX (BDR: ACWX39),13.75,S,2.0,C,1.0,Fraco,77.87,75.47,72.69,70.82,95008878.87,False,0.0,False,0.0,True,0.5,False,0.0,False,0.0,True,False,0.59,78.06,False,False,False,False,False,True,False,0.0,18.652885,999.0,106
LLFT11,LLFT11,ETF,LLFT11,13.75,S,0.5,C,0.0,Fraco,117.66,116.06,113.0,112.97,1279670.2,False,0.0,False,0.0,True,0.5,False,0.0,False,0.0,True,False,0.04,117.58,False,False,False,False,False,False,False,0.0,999.0,999.0,107
GSRF11,GSRF11,ETF,GSRF11,13.75,S,0.5,C,0.0,Fraco,116.01,114.0,110.14,108.74,136427.76,False,0.0,False,0.0,True,0.5,False,0.0,False,0.0,True,True,6.58,115.77,False,False,False,False,False,False,False,0.0,999.0,999.0,108
SEQR11,SEQR11,ETF,SEQR11,13.75,S,0.5,C,1.0,Fraco,53.01,52.23,51.86,50.5,72994.77,False,0.0,False,0.0,True,0.5,False,0.0,False,0.0,True,False,1.23,54.79,False,False,False,False,False,False,False,0.0,5.1266923,999.0,109
ISNT11,ISNT11,ETF,ISNT11,13.75,S,0.5,C,0.0,Fraco,1141.0,1129.21,1099.11,1090.8,2156490.0,False,0.0,False,0.0,True,0.5,False,0.0,False,0.0,True,False,0.42,1150.0,False,False,False,False,False,False,False,0.0,999.0,999.0,110
ISNN11,ISNN11,ETF,ISNN11,13.75,S,0.5,C,0.0,Fraco,1099.58,1087.87,1060.8,1059.68,4288361.83,False,0.0,False,0.0,True,0.5,False,0.0,False,0.0,True,False,0.61,1110.0,False,False,False,False,False,False,False,0.0,999.0,999.0,111
BINC11,BINC11,ETF,BINC11,13.75,S,0.5,C,0.0,Fraco,102.99,101.76,98.5,96.3,1195816.87,False,0.0,False,0.0,True,0.5,False,0.0,False,0.0,True,False,0.83,106.46,False,False,False,False,False,False,False,0.0,999.0,999.0,112
B1SA34,B1SA34,BDR,BSAC (BDR: B1SA34),13.75,S,2.0,C,4.0,Forte,34.53,33.31,32.48,31.54,4861340.41,False,0.0,False,0.0,True,0.5,False,0.0,False,0.0,True,False,0.51,36.25,False,False,False,False,False,True,False,23.592,13.229885,1.4169059,113
LFIN11,LFIN11,ETF,LFIN11,13.75,S,0.5,C,0.0,Fraco,112.99,111.4,108.44,107.14,893637.89,False,0.0,False,0.0,True,0.5,False,0.0,False,0.0,True,False,0.52,113.0,False,False,False,False,False,False,False,0.0,999.0,999.0,114
XB3511,XB3511,ETF,XB3511,13.75,S,0.5,C,0.0,Fraco,52.21,51.86,51.59,51.45,835986.51,False,0.0,False,0.0,True,0.5,False,0.0,False,0.0,True,False,3.26,52.65,False,False,False,False,False,False,False,0.0,999.0,999.0,115
N2LY34,N2LY34,BDR,NLY (BDR: N2LY34),13.75,S,2.0,C,4.0,Forte,23.33,22.32,21.66,21.31,99782930.44,False,0.0,False,0.0,True,0.5,False,0.0,False,0.0,True,False,0.56,23.48,False,False,False,False,False,True,False,19.567,5.6340585,1.1576831,116
VCRI11,VCRI11,ETF,VCRI11,13.75,S,0.5,C,1.0,Fraco,7.24,7.22,7.19,6.98,258373.87,False,0.0,False,0.0,True,0.5,False,0.0,False,0.0,True,False,0.79,7.49,False,False,False,False,False,False,False,0.0,5.7380953,999.0,117
EXGR34,EXGR34,BDR,EXPE (BDR: EXGR34),13.5,S,2.0,C,3.0,OK,332.69,269.47,248.82,251.98,319490526.59,False,0.0,False,0.0,False,0.0,False,0.0,True,1.0,True,False,0.54,331.31,False,False,False,False,False,True,False,89.48899999999999,20.937067,33.02134,118
H1PE34,H1PE34,BDR,HPE (BDR: H1PE34),13.3,S,0.5,C,2.0,Fraco,58.72,48.49,33.49,30.86,574415481.29,False,0.0,False,0.0,True,0.8,False,0.0,False,0.0,False,False,0.53,63.44,False,False,False,False,False,False,False,6.3149999999999995,54.87383,3.0719926,119
I1LM34,I1LM34,BDR,ILMN (BDR: I1LM34),13.3,S,0.5,C,3.0,OK,190.89,183.38,150.23,144.55,183089088.67,False,0.0,False,0.0,True,0.8,False,0.0,False,0.0,False,False,0.42,207.0,False,False,False,False,False,False,False,32.339,35.613804,10.1564245,120
W2ST34,W2ST34,BDR,WST (BDR: W2ST34),13.3,S,0.5,C,4.0,Forte,349.33,344.93,292.99,288.09,95070854.51,False,0.0,False,0.0,True,0.8,False,0.0,False,0.0,False,False,0.47,385.75,False,False,False,False,False,False,False,19.087,44.671352,8.224561,121
X1YZ34,X1YZ34,BDR,XYZ (BDR: X1YZ34),13.3,S,2.0,C,2.0,Fraco,82.88,77.25,68.47,67.82,291448998.75,False,0.0,False,0.0,True,0.8,False,0.0,False,0.0,True,False,0.59,86.75,False,False,False,False,False,True,False,1.6119999999999999,147.99107,2.2472138,122
C2RW34,C2RW34,BDR,CRWD (BDR: C2RW34),13.3,S,2.0,C,2.0,Fraco,216.95,189.64,140.56,137.14,1255576412.34,False,0.0,False,0.0,True,0.8,False,0.0,False,0.0,True,False,0.78,226.9,False,False,False,False,False,True,False,-0.24899999,999.0,47.67084,123
ASML34,ASML34,BDR,ASML (BDR: ASML34),13.3,S,0.5,C,4.0,Forte,1844.08,1774.03,1543.88,1424.46,1573289723.07,False,0.0,False,0.0,True,0.8,False,0.0,False,0.0,True,False,0.65,1873.69,False,False,False,False,False,False,False,53.942,62.76651,1559.8055,124
P2AN34,P2AN34,BDR,PANW (BDR: P2AN34),13.3,S,2.0,C,2.0,Fraco,384.27,326.32,231.04,222.4,1596789364.03,False,0.0,False,0.0,True,0.8,False,0.0,False,0.0,True,False,0.71,398.88,False,False,False,False,False,True,False,4.8309997000000005,334.14783,11.29143,125
K1MX34,K1MX34,BDR,KMX (BDR: K1MX34),13.3,S,2.0,C,1.0,Fraco,59.93,54.44,46.46,44.46,68232942.27,False,0.0,False,0.0,True,0.8,False,0.0,False,0.0,True,False,0.63,61.15,False,False,False,False,False,True,False,3.588,37.223602,1.3899713,126
D1EX34,D1EX34,BDR,DXCM (BDR: D1EX34),13.3,S,2.0,C,4.0,Forte,89.75,76.11,70.27,68.69,337198827.5,False,0.0,False,0.0,True,0.8,False,0.0,False,0.0,True,False,0.57,91.62,False,False,False,False,False,True,False,38.491002,35.474308,12.921105,127
N2ET34,N2ET34,BDR,NET (BDR: N2ET34),13.3,S,2.0,C,1.0,Fraco,315.67,263.01,221.0,217.71,887230662.83,False,0.0,False,0.0,True,0.8,False,0.0,False,0.0,True,False,0.53,332.22,False,False,False,False,False,True,False,-14.425999000000001,999.0,73.07176,128
Q1RV34,Q1RV34,BDR,QRVO (BDR: Q1RV34),13.2,S,0.5,C,2.0,Fraco,98.11,92.61,87.31,87.23,92262350.24,False,0.0,False,0.0,True,0.7,False,0.0,True,0.7,True,False,0.76,99.15,False,False,False,False,False,False,False,11.5559995,22.763342,2.4928856,129
TEND3,CONSTRUTORA TENDA S.A.,BR_STOCK,TEND3,13.12,S,0.5,C,4.0,Forte,33.53,32.66,30.34,28.65,56011862.96,False,0.0,False,0.0,True,0.75,False,0.0,False,0.0,True,False,0.56,34.68,False,False,False,False,False,False,False,40.6,7.1038136,2.670649,130
ROST34,ROST34,BDR,ROST (BDR: ROST34),13.12,S,2.0,C,4.0,Forte,245.36,234.0,217.98,206.63,465132142.84,False,0.0,False,0.0,True,0.75,False,0.0,False,0.0,True,False,0.97,257.0,False,False,False,False,False,True,False,38.981998000000004,34.316082,12.492872,131
C1AH34,C1AH34,BDR,CAH (BDR: C1AH34),13.12,S,0.5,C,2.0,Fraco,235.18,229.06,215.67,211.83,245571854.76,False,0.0,False,0.0,True,0.75,False,0.0,False,0.0,False,False,0.46,258.3,False,False,False,False,False,False,False,0.0,32.482735,-19.007113,132
GEOO34,GEOO34,BDR,GE (BDR: GEOO34),13.12,S,0.5,C,3.0,OK,368.38,356.25,323.06,317.84,839489036.59,False,0.0,False,0.0,True,0.75,False,0.0,False,0.0,False,False,0.75,388.84,False,False,False,False,False,False,False,48.231998,43.44104,21.668139,133
S1JM34,S1JM34,BDR,SJM (BDR: S1JM34),13.12,S,2.0,C,1.0,Fraco,121.4,114.78,105.52,104.04,72761090.91,False,0.0,False,0.0,True,0.75,False,0.0,False,0.0,True,False,0.55,127.65,False,False,False,False,False,True,False,-2.386,999.0,2.3357384,134
H1EI34,H1EI34,BDR,HEI (BDR: H1EI34),13.12,S,2.0,C,4.0,Forte,374.75,348.75,321.05,320.57,122104417.75,False,0.0,False,0.0,True,0.75,False,0.0,False,0.0,True,False,0.81,376.86,False,False,False,False,False,True,False,17.206,66.800354,10.9518385,135
LILY34,LILY34,BDR,LLY (BDR: LILY34),13.12,S,0.5,C,3.0,OK,1180.2,1169.54,1050.43,1041.33,2084825574.15,False,0.0,False,0.0,True,0.75,False,0.0,False,0.0,True,False,0.56,1240.1,False,False,False,False,False,False,False,102.28600000000002,39.683926,33.80015,136
A1MP34,A1MP34,BDR,AMP (BDR: A1MP34),13.12,S,2.0,C,5.0,Forte,569.56,504.89,479.89,477.24,105330439.03,False,0.0,False,0.0,True,0.75,False,0.0,False,0.0,True,False,0.44,571.17,False,False,False,False,False,True,False,63.432,13.767465,7.913413,137
B2AP34,B2AP34,BDR,BAP (BDR: B2AP34),13.12,S,0.5,C,4.0,Forte,387.03,380.56,341.98,321.02,164089882.64,False,0.0,False,0.0,True,0.75,False,0.0,False,0.0,False,False,1.6,413.25,False,False,False,False,False,False,False,19.148001,14.71597,2.6498513,138
M1TC34,M1TC34,BDR,MTCH (BDR: M1TC34),13.07,S,0.5,C,2.0,Fraco,37.95,37.37,34.24,33.73,103588397.98,False,0.0,False,0.0,True,0.7,False,0.0,True,0.65,False,False,0.72,41.4,False,False,False,False,False,False,False,0.0,13.222998,-40.67524,139
F1SL34,F1SL34,BDR,FSLY (BDR: F1SL34),12.95,A,0.5,C,2.0,Fraco,29.93,20.6,20.03,17.64,107847368.7,False,0.0,False,0.0,True,0.7,False,0.0,False,0.0,True,False,0.42,30.69,False,False,False,False,False,False,False,-8.389000000000001,999.0,4.8049445,140
TECN3,TECHNOS S.A.,BR_STOCK,TECN3,12.95,A,0.5,C,4.0,Forte,9.63,9.14,8.63,8.1,419868.0,False,0.0,False,0.0,True,0.7,False,0.0,False,0.0,False,False,0.46,10.2,False,False,False,False,False,False,False,26.499,8.834862,1.317734,141
W1EL34,W1EL34,BDR,WELL (BDR: W1EL34),12.95,A,0.5,C,3.0,OK,235.52,228.07,210.89,205.54,317738860.16,False,0.0,False,0.0,True,0.7,False,0.0,False,0.0,False,False,0.38,254.24,False,False,False,False,False,False,False,3.836,105.61435,3.7897854,142
IBKR34,IBKR34,BDR,IBKR (BDR: IBKR34),12.95,A,0.5,C,3.0,OK,92.06,91.23,80.56,77.01,196980408.54,False,0.0,False,0.0,True,0.7,False,0.0,False,0.0,True,False,0.44,95.55,False,False,False,False,False,False,False,24.018998,36.531746,7.0258718,143
I2NV34,I2NV34,BDR,INVH (BDR: I2NV34),12.95,A,2.0,C,3.0,OK,30.29,29.74,27.5,27.32,65263896.12,False,0.0,False,0.0,True,0.7,False,0.0,False,0.0,True,False,0.53,30.89,False,False,False,False,False,True,False,7.053999599999999,27.78899,1.9757354,144
ARNC34,ARNC34,BDR,HWM (BDR: ARNC34),12.95,A,0.5,C,4.0,Forte,289.21,274.93,253.32,240.61,418499004.46,False,0.0,False,0.0,True,0.7,False,0.0,False,0.0,False,False,0.67,309.85,False,False,False,False,False,False,False,34.732,62.329742,20.182135,145
E1TN34,E1TN34,BDR,ETN (BDR: E1TN34),12.95,A,0.5,C,2.0,Fraco,451.5,412.4,387.7,375.97,507058429.5,False,0.0,False,0.0,True,0.7,False,0.0,False,0.0,False,False,0.48,478.0,False,False,False,False,False,False,False,19.683999999999997,45.884144,8.658216,146
UPAC34,UPAC34,BDR,UNP (BDR: UPAC34),12.95,A,0.5,C,3.0,OK,293.78,282.84,261.64,252.63,512099667.07,False,0.0,False,0.0,True,0.7,False,0.0,False,0.0,False,False,0.74,315.99,False,False,False,False,False,False,False,39.696,23.768608,8.9819,147
E1LV34,E1LV34,BDR,ELV (BDR: E1LV34),12.95,A,0.5,C,3.0,OK,400.3,396.37,357.49,351.16,148233086.98,False,0.0,False,0.0,True,0.7,False,0.0,False,0.0,True,False,0.38,404.72,False,False,False,False,False,False,False,11.133,17.696728,1.9339472,148
CSXC34,CSXC34,BDR,CSX (BDR: CSXC34),12.95,A,0.5,C,3.0,OK,50.16,48.99,44.01,41.86,268644519.5,False,0.0,False,0.0,True,0.7,False,0.0,False,0.0,False,False,0.48,53.6,False,False,False,False,False,False,False,24.357,29.16279,6.5982633,149
L1YV34,L1YV34,BDR,LYV (BDR: L1YV34),12.95,A,2.0,C,3.0,OK,188.47,177.93,163.51,157.57,185063594.42,False,0.0,False,0.0,True,0.7,False,0.0,False,0.0,True,False,0.41,188.1,False,False,False,False,False,True,False,17.677,999.0,527.9272,150
I1XC34,I1XC34,BDR,IX (BDR: I1XC34),12.95,A,0.5,C,3.0,OK,40.15,39.53,35.13,33.18,9853171.72,False,0.0,False,0.0,True,0.7,False,0.0,False,0.0,False,False,0.99,42.39,False,False,False,False,False,False,False,14.035,11.373939,1.550355,151
O1MC34,O1MC34,BDR,OMC (BDR: O1MC34),12.95,A,2.0,C,2.0,Fraco,87.57,79.13,76.7,75.99,110005783.9,False,0.0,False,0.0,True,0.7,False,0.0,False,0.0,True,False,0.46,88.4,False,False,False,False,False,True,False,6.0510002,236.67567,2.4865127,152
GOAU4,METALURGICA GERDAU S.A.,BR_STOCK,GOAU4,12.95,A,0.5,C,3.0,OK,10.97,10.26,9.7,9.35,97554018.37,False,0.0,False,0.0,True,0.7,False,0.0,False,0.0,False,False,0.76,11.56,False,False,False,False,False,False,False,4.168,29.621622,0.7537827,153
E1SS34,E1SS34,BDR,ESS (BDR: E1SS34),12.95,A,0.5,C,1.0,Fraco,287.74,287.52,264.54,260.97,92893402.97,False,0.0,False,0.0,True,0.7,False,0.0,False,0.0,True,False,0.84,300.0,False,False,False,False,False,False,False,7.71,44.889236,3.47403,154
P1SA34,P1SA34,BDR,PSA (BDR: P1SA34),12.95,A,2.0,C,3.0,OK,325.77,321.03,300.28,291.12,100592234.52,False,0.0,False,0.0,True,0.7,False,0.0,False,0.0,True,False,0.36,335.55,False,False,False,False,False,True,False,21.929000000000002,31.05529,11.8199625,155
M1HK34,M1HK34,BDR,MHK (BDR: M1HK34),12.78,A,2.0,C,4.0,Forte,140.07,116.97,112.83,112.25,61401088.41,False,0.0,False,0.0,True,0.65,False,0.0,False,0.0,True,False,0.37,140.3,False,False,False,False,False,True,False,5.5120002,18.552319,1.1119403,156
B1DX34,B1DX34,BDR,BDX (BDR: B1DX34),12.78,A,2.0,C,2.0,Fraco,183.42,157.75,157.41,155.15,130665288.56,False,0.0,False,0.0,True,0.65,False,0.0,False,0.0,True,False,0.35,185.32,False,False,False,False,False,True,False,6.607,31.678757,2.0462532,157
A1PA34,A1PA34,BDR,APA (BDR: A1PA34),12.78,A,0.5,C,5.0,Forte,40.47,35.42,34.33,31.72,154584518.23,False,0.0,False,0.0,True,0.65,False,0.0,False,0.0,True,False,0.61,41.24,False,False,False,False,False,False,False,26.659,8.537975,2.0212767,158
SCHW34,SCHW34,BDR,SCHW (BDR: SCHW34),12.78,A,2.0,C,3.0,OK,111.08,99.17,96.09,95.88,530783014.55,False,0.0,False,0.0,True,0.65,False,0.0,False,0.0,True,False,0.7,110.2,False,False,False,False,False,True,False,20.273,20.233152,4.3692718,159
FASL34,FASL34,BDR,FAST (BDR: FASL34),12.78,A,2.0,C,4.0,Forte,51.02,47.28,45.52,44.23,252307728.68,False,0.0,False,0.0,True,0.65,False,0.0,False,0.0,True,False,0.58,52.92,False,False,False,False,False,True,False,34.333999999999996,43.60684,14.388043,160
CLSC4,CENTRAIS ELET DE SANTA CATARINA S.A.,BR_STOCK,CLSC4,12.62,A,2.0,C,3.0,OK,145.25,137.81,138.21,131.25,305025.0,False,0.0,False,0.0,False,0.0,False,0.0,True,0.65,True,False,0.37,148.85,False,False,False,False,False,True,False,18.175,8.160112,1.3527735,161
BMYB34,BMYB34,BDR,BMY (BDR: BMYB34),12.6,A,0.5,C,4.0,Forte,63.85,59.35,58.0,55.65,338112336.66,False,0.0,False,0.0,True,0.6,False,0.0,False,0.0,False,False,0.38,68.1,False,False,False,False,False,False,False,46.598998,14.062776,5.843936,162
B5P211,B5P211,ETF,B5P211,12.6,A,2.0,C,0.0,Fraco,110.08,108.52,106.21,97.72,7489072.76,False,0.0,False,0.0,True,0.6,False,0.0,False,0.0,True,False,0.36,110.19,False,False,False,False,False,True,False,0.0,999.0,999.0,163
WRLD11,WRLD11,ETF,WRLD11,12.6,A,2.0,C,0.0,Fraco,153.22,145.29,139.44,138.72,7361301.74,False,0.0,False,0.0,True,0.6,False,0.0,False,0.0,True,False,1.07,151.47,False,False,False,False,False,True,False,0.0,23.17619,999.0,164
DEEC34,DEEC34,BDR,DE (BDR: DEEC34),12.6,A,0.5,C,1.0,Fraco,608.74,601.71,580.73,553.11,328434969.73,False,0.0,False,0.0,True,0.6,False,0.0,False,0.0,False,False,0.61,643.99,False,False,False,False,False,False,False,18.349001,34.509354,5.9958925,165
IVVB11,IVVB11,ETF,IVVB11,12.6,A,2.0,C,0.0,Fraco,458.88,434.07,414.19,414.11,78654327.24,False,0.0,False,0.0,True,0.6,False,0.0,False,0.0,True,False,1.26,454.44,False,False,False,False,False,True,False,0.0,26.89766,999.0,166
ACWI11,ACWI11,ETF,ACWI11,12.6,A,0.5,C,0.0,Fraco,17.85,16.94,16.24,16.17,255094.36,False,0.0,False,0.0,True,0.6,False,0.0,False,0.0,True,False,0.25,17.66,False,False,False,False,False,False,False,0.0,23.810007,999.0,167
GPUS11,GPUS11,ETF,GPUS11,12.6,A,0.5,C,0.0,Fraco,123.16,116.29,110.94,110.88,926040.07,False,0.0,False,0.0,True,0.6,False,0.0,False,0.0,True,False,0.82,122.19,False,False,False,False,False,False,False,0.0,27.974674,999.0,168
SPXB11,SPXB11,ETF,SPXB11,12.6,A,0.5,C,0.0,Fraco,17.89,16.96,16.17,16.16,146304.42,False,0.0,False,0.0,True,0.6,False,0.0,False,0.0,True,False,0.41,18.01,False,False,False,False,False,False,False,0.0,27.828949,999.0,169
SBUB34,SBUB34,BDR,SBUX (BDR: SBUB34),12.6,A,2.0,C,1.0,Fraco,107.69,103.46,99.2,95.34,341897235.07,False,0.0,False,0.0,True,0.6,False,0.0,False,0.0,True,False,0.45,110.51,False,False,False,False,False,True,False,0.0,62.248554,-15.994357,170
Z1OM34,Z1OM34,BDR,ZM (BDR: Z1OM34),12.6,A,0.5,C,5.0,Forte,105.96,92.95,90.29,89.06,288440918.79,False,0.0,False,0.0,True,0.6,False,0.0,False,0.0,True,False,0.85,110.33,False,False,False,False,False,False,False,21.948,14.9239435,3.118764,171
VWRA11,VWRA11,ETF,VWRA11,12.6,A,0.5,C,0.0,Fraco,117.13,111.14,106.4,105.82,2025411.91,False,0.0,False,0.0,True,0.6,False,0.0,False,0.0,True,True,1.76,116.99,False,False,False,False,False,False,False,0.0,999.0,999.0,172
IRFM11,IRFM11,ETF,IRFM11,12.6,A,2.0,C,0.0,Fraco,102.68,101.58,100.13,91.28,3886643.37,False,0.0,False,0.0,True,0.6,False,0.0,False,0.0,True,False,0.32,103.63,False,False,False,False,False,True,False,0.0,999.0,999.0,173
EMBJ3,EMBJ3,BR_STOCK,EMBJ3,12.5,A,2.0,C,2.0,Fraco,98.55,83.28,83.81,84.36,531056401.45,False,0.0,False,0.0,False,0.0,False,0.0,True,1.0,True,False,0.95,96.83,False,False,False,False,False,True,False,12.189999,30.750778,3.7641091,174
H1BA34,H1BA34,BDR,HBAN (BDR: H1BA34),12.43,A,2.0,C,2.0,Fraco,17.91,17.5,16.78,16.65,284674790.97,False,0.0,False,0.0,True,0.55,False,0.0,False,0.0,True,False,0.68,18.57,False,False,False,False,False,True,False,9.002,13.776923,1.2166293,175
GMCO34,GMCO34,BDR,GM (BDR: GMCO34),12.37,A,0.5,C,1.0,Fraco,86.76,81.84,79.5,78.41,223931382.95,True,0.42,False,0.0,True,0.6,False,0.0,False,0.0,False,False,0.52,91.85,False,False,False,False,False,False,False,3.164,38.732143,1.2272265,176
U1MH34,U1MH34,BDR,UMH (BDR: U1MH34),12.25,A,2.0,C,3.0,OK,16.45,15.44,15.24,15.14,8934653.58,False,0.0,False,0.0,True,0.5,False,0.0,False,0.0,True,False,0.71,16.66,False,False,False,False,False,True,False,3.405,137.125,2.4581716,177
SNEL11,SNEL11,ETF,SNEL11,12.25,A,0.5,C,0.0,Fraco,8.32,8.27,8.18,8.07,4698045.91,False,0.0,False,0.0,True,0.5,False,0.0,False,0.0,True,False,1.48,8.4,False,False,False,False,False,False,False,0.0,21.973686,999.0,178
GOAT11,GOAT11,ETF,GOAT11,12.25,A,0.5,C,0.0,Fraco,57.72,56.47,55.34,54.88,73535.28,False,0.0,False,0.0,True,0.5,False,0.0,False,0.0,True,False,1.32,57.92,False,False,False,False,False,False,False,0.0,26.273314,999.0,179
ENDD11,ENDD11,ETF,ENDD11,12.25,A,0.5,C,0.0,Fraco,109.0,107.57,103.86,101.63,413110.0,False,0.0,False,0.0,True,0.5,False,0.0,False,0.0,True,False,2.53,109.8,False,False,False,False,False,False,False,0.0,999.0,999.0,180
B1BT34,B1BT34,BDR,TFC (BDR: B1BT34),12.25,A,2.0,C,3.0,OK,53.1,51.12,49.47,48.66,197015107.95,False,0.0,False,0.0,True,0.5,False,0.0,False,0.0,True,False,0.57,54.22,False,False,False,False,False,True,False,9.059000000000001,12.122146,1.1052709,181
EDEN39,ISHARES MSCI DENMARK ETF,BDR,EDEN (BDR: EDEN39),12.25,A,2.0,C,1.0,Fraco,116.23,111.79,110.13,109.79,287669.26,False,0.0,False,0.0,True,0.5,False,0.0,False,0.0,True,False,0.1,116.12,False,False,False,False,False,True,False,0.0,16.93956,999.0,182
IDKA11,IDKA11,ETF,IDKA11,12.25,A,0.5,C,0.0,Fraco,60.23,59.59,58.89,58.38,1550982.72,False,0.0,False,0.0,True,0.5,False,0.0,False,0.0,True,False,0.52,60.75,False,False,False,False,False,False,False,0.0,999.0,999.0,183
HGBR11,HGBR11,ETF,HGBR11,12.25,A,2.0,C,0.0,Fraco,55.37,54.9,53.73,53.1,3483492.74,False,0.0,False,0.0,True,0.5,False,0.0,False,0.0,True,False,8.78,55.46,False,False,False,False,False,True,False,0.0,999.0,999.0,184
AFHF11,AFHF11,ETF,AFHF11,12.25,A,2.0,C,0.0,Fraco,10.04,9.89,9.56,9.41,594809.76,False,0.0,False,0.0,True,0.5,False,0.0,False,0.0,True,False,6.72,10.14,False,False,False,False,False,True,False,0.0,999.0,999.0,185
SNME11,SNME11,ETF,SNME11,12.25,A,2.0,C,1.0,Fraco,9.42,9.26,9.08,8.93,445330.5,False,0.0,False,0.0,True,0.5,False,0.0,False,0.0,True,False,1.68,9.6,False,False,False,False,False,True,False,0.0,4.870466,999.0,186
C1BL34,C1BL34,BDR,CB (BDR: C1BL34),12.25,A,0.5,C,3.0,OK,343.62,343.34,328.9,320.96,495023775.65,False,0.0,False,0.0,True,0.5,False,0.0,False,0.0,False,False,0.99,365.91,False,False,False,False,False,False,False,14.822,12.180787,1.7580967,187
MDLZ34,MDLZ34,BDR,MDLZ (BDR: MDLZ34),12.25,A,2.0,C,3.0,OK,63.61,61.04,59.15,57.9,245412725.59,False,0.0,False,0.0,True,0.5,False,0.0,False,0.0,True,False,0.51,66.65,False,False,False,False,False,True,False,13.340001,38.786587,3.057732,188
NTNS11,NTNS11,ETF,NTNS11,12.25,A,2.0,C,0.0,Fraco,66.8,65.88,64.52,63.72,2648486.52,False,0.0,False,0.0,True,0.5,False,0.0,False,0.0,True,False,2.53,66.96,False,False,False,False,False,True,False,0.0,999.0,999.0,189
IMAB11,IMAB11,ETF,IMAB11,12.25,A,2.0,C,0.0,Fraco,114.2,113.3,112.03,104.14,8604627.17,False,0.0,False,0.0,True,0.5,False,0.0,False,0.0,True,False,0.57,114.67,False,False,False,False,False,True,False,0.0,999.0,999.0,190
BCLO39,GLOBAL X CLOUD COMPUTING ETF,BDR,BCLO (BDR: BCLO39),12.25,A,2.0,C,0.0,Fraco,49.71,49.31,48.57,48.33,2288350.1,False,0.0,False,0.0,True,0.5,False,0.0,False,0.0,True,True,4.04,49.65,False,False,False,False,False,True,False,0.0,999.0,999.0,191
IMBB11,IMBB11,ETF,IMBB11,12.25,A,0.5,C,0.0,Fraco,150.24,148.68,147.05,136.62,242938.09,False,0.0,False,0.0,True,0.5,False,0.0,False,0.0,True,False,0.04,150.75,False,False,False,False,False,False,False,0.0,999.0,999.0,192
PACC11,PACC11,ETF,PACC11,12.25,A,0.5,C,0.0,Fraco,120.61,118.85,116.32,114.95,110599.37,False,0.0,False,0.0,True,0.5,False,0.0,False,0.0,True,False,1.08,120.7,False,False,False,False,False,False,False,0.0,999.0,999.0,193
LFTS11,LFTS11,ETF,LFTS11,12.25,A,2.0,C,0.0,Fraco,158.21,156.09,152.02,150.05,33655223.68,False,0.0,False,0.0,True,0.5,False,0.0,False,0.0,True,False,0.8,157.96,False,False,False,False,False,True,True,0.0,999.0,999.0,194
BLFT11,BLFT11,ETF,BLFT11,12.25,A,0.5,C,0.0,Fraco,111.79,110.36,107.5,106.05,492323.16,False,0.0,False,0.0,True,0.5,False,0.0,False,0.0,True,False,0.56,112.0,False,False,False,False,False,False,False,0.0,999.0,999.0,195
GICP11,GICP11,ETF,GICP11,12.25,A,0.5,C,0.0,Fraco,11.16,10.99,10.69,10.56,132558.48,False,0.0,False,0.0,True,0.5,False,0.0,False,0.0,True,True,2.79,11.15,False,False,False,False,False,False,False,0.0,999.0,999.0,196
BBAX39,BBAX39,BDR,BBAX (BDR: BBAX39),12.25,A,2.0,C,0.0,Fraco,64.05,61.7,60.87,59.36,7387975.7,False,0.0,False,0.0,True,0.5,False,0.0,False,0.0,True,False,0.66,65.46,False,False,False,False,False,True,False,0.0,20.663158,999.0,197
ALUG11,ALUG11,ETF,ALUG11,12.25,A,0.5,C,0.0,Fraco,44.18,42.91,41.39,41.23,298745.16,False,0.0,False,0.0,True,0.5,False,0.0,False,0.0,True,False,1.19,44.49,False,False,False,False,False,False,False,0.0,31.63131,999.0,198
ISEN11,ISEN11,ETF,ISEN11,12.25,A,0.5,C,0.0,Fraco,118.11,117.07,113.65,111.97,1671138.4,False,0.0,False,0.0,True,0.5,False,0.0,False,0.0,True,False,0.43,118.89,False,False,False,False,False,False,False,0.0,999.0,999.0,199
KNOX11,KNOX11,ETF,KNOX11,12.25,A,0.5,C,0.0,Fraco,100.16,99.73,96.81,95.24,1064200.04,False,0.0,False,0.0,True,0.5,False,0.0,False,0.0,True,False,2.21,102.47,False,False,False,False,False,False,False,0.0,999.0,999.0,200
EXES11,EXES11,ETF,EXES11,12.25,A,0.5,C,1.0,Fraco,9.63,9.5,9.1,8.96,76808.88,False,0.0,False,0.0,True,0.5,False,0.0,False,0.0,True,False,1.16,9.7,False,False,False,False,False,False,False,0.0,5.205405,999.0,201
BTCI11,BTCI11,ETF,BTCI11,12.25,A,2.0,C,1.0,Fraco,8.99,8.97,8.86,8.76,1850897.11,False,0.0,False,0.0,True,0.5,False,0.0,False,0.0,True,False,0.64,9.14,False,False,False,False,False,True,False,0.0,7.192,0.8642568,202
AZIN11,AZIN11,ETF,AZIN11,12.25,A,0.5,C,0.0,Fraco,99.39,97.96,96.04,94.79,704376.93,False,0.0,False,0.0,True,0.5,False,0.0,False,0.0,True,False,0.73,99.99,False,False,False,False,False,False,False,0.0,999.0,999.0,203
SFIX11,SFIX11,ETF,SFIX11,12.25,A,0.5,C,0.0,Fraco,112.08,110.44,108.24,106.87,265629.6,False,0.0,False,0.0,True,0.5,False,0.0,False,0.0,True,False,1.26,112.58,False,False,False,False,False,False,False,0.0,999.0,999.0,204
GLFT11,GLFT11,ETF,GLFT11,12.25,A,0.5,C,0.0,Fraco,112.33,110.86,108.01,106.55,270378.31,False,0.0,False,0.0,True,0.5,False,0.0,False,0.0,True,False,0.29,112.23,False,False,False,False,False,False,False,0.0,999.0,999.0,205
TBIL39,GLOBAL X 1-3 MONTH T-BILL ETF,BDR,TBIL (BDR: TBIL39),12.25,A,2.0,C,0.0,Fraco,49.95,49.76,49.41,49.23,67436846.68,False,0.0,False,0.0,True,0.5,False,0.0,False,0.0,True,False,0.84,49.94,False,False,False,False,False,True,False,0.0,999.0,999.0,206
NCDI11,NCDI11,ETF,NCDI11,12.25,A,0.5,C,0.0,Fraco,111.94,110.46,107.57,106.12,50261.06,False,0.0,False,0.0,True,0.5,False,0.0,False,0.0,True,False,0.2,112.02,False,False,False,False,False,False,False,0.0,999.0,999.0,207
IFRI11,IFRI11,ETF,IFRI11,12.25,A,0.5,C,0.0,Fraco,100.97,100.03,98.18,96.58,1789996.18,False,0.0,False,0.0,True,0.5,False,0.0,False,0.0,True,False,1.25,103.41,False,False,False,False,False,False,False,0.0,999.0,999.0,208
PACG11,PACG11,ETF,PACG11,12.25,A,0.5,C,0.0,Fraco,116.02,114.78,113.49,112.44,1596319.13,False,0.0,False,0.0,True,0.5,False,0.0,False,0.0,True,False,1.41,119.84,False,False,False,False,False,False,False,0.0,999.0,999.0,209
RZLC11,RZLC11,ETF,RZLC11,12.25,A,0.5,C,1.0,Fraco,1005.65,991.66,963.71,949.69,340915.36,False,0.0,False,0.0,True,0.5,False,0.0,False,0.0,True,False,0.16,1005.08,False,False,False,False,False,False,False,0.0,19.933598,999.0,210
HYEM39,VANECK EMERGING MARKETS HIGH YIELD BOND ETF,BDR,HYEM (BDR: HYEM39),12.25,A,2.0,C,0.0,Fraco,20.07,19.91,19.63,19.48,1720440.51,False,0.0,False,0.0,True,0.5,False,0.0,False,0.0,True,False,0.42,20.07,False,False,False,False,False,True,False,0.0,59.868683,999.0,211
LFTB11,LFTB11,ETF,LFTB11,12.25,A,0.5,C,0.0,Fraco,125.08,123.56,120.65,119.14,54618809.48,False,0.0,False,0.0,True,0.5,False,0.0,False,0.0,True,False,1.12,125.01,False,False,False,False,False,False,False,0.0,999.0,999.0,212
MARG11,MARG11,ETF,MARG11,12.25,A,0.5,C,0.0,Fraco,122.44,120.6,117.06,115.59,235084.8,False,0.0,False,0.0,True,0.5,False,0.0,False,0.0,True,False,0.83,122.91,False,False,False,False,False,False,False,0.0,999.0,999.0,213
PPEI11,PPEI11,ETF,PPEI11,12.25,A,0.5,C,0.0,Fraco,83.33,82.93,80.01,77.88,244906.88,False,0.0,False,0.0,True,0.5,False,0.0,False,0.0,True,False,1.53,85.04,False,False,False,False,False,False,False,0.0,999.0,999.0,214
ISET11,ISET11,ETF,ISET11,12.25,A,0.5,C,0.0,Fraco,116.77,115.86,112.71,111.18,238327.56,False,0.0,False,0.0,True,0.5,False,0.0,False,0.0,True,False,0.33,117.73,False,False,False,False,False,False,False,0.0,999.0,999.0,215
DEBB11,DEBB11,ETF,DEBB11,12.25,A,2.0,C,0.0,Fraco,16.99,16.73,16.27,16.09,4141074.58,False,0.0,False,0.0,True,0.5,False,0.0,False,0.0,True,False,0.53,17.0,False,False,False,False,False,True,False,0.0,999.0,999.0,216
GCDL11,GCDL11,ETF,GCDL11,12.25,A,0.0,C,0.0,Fraco,126.12,124.77,121.28,119.86,120822.96,False,0.0,False,0.0,True,0.5,False,0.0,False,0.0,True,True,253.59,125.74,False,False,False,False,False,False,False,0.0,999.0,999.0,217
EGDB11,EGDB11,ETF,EGDB11,12.25,A,0.5,C,0.0,Fraco,1284.4,1270.6,1235.15,1220.75,51376.0,False,0.0,False,0.0,True,0.5,False,0.0,False,0.0,True,True,72.0,1281.77,False,False,False,False,False,False,False,0.0,999.0,999.0,218
JEPI39,JPMORGAN EQUITY PREMIUM INCOME ETF,BDR,JEPI (BDR: JEPI39),12.25,A,2.0,C,0.0,Fraco,58.01,56.24,55.85,55.4,197840870.65,False,0.0,False,0.0,True,0.5,False,0.0,False,0.0,True,False,0.72,57.96,False,False,False,False,False,True,False,0.0,26.764381,999.0,219
U1DR34,U1DR34,BDR,UDR (BDR: U1DR34),12.22,A,0.5,C,1.0,Fraco,37.94,39.04,37.05,36.41,46355509.5,False,0.0,False,0.0,True,0.6,False,0.0,True,0.85,False,False,0.36,40.82,False,False,False,False,False,False,False,13.739,24.009495,4.208921,220
QTOP39,ISHARES NASDAQ TOP 30 STOCKS ETF,BDR,QTOP (BDR: QTOP39),12.0,A,2.0,C,0.0,Fraco,38.03,37.29,34.54,33.9,2970931.39,False,0.0,False,0.0,False,0.0,False,0.0,False,0.0,True,False,0.6,38.2,False,False,False,False,False,True,False,0.0,31.410355,999.0,221
KMIC34,KMIC34,BDR,KMI (BDR: KMIC34),12.0,A,2.0,C,3.0,OK,32.81,31.75,31.49,30.15,214890659.26,False,0.0,False,0.0,False,0.0,False,0.0,False,0.0,True,False,0.71,32.95,False,False,False,False,False,True,False,10.9910004,21.170967,2.3081522,222
K1SG34,K1SG34,BDR,KEYS (BDR: K1SG34),12.0,A,2.0,C,4.0,Forte,357.84,332.77,305.07,277.35,236299999.42,False,0.0,False,0.0,False,0.0,False,0.0,False,0.0,True,False,0.68,357.68,False,False,False,False,False,True,False,18.174,57.80937,9.651526,223
AIEC11,AIEC11,ETF,AIEC11,12.0,A,0.5,C,1.0,Fraco,59.99,59.74,58.27,56.31,80386.6,False,0.0,False,0.0,False,0.0,False,0.0,False,0.0,True,False,0.34,61.29,False,False,False,False,False,False,False,0.0,10.325301,999.0,224
FMXB34,FMXB34,BDR,KOF (BDR: FMXB34),12.0,A,2.0,C,4.0,Forte,108.61,105.87,103.49,99.82,8381059.08,False,0.0,False,0.0,False,0.0,False,0.0,False,0.0,True,False,0.6,111.48,False,False,False,False,False,True,False,17.065,999.0,2.7429543,225
W1MB34,W1MB34,BDR,WMB (BDR: W1MB34),12.0,A,0.5,C,3.0,OK,75.02,73.17,71.64,68.37,258590402.49,False,0.0,False,0.0,False,0.0,False,0.0,False,0.0,True,False,0.54,76.42,False,False,False,False,False,False,False,21.503,29.888445,6.974712,226
C2CA34,C2CA34,BDR,KOF (BDR: C2CA34),12.0,A,2.0,C,4.0,Forte,108.61,105.87,103.49,99.82,8381059.08,False,0.0,False,0.0,False,0.0,False,0.0,False,0.0,True,False,0.6,111.48,False,False,False,False,False,True,False,17.065,999.0,2.7429543,227
G1WW34,G1WW34,BDR,GWW (BDR: G1WW34),11.95,A,0.5,C,4.0,Forte,1322.55,1340.71,1204.11,1146.15,179250498.32,False,0.0,False,0.0,True,0.7,False,0.0,False,0.0,False,False,0.42,1417.14,False,False,False,False,False,False,False,46.091,33.70413,15.079356,228
R1LC34,R1LC34,BDR,RL (BDR: R1LC34),11.9,A,0.5,C,3.0,OK,388.57,389.6,367.52,362.21,155751681.75,False,0.0,False,0.0,True,0.65,False,0.0,True,0.65,False,False,0.54,411.19,False,False,False,False,False,False,False,37.537,24.469143,8.218834,229
J2WA34,J2WA34,BDR,WLY (BDR: J2WA34),11.8,A,0.5,C,5.0,Forte,51.39,49.05,40.19,38.39,18759508.16,False,0.0,False,0.0,True,0.8,False,0.0,False,0.0,False,False,0.93,57.45,False,False,False,False,False,False,False,27.694000000000003,12.353366,3.0809352,230
MUTC34,MUTC34,BDR,MU (BDR: MUTC34),11.8,A,0.5,C,4.0,Forte,971.66,960.65,652.73,552.44,26484988681.55,False,0.0,False,0.0,True,0.8,False,0.0,False,0.0,True,False,0.74,1011.77,False,False,False,False,False,False,False,66.63799999999999,21.953457,10.891218,231
M1RN34,M1RN34,BDR,MRNA (BDR: M1RN34),11.8,A,0.5,C,2.0,Fraco,63.32,60.81,52.7,46.48,292710565.67,False,0.0,False,0.0,True,0.8,False,0.0,False,0.0,True,False,0.74,65.33,False,False,False,False,False,False,False,-38.998002,999.0,3.7367957,232
T1WL34,T1WL34,BDR,TWLO (BDR: T1WL34),11.8,A,0.5,C,3.0,OK,238.1,206.9,163.57,155.43,605685297.4,False,0.0,False,0.0,True,0.8,False,0.0,False,0.0,False,False,0.77,258.35,False,False,False,False,False,False,False,13.497,32.93292,4.65276,233
O1KT34,O1KT34,BDR,OKTA (BDR: O1KT34),11.8,A,0.5,C,3.0,OK,147.43,135.41,100.15,96.69,350239703.22,False,0.0,False,0.0,True,0.8,False,0.0,False,0.0,False,False,0.96,155.9,False,False,False,False,False,False,False,3.6679998,106.83333,3.7471087,234
S1TX34,S1TX34,BDR,STX (BDR: S1TX34),11.8,A,0.5,C,3.0,OK,973.44,888.88,641.06,549.39,5066599462.31,False,0.0,False,0.0,True,0.8,False,0.0,False,0.0,True,False,1.07,936.49,False,False,False,False,False,False,False,371.52898,69.98131,199.4754,235
T2ER34,T2ER34,BDR,TER (BDR: T2ER34),11.8,A,0.5,C,4.0,Forte,418.79,383.44,339.81,301.71,759509602.49,False,0.0,False,0.0,True,0.8,False,0.0,False,0.0,True,False,0.62,422.32,False,False,False,False,False,False,False,36.464999999999996,57.60523,19.064507,236
F1TN34,F1TN34,BDR,FTNT (BDR: F1TN34),11.8,A,0.5,C,4.0,Forte,160.01,154.92,112.03,104.47,446859271.62,False,0.0,False,0.0,True,0.8,False,0.0,False,0.0,False,False,0.55,172.09,False,False,False,False,False,False,False,117.44200000000001,56.540634,75.69063,237
A1NE34,A1NE34,BDR,ANET (BDR: A1NE34),11.8,A,0.5,C,3.0,OK,198.79,173.89,153.39,148.26,731792482.14,False,0.0,False,0.0,True,0.8,False,0.0,False,0.0,False,False,0.38,214.89,False,False,False,False,False,False,False,31.476,62.908222,16.94281,238
E2TS34,E2TS34,BDR,ETSY (BDR: E2TS34),11.8,A,0.5,C,1.0,Fraco,79.9,78.27,64.14,62.31,118623617.17,False,0.0,False,0.0,True,0.8,False,0.0,False,0.0,False,False,0.39,87.97,False,False,False,False,False,False,False,0.0,25.28481,-5.29034,239
R2NG34,R2NG34,BDR,RNG (BDR: R2NG34),11.8,A,0.5,C,2.0,Fraco,64.5,45.24,39.23,36.54,63227411.28,False,0.0,False,0.0,True,0.8,False,0.0,False,0.0,False,False,0.48,68.45,False,False,False,False,False,False,False,0.0,51.603996,-8.852065,240
A1TT34,A1TT34,BDR,ALL (BDR: A1TT34),11.62,A,0.5,C,5.0,Forte,261.37,245.76,220.25,216.0,196690069.28,False,0.0,False,0.0,True,0.75,False,0.0,False,0.0,False,False,0.39,277.22,False,False,False,False,False,False,False,46.113998,5.2347283,2.094462,241
I1NC34,I1NC34,BDR,INCY (BDR: I1NC34),11.62,A,0.5,C,5.0,Forte,120.16,113.85,103.38,102.85,84288878.09,False,0.0,False,0.0,True,0.75,False,0.0,False,0.0,False,False,0.46,132.6,False,False,False,False,False,False,False,30.667,15.32653,3.8063862,242
DEAI34,DEAI34,BDR,DAL (BDR: DEAI34),11.62,A,0.5,C,4.0,Forte,89.34,87.01,74.77,72.1,329738649.34,False,0.0,False,0.0,True,0.75,False,0.0,False,0.0,False,False,0.87,95.01,False,False,False,False,False,False,False,20.125,14.815919,2.6786194,243
J2BL34,J2BL34,BDR,JBL (BDR: J2BL34),11.62,A,0.5,C,3.0,OK,363.15,344.17,307.72,285.17,256729977.64,False,0.0,False,0.0,True,0.75,False,0.0,False,0.0,True,False,0.66,376.97,False,False,False,False,False,False,False,65.876,45.0,28.773472,244
U1AL34,U1AL34,BDR,UAL (BDR: U1AL34),11.62,A,0.5,C,3.0,OK,125.34,122.46,108.12,106.97,421497726.58,False,0.0,False,0.0,True,0.75,False,0.0,False,0.0,False,False,1.15,135.37,False,False,False,False,False,False,False,23.252001,11.735954,2.4365776,245
CHPX39,CHPX39,BDR,CHPX (BDR: CHPX39),11.62,A,0.5,C,0.0,Fraco,97.0,96.65,78.46,72.61,2263398.0,False,0.0,False,0.0,True,0.75,False,0.0,False,0.0,True,False,0.54,98.63,False,False,False,False,False,False,False,0.0,37.81696,999.0,246
A2RR34,A2RR34,BDR,ARWR (BDR: A2RR34),11.62,A,0.5,C,1.0,Fraco,86.64,81.02,71.77,67.66,69990044.15,False,0.0,False,0.0,True,0.75,False,0.0,False,0.0,False,False,0.63,95.49,False,False,False,False,False,False,False,-55.206999999999994,999.0,26.270466,247
TAKP34,TAKP34,BDR,TAK (BDR: TAKP34),11.62,A,0.5,C,2.0,Fraco,17.64,16.54,17.07,16.43,51173179.59,False,0.0,False,0.0,False,0.0,False,0.0,True,0.85,True,False,0.78,17.83,False,False,False,False,False,False,False,-2.262,999.0,1.2286489,248
E2NT34,E2NT34,BDR,ENTG (BDR: E2NT34),11.62,A,0.5,C,3.0,OK,161.76,145.62,134.1,121.9,229751278.92,False,0.0,False,0.0,True,0.75,False,0.0,False,0.0,True,False,0.57,166.02,False,False,False,False,False,False,False,7.671,80.88,6.084176,249
J2AZ34,J2AZ34,BDR,JAZZ (BDR: J2AZ34),11.62,A,0.5,C,4.0,Forte,244.96,243.02,209.23,197.19,131179513.04,False,0.0,False,0.0,True,0.75,False,0.0,False,0.0,False,False,0.55,265.05,False,False,False,False,False,False,False,22.114,16.778082,3.388808,250
ABBV34,ABBV34,BDR,ABBV (BDR: ABBV34),11.62,A,0.5,C,2.0,Fraco,249.56,243.42,223.0,222.55,643728284.38,False,0.0,False,0.0,True,0.75,False,0.0,False,0.0,False,False,0.47,267.47,False,False,False,False,False,False,False,0.0,70.49718,-74.29592,251
TRVC34,TRVC34,BDR,TRV (BDR: TRVC34),11.62,A,0.5,C,5.0,Forte,370.39,344.78,311.45,304.12,300239997.82,False,0.0,False,0.0,True,0.75,False,0.0,False,0.0,False,False,0.46,398.7,False,False,False,False,False,False,False,26.511000000000003,9.95137,2.332754,252
D1OM34,D1OM34,BDR,D (BDR: D1OM34),11.6,A,0.5,C,1.0,Fraco,68.76,68.98,64.36,62.81,100498862.76,False,0.0,False,0.0,True,0.6,False,0.0,False,0.0,True,False,0.39,72.99,False,False,False,False,False,False,False,8.280999999999999,23.792387,2.1663518,253
A1VB34,A1VB34,BDR,AVB (BDR: A1VB34),11.6,A,0.5,C,2.0,Fraco,184.09,187.46,178.14,177.15,235951479.31,False,0.0,False,0.0,True,0.6,False,0.0,False,0.0,True,False,1.26,197.22,False,False,False,False,False,False,False,8.487,25.286951,2.1695306,254
M1DB34,M1DB34,BDR,MDB (BDR: M1DB34),11.56,A,2.0,C,2.0,Fraco,460.33,349.33,321.93,337.69,720007655.96,True,0.69,False,0.0,False,0.0,False,0.0,False,0.0,True,False,0.93,472.32,False,False,False,False,False,True,False,-0.975,999.0,12.626309,255
MLAS3,GRUPO MULTI S.A.,BR_STOCK,MLAS3,11.45,A,0.5,C,4.0,Forte,1.79,1.69,1.52,1.45,5143922.89,False,0.0,False,0.0,True,0.7,False,0.0,False,0.0,False,False,1.38,1.94,False,False,False,False,False,False,False,9.774999,8.136364,0.46785155,256
N1SC34,N1SC34,BDR,NSC (BDR: N1SC34),11.45,A,0.5,C,2.0,Fraco,334.42,323.68,307.84,301.99,201345595.16,False,0.0,False,0.0,True,0.7,False,0.0,False,0.0,False,False,0.51,357.19,False,False,False,False,False,False,False,16.985,28.53413,4.6214867,257
TSMC34,TSMC34,BDR,TSM (BDR: TSMC34),11.45,A,0.5,C,4.0,Forte,426.32,425.06,385.29,362.32,2445365593.53,False,0.0,False,0.0,True,0.7,False,0.0,False,0.0,True,False,0.52,436.04,False,False,False,False,False,False,False,39.969003,32.15083,88.90892,258
B1WA34,B1WA34,BDR,BWA (BDR: B1WA34),11.45,A,0.5,C,3.0,OK,68.67,67.29,59.75,55.85,61558791.31,False,0.0,False,0.0,True,0.7,False,0.0,False,0.0,True,False,0.36,70.98,False,False,False,False,False,False,False,8.056000000000001,33.825123,2.4879525,259
PHMO34,PHMO34,BDR,PM (BDR: PHMO34),11.45,A,0.5,C,1.0,Fraco,190.39,184.6,175.63,169.42,651319618.55,False,0.0,False,0.0,True,0.7,False,0.0,False,0.0,False,False,0.77,207.76,False,False,False,False,False,False,False,0.0,25.763193,-34.57236,260
V1TA34,V1TA34,BDR,VTR (BDR: V1TA34),11.45,A,0.5,C,2.0,Fraco,91.52,90.0,85.35,83.12,174884737.91,False,0.0,False,0.0,True,0.7,False,0.0,False,0.0,False,False,0.59,101.6,False,False,False,False,False,False,False,2.012,166.4,3.204594,261
B1MR34,B1MR34,BDR,BMRN (BDR: B1MR34),11.28,A,0.5,C,2.0,Fraco,67.36,59.55,57.42,56.87,93620970.45,False,0.0,False,0.0,True,0.65,False,0.0,False,0.0,False,False,0.48,70.98,False,False,False,False,False,False,True,1.1820001,182.05405,2.0622091,262
M1AA34,M1AA34,BDR,MAA (BDR: M1AA34),11.25,A,0.5,C,2.0,Fraco,133.43,134.72,129.79,129.5,50584620.86,False,0.0,False,0.0,True,0.5,False,0.0,False,0.0,True,False,0.37,137.82,False,False,False,False,False,False,False,7.049999999999999,39.013157,2.8485878,263
A1WK34,A1WK34,BDR,AWK (BDR: A1WK34),11.25,A,2.0,C,2.0,Fraco,136.18,130.71,129.68,129.11,176445640.76,False,0.0,False,0.0,True,0.5,False,0.0,False,0.0,True,False,0.53,140.32,False,False,False,False,False,True,False,10.095,23.602253,2.320096,264
KNUQ11,KNUQ11,ETF,KNUQ11,11.25,A,2.0,C,1.0,Fraco,103.79,104.36,101.74,100.17,4903454.8,False,0.0,False,0.0,True,0.5,False,0.0,False,0.0,True,False,1.46,106.19,False,False,False,False,False,True,False,0.0,7.4029956,999.0,265
MANA11,MANA11,ETF,MANA11,11.25,A,2.0,C,1.0,Fraco,8.99,9.12,8.94,8.75,887960.26,False,0.0,False,0.0,True,0.5,False,0.0,False,0.0,True,False,0.71,9.19,False,False,False,False,False,True,False,0.0,5.5153375,999.0,266
HTMX11,HTMX11,ETF,HTMX11,11.25,A,0.5,C,0.0,Fraco,134.99,136.42,133.0,132.71,488123.86,False,0.0,False,0.0,True,0.5,False,0.0,False,0.0,True,False,1.45,141.07,False,False,False,False,False,False,False,0.0,999.0,999.0,267
KNSC11,KNSC11,ETF,KNSC11,11.25,A,0.5,C,1.0,Fraco,8.92,9.05,8.79,8.59,5065070.4,False,0.0,False,0.0,True,0.5,False,0.0,False,0.0,True,False,1.11,9.2,False,False,False,False,False,False,False,0.0,8.650486,999.0,268
C1HT34,C1HT34,BDR,CHT (BDR: C1HT34),11.25,A,2.0,C,3.0,OK,42.58,42.74,41.77,41.39,7073134.42,False,0.0,False,0.0,True,0.5,False,0.0,False,0.0,True,False,1.01,43.49,False,False,False,False,False,True,False,10.92,26.949368,11.615603,269
KNCR11,KNCR11,ETF,KNCR11,11.25,A,2.0,C,2.0,Fraco,105.48,106.74,103.4,101.87,25238200.4,False,0.0,False,0.0,True,0.5,False,0.0,False,0.0,True,False,1.39,109.19,False,False,False,False,False,True,False,15.479000000000001,8.717356,1.0457232,270
BEES3,BANESTES S.A. - BCO EST ESPIRITO SANTO,BR_STOCK,BEES3,11.25,A,0.5,C,1.0,Fraco,8.57,8.63,8.47,8.19,95984.0,False,0.0,False,0.0,True,0.5,False,0.0,False,0.0,True,False,0.75,8.98,False,False,False,False,False,False,False,13.748999000000001,9.148936,1.2155478,271
BBRC11,BBRC11,ETF,BBRC11,11.25,A,0.5,C,0.0,Fraco,102.5,102.82,100.46,97.66,56682.5,False,0.0,False,0.0,True,0.5,False,0.0,False,0.0,True,False,1.14,105.3,False,False,False,False,False,False,False,0.0,999.0,999.0,272
AMZO34,AMZO34,BDR,AMZN (BDR: AMZO34),11.12,A,0.5,C,4.0,Forte,262.65,248.17,239.28,237.7,6814755876.49,False,0.0,False,0.0,False,0.0,False,0.0,True,0.85,False,False,0.49,287.2,False,False,False,False,False,False,False,30.558002000000002,21.13033,5.134295,273
Q1UA34,Q1UA34,BDR,PWR (BDR: Q1UA34),11.12,A,0.5,C,4.0,Forte,685.64,672.78,617.1,573.31,376729705.53,False,0.0,False,0.0,False,0.0,False,0.0,True,0.85,True,False,0.53,708.06,False,False,False,False,False,False,False,15.337,78.35886,10.690408,274
BOEI34,BOEI34,BDR,BA (BDR: BOEI34),11.12,A,0.5,C,2.0,Fraco,231.71,221.31,224.44,219.23,465504476.65,False,0.0,False,0.0,False,0.0,False,0.0,True,0.65,True,False,0.35,241.09,False,False,False,False,False,False,False,173.537,83.050186,30.029808,275
VRTX34,VRTX34,BDR,VRTX (BDR: VRTX34),11.1,A,0.5,C,4.0,Forte,505.75,481.44,462.5,457.11,553662226.25,False,0.0,False,0.0,True,0.6,False,0.0,False,0.0,False,False,0.81,546.17,False,False,False,False,False,False,False,23.542999000000002,29.489796,6.328124,276
SAUD3,SAUD3,BR_STOCK,SAUD3,11.1,A,0.5,C,2.0,Fraco,13.66,14.27,13.55,13.04,38452899.57,False,0.0,False,0.0,True,0.6,False,0.0,True,1.0,False,False,0.43,16.09,False,False,False,False,False,False,False,10.538,12.088495,5.807823,277
A1FL34,A1FL34,BDR,AFL (BDR: A1FL34),11.1,A,0.5,C,4.0,Forte,121.45,121.34,114.89,113.42,139906388.63,False,0.0,False,0.0,True,0.6,False,0.0,False,0.0,False,False,0.54,130.22,False,False,False,False,False,False,False,16.908,13.11555,2.0123608,278
FCXO34,FCXO34,BDR,FCX (BDR: FCXO34),11.1,A,0.5,C,2.0,Fraco,66.5,64.02,62.63,58.21,438155532.5,False,0.0,False,0.0,True,0.6,False,0.0,False,0.0,False,False,0.56,71.22,False,False,False,False,False,False,False,14.754999999999999,32.59804,4.7489824,279
COPH34,COPH34,BDR,COP (BDR: COPH34),11.0,A,0.5,C,4.0,Forte,126.78,114.38,114.88,108.57,568697824.17,False,0.0,False,0.0,False,0.0,False,0.0,False,0.0,True,False,0.64,127.34,False,False,False,False,False,False,False,14.180000000000001,16.76918,2.3305514,280
FIXX11,FIXX11,ETF,FIXX11,11.0,A,0.5,C,0.0,Fraco,95.8,94.04,93.51,93.51,140442.8,False,0.0,False,0.0,False,0.0,False,0.0,False,0.0,True,False,1.25,94.95,False,False,False,False,False,False,False,0.0,27.152584,1.0585169,281
CXCO11,CXCO11,ETF,CXCO11,11.0,A,0.5,C,1.0,Fraco,70.1,68.29,68.69,66.3,125128.5,False,0.0,False,0.0,False,0.0,False,0.0,False,0.0,True,False,0.52,71.0,False,False,False,False,False,False,False,0.0,8.395209,999.0,282
LFIX11,LFIX11,ETF,LFIX11,11.0,A,0.5,C,0.0,Fraco,21.46,21.17,20.74,20.74,326492.43,False,0.0,False,0.0,False,0.0,False,0.0,False,0.0,True,False,0.04,21.52,False,False,False,False,False,False,False,0.0,999.0,999.0,283
EXXO34,EXXO34,BDR,XOM (BDR: EXXO34),11.0,A,0.5,C,3.0,OK,160.11,147.57,148.47,140.32,1330336382.97,False,0.0,False,0.0,False,0.0,False,0.0,False,0.0,True,False,0.58,161.67,False,False,False,False,False,False,False,12.584000000000001,20.606178,2.5382054,284
BKNG34,BKNG34,BDR,BKNG (BDR: BKNG34),11.0,A,2.0,C,2.0,Fraco,212.06,183.54,178.41,184.92,847053090.43,False,0.0,False,0.0,False,0.0,False,0.0,True,1.0,True,False,0.65,215.69,False,False,False,False,False,True,False,0.0,23.562222,-14.906509,285
CHVX34,CHVX34,BDR,CVX (BDR: CHVX34),11.0,A,0.5,C,4.0,Forte,200.01,183.99,184.36,175.54,1314723896.8,False,0.0,False,0.0,False,0.0,False,0.0,False,0.0,True,False,0.78,198.1,False,False,False,False,False,False,False,12.231,19.231731,2.0662189,286
B1KR34,B1KR34,BDR,BKR (BDR: B1KR34),11.0,A,0.5,C,2.0,Fraco,64.82,59.21,60.2,56.96,425825783.56,False,0.0,False,0.0,False,0.0,False,0.0,False,0.0,True,False,1.03,65.1,False,False,False,False,False,False,False,16.463,20.842443,3.230984,287
H1AS34,H1AS34,BDR,HAS (BDR: H1AS34),11.0,A,2.0,C,3.0,OK,96.7,86.17,90.33,87.53,94848578.81,False,0.0,False,0.0,False,0.0,False,0.0,False,0.0,True,False,0.53,97.89,False,False,False,False,False,True,False,159.56,17.206406,19.370993,288
P1DT34,P1DT34,BDR,PRU (BDR: P1DT34),11.0,A,2.0,C,3.0,OK,125.14,114.71,104.59,105.14,111842497.91,False,0.0,False,0.0,False,0.0,False,0.0,False,0.0,True,False,0.42,127.72,False,False,False,False,False,True,False,12.011,11.345422,1.3593161,289
M2RV34,M2RV34,BDR,MRVL (BDR: M2RV34),10.8,A,0.5,C,3.0,OK,222.02,238.07,159.29,141.38,3029539999.24,False,0.0,False,0.0,True,0.8,False,0.0,False,0.0,True,False,0.63,231.38,False,False,False,False,False,False,False,16.028000000000002,76.29553,10.671986,290
E1XR34,E1XR34,BDR,EXR (BDR: E1XR34),10.75,A,0.5,C,2.0,Fraco,147.93,147.15,141.86,138.44,54149830.64,False,0.0,False,0.0,True,0.5,False,0.0,False,0.0,False,False,0.37,158.88,False,False,False,False,False,False,False,6.952999999999999,32.65673,2.3574548,291
ISTT11,ISTT11,ETF,ISTT11,10.75,A,0.5,C,0.0,Fraco,1140.2,1130.51,1098.11,1082.8,799280.17,False,0.0,False,0.0,True,0.5,False,0.0,False,0.0,False,False,0.35,1206.28,False,False,False,False,False,False,False,0.0,999.0,999.0,292
C2PR34,C2PR34,BDR,CUZ (BDR: C2PR34),10.62,A,0.5,C,3.0,OK,29.7,30.02,26.08,25.72,17115723.91,False,0.0,False,0.0,True,0.75,False,0.0,False,0.0,False,False,0.33,32.95,False,False,False,False,False,False,False,0.15199999,742.625,1.090532,293
L1RC34,L1RC34,BDR,LRCX (BDR: L1RC34),10.62,A,0.5,C,4.0,Forte,332.36,337.43,277.79,249.3,2413047160.77,False,0.0,False,0.0,True,0.75,False,0.0,False,0.0,True,False,0.78,345.12,False,False,False,False,False,False,False,65.06600399999999,57.701385,39.267487,294
T2RE34,T2RE34,BDR,TREX (BDR: T2RE34),10.62,A,2.0,C,3.0,OK,49.66,46.05,42.11,40.57,45827914.73,False,0.0,False,0.0,True,0.75,False,0.0,False,0.0,True,False,0.37,50.96,False,False,False,False,False,True,False,17.740999,29.210295,5.181292,295
SNFF11,SNFF11,ETF,SNFF11,10.5,A,0.5,C,0.0,Fraco,72.6,72.02,71.79,70.65,177797.4,False,0.0,False,0.0,False,0.0,False,0.0,False,0.0,True,False,0.63,73.75,False,False,False,False,False,False,False,0.0,29.274193,999.0,296
COLG34,COLG34,BDR,CL (BDR: COLG34),10.5,A,2.0,C,2.0,Fraco,91.95,91.14,88.8,85.86,223054233.55,False,0.0,False,0.0,False,0.0,False,0.0,False,0.0,True,False,0.52,95.46,False,False,False,False,False,True,False,267.367,36.200787,310.64188,297
I1RP34,I1RP34,BDR,TT (BDR: I1RP34),10.5,A,0.5,C,4.0,Forte,480.2,474.08,453.39,441.55,157501762.4,False,0.0,False,0.0,False,0.0,False,0.0,False,0.0,True,False,0.3,493.71,False,False,False,False,False,False,False,36.643,35.782413,12.364497,298
S1HW34,S1HW34,BDR,SHW (BDR: S1HW34),10.5,A,2.0,C,3.0,OK,359.1,334.98,333.32,333.06,220187000.09,False,0.0,False,0.0,False,0.0,False,0.0,False,0.0,True,False,0.34,372.16,False,False,False,False,False,True,False,65.12400000000001,33.096313,22.481375,299
A1CR34,A1CR34,BDR,AMCR (BDR: A1CR34),10.5,A,2.0,C,2.0,Fraco,46.03,43.35,41.99,41.61,108193834.34,False,0.0,False,0.0,False,0.0,False,0.0,False,0.0,True,False,0.54,48.0,False,False,False,False,False,True,False,9.396,19.340334,1.8257903,300
B5MB11,B5MB11,ETF,B5MB11,10.5,A,0.5,C,0.0,Fraco,130.25,129.1,128.77,121.12,199282.5,False,0.0,False,0.0,False,0.0,False,0.0,False,0.0,True,False,0.09,130.5,False,False,False,False,False,False,False,0.0,999.0,999.0,301
AREA11,AREA11,ETF,AREA11,10.5,A,0.5,C,0.0,Fraco,103.71,103.12,102.93,102.2,238844.13,False,0.0,False,0.0,False,0.0,False,0.0,False,0.0,True,False,0.55,104.67,False,False,False,False,False,False,False,0.0,999.0,999.0,302
JTEK39,JTEK39,BDR,JTEK (BDR: JTEK39),10.5,A,0.5,C,0.0,Fraco,103.67,102.18,94.09,93.41,16695638.53,False,0.0,False,0.0,False,0.0,False,0.0,False,0.0,True,False,0.67,105.14,False,False,False,False,False,False,False,0.0,38.730583,999.0,303
E2LS34,E2LS34,BDR,ELS (BDR: E2LS34),10.5,A,2.0,C,3.0,OK,65.61,64.28,63.73,62.79,82962815.92,False,0.0,False,0.0,False,0.0,False,0.0,False,0.0,True,False,0.98,67.78,False,False,False,False,False,True,False,22.877,31.698067,7.2390776,304
I1TW34,I1TW34,BDR,ITW (BDR: I1TW34),10.5,A,2.0,C,3.0,OK,290.82,273.7,267.76,261.75,166473515.15,False,0.0,False,0.0,False,0.0,False,0.0,False,0.0,True,False,0.56,301.92,False,False,False,False,False,True,False,104.61800000000001,26.366276,28.779814,305
S1YY34,S1YY34,BDR,SYY (BDR: S1YY34),10.5,A,2.0,C,3.0,OK,82.97,81.76,79.63,77.95,181029624.25,False,0.0,False,0.0,False,0.0,False,0.0,False,0.0,True,False,0.47,86.65,False,False,False,False,False,True,False,77.69200000000001,22.670765,14.8940935,306
XPID11,XPID11,ETF,XPID11,10.5,A,0.5,C,0.0,Fraco,48.6,48.22,48.0,46.85,93846.6,False,0.0,False,0.0,False,0.0,False,0.0,False,0.0,True,False,1.11,49.24,False,False,False,False,False,False,False,0.0,999.0,999.0,307
IB5M11,IB5M11,ETF,IB5M11,10.5,A,0.5,C,0.0,Fraco,123.26,122.18,121.91,120.96,946636.82,False,0.0,False,0.0,False,0.0,False,0.0,False,0.0,True,False,0.41,123.79,False,False,False,False,False,False,False,0.0,999.0,999.0,308
NVDC34,NVDC34,BDR,NVDA (BDR: NVDC34),10.5,A,2.0,C,4.0,Forte,225.16,206.52,197.51,194.75,16226627374.12,False,0.0,False,0.0,False,0.0,False,0.0,False,0.0,True,False,0.6,227.23,False,False,False,False,False,True,False,114.28799999999998,34.480858,27.90087,309
BBSE3,BB SEGURIDADE PARTICIPAÇÕES S.A.,BR_STOCK,BBSE3,10.45,A,0.5,C,2.0,Fraco,36.77,37.67,34.42,33.42,202988787.53,False,0.0,False,0.0,True,0.7,False,0.0,False,0.0,False,False,0.71,40.77,False,False,False,False,False,False,False,85.944,7.7801266,6.5597143,310
GSGI34,GSGI34,BDR,GS (BDR: GSGI34),10.45,A,0.5,C,4.0,Forte,1038.92,1054.47,955.2,925.04,1132552712.91,False,0.0,False,0.0,True,0.7,False,0.0,False,0.0,False,False,0.62,1106.66,False,False,False,False,False,False,False,16.902,16.045097,2.8350859,311
SIMN34,SIMN34,BDR,SPG (BDR: SIMN34),10.45,A,0.5,C,3.0,OK,219.58,221.8,202.44,196.22,153991016.12,False,0.0,False,0.0,True,0.7,False,0.0,False,0.0,False,False,0.46,238.5,False,False,False,False,False,False,False,120.508,15.496119,14.778571,312
HIWP34,HIWP34,BDR,HIW (BDR: HIWP34),10.3,A,0.5,C,2.0,Fraco,31.51,31.27,26.12,26.06,19966311.65,False,0.0,False,0.0,True,0.8,False,0.0,False,0.0,False,False,0.59,35.44,False,False,False,False,False,False,False,6.815,20.86755,1.4697515,313
B1AX34,B1AX34,BDR,BAX (BDR: B1AX34),10.3,A,0.5,C,2.0,Fraco,26.73,22.94,20.09,19.79,106674696.96,False,0.0,False,0.0,True,0.8,False,0.0,False,0.0,False,False,0.48,30.0,False,False,False,False,False,False,False,-14.371,999.0,2.2267578,314
D1DG34,D1DG34,BDR,DDOG (BDR: D1DG34),10.3,A,0.5,C,3.0,OK,255.46,248.81,177.64,172.27,1106288207.65,False,0.0,False,0.0,True,0.8,False,0.0,False,0.0,False,False,0.64,292.72,False,False,False,False,False,False,False,4.696,510.92,22.792648,315
N1WL34,N1WL34,BDR,NWL (BDR: N1WL34),10.3,A,0.5,C,2.0,Fraco,6.24,5.34,4.44,4.21,38978514.25,False,0.0,False,0.0,True,0.8,False,0.0,False,0.0,False,False,0.45,7.13,False,False,False,False,False,False,False,-8.5939996,999.0,1.0829573,316
KMBB34,KMBB34,BDR,KMB (BDR: KMBB34),10.28,A,0.5,C,2.0,Fraco,110.39,107.6,101.56,101.35,187163484.22,False,0.0,False,0.0,True,0.65,False,0.0,False,0.0,True,False,0.41,115.47,False,False,False,False,False,False,False,104.91299999999998,21.816206,20.978714,317
M1TT34,M1TT34,BDR,MAR (BDR: M1TT34),10.22,A,0.5,C,2.0,Fraco,356.72,374.35,353.18,338.61,306001194.73,False,0.0,False,0.0,True,0.6,False,0.0,True,0.65,False,False,0.39,384.23,False,False,False,False,False,False,False,0.0,36.927536,-20.63874,318
Y2PF34,Y2PF34,BDR,YPF (BDR: Y2PF34),10.12,A,0.5,C,4.0,Forte,50.02,49.9,44.18,42.15,43512098.28,False,0.0,False,0.0,True,0.75,False,0.0,False,0.0,False,False,0.75,53.57,False,False,False,False,False,False,False,7.6450000000000005,1.2891753,1.870013,319
A1MD34,A1MD34,BDR,AMD (BDR: A1MD34),10.12,A,0.5,C,3.0,OK,514.39,510.4,357.42,324.33,12823135570.58,False,0.0,False,0.0,True,0.75,False,0.0,False,0.0,False,False,0.9,561.47,False,False,False,False,False,False,False,10.196,131.55754,12.487922,320
PETR3,PETROLEO BRASILEIRO S.A. PETROBRAS,BR_STOCK,PETR3,10.12,A,0.5,C,5.0,Forte,46.76,45.14,45.31,41.81,336915139.91,False,0.0,False,0.0,False,0.0,False,0.0,True,0.85,True,False,0.57,49.06,False,False,False,False,False,False,False,30.274,4.5442176,1.3537534,321
C2PT34,C2PT34,BDR,CPT (BDR: C2PT34),10.1,A,0.5,C,0.0,Fraco,110.36,112.51,106.39,105.32,66332540.53,False,0.0,False,0.0,True,0.6,False,0.0,False,0.0,False,False,0.64,116.84,False,False,False,False,False,False,False,7.885000000000001,36.422443,2.9765084,322
K1IM34,K1IM34,BDR,KIM (BDR: K1IM34),10.1,A,0.5,C,2.0,Fraco,24.4,25.19,23.36,22.47,44278557.31,False,0.0,False,0.0,True,0.6,False,0.0,False,0.0,False,False,0.35,26.65,False,False,False,False,False,False,False,5.806,28.372091,1.5931052,323
T1RO34,T1RO34,BDR,TROW (BDR: T1RO34),10.1,A,0.5,C,5.0,Forte,110.56,113.08,101.64,101.16,111863057.69,False,0.0,False,0.0,True,0.6,False,0.0,False,0.0,False,False,0.47,122.0,False,False,False,False,False,False,False,19.399999,11.100401,2.2043226,324
E1QR34,E1QR34,BDR,EQR (BDR: E1QR34),10.1,A,0.5,C,2.0,Fraco,65.97,67.29,63.5,62.37,297731059.67,False,0.0,False,0.0,True,0.6,False,0.0,False,0.0,False,False,1.48,70.75,False,False,False,False,False,False,False,8.0240004,28.68261,2.3559031,325
E1TR34,E1TR34,BDR,ETR (BDR: E1TR34),10.0,A,0.5,C,1.0,Fraco,107.82,111.03,107.19,103.48,113637966.88,False,0.0,False,0.0,False,0.0,False,0.0,True,0.8,False,False,0.45,116.11,False,False,False,False,False,False,False,10.248999,27.575447,2.7600155,326
LFTX11,LFTX11,ETF,LFTX11,10.0,A,0.5,C,0.0,Fraco,26.32,25.98,25.66,,252619.36,False,0.0,False,0.0,False,0.0,False,0.0,False,0.0,True,False,0.73,26.31,False,False,False,False,False,False,False,0.0,999.0,999.0,327
C2AC34,C2AC34,BDR,CACI (BDR: C2AC34),10.0,A,2.0,C,1.0,Fraco,670.38,511.65,548.7,556.06,152097826.65,False,0.0,False,0.0,False,0.0,False,0.0,False,0.0,True,False,0.63,683.39,False,False,False,False,False,True,False,12.824,27.713104,3.460044,328
5PRE11,5PRE11,ETF,5PRE11,10.0,A,2.0,C,0.0,Fraco,50.21,49.96,49.83,49.83,3590215.77,False,0.0,False,0.0,False,0.0,False,0.0,False,0.0,True,False,6.21,51.05,False,False,False,False,False,True,False,0.0,999.0,999.0,329
TUPY3,TUPY S.A.,BR_STOCK,TUPY3,9.95,A,0.5,C,0.0,Fraco,14.98,14.86,13.6,13.28,5154617.84,False,0.0,False,0.0,True,0.7,False,0.0,False,0.0,False,False,0.29,16.5,False,False,False,False,False,False,False,-28.198,999.0,0.7843753,330
FDMO34,FDMO34,BDR,F (BDR: FDMO34),9.6,A,0.5,C,0.0,Fraco,14.36,14.09,13.24,13.12,657398298.11,False,0.0,False,0.0,True,0.6,False,0.0,False,0.0,False,False,1.07,16.12,False,False,False,False,False,False,False,-18.252,999.0,1.6035945,331
A1SN34,A1SN34,BDR,ASND (BDR: A1SN34),9.6,A,0.5,C,3.0,OK,248.5,247.95,235.46,228.34,161002901.5,False,0.0,False,0.0,True,0.6,False,0.0,False,0.0,False,False,1.08,267.5,False,False,False,False,False,False,False,332.654,19.21887,-81.25644,332
HPQB34,HPQB34,BDR,HPQ (BDR: HPQB34),9.55,A,0.5,C,3.0,OK,30.1,25.4,21.66,22.14,263001967.74,True,0.52,False,0.0,False,0.0,False,0.0,False,0.0,False,False,0.58,32.19,False,False,False,False,False,False,False,0.0,11.148185,-191.72037,333
N1EM34,N1EM34,BDR,NEM (BDR: N1EM34),9.5,A,2.0,C,5.0,Forte,117.75,99.09,109.23,104.98,530677584.0,False,0.0,False,0.0,False,0.0,False,0.0,False,0.0,True,False,0.6,120.19,False,False,False,False,False,True,False,25.905,14.867424,3.5381613,334
W1BD34,W1BD34,BDR,WBD (BDR: W1BD34),9.5,A,4.15,C,1.0,Fraco,27.99,26.55,27.26,26.83,332421832.78,False,0.0,False,0.0,False,0.0,False,0.0,False,0.0,True,False,0.51,28.08,True,False,False,False,False,True,False,-8.786,999.0,2.1539054,335
PFIZ34,PFIZ34,BDR,PFE (BDR: PFIZ34),9.5,A,2.0,C,2.0,Fraco,26.78,24.88,25.5,25.09,492743874.86,False,0.0,False,0.0,False,0.0,False,0.0,False,0.0,True,False,0.41,27.2,False,False,False,False,False,True,False,5.013999999999999,35.24342,1.7921183,336
MMMC34,MMMC34,BDR,MMM (BDR: MMMC34),9.5,A,2.0,C,3.0,OK,182.65,166.62,157.7,159.25,314804205.18,False,0.0,False,0.0,False,0.0,False,0.0,False,0.0,True,False,0.67,184.9,False,False,False,False,False,True,False,81.891996,32.442272,31.909502,337
F2IV34,F2IV34,BDR,FIVN (BDR: F2IV34),9.5,A,2.0,C,2.0,Fraco,33.0,24.88,20.36,20.41,52443501.0,False,0.0,False,0.0,False,0.0,False,0.0,False,0.0,True,False,0.34,34.58,False,False,False,False,False,True,False,7.9169996000000005,48.52941,3.1419594,338
VERZ34,VERZ34,BDR,VZ (BDR: VERZ34),9.5,A,2.0,C,2.0,Fraco,48.47,44.98,45.57,43.81,470333600.79,False,0.0,False,0.0,False,0.0,False,0.0,False,0.0,True,False,0.44,49.01,False,False,False,False,False,True,False,15.842,12.622396,1.9378699,339
F2RS34,F2RS34,BDR,FRSH (BDR: F2RS34),9.5,A,2.0,C,3.0,OK,12.66,10.44,9.38,10.04,138819480.97,False,0.0,False,0.0,False,0.0,False,0.0,False,0.0,True,False,1.39,12.8,False,False,False,False,False,True,False,19.695,20.095238,3.713699,340
WFCO34,WFCO34,BDR,WFC (BDR: WFCO34),9.5,A,2.0,C,3.0,OK,88.79,85.2,82.76,84.01,593887636.95,False,0.0,False,0.0,False,0.0,False,0.0,False,0.0,True,False,0.55,89.66,False,False,False,False,False,True,False,12.575,12.905523,1.6691732,341
T1CH34,T1CH34,BDR,TECH (BDR: T1CH34),9.5,A,2.0,C,2.0,Fraco,72.4,66.93,59.83,59.99,144813107.45,False,0.0,False,0.0,False,0.0,False,0.0,False,0.0,True,False,0.65,72.39,False,False,False,False,False,True,False,9.032,62.413795,5.4342117,342
CASA11,CASA11,ETF,CASA11,9.5,A,0.5,C,0.0,Fraco,90.2,87.63,85.67,85.86,62057.6,False,0.0,False,0.0,False,0.0,False,0.0,False,0.0,True,False,0.67,89.76,False,False,False,False,False,False,False,0.0,999.0,999.0,343
PQDP11,PQDP11,ETF,PQDP11,9.5,A,0.5,C,0.0,Fraco,2528.91,2531.8,2443.97,2391.69,192197.15,False,0.0,False,0.0,False,0.0,False,0.0,False,0.0,True,False,0.68,2600.0,False,False,False,False,False,False,False,0.0,999.0,999.0,344
VISA34,VISA34,BDR,V (BDR: VISA34),9.5,A,2.0,C,4.0,Forte,364.08,347.88,327.42,329.97,1379441180.4,False,0.0,False,0.0,False,0.0,False,0.0,False,0.0,True,False,0.62,373.28,False,False,False,False,False,True,False,61.19,30.932878,19.294117,345
S2NW34,S2NW34,BDR,SNOW (BDR: S2NW34),9.5,A,2.0,C,1.0,Fraco,329.04,270.0,205.2,214.43,740446299.15,False,0.0,False,0.0,False,0.0,False,0.0,False,0.0,True,False,0.42,341.95,False,False,False,False,False,True,False,-54.869,999.0,58.79914,346
TMOS34,TMOS34,BDR,TMO (BDR: TMOS34),9.5,A,2.0,C,3.0,OK,588.05,528.72,516.74,531.85,359524997.11,False,0.0,False,0.0,False,0.0,False,0.0,False,0.0,True,False,0.35,606.75,False,False,False,False,False,True,False,13.514999999999999,31.632706,4.1274624,347
SLBG34,SLBG34,BDR,SLB (BDR: SLBG34),9.5,A,0.5,C,2.0,Fraco,53.76,49.92,50.7,47.33,393642217.28,False,0.0,False,0.0,False,0.0,False,0.0,False,0.0,True,False,0.72,53.99,False,False,False,False,False,False,False,12.909001,26.22683,3.0603938,348
G1PI34,G1PI34,BDR,GPN (BDR: G1PI34),9.5,A,2.0,C,2.0,Fraco,93.06,76.81,73.2,74.2,133409044.36,False,0.0,False,0.0,False,0.0,False,0.0,False,0.0,True,False,0.4,95.58,False,False,False,False,False,True,False,2.428,44.104267,1.0693479,349
N1DA34,N1DA34,BDR,NDAQ (BDR: N1DA34),9.5,A,2.0,C,4.0,Forte,97.02,89.01,88.66,89.13,114379881.66,False,0.0,False,0.0,False,0.0,False,0.0,False,0.0,True,False,0.41,97.73,False,False,False,False,False,True,False,16.521999,28.285713,4.54831,350
LMTB34,LMTB34,BDR,LMT (BDR: LMTB34),9.5,A,2.0,C,3.0,OK,608.66,542.41,572.38,545.89,361281191.7,False,0.0,False,0.0,False,0.0,False,0.0,False,0.0,True,False,0.58,610.36,False,False,False,False,False,True,False,89.165,22.418234,15.965978,351
GCRI11,GCRI11,ETF,GCRI11,9.5,A,0.5,C,1.0,Fraco,65.4,66.18,64.67,62.76,230077.21,False,0.0,False,0.0,False,0.0,False,0.0,False,0.0,True,False,0.76,67.46,False,False,False,False,False,False,False,0.0,5.6427956,999.0,352
SPXU11,SPXU11,ETF,SPXU11,9.5,A,0.5,C,0.0,Fraco,17.46,16.46,15.75,15.77,93393.54,False,0.0,False,0.0,False,0.0,False,0.0,False,0.0,True,False,0.02,17.4,False,False,False,False,False,False,False,0.0,999.0,999.0,353
BRZP11,BRZP11,ETF,BRZP11,9.5,A,0.5,C,0.0,Fraco,177.93,179.41,177.8,170.1,614036.4,False,0.0,False,0.0,False,0.0,False,0.0,False,0.0,True,False,0.4,182.24,False,False,False,False,False,False,False,0.0,999.0,999.0,354
E1MN34,E1MN34,BDR,EMN (BDR: E1MN34),9.5,A,0.5,C,4.0,Forte,74.05,70.4,71.41,68.58,27699958.69,False,0.0,False,0.0,False,0.0,False,0.0,False,0.0,True,False,0.34,75.37,False,False,False,False,False,False,False,7.3340000000000005,19.283855,1.3887588,355
Z1BR34,Z1BR34,BDR,ZBRA (BDR: Z1BR34),9.5,A,2.0,C,4.0,Forte,376.03,277.69,248.19,249.67,213528634.81,False,0.0,False,0.0,False,0.0,False,0.0,False,0.0,True,False,0.55,386.23,False,False,False,False,False,True,False,15.286,34.498165,5.2431016,356
XPML11,XPML11,ETF,XPML11,9.5,A,0.5,C,0.0,Fraco,101.9,103.97,101.12,79.03,19672712.39,False,0.0,False,0.0,False,0.0,False,0.0,False,0.0,True,False,1.45,106.38,False,False,False,False,False,False,False,0.0,999.0,999.0,357
S1YM34,S1YM34,BDR,GEN (BDR: S1YM34),9.5,A,2.0,C,4.0,Forte,28.48,26.21,23.48,24.22,85146398.31,False,0.0,False,0.0,False,0.0,False,0.0,False,0.0,True,False,0.52,29.87,False,False,False,False,False,True,False,41.943999999999996,16.65497,6.4230943,358
PFIN11,PFIN11,ETF,PFIN11,9.5,A,0.5,C,0.0,Fraco,61.69,62.28,59.95,57.77,1699559.46,False,0.0,False,0.0,False,0.0,False,0.0,False,0.0,True,False,1.57,63.85,False,False,False,False,False,False,False,0.0,999.0,999.0,359
MCCI11,MCCI11,ETF,MCCI11,9.5,A,0.5,C,1.0,Fraco,91.06,92.18,90.48,87.97,3254666.43,False,0.0,False,0.0,False,0.0,False,0.0,False,0.0,True,False,0.81,94.48,False,False,False,False,False,False,False,0.0,8.696275,999.0,360
DBAG34,DBAG34,BDR,DB (BDR: DBAG34),9.5,A,2.0,C,3.0,OK,38.56,35.35,33.41,33.98,42380773.85,False,0.0,False,0.0,False,0.0,False,0.0,False,0.0,True,False,0.72,38.57,False,False,False,False,False,True,False,8.891,10.175462,0.796414,361
SAPI11,SAPI11,ETF,SAPI11,9.5,A,0.5,C,1.0,Fraco,8.89,9.04,8.86,8.64,224161.36,False,0.0,False,0.0,False,0.0,False,0.0,False,0.0,True,False,0.97,9.14,False,False,False,False,False,False,False,0.0,8.715687,999.0,362
A1GI34,A1GI34,BDR,A (BDR: A1GI34),9.5,A,2.0,C,4.0,Forte,148.55,135.55,126.29,130.65,77954074.8,False,0.0,False,0.0,False,0.0,False,0.0,False,0.0,True,False,0.36,150.24,False,False,False,False,False,True,False,21.330999000000002,29.77014,5.886551,363
FLRY3,FLEURY S.A.,BR_STOCK,FLRY3,9.5,A,0.5,C,3.0,OK,18.21,15.84,15.87,15.49,69208922.52,False,0.0,False,0.0,False,0.0,False,0.0,False,0.0,False,False,0.74,19.3,False,False,False,False,False,False,False,12.617999999999999,15.706897,1.9853982,364
AFHI11,AFHI11,ETF,AFHI11,9.5,A,0.5,C,1.0,Fraco,93.59,94.4,92.68,91.32,669542.83,False,0.0,False,0.0,False,0.0,False,0.0,False,0.0,True,False,0.89,95.0,False,False,False,False,False,False,False,0.0,8.602021,999.0,365
RZAT11,RZAT11,ETF,RZAT11,9.5,A,0.5,C,1.0,Fraco,89.06,92.29,88.71,86.13,745966.54,False,0.0,False,0.0,False,0.0,False,0.0,False,0.0,True,False,0.76,93.03,False,False,False,False,False,False,False,0.0,7.408486,999.0,366
R1JF34,R1JF34,BDR,RJF (BDR: R1JF34),9.5,A,2.0,C,5.0,Forte,180.8,165.15,157.77,158.18,67166885.12,False,0.0,False,0.0,False,0.0,False,0.0,False,0.0,True,False,0.42,182.73,False,False,False,False,False,True,False,18.416001,15.763294,2.7354078,367
AJFI11,AJFI11,ETF,AJFI11,9.5,A,0.5,C,0.0,Fraco,8.19,8.2,8.11,7.96,83013.84,False,0.0,False,0.0,False,0.0,False,0.0,False,0.0,True,False,0.53,8.3,False,False,False,False,False,False,False,0.0,999.0,999.0,368
TECK11,TECK11,ETF,TECK11,9.5,A,0.5,C,0.0,Fraco,126.29,115.62,107.6,109.34,1870986.36,False,0.0,False,0.0,False,0.0,False,0.0,False,0.0,True,False,0.16,125.3,False,False,False,False,False,False,False,0.0,29.38769,999.0,369
L1NC34,L1NC34,BDR,LNC (BDR: L1NC34),9.5,A,2.0,C,5.0,Forte,45.46,40.09,37.48,38.44,43595210.43,False,0.0,False,0.0,False,0.0,False,0.0,False,0.0,True,False,0.48,47.67,False,False,False,False,False,True,False,22.587,3.829402,0.8396446,370
PACB11,PACB11,ETF,PACB11,9.5,A,0.5,C,0.0,Fraco,10.76,10.72,10.73,10.65,216146.88,False,0.0,False,0.0,False,0.0,False,0.0,False,0.0,True,False,0.75,10.86,False,False,False,False,False,False,False,0.0,999.0,999.0,371
SPYI11,SPYI11,ETF,SPYI11,9.5,A,0.5,C,0.0,Fraco,112.02,106.85,103.35,103.49,2645912.32,False,0.0,False,0.0,False,0.0,False,0.0,False,0.0,True,True,1.93,111.5,False,False,False,False,False,False,False,0.0,999.0,999.0,372
SNFZ11,SNFZ11,ETF,SNFZ11,9.5,A,0.5,C,0.0,Fraco,9.45,9.33,9.33,9.27,198629.55,False,0.0,False,0.0,False,0.0,False,0.0,False,0.0,True,False,1.53,9.65,False,False,False,False,False,False,False,0.0,999.0,999.0,373
A1PO34,A1PO34,BDR,APO (BDR: A1PO34),9.5,A,2.0,C,2.0,Fraco,140.72,126.48,123.69,126.78,291816695.33,False,0.0,False,0.0,False,0.0,False,0.0,False,0.0,True,False,0.48,144.13,False,False,False,False,False,True,False,11.411999999999999,50.078293,4.133596,374
B2RK34,B2RK34,BDR,BRKR (BDR: B2RK34),9.3,B,0.5,C,2.0,Fraco,57.7,58.31,47.11,46.6,70266426.23,False,0.0,False,0.0,True,0.8,False,0.0,False,0.0,False,False,0.4,65.3,False,False,False,False,False,False,False,-2.9979998,999.0,3.6913826,375
P2EN34,P2EN34,BDR,PENN (BDR: P2EN34),9.3,B,0.5,C,1.0,Fraco,18.79,20.61,16.93,16.39,33695281.88,False,0.0,False,0.0,True,0.8,False,0.0,False,0.0,False,False,0.61,21.65,False,False,False,False,False,False,False,-37.578,999.0,1.3059494,376
CLOV34,CLOV34,BDR,CLOV (BDR: CLOV34),9.3,B,0.5,C,1.0,Fraco,4.6,4.66,3.18,3.05,16631805.66,False,0.0,False,0.0,True,0.8,False,0.0,False,0.0,False,False,0.68,5.19,False,False,False,False,False,False,False,-5.0970003,999.0,6.4697604,377
A1MT34,A1MT34,BDR,AMAT (BDR: A1MT34),9.3,B,0.5,C,4.0,Forte,507.18,558.89,434.26,388.22,6068120026.95,False,0.0,False,0.0,True,0.8,False,0.0,False,0.0,False,False,1.71,576.49,False,False,False,False,False,False,False,39.692003,43.722412,16.842,378
UNHH34,UNHH34,BDR,UNH (BDR: UNHH34),9.12,B,0.5,C,3.0,OK,401.82,414.87,350.3,344.09,1089310734.3,False,0.0,False,0.0,True,0.75,False,0.0,False,0.0,False,False,0.67,437.47,False,False,False,False,False,False,False,14.152999,25.823908,3.4832737,379
K1LA34,K1LA34,BDR,KLAC (BDR: K1LA34),9.12,B,0.5,C,4.0,Forte,203.72,221.8,181.7,166.57,1431630085.38,False,0.0,False,0.0,True,0.75,False,0.0,False,0.0,False,False,0.65,221.0,False,False,False,False,False,False,False,87.496,55.6612,41.917694,380
W1DC34,W1DC34,BDR,WDC (BDR: W1DC34),9.12,B,0.5,C,4.0,Forte,508.8,552.41,410.59,349.61,4896111559.33,False,0.0,False,0.0,True,0.75,False,0.0,False,0.0,False,False,1.06,580.0,False,False,False,False,False,False,False,130.853,20.964153,24.327036,381
M1GM34,M1GM34,BDR,MGM (BDR: M1GM34),9.12,B,0.5,C,3.0,OK,44.08,46.4,40.23,38.8,33013982.65,False,0.0,False,0.0,True,0.75,False,0.0,False,0.0,False,False,0.28,47.16,False,False,False,False,False,False,False,18.924999,26.712122,4.411029,382
L2SC34,L2SC34,BDR,LSCC (BDR: L2SC34),9.12,B,0.5,C,3.0,OK,130.46,135.44,114.88,104.22,152950529.11,False,0.0,False,0.0,True,0.75,False,0.0,False,0.0,False,False,0.53,139.98,False,False,False,False,False,False,False,4.9270000000000005,543.5834,24.119062,383
R1IN34,R1IN34,BDR,O (BDR: R1IN34),9.0,B,0.5,C,3.0,OK,62.74,62.7,61.97,60.26,186455172.16,False,0.0,False,0.0,False,0.0,False,0.0,False,0.0,False,False,0.48,66.87,False,False,False,False,False,False,False,3.225,45.79927,1.5011483,384
A1ES34,A1ES34,BDR,AES (BDR: A1ES34),9.0,B,2.0,C,2.0,Fraco,14.73,14.58,14.45,14.21,27382992.9,False,0.0,False,0.0,False,0.0,False,0.0,False,0.0,True,False,0.26,14.77,False,False,False,False,False,True,False,9.5740005,5.5187263,2.1262627,385
DTCR39,GLOBAL X DATA CENTER & DIGITAL INFRASTRUCTURE ETF,BDR,DTCR (BDR: DTCR39),9.0,B,0.5,C,0.0,Fraco,29.33,29.26,27.36,25.79,20493046.93,False,0.0,False,0.0,False,0.0,False,0.0,False,0.0,True,False,0.84,29.28,False,False,False,False,False,False,False,0.0,22.389559,999.0,386
LFTI11,LFTI11,ETF,LFTI11,9.0,B,0.5,C,0.0,Fraco,54.56,53.84,,,1324116.67,False,0.0,False,0.0,False,0.0,False,0.0,False,0.0,True,False,0.69,54.7,False,False,False,False,False,False,False,0.0,999.0,999.0,387
CGAS3,CIA GAS DE SAO PAULO - COMGAS,BR_STOCK,CGAS3,9.0,B,0.5,C,2.0,Fraco,125.4,125.34,124.21,122.51,137940.0,False,0.0,False,0.0,False,0.0,False,0.0,False,0.0,True,False,3.93,127.0,False,False,False,False,False,False,False,97.99,11.029024,9.651351,388
POSB11,POSB11,ETF,POSB11,9.0,B,2.0,C,0.0,Fraco,105.34,104.04,,,7465340.2,False,0.0,False,0.0,False,0.0,False,0.0,False,0.0,True,False,0.89,105.37,False,False,False,False,False,True,False,0.0,999.0,999.0,389
C2GN34,C2GN34,BDR,CGNX (BDR: C2GN34),9.0,B,0.5,C,3.0,OK,65.63,64.7,56.55,51.89,149098687.17,False,0.0,False,0.0,False,0.0,False,0.0,False,0.0,False,False,0.79,72.7,False,False,False,False,False,False,False,11.1490004,63.10577,6.7750587,390
AUPO11,AUPO11,ETF,AUPO11,9.0,B,2.0,C,0.0,Fraco,108.84,107.53,,,7454995.55,False,0.0,False,0.0,False,0.0,False,0.0,False,0.0,True,False,0.72,108.79,False,False,False,False,False,True,False,0.0,999.0,999.0,391
SLVR11,SLVR11,ETF,SLVR11,9.0,B,0.5,C,0.0,Fraco,41.58,37.71,,,851433.7,False,0.0,False,0.0,False,0.0,False,0.0,False,0.0,True,False,1.08,42.1,False,False,False,False,False,False,False,0.0,999.0,999.0,392
PIPE11,PIPE11,ETF,PIPE11,9.0,B,0.5,C,0.0,Fraco,99.18,97.99,,,91344.78,False,0.0,False,0.0,False,0.0,False,0.0,False,0.0,True,False,0.11,100.94,False,False,False,False,False,False,False,0.0,999.0,999.0,393
XSPI11,XSPI11,ETF,XSPI11,9.0,B,0.5,C,0.0,Fraco,110.52,106.78,,,84216.24,False,0.0,False,0.0,False,0.0,False,0.0,False,0.0,True,False,1.12,110.03,False,False,False,False,False,False,False,0.0,999.0,999.0,394
GXUS11,GXUS11,ETF,GXUS11,9.0,B,0.5,C,1.0,Fraco,116.29,110.94,,,166062.12,False,0.0,False,0.0,False,0.0,False,0.0,False,0.0,True,False,1.34,115.15,False,False,False,False,False,False,False,0.0,18.440813,999.0,395
S1KM34,S1KM34,BDR,SKM (BDR: S1KM34),9.0,B,0.5,C,1.0,Fraco,38.51,34.21,32.88,29.72,95002432.91,False,0.0,False,0.0,False,0.0,False,0.0,False,0.0,True,False,1.37,36.9,False,False,False,False,False,False,False,0.0,60.171875,1.6211861,396
NLFA11,NLFA11,ETF,NLFA11,9.0,B,0.5,C,0.0,Fraco,109.3,108.16,,,2358366.17,False,0.0,False,0.0,False,0.0,False,0.0,False,0.0,True,False,0.99,109.62,False,False,False,False,False,False,False,0.0,999.0,999.0,397
A1DM34,A1DM34,BDR,ADM (BDR: A1DM34),9.0,B,0.5,C,3.0,OK,80.47,80.03,73.87,69.89,112008608.8,False,0.0,False,0.0,False,0.0,False,0.0,False,0.0,False,False,0.3,88.46,False,False,False,False,False,False,False,7.642,21.98634,1.6453677,398
CDIB11,CDIB11,ETF,CDIB11,9.0,B,2.0,C,0.0,Fraco,51.33,50.87,,,3116501.06,False,0.0,False,0.0,False,0.0,False,0.0,False,0.0,True,False,0.85,51.76,False,False,False,False,False,True,False,0.0,999.0,999.0,399
BODI11,BODI11,ETF,BODI11,9.0,B,2.0,C,0.0,Fraco,9.82,9.81,9.71,9.71,994579.39,False,0.0,False,0.0,False,0.0,False,0.0,False,0.0,True,False,4.19,10.04,False,False,False,False,False,True,False,0.0,999.0,999.0,400
GDIV11,GDIV11,ETF,GDIV11,9.0,B,0.5,C,0.0,Fraco,102.17,97.76,,,137009.97,False,0.0,False,0.0,False,0.0,False,0.0,False,0.0,True,True,1.77,101.31,False,False,False,False,False,False,False,0.0,999.0,999.0,401
TD3511,TD3511,ETF,TD3511,9.0,B,0.5,C,0.0,Fraco,51.27,50.82,,,148734.27,False,0.0,False,0.0,False,0.0,False,0.0,False,0.0,True,False,0.09,51.47,False,False,False,False,False,False,False,0.0,999.0,999.0,402
A1KA34,A1KA34,BDR,AKAM (BDR: A1KA34),9.0,B,0.5,C,1.0,Fraco,124.99,122.66,114.75,107.4,264282601.18,False,0.0,False,0.0,False,0.0,False,0.0,False,0.0,True,False,0.5,127.5,False,False,False,False,False,False,False,8.918,45.286232,3.7795584,403
DOLX11,DOLX11,ETF,DOLX11,9.0,B,0.5,C,0.0,Fraco,48.4,47.48,,,667436.02,False,0.0,False,0.0,False,0.0,False,0.0,False,0.0,True,False,0.62,47.97,False,False,False,False,False,False,False,0.0,999.0,999.0,404
GOLX11,GOLX11,ETF,GOLX11,9.0,B,0.5,C,0.0,Fraco,51.76,48.78,,,6195930.6,False,0.0,False,0.0,False,0.0,False,0.0,False,0.0,True,False,1.35,52.66,False,False,False,False,False,False,False,0.0,999.0,999.0,405
BISE11,BISE11,ETF,BISE11,9.0,B,0.5,C,0.0,Fraco,105.19,104.47,,,15083510.02,False,0.0,False,0.0,False,0.0,False,0.0,False,0.0,True,False,0.9,105.07,False,False,False,False,False,False,False,0.0,999.0,999.0,406
IVWO11,IVWO11,ETF,IVWO11,9.0,B,0.5,C,1.0,Fraco,21.89,21.2,,,210012.65,False,0.0,False,0.0,False,0.0,False,0.0,False,0.0,True,False,0.48,21.85,False,False,False,False,False,False,False,0.0,16.436047,999.0,407
TRNT11,TRNT11,ETF,TRNT11,9.0,B,0.5,C,3.0,OK,105.0,105.15,104.75,102.16,55650.0,False,0.0,False,0.0,False,0.0,False,0.0,True,1.0,False,False,12.26,113.5,False,False,False,False,False,False,False,-6.171,3.3482141,0.64200157,408
3PRE11,3PRE11,ETF,3PRE11,9.0,B,0.5,C,0.0,Fraco,51.66,51.58,,,172182.78,False,0.0,False,0.0,False,0.0,False,0.0,False,0.0,True,False,2.97,54.12,False,False,False,False,False,False,False,0.0,999.0,999.0,409
GOLB11,GOLB11,ETF,GOLB11,9.0,B,0.5,C,0.0,Fraco,109.84,102.81,,,477254.78,False,0.0,False,0.0,False,0.0,False,0.0,False,0.0,True,False,0.14,112.03,False,False,False,False,False,False,False,0.0,999.0,999.0,410
LTBX11,LTBX11,ETF,LTBX11,9.0,B,2.0,C,0.0,Fraco,26.28,25.94,,,4819594.45,False,0.0,False,0.0,False,0.0,False,0.0,False,0.0,True,False,0.7,26.27,False,False,False,False,False,True,False,0.0,999.0,999.0,411
COLD34,COLD34,BDR,COLD (BDR: COLD34),8.95,B,0.5,C,1.0,Fraco,14.87,14.9,13.31,12.81,18903427.87,False,0.0,False,0.0,True,0.7,False,0.0,False,0.0,False,False,0.33,16.14,False,False,False,False,False,False,False,-16.457,999.0,1.757891,412
O1DF34,O1DF34,BDR,ODFL (BDR: O1DF34),8.95,B,0.5,C,4.0,Forte,210.97,224.98,206.64,191.65,267298358.64,False,0.0,False,0.0,True,0.7,False,0.0,False,0.0,False,False,0.74,238.51,False,False,False,False,False,False,False,24.818,40.571156,9.6254225,413
CVSH34,CVSH34,BDR,CVS (BDR: CVSH34),8.95,B,0.5,C,3.0,OK,97.17,101.86,86.79,84.31,780503531.96,False,0.0,False,0.0,True,0.7,False,0.0,False,0.0,False,False,0.88,110.0,False,False,False,False,False,False,False,6.205,25.638523,1.5580854,414
E2XE34,E2XE34,BDR,EXEL (BDR: E2XE34),8.95,B,0.5,C,5.0,Forte,51.24,54.14,47.85,46.54,91992609.73,False,0.0,False,0.0,True,0.7,False,0.0,False,0.0,False,False,0.54,56.95,False,False,False,False,False,False,False,44.393003,16.113207,6.9168468,415
JHSF3,JHSF PARTICIPACOES S.A.,BR_STOCK,JHSF3,8.95,B,0.5,C,5.0,Forte,10.76,10.81,10.29,9.46,45884944.98,False,0.0,False,0.0,True,0.7,False,0.0,False,0.0,False,False,1.48,11.38,False,False,False,False,False,False,False,27.879998,3.4240503,1.0215256,416
H1ST34,H1ST34,BDR,HST (BDR: H1ST34),8.95,B,0.5,C,5.0,Forte,22.9,23.83,20.8,19.73,142807008.22,False,0.0,False,0.0,True,0.7,False,0.0,False,0.0,False,False,0.53,25.71,False,False,False,False,False,False,False,15.558,15.369127,2.4555006,417
H1RL34,H1RL34,BDR,HRL (BDR: H1RL34),8.78,B,0.5,C,1.0,Fraco,24.53,24.73,23.11,22.87,56459598.16,False,0.0,False,0.0,True,0.65,False,0.0,False,0.0,False,False,0.72,26.43,False,False,False,False,False,False,False,5.831,28.864704,1.6985116,418
R1EG34,R1EG34,BDR,REG (BDR: R1EG34),8.75,B,0.5,C,3.0,OK,76.71,79.47,76.78,74.47,48548531.06,False,0.0,False,0.0,True,0.5,False,0.0,False,0.0,False,False,0.42,83.66,False,False,False,False,False,False,False,8.1870005,25.828281,2.1075914,419
F2NV34,F2NV34,BDR,FNV (BDR: F2NV34),8.75,B,0.5,C,3.0,OK,234.25,215.94,235.3,226.98,94364333.0,False,0.0,False,0.0,False,0.0,False,0.0,True,0.7,True,False,0.47,245.79,False,False,False,False,False,False,False,19.913,30.660995,5.572737,420
C1CL34,C1CL34,BDR,CCL (BDR: C1CL34),8.62,B,0.5,C,3.0,OK,28.12,27.77,27.68,27.62,329725962.72,False,0.0,False,0.0,False,0.0,False,0.0,True,0.85,False,False,0.72,30.06,False,False,False,False,False,False,False,26.689,12.666667,2.9750319,421
J1EF34,J1EF34,BDR,JEF (BDR: J1EF34),8.62,B,0.5,C,3.0,OK,55.16,55.85,51.69,53.15,71782520.96,False,0.0,False,0.0,False,0.0,False,0.0,True,0.65,True,False,0.65,57.84,False,False,False,False,False,False,False,0.0,15.407822,1.0617288,422
AAPL34,AAPL34,BDR,AAPL (BDR: AAPL34),8.6,B,0.5,C,4.0,Forte,305.93,308.95,282.64,279.99,7976491895.8,False,0.0,False,0.0,True,0.6,False,0.0,False,0.0,False,False,0.46,344.27,False,False,False,False,False,False,False,148.75101,35.04353,41.566574,423
E1IX34,E1IX34,BDR,EIX (BDR: E1IX34),8.6,B,0.5,C,3.0,OK,71.43,73.64,69.85,66.41,71083993.38,False,0.0,False,0.0,True,0.6,False,0.0,False,0.0,False,False,0.24,81.62,False,False,False,False,False,False,False,19.733999999999998,7.371517,1.5754648,424
CPTI11,CPTI11,ETF,CPTI11,8.5,B,0.5,C,0.0,Fraco,82.76,84.66,84.43,82.35,1905549.05,False,0.0,False,0.0,False,0.0,False,0.0,False,0.0,True,False,1.15,86.03,False,False,False,False,False,False,False,0.0,999.0,999.0,425
FOXC34,FOXC34,BDR,FOXA (BDR: FOXC34),8.5,B,2.0,C,4.0,Forte,69.04,57.75,61.31,63.05,460445716.51,False,0.0,False,0.0,False,0.0,False,0.0,False,0.0,True,False,1.24,65.48,False,False,False,False,False,True,False,14.291,17.979168,2.4912498,426
T1TW34,T1TW34,BDR,TTWO (BDR: T1TW34),8.5,B,0.5,C,2.0,Fraco,246.95,237.86,223.15,229.04,268583804.48,False,0.0,False,0.0,False,0.0,False,0.0,False,0.0,True,False,0.43,256.62,False,False,False,False,False,False,False,-9.039,999.0,13.040608,427
KNHY11,KNHY11,ETF,KNHY11,8.5,B,0.5,C,1.0,Fraco,96.26,98.93,96.6,95.21,5908150.15,False,0.0,False,0.0,False,0.0,False,0.0,False,0.0,True,False,1.47,100.85,False,False,False,False,False,False,False,0.0,6.758234,999.0,428
B1ME34,B1ME34,BDR,ONC (BDR: B1ME34),8.5,B,2.0,C,3.0,OK,347.48,302.99,311.12,315.14,103567807.19,False,0.0,False,0.0,False,0.0,False,0.0,False,0.0,True,False,0.69,361.33,False,False,False,False,False,True,False,14.661999,62.161003,8.110543,429
O1UT34,O1UT34,BDR,OUT (BDR: O1UT34),8.5,B,0.5,C,3.0,OK,30.25,31.93,29.22,27.33,27175934.5,False,0.0,False,0.0,False,0.0,False,0.0,True,0.8,False,False,0.38,33.74,False,False,False,False,False,False,False,35.024,21.76259,7.6854672,430
P1YC34,P1YC34,BDR,PAYC (BDR: P1YC34),8.5,B,2.0,C,3.0,OK,218.26,150.87,137.39,144.26,101190353.43,False,0.0,False,0.0,False,0.0,False,0.0,False,0.0,True,False,0.35,224.63,False,False,False,False,False,True,False,41.089,23.07188,12.243226,431
BIDB11,BIDB11,ETF,BIDB11,8.5,B,0.5,C,0.0,Fraco,76.27,76.94,76.5,74.89,82905.49,False,0.0,False,0.0,False,0.0,False,0.0,False,0.0,True,False,0.35,77.8,False,False,False,False,False,False,False,0.0,999.0,999.0,432
VGIR11,VGIR11,ETF,VGIR11,8.5,B,0.5,C,0.0,Fraco,9.15,9.41,9.23,9.04,5429390.17,False,0.0,False,0.0,False,0.0,False,0.0,False,0.0,True,False,1.27,9.6,False,False,False,False,False,False,False,0.0,999.0,999.0,433
BBFO11,BBFO11,ETF,BBFO11,8.5,B,0.5,C,1.0,Fraco,67.4,68.57,67.48,64.88,209951.0,False,0.0,False,0.0,False,0.0,False,0.0,False,0.0,True,False,0.62,70.19,False,False,False,False,False,False,False,0.0,0.47838452,999.0,434
BLAK34,BLAK34,BDR,BLK (BDR: BLAK34),8.5,B,2.0,C,3.0,OK,1173.9,1053.12,1043.17,1046.11,389433115.8,False,0.0,False,0.0,False,0.0,False,0.0,False,0.0,True,False,0.59,1186.74,False,False,False,False,False,True,False,12.2779995,28.117367,3.158158,435
W1PP34,W1PP34,BDR,WPP (BDR: W1PP34),8.5,B,2.0,C,0.0,Fraco,26.89,19.57,18.3,18.77,9598761.74,False,0.0,False,0.0,False,0.0,False,0.0,False,0.0,True,False,0.49,27.78,False,False,False,False,False,True,False,-6.617000000000001,999.0,8.470518,436
Z1BH34,Z1BH34,BDR,ZBH (BDR: Z1BH34),8.5,B,2.0,C,3.0,OK,100.62,91.4,90.05,90.52,168815108.99,False,0.0,False,0.0,False,0.0,False,0.0,False,0.0,True,False,0.55,101.8,False,False,False,False,False,True,False,6.413,24.42233,1.5192052,437
REGN34,REGN34,BDR,REGN (BDR: REGN34),8.5,B,2.0,C,3.0,OK,803.48,675.78,716.73,718.95,301966256.7,False,0.0,False,0.0,False,0.0,False,0.0,False,0.0,True,False,0.45,815.8,False,False,False,False,False,True,False,14.043,19.897968,2.5417655,438
BOTZ39,GLOBAL X ROBOTICS & ARTIFICIAL INTELLIGENCE ETF,BDR,BOTZ (BDR: BOTZ39),8.5,B,0.5,C,0.0,Fraco,37.74,36.61,37.18,36.89,16154871.9,False,0.0,False,0.0,False,0.0,False,0.0,False,0.0,True,False,0.62,38.15,False,False,False,False,False,False,False,0.0,36.567375,999.0,439
BTAL11,BTAL11,ETF,BTAL11,8.5,B,0.5,C,1.0,Fraco,84.06,85.0,84.9,81.77,423158.03,False,0.0,False,0.0,False,0.0,False,0.0,False,0.0,True,False,0.73,87.7,False,False,False,False,False,False,False,11.159000500000001,6.6775217,0.738149,440
L2PL34,L2PL34,BDR,LPLA (BDR: L2PL34),8.5,B,2.0,C,3.0,OK,370.67,319.02,319.74,330.83,141529224.53,False,0.0,False,0.0,False,0.0,False,0.0,False,0.0,True,False,0.5,379.0,False,False,False,False,False,True,False,18.591999,29.701124,5.096942,441
BTLG11,BTLG11,ETF,BTLG11,8.5,B,2.0,C,0.0,Fraco,100.0,101.22,100.3,99.46,14630000.0,False,0.0,False,0.0,False,0.0,False,0.0,False,0.0,True,False,1.08,102.86,False,False,False,False,False,True,False,8.615,92.336105,0.9668468,442
R1SG34,R1SG34,BDR,RSG (BDR: R1SG34),8.5,B,0.5,C,3.0,OK,214.7,213.68,213.96,213.03,148661068.99,False,0.0,False,0.0,False,0.0,False,0.0,False,0.0,True,False,0.49,228.22,False,False,False,False,False,False,False,18.151999999999997,30.410765,5.519848,443
ADPR34,ADPR34,BDR,ADP (BDR: ADPR34),8.5,B,2.0,C,4.0,Forte,272.96,244.92,226.05,232.8,377229616.35,False,0.0,False,0.0,False,0.0,False,0.0,False,0.0,True,False,0.6,280.59,False,False,False,False,False,True,False,72.239,24.95064,18.00409,444
SHLD39,GLOBAL X DEFENSE TECH ETF,BDR,SHLD (BDR: SHLD39),8.5,B,0.5,C,0.0,Fraco,70.81,63.06,68.94,67.91,41468860.16,False,0.0,False,0.0,False,0.0,False,0.0,False,0.0,True,False,0.62,70.52,False,False,False,False,False,False,False,0.0,32.523373,999.0,445
E2ST34,E2ST34,BDR,ESTC (BDR: E2ST34),8.5,B,2.0,C,3.0,OK,86.69,63.17,58.52,63.89,253914410.32,False,0.0,False,0.0,False,0.0,False,0.0,False,0.0,True,False,1.25,86.7,False,False,False,False,False,True,False,33.376998,25.274054,7.1139016,446
DOLB11,DOLB11,ETF,DOLB11,8.5,B,2.0,C,0.0,Fraco,98.35,96.09,95.37,96.06,7188893.14,False,0.0,False,0.0,False,0.0,False,0.0,False,0.0,True,True,13.59,98.0,False,False,False,False,False,True,False,0.0,999.0,999.0,447
HOND34,HOND34,BDR,HMC (BDR: HOND34),8.5,B,2.0,C,2.0,Fraco,31.55,28.38,27.57,28.18,21249208.44,False,0.0,False,0.0,False,0.0,False,0.0,False,0.0,True,False,0.55,31.97,False,False,False,False,False,True,False,-0.7620000299999999,999.0,0.52772933,448
MSCD34,MSCD34,BDR,MA (BDR: MSCD34),8.5,B,2.0,C,3.0,OK,569.26,528.86,517.33,526.47,1108938992.38,False,0.0,False,0.0,False,0.0,False,0.0,False,0.0,True,False,0.65,583.71,False,False,False,False,False,True,False,241.202,30.887684,89.0025,449
RAPT3,RANDONCORP S.A.,BR_STOCK,RAPT3,8.5,B,2.0,C,0.0,Fraco,7.22,5.08,5.53,5.66,1578291.95,False,0.0,False,0.0,False,0.0,False,0.0,False,0.0,True,False,1.42,7.23,False,False,False,False,False,True,True,-2.5209999,999.0,0.80996186,450
DOLA11,DOLA11,ETF,DOLA11,8.5,B,0.5,C,0.0,Fraco,10.46,10.11,10.04,10.11,6174067.32,False,0.0,False,0.0,False,0.0,False,0.0,False,0.0,True,True,7.24,10.25,False,False,False,False,False,False,False,0.0,999.0,999.0,451
KNIP11,KNIP11,ETF,KNIP11,8.5,B,2.0,C,1.0,Fraco,88.97,91.14,89.03,87.32,10068023.28,False,0.0,False,0.0,False,0.0,False,0.0,False,0.0,True,False,1.15,92.46,False,False,False,False,False,True,False,0.0,8.001799,999.0,452
MXRF11,MXRF11,ETF,MXRF11,8.5,B,0.5,C,3.0,OK,9.34,9.6,9.46,9.31,14010906.21,False,0.0,False,0.0,False,0.0,False,0.0,False,0.0,True,False,0.88,9.75,False,False,False,False,False,False,False,10.7030004,13.328571,0.9399557,453
MSFT34,MSFT34,BDR,MSFT (BDR: MSFT34),8.5,B,2.0,C,4.0,Forte,495.4,412.78,411.94,431.32,7112049502.78,False,0.0,False,0.0,False,0.0,False,0.0,False,0.0,True,False,0.37,513.73,False,False,False,False,False,True,False,34.039003,27.61427,8.316965,454
QQQI11,QQQI11,ETF,QQQI11,8.5,B,0.5,C,0.0,Fraco,99.49,96.74,95.22,96.76,1212086.64,False,0.0,False,0.0,False,0.0,False,0.0,False,0.0,True,False,0.83,98.18,False,False,False,False,False,False,False,0.0,32.227222,999.0,455
EBAY34,EBAY34,BDR,EBAY (BDR: EBAY34),8.5,B,0.5,C,3.0,OK,103.14,110.57,101.2,96.92,263680193.22,False,0.0,False,0.0,False,0.0,False,0.0,True,0.8,False,False,0.51,117.63,False,False,False,False,False,False,False,46.611000000000004,21.668066,10.035027,456
PKIN11,PKIN11,ETF,PKIN11,8.5,B,0.5,C,0.0,Fraco,120.29,119.69,120.38,119.98,116681.3,False,0.0,False,0.0,False,0.0,False,0.0,False,0.0,True,False,1.53,121.0,False,False,False,False,False,False,False,0.0,999.0,999.0,457
CXAG11,CXAG11,ETF,CXAG11,8.5,B,0.5,C,1.0,Fraco,73.9,75.09,74.44,73.0,54242.6,False,0.0,False,0.0,False,0.0,False,0.0,False,0.0,True,False,0.4,76.8,False,False,False,False,False,False,False,0.0,19.648935,999.0,458
CPTS11,CPTS11,ETF,CPTS11,8.5,B,0.5,C,0.0,Fraco,7.44,7.42,7.5,7.35,10129783.28,False,0.0,False,0.0,False,0.0,False,0.0,False,0.0,True,False,1.44,7.58,False,False,False,False,False,False,False,0.0,999.0,999.0,459
H1OG34,H1OG34,BDR,HOG (BDR: H1OG34),8.5,B,2.0,C,2.0,Fraco,27.78,25.64,22.58,22.61,50059894.6,False,0.0,False,0.0,False,0.0,False,0.0,False,0.0,True,False,0.92,28.77,False,False,False,False,False,True,False,6.093,15.433334,0.9328722,460
C1BR34,C1BR34,BDR,CBRE (BDR: C1BR34),8.12,B,2.0,C,2.0,Fraco,152.8,139.93,143.88,147.45,110339479.8,False,0.0,False,0.0,False,0.0,False,0.0,True,0.85,True,False,0.48,153.08,False,False,False,False,False,True,False,15.798001000000001,34.965675,5.2736936,461
KNRI11,KNRI11,ETF,KNRI11,8.12,B,0.5,C,1.0,Fraco,151.1,153.31,157.69,153.75,5361783.72,False,0.0,False,0.0,False,0.0,False,0.0,True,0.65,True,False,0.62,157.86,False,False,False,False,False,False,False,7.609000000000001,10.255818,0.9435341,462
KHCB34,KHCB34,BDR,KHC (BDR: KHCB34),8.0,B,0.5,C,1.0,Fraco,25.51,24.78,23.4,23.43,211413667.72,False,0.0,False,0.0,False,0.0,False,0.0,False,0.0,False,False,0.51,28.09,False,False,False,False,False,False,False,-8.76,999.0,0.840278,463
GOEX39,GLOBAL X GOLD EXPLORERS ETF,BDR,GOEX (BDR: GOEX39),8.0,B,0.5,C,1.0,Fraco,85.99,72.83,83.74,81.32,455746.46,False,0.0,False,0.0,False,0.0,False,0.0,False,0.0,True,False,0.8,87.25,False,False,False,False,False,False,False,0.0,15.578259,999.0,464
ABUD34,ABUD34,BDR,BUD (BDR: ABUD34),8.0,B,0.5,C,4.0,Forte,79.74,81.69,76.57,72.91,95129259.27,False,0.0,False,0.0,False,0.0,False,0.0,False,0.0,False,False,0.66,86.6,False,False,False,False,False,False,False,11.392,17.185345,10.068426,465
BDIV11,BDIV11,ETF,BDIV11,8.0,B,0.5,C,0.0,Fraco,39.74,35.74,35.82,35.76,933691.34,False,0.0,False,0.0,False,0.0,False,0.0,False,0.0,False,False,1.5,41.99,False,False,False,False,False,False,False,0.0,999.0,999.0,466
CAON34,CAON34,BDR,COF (BDR: CAON34),8.0,B,2.0,C,2.0,Fraco,227.32,204.11,199.87,206.61,558084029.86,False,0.0,False,0.0,False,0.0,False,0.0,False,0.0,True,False,0.82,225.5,False,False,False,False,False,True,False,9.031,12.524519,1.354232,467
A1DI34,A1DI34,BDR,ADI (BDR: A1DI34),8.0,B,0.5,C,3.0,OK,389.39,391.57,363.66,337.07,803199845.29,False,0.0,False,0.0,False,0.0,False,0.0,False,0.0,True,False,0.64,396.26,False,False,False,False,False,False,False,9.639000000000001,58.0313,5.6210933,468
GPCA11,GPCA11,ETF,GPCA11,8.0,B,2.0,C,0.0,Fraco,25.69,,,,4881305.62,False,0.0,False,0.0,False,0.0,False,0.0,False,0.0,True,False,1.26,25.72,False,False,False,False,False,True,False,0.0,999.0,999.0,469
NB0211,NB0211,ETF,NB0211,8.0,B,2.0,C,0.0,Fraco,50.52,,,,146255.4,False,0.0,False,0.0,False,0.0,False,0.0,False,0.0,True,False,0.0,,False,False,False,False,False,True,False,0.0,999.0,999.0,470
SHOW3,T4F ENTRETENIMENTO S.A.,BR_STOCK,SHOW3,8.0,B,2.0,C,2.0,Fraco,6.08,5.94,5.64,5.72,105792.0,False,0.0,False,0.0,False,0.0,False,0.0,False,0.0,True,False,0.57,6.1,False,False,False,False,False,True,False,-39.883998,999.0,0.4092898,471
BUSM39,ISHARES MSCI USA MIN VOL FACTOR ETF,BDR,BUSM (BDR: BUSM39),8.0,B,2.0,C,0.0,Fraco,17.39,,,,213392.68,False,0.0,False,0.0,False,0.0,False,0.0,False,0.0,True,False,1.43,17.53,False,False,False,False,False,True,False,0.0,999.0,999.0,472
AXPB34,AXPB34,BDR,AXP (BDR: AXPB34),8.0,B,0.5,C,3.0,OK,342.49,339.65,328.63,337.75,374138462.76,False,0.0,False,0.0,False,0.0,False,0.0,False,0.0,True,False,0.48,358.8,False,False,False,False,False,False,False,34.377,20.75697,6.7439203,473
BBYY34,BBYY34,BDR,BBY (BDR: BBYY34),8.0,B,0.5,C,4.0,Forte,86.44,80.67,68.74,69.59,198982897.5,False,0.0,False,0.0,False,0.0,False,0.0,False,0.0,False,False,0.67,91.27,False,False,False,False,False,False,False,39.104,16.007408,5.9076,474
XCAP11,XCAP11,ETF,XCAP11,8.0,B,0.5,C,0.0,Fraco,46.96,,,,1095529.82,False,0.0,False,0.0,False,0.0,False,0.0,False,0.0,True,False,122.95,49.19,False,False,False,False,False,False,False,0.0,999.0,999.0,475
G1LW34,G1LW34,BDR,GLW (BDR: G1LW34),8.0,B,0.5,C,4.0,Forte,165.98,176.47,156.16,138.68,1208627157.61,False,0.0,False,0.0,False,0.0,False,0.0,False,0.0,True,False,0.66,170.43,False,False,False,False,False,False,False,16.813,76.48847,11.9728775,476
PETR4,PETROLEO BRASILEIRO S.A. PETROBRAS,BR_STOCK,PETR4,8.0,B,0.5,C,5.0,Forte,41.99,40.35,41.04,38.16,1188934300.53,False,0.0,False,0.0,False,0.0,False,0.0,False,0.0,True,False,0.59,43.49,False,False,False,False,False,False,False,30.274,4.079689,1.2153672,477
N1WS34,N1WS34,BDR,NWS (BDR: N1WS34),8.0,B,0.5,C,2.0,Fraco,33.17,30.8,29.45,29.46,25788777.99,False,0.0,False,0.0,False,0.0,False,0.0,False,0.0,False,False,0.58,35.31,False,False,False,False,False,False,False,7.979,32.203884,2.1261456,478
ABTC11,ABTC11,ETF,ABTC11,8.0,B,0.5,C,0.0,Fraco,100.5,,,,241602.0,False,0.0,False,0.0,False,0.0,False,0.0,False,0.0,True,False,0.52,104.0,False,False,False,False,False,False,False,0.0,999.0,999.0,479
ITUB3,ITAU UNIBANCO HOLDING S.A.,BR_STOCK,ITUB3,8.0,B,0.5,C,4.0,Forte,41.56,43.75,42.18,39.94,30492573.01,False,0.0,False,0.0,False,0.0,False,0.0,True,1.0,False,False,0.35,46.36,False,False,False,False,False,False,False,21.476,9.947619,2.1144793,480
RARA11,RARA11,ETF,RARA11,8.0,B,2.0,C,0.0,Fraco,18.23,,,,759789.92,False,0.0,False,0.0,False,0.0,False,0.0,False,0.0,True,False,1.0,18.09,False,False,False,False,False,True,False,0.0,35.767933,999.0,481
CPLG11,CPLG11,ETF,CPLG11,8.0,B,0.5,C,0.0,Fraco,11.07,,,,127061.46,False,0.0,False,0.0,False,0.0,False,0.0,False,0.0,True,False,0.0,11.0,False,False,False,False,False,False,False,0.0,20.127272,999.0,482
NTNF11,NTNF11,ETF,NTNF11,8.0,B,0.5,C,0.0,Fraco,50.55,,,,505651.64,False,0.0,False,0.0,False,0.0,False,0.0,False,0.0,True,False,0.92,51.07,False,False,False,False,False,False,False,0.0,999.0,999.0,483
I1QV34,I1QV34,BDR,IQV (BDR: I1QV34),8.0,B,0.5,C,2.0,Fraco,236.76,205.72,190.17,198.48,173198459.34,False,0.0,False,0.0,False,0.0,False,0.0,False,0.0,False,False,0.59,251.36,False,False,False,False,False,False,False,22.817999999999998,29.447762,6.3151155,484
ITLC34,ITLC34,BDR,INTC (BDR: ITLC34),8.0,B,0.5,C,2.0,Fraco,102.5,109.4,80.79,70.14,9552534547.5,False,0.0,False,0.0,False,0.0,False,0.0,False,0.0,True,False,0.84,107.57,False,False,False,False,False,False,False,-10.715,999.0,5.9047184,485
V1NO34,V1NO34,BDR,VNO (BDR: V1NO34),8.0,B,0.5,C,1.0,Fraco,39.01,38.9,32.7,33.15,28918969.98,False,0.0,False,0.0,False,0.0,False,0.0,False,0.0,False,False,0.47,41.6,False,False,False,False,False,False,False,0.603,1300.3333,1.5174264,486
NOKI34,NOKI34,BDR,NOK (BDR: NOKI34),8.0,B,0.5,C,2.0,Fraco,10.77,11.75,10.32,9.37,697148408.54,False,0.0,False,0.0,False,0.0,False,0.0,False,0.0,True,False,0.86,10.91,False,False,False,False,False,False,False,3.4549999999999996,76.92857,2.466823,487
PRIO3,PRIO S.A.,BR_STOCK,PRIO3,8.0,B,0.5,C,4.0,Forte,58.98,57.32,58.72,53.72,248636086.07,False,0.0,False,0.0,False,0.0,False,0.0,False,0.0,True,False,0.59,61.73,False,False,False,False,False,False,False,14.224999999999998,12.334727,1.6679869,488
P1LD34,P1LD34,BDR,PLD (BDR: P1LD34),8.0,B,0.5,C,3.0,OK,141.04,143.08,138.18,134.69,194760877.96,False,0.0,False,0.0,False,0.0,False,0.0,False,0.0,False,False,0.23,153.35,False,False,False,False,False,False,False,7.7490000000000006,31.410915,2.452143,489
D1VN34,D1VN34,BDR,DVN (BDR: D1VN34),8.0,B,0.5,C,4.0,Forte,45.85,43.51,44.39,42.05,300805786.43,False,0.0,False,0.0,False,0.0,False,0.0,False,0.0,True,False,0.64,46.21,False,False,False,False,False,False,False,11.522,9.966305,1.2627738,490
A1ON34,A1ON34,BDR,AON (BDR: A1ON34),8.0,B,0.5,C,3.0,OK,355.8,347.49,332.5,335.87,185339771.64,False,0.0,False,0.0,False,0.0,False,0.0,False,0.0,False,False,0.52,381.47,False,False,False,False,False,False,False,44.699,19.614113,7.858815,491
M1CK34,M1CK34,BDR,MCK (BDR: M1CK34),8.0,B,2.0,C,1.0,Fraco,868.58,813.11,841.18,838.54,458308851.76,False,0.0,False,0.0,False,0.0,False,0.0,False,0.0,True,False,0.47,912.5,False,False,False,False,False,True,False,0.0,23.30507,-23.76286,492
A2RW34,A2RW34,BDR,ARW (BDR: A2RW34),8.0,B,0.5,C,4.0,Forte,214.04,214.45,179.16,162.17,71734433.55,False,0.0,False,0.0,False,0.0,False,0.0,False,0.0,False,False,0.49,230.45,False,False,False,False,False,False,False,12.036,13.676677,1.5575154,493
O2HI34,O2HI34,BDR,OHI (BDR: O2HI34),8.0,B,0.5,C,5.0,Forte,46.53,47.41,45.7,44.84,66262254.54,False,0.0,False,0.0,False,0.0,False,0.0,False,0.0,False,False,0.77,51.69,False,False,False,False,False,False,False,16.529,16.55872,2.5818443,494
AGRX11,AGRX11,ETF,AGRX11,8.0,B,2.0,C,0.0,Fraco,7.96,,,,145277.96,False,0.0,False,0.0,False,0.0,False,0.0,False,0.0,True,False,0.0,,False,False,False,False,False,True,False,0.0,999.0,999.0,495
EGIS11,EGIS11,ETF,EGIS11,8.0,B,0.5,C,0.0,Fraco,101.58,,,,51297.9,False,0.0,False,0.0,False,0.0,False,0.0,False,0.0,True,False,4.81,101.58,False,False,False,False,False,False,False,0.0,999.0,999.0,496
NUIF11,NUIF11,ETF,NUIF11,8.0,B,0.5,C,0.0,Fraco,83.73,85.16,,,67570.11,False,0.0,False,0.0,False,0.0,False,0.0,False,0.0,True,False,0.72,86.5,False,False,False,False,False,False,False,0.0,999.0,999.0,497
EUAT11,EUAT11,ETF,EUAT11,8.0,B,2.0,C,0.0,Fraco,101.9,,,,91404.3,False,0.0,False,0.0,False,0.0,False,0.0,False,0.0,True,False,0.0,,False,False,False,False,False,True,False,0.0,999.0,999.0,498
CASH3,MÉLIUZ S.A.,BR_STOCK,CASH3,8.0,B,2.0,C,2.0,Fraco,5.45,4.37,4.05,4.07,5190034.82,False,0.0,False,0.0,False,0.0,False,0.0,False,0.0,True,False,0.48,5.5,False,False,False,False,False,True,False,-20.842,999.0,1.4315845,499
R1OK34,R1OK34,BDR,ROK (BDR: R1OK34),8.0,B,0.5,C,3.0,OK,449.16,462.81,424.24,414.74,160793891.39,False,0.0,False,0.0,False,0.0,False,0.0,False,0.0,False,False,0.32,489.35,False,False,False,False,False,False,False,30.629,42.01684,14.275362,500
L1YB34,L1YB34,BDR,LYB (BDR: L1YB34),8.0,B,0.5,C,2.0,Fraco,63.76,59.72,63.18,58.14,78660646.17,False,0.0,False,0.0,False,0.0,False,0.0,False,0.0,True,False,0.26,64.98,False,False,False,False,False,False,False,-2.2689999999999997,999.0,1.9299574,501
E1DI34,E1DI34,BDR,ED (BDR: E1DI34),8.0,B,0.5,C,3.0,OK,108.82,109.61,108.57,105.66,99241663.32,False,0.0,False,0.0,False,0.0,False,0.0,False,0.0,False,False,0.38,115.2,False,False,False,False,False,False,False,8.962,17.898027,1.5645398,502
BBOI11,BBOI11,ETF,BBOI11,8.0,B,0.5,C,0.0,Fraco,11.31,11.44,11.08,10.75,54661.23,False,0.0,False,0.0,False,0.0,False,0.0,False,0.0,False,False,0.67,12.0,False,False,False,False,False,False,False,0.0,999.0,999.0,503
MCOR34,MCOR34,BDR,MCO (BDR: MCOR34),8.0,B,0.5,C,3.0,OK,484.95,473.86,463.61,470.52,196317948.89,False,0.0,False,0.0,False,0.0,False,0.0,False,0.0,True,False,0.55,523.31,False,False,False,False,False,False,False,76.932,30.731941,27.763784,504
S1LG34,S1LG34,BDR,SLG (BDR: S1LG34),8.0,B,2.0,C,1.0,Fraco,56.12,51.72,44.39,44.64,24668940.35,False,0.0,False,0.0,False,0.0,False,0.0,False,0.0,True,False,0.51,58.22,False,False,False,False,False,True,False,-3.573,999.0,1.2441523,505
G2ME34,G2ME34,BDR,GMED (BDR: G2ME34),8.0,B,0.5,C,2.0,Fraco,85.89,79.9,85.61,85.08,59135779.92,False,0.0,False,0.0,False,0.0,False,0.0,False,0.0,True,False,0.4,88.12,False,False,False,False,False,False,False,11.8140005,21.966751,2.4623015,506
LIQB11,LIQB11,ETF,LIQB11,8.0,B,2.0,C,0.0,Fraco,101.2,,,,401561.59,False,0.0,False,0.0,False,0.0,False,0.0,False,0.0,True,False,0.0,,False,False,False,False,False,True,False,0.0,999.0,999.0,507
TD6011,TD6011,ETF,TD6011,8.0,B,0.5,C,0.0,Fraco,50.3,50.38,,,145870.0,False,0.0,False,0.0,False,0.0,False,0.0,False,0.0,True,False,0.26,50.98,False,False,False,False,False,False,False,0.0,999.0,999.0,508
GILD34,GILD34,BDR,GILD (BDR: GILD34),8.0,B,2.0,C,1.0,Fraco,138.36,130.06,134.79,131.29,456041064.93,False,0.0,False,0.0,False,0.0,False,0.0,False,0.0,True,False,0.43,140.61,False,False,False,False,False,True,False,-20.68,999.0,14.515318,509
JMBI11,JMBI11,ETF,JMBI11,8.0,B,0.5,C,0.0,Fraco,81.74,83.18,,,736640.86,False,0.0,False,0.0,False,0.0,False,0.0,False,0.0,True,False,0.81,85.45,False,False,False,False,False,False,False,0.0,999.0,999.0,510
BLMG11,BLMG11,ETF,BLMG11,8.0,B,0.5,C,0.0,Fraco,31.66,30.92,31.28,30.99,3701085.64,False,0.0,False,0.0,False,0.0,False,0.0,False,0.0,False,False,10.65,34.32,False,False,False,False,False,False,False,0.0,999.0,999.0,511
COTY34,COTY34,BDR,COTY (BDR: COTY34),7.75,B,2.0,C,1.0,Fraco,2.85,2.36,2.43,2.67,17618191.85,False,0.0,False,0.0,False,0.0,False,0.0,True,0.7,True,False,0.75,2.96,False,False,False,False,False,True,False,-13.938,999.0,0.80984914,512
T1SS34,T1SS34,BDR,TS (BDR: T1SS34),7.62,B,0.5,C,2.0,Fraco,53.57,56.99,55.03,51.05,88492657.49,False,0.0,False,0.0,False,0.0,False,0.0,True,0.85,False,False,0.9,58.86,False,False,False,False,False,False,False,11.583999500000001,14.323529,3.1640186,513
ALPA4,ALPARGATAS S.A.,BR_STOCK,ALPA4,7.62,B,0.5,C,5.0,Forte,12.72,12.32,12.68,12.18,27133032.57,False,0.0,False,0.0,False,0.0,False,0.0,True,0.85,False,False,1.19,14.03,False,False,False,False,False,False,False,16.464001,12.838384,2.5917618,514
GAME11,GAME11,ETF,GAME11,7.5,B,2.0,C,1.0,Fraco,8.39,8.39,8.47,8.31,437009.95,False,0.0,False,0.0,False,0.0,False,0.0,False,0.0,True,False,1.1,8.45,False,False,False,False,False,True,False,0.0,5.929578,999.0,515
AVGO34,AVGO34,BDR,AVGO (BDR: AVGO34),7.5,B,0.5,C,4.0,Forte,392.99,390.33,371.26,368.25,11241528973.37,False,0.0,False,0.0,False,0.0,False,0.0,False,0.0,False,False,1.7,432.73,False,False,False,False,False,False,False,37.280998,65.28073,21.323385,516
BDIF11,BDIF11,ETF,BDIF11,7.5,B,0.5,C,0.0,Fraco,70.47,70.84,71.53,69.92,1536246.03,False,0.0,False,0.0,False,0.0,False,0.0,False,0.0,True,False,0.87,72.24,False,False,False,False,False,False,False,0.0,999.0,999.0,517
NSLU11,NSLU11,ETF,NSLU11,7.5,B,0.5,C,0.0,Fraco,172.0,171.73,177.84,177.32,65876.0,False,0.0,False,0.0,False,0.0,False,0.0,False,0.0,True,False,0.37,177.0,False,False,False,False,False,False,False,0.0,999.0,999.0,518
HSAF11,HSAF11,ETF,HSAF11,7.5,B,0.5,C,1.0,Fraco,74.61,77.38,77.17,75.79,75206.88,False,0.0,False,0.0,False,0.0,False,0.0,False,0.0,True,False,0.2,77.33,False,False,False,False,False,False,False,0.0,7.2366633,999.0,519
ALZC11,ALZC11,ETF,ALZC11,7.5,B,2.0,C,0.0,Fraco,7.22,7.34,7.34,7.23,505602.15,False,0.0,False,0.0,False,0.0,False,0.0,False,0.0,True,False,3.93,7.51,False,False,False,False,False,True,False,0.0,20.055553,999.0,520
AZPL11,AZPL11,ETF,AZPL11,7.5,B,0.5,C,0.0,Fraco,7.31,7.44,7.4,7.34,81462.64,False,0.0,False,0.0,False,0.0,False,0.0,False,0.0,True,False,0.04,7.52,False,False,False,False,False,False,False,0.0,23.580645,999.0,521
C1FI34,C1FI34,BDR,CF (BDR: C1FI34),7.5,B,0.5,C,5.0,Forte,118.31,114.95,112.65,104.27,119654472.37,False,0.0,False,0.0,False,0.0,False,0.0,False,0.0,False,False,0.4,130.05,False,False,False,False,False,False,False,29.866999999999997,8.776707,3.1202362,522
DISB34,DISB34,BDR,DIS (BDR: DISB34),7.5,B,2.0,C,2.0,Fraco,106.86,98.93,101.77,103.45,726430104.67,False,0.0,False,0.0,False,0.0,False,0.0,False,0.0,True,False,0.59,105.25,False,False,False,False,False,True,False,8.01,22.034021,1.6802144,523
SNAG11,SNAG11,ETF,SNAG11,7.5,B,0.5,C,0.0,Fraco,9.87,9.86,10.11,9.9,1922725.33,False,0.0,False,0.0,False,0.0,False,0.0,False,0.0,True,False,1.3,9.94,False,False,False,False,False,False,False,0.0,999.0,999.0,524
G2EV34,G2EV34,BDR,GEV (BDR: G2EV34),7.5,B,0.5,C,4.0,Forte,1063.32,1027.46,937.52,856.91,1112084862.35,False,0.0,False,0.0,False,0.0,False,0.0,False,0.0,False,False,0.55,1140.99,False,False,False,False,False,False,False,82.577,30.52009,23.684595,525
R1CL34,R1CL34,BDR,RCL (BDR: R1CL34),7.5,B,0.5,C,3.0,OK,305.04,301.89,289.86,284.62,362629731.92,False,0.0,False,0.0,False,0.0,False,0.0,False,0.0,False,False,0.75,334.0,False,False,False,False,False,False,False,44.669998,18.852905,7.97011,526
INTB3,INTELBRAS S.A. IND DE TELEC ELETRONICA BRASILEIRA,BR_STOCK,INTB3,7.5,B,0.5,C,4.0,Forte,14.01,13.34,13.3,12.86,12707070.21,False,0.0,False,0.0,False,0.0,False,0.0,False,0.0,False,False,0.49,15.24,False,False,False,False,False,False,False,18.590999999999998,7.650273,1.3870999,527
M2PR34,M2PR34,BDR,MPWR (BDR: M2PR34),7.5,B,0.5,C,4.0,Forte,1402.01,1399.27,1317.94,1225.06,609075208.54,False,0.0,False,0.0,False,0.0,False,0.0,False,0.0,False,False,0.55,1568.21,False,False,False,False,False,False,False,21.979000000000003,85.74985,17.686739,528
N2VC34,N2VC34,BDR,NVCR (BDR: N2VC34),7.5,B,0.5,C,2.0,Fraco,16.95,16.41,14.37,13.91,11280954.36,False,0.0,False,0.0,False,0.0,False,0.0,False,0.0,False,False,0.56,21.45,False,False,False,False,False,False,False,-43.217,999.0,5.836777,529
A2MB34,A2MB34,BDR,AMBA (BDR: A2MB34),7.12,B,0.5,C,2.0,Fraco,82.04,72.92,67.5,70.45,43475211.57,False,0.0,False,0.0,False,0.0,False,0.0,True,0.65,False,False,0.25,91.34,False,False,False,False,False,False,False,-11.816,999.0,5.9397626,530
BRAX11,BRAX11,ETF,BRAX11,7.12,B,0.5,C,1.0,Fraco,139.63,144.73,150.06,145.5,1218690.68,False,0.0,False,0.0,False,0.0,False,0.0,True,0.85,False,False,1.46,153.0,False,False,False,False,False,False,False,0.0,10.523763,999.0,531
A2XO34,A2XO34,BDR,AXON (BDR: A2XO34),7.0,B,0.5,C,2.0,Fraco,612.83,525.63,484.3,509.75,265900203.29,False,0.0,False,0.0,False,0.0,False,0.0,False,0.0,True,False,0.36,642.68,False,False,False,False,False,False,False,6.221,255.34583,13.548294,532
C1OO34,C1OO34,BDR,COO (BDR: C1OO34),7.0,B,2.0,C,2.0,Fraco,76.17,70.89,71.93,73.21,66836964.46,False,0.0,False,0.0,False,0.0,False,0.0,False,0.0,True,False,0.42,77.64,False,False,False,False,False,True,False,2.8529999999999998,64.55085,1.8019019,533
LEVE3,MAHLE-METAL LEVE S.A.,BR_STOCK,LEVE3,7.0,B,0.5,C,3.0,OK,32.66,32.29,32.92,32.25,11525713.95,False,0.0,False,0.0,False,0.0,False,0.0,False,0.0,False,False,0.97,34.48,False,False,False,False,False,False,False,67.706,6.671428,4.1364036,534
A1EP34,A1EP34,BDR,AEP (BDR: A1EP34),7.0,B,0.5,C,1.0,Fraco,125.6,130.22,127.88,124.79,262040156.02,False,0.0,False,0.0,False,0.0,False,0.0,False,0.0,False,False,0.51,135.54,False,False,False,False,False,False,False,10.130999000000001,21.767765,2.1313784,535
DUKB34,DUKB34,BDR,DUK (BDR: DUKB34),7.0,B,0.5,C,3.0,OK,123.91,125.63,125.16,123.29,359718794.78,False,0.0,False,0.0,False,0.0,False,0.0,False,0.0,False,False,0.51,132.65,False,False,False,False,False,False,False,9.8570004,18.661146,1.7972037,536
DOTZ3,DOTZ S.A.,BR_STOCK,DOTZ3,7.0,B,2.0,C,2.0,Fraco,7.28,4.81,3.96,4.57,2885064.08,False,0.0,False,0.0,False,0.0,False,0.0,False,0.0,True,True,4.06,6.33,False,False,False,False,False,True,True,0.0,13.218182,-0.40114772,537
DEOP34,DEOP34,BDR,DEO (BDR: DEOP34),7.0,B,2.0,C,0.0,Fraco,95.47,84.6,84.04,85.31,56277113.55,False,0.0,False,0.0,False,0.0,False,0.0,False,0.0,True,False,0.34,97.13,False,False,False,False,False,True,False,14.985000000000001,30.59808,87.97607,538
D2AS34,D2AS34,BDR,DASH (BDR: D2AS34),7.0,B,2.0,C,2.0,Fraco,217.02,185.16,177.58,188.44,560081537.69,False,0.0,False,0.0,False,0.0,False,0.0,False,0.0,True,False,0.54,222.39,False,False,False,False,False,True,False,8.8870004,114.221054,9.47727,539
HONB34,HONB34,BDR,HON (BDR: HONB34),7.0,B,0.5,C,4.0,Forte,233.96,233.74,235.98,227.74,427869101.76,False,0.0,False,0.0,False,0.0,False,0.0,False,0.0,False,False,0.54,252.0,False,False,False,False,False,False,False,46.577,8.991545,4.0002055,540
I2ND34,I2ND34,BDR,INDI (BDR: I2ND34),7.0,B,0.5,C,1.0,Fraco,4.71,3.93,3.78,3.86,58114231.85,False,0.0,False,0.0,False,0.0,False,0.0,False,0.0,True,True,1.53,4.36,False,False,False,False,False,False,False,-42.861,999.0,3.0347939,541
V2EE34,V2EE34,BDR,VEEV (BDR: V2EE34),7.0,B,2.0,C,3.0,OK,243.75,190.05,183.94,200.83,267538050.0,False,0.0,False,0.0,False,0.0,False,0.0,False,0.0,True,False,0.55,253.35,False,False,False,False,False,True,False,13.934,43.29485,5.43745,542
D2TC34,D2TC34,BDR,DT (BDR: D2TC34),7.0,B,0.5,C,2.0,Fraco,49.14,44.11,39.93,41.28,257468830.24,False,0.0,False,0.0,False,0.0,False,0.0,False,0.0,False,False,0.72,53.28,False,False,False,False,False,False,False,5.8790002,98.28,5.821585,543
D1TE34,D1TE34,BDR,DTE (BDR: D1TE34),7.0,B,0.5,C,1.0,Fraco,140.87,146.3,143.15,139.91,85410745.87,False,0.0,False,0.0,False,0.0,False,0.0,False,0.0,False,False,0.41,151.92,False,False,False,False,False,False,False,11.03,22.289557,2.4128184,544
BOXP34,BOXP34,BDR,BXP (BDR: BOXP34),7.0,B,0.5,C,1.0,Fraco,68.44,67.33,60.89,62.62,47158399.45,False,0.0,False,0.0,False,0.0,False,0.0,False,0.0,False,False,0.57,74.94,False,False,False,False,False,False,False,5.308,36.798386,2.117991,545
U2ST34,U2ST34,BDR,U (BDR: U2ST34),7.0,B,2.0,C,2.0,Fraco,46.26,31.63,27.97,31.64,405740774.74,False,0.0,False,0.0,False,0.0,False,0.0,False,0.0,True,False,0.53,45.84,False,False,False,False,False,True,False,-17.381,999.0,6.783253,546
WEGE3,WEG S.A.,BR_STOCK,WEGE3,7.0,B,0.5,C,2.0,Fraco,47.55,45.62,47.0,46.34,286697965.4,False,0.0,False,0.0,False,0.0,False,0.0,False,0.0,True,False,0.95,49.96,False,False,False,False,False,False,False,30.791,31.892618,10.571747,547
PORD11,PORD11,ETF,PORD11,7.0,B,0.5,C,1.0,Fraco,8.04,8.3,8.06,7.87,890413.92,False,0.0,False,0.0,False,0.0,False,0.0,False,0.0,False,False,0.91,8.5,False,False,False,False,False,False,False,12.647,0.98648643,0.8080909,548
S2CH34,S2CH34,BDR,SQM (BDR: S2CH34),7.0,B,0.5,C,3.0,OK,74.31,73.04,77.75,73.43,44983928.57,False,0.0,False,0.0,False,0.0,False,0.0,False,0.0,True,False,0.71,74.02,False,False,False,False,False,False,False,13.402,25.982517,3.6270008,549
T2ND34,T2ND34,BDR,TNDM (BDR: T2ND34),7.0,B,2.0,C,1.0,Fraco,22.72,17.44,19.16,19.33,37439718.87,False,0.0,False,0.0,False,0.0,False,0.0,False,0.0,True,False,0.57,23.6,False,False,False,False,False,True,False,-48.026,999.0,12.117333,550
A1TH34,A1TH34,BDR,ATHM (BDR: A1TH34),7.0,B,2.0,C,2.0,Fraco,22.68,20.03,19.12,20.09,7647832.18,False,0.0,False,0.0,False,0.0,False,0.0,False,0.0,True,False,0.46,23.57,False,False,False,False,False,True,False,4.35,16.554745,0.77252173,551
A1EN34,A1EN34,BDR,LNT (BDR: A1EN34),7.0,B,0.5,C,1.0,Fraco,70.6,73.08,70.82,69.34,111173888.2,False,0.0,False,0.0,False,0.0,False,0.0,False,0.0,False,False,0.5,76.53,False,False,False,False,False,False,False,11.135,22.34177,2.4312968,552
H1RB34,H1RB34,BDR,HRB (BDR: H1RB34),7.0,B,0.5,C,4.0,Forte,53.91,41.0,36.04,37.87,157224902.58,False,0.0,False,0.0,False,0.0,False,0.0,False,0.0,False,False,0.86,58.67,False,False,False,False,False,False,True,713.542,9.474517,-280.78125,553
Z1TO34,Z1TO34,BDR,ZTO (BDR: Z1TO34),7.0,B,0.5,C,4.0,Forte,22.9,23.21,23.57,22.66,23076260.18,False,0.0,False,0.0,False,0.0,False,0.0,True,1.0,False,False,0.53,24.77,False,False,False,False,False,False,False,14.876000000000001,13.547338,1.9132107,554
A2RE34,A2RE34,BDR,ARES (BDR: A2RE34),7.0,B,2.0,C,2.0,Fraco,144.05,126.35,123.61,131.72,235635266.39,False,0.0,False,0.0,False,0.0,False,0.0,False,0.0,True,False,0.63,149.87,False,False,False,False,False,True,False,14.940999999999999,66.07798,13.058653,555
TOST34,TOST34,BDR,TOST (BDR: TOST34),7.0,B,2.0,C,3.0,OK,34.76,29.27,28.45,30.23,218946636.31,False,0.0,False,0.0,False,0.0,False,0.0,False,0.0,True,False,0.57,36.36,False,False,False,False,False,True,False,25.162000000000003,43.99367,10.1297,556
N1OW34,N1OW34,BDR,NOW (BDR: N1OW34),7.0,B,0.5,C,2.0,Fraco,124.03,107.65,107.51,121.81,1645515668.14,False,0.0,False,0.0,False,0.0,False,0.0,False,0.0,True,False,0.7,129.75,False,False,False,False,False,False,False,14.244000000000002,77.518745,10.245333,557
DVLP11,DVLP11,ETF,DVLP11,7.0,B,0.5,C,1.0,Fraco,142.31,146.35,146.25,141.85,336136.21,False,0.0,False,0.0,False,0.0,False,0.0,False,0.0,False,False,0.0,150.29,False,False,False,False,False,False,False,0.0,6.0198817,999.0,558
N2TN34,N2TN34,BDR,NTNX (BDR: N2TN34),7.0,B,2.0,C,2.0,Fraco,66.61,54.58,46.28,48.9,149583781.11,False,0.0,False,0.0,False,0.0,False,0.0,False,0.0,True,False,0.91,67.95,False,False,False,False,False,True,False,0.0,70.11053,-24.469143,559
PATI3,PANATLANTICA S.A.,BR_STOCK,PATI3,7.0,B,2.0,C,2.0,Fraco,36.0,31.87,32.31,32.06,244800.0,False,0.0,False,0.0,False,0.0,False,0.0,False,0.0,True,True,8.38,30.22,False,False,False,False,False,True,True,6.3149999999999995,17.73399,1.1365072,560
SNCI11,SNCI11,ETF,SNCI11,7.0,B,0.5,C,1.0,Fraco,82.32,84.96,84.82,82.32,685890.24,False,0.0,False,0.0,False,0.0,False,0.0,False,0.0,False,False,1.76,87.19,False,False,False,False,False,False,False,0.0,5.7566433,999.0,561
S2HO34,S2HO34,BDR,SHOP (BDR: S2HO34),7.0,B,2.0,C,4.0,Forte,154.32,122.92,122.71,132.29,834568155.13,False,0.0,False,0.0,False,0.0,False,0.0,False,0.0,True,False,0.36,158.73,False,False,False,False,False,True,False,15.543000000000001,104.97959,16.058273,562
PYPL34,PYPL34,BDR,PYPL (BDR: PYPL34),7.0,B,2.0,C,4.0,Forte,61.66,50.05,47.94,51.44,927049773.61,False,0.0,False,0.0,False,0.0,False,0.0,False,0.0,True,True,1.68,60.76,False,False,False,False,False,True,False,24.497,11.655954,2.6816857,563
RECM11,RECM11,ETF,RECM11,7.0,B,0.5,C,0.0,Fraco,7.6,7.51,7.53,7.55,139384.0,False,0.0,False,0.0,False,0.0,False,0.0,False,0.0,True,False,2.94,7.67,False,False,False,False,False,False,False,0.0,999.0,999.0,564
P2AT34,P2AT34,BDR,PATH (BDR: P2AT34),7.0,B,2.0,C,3.0,OK,16.02,11.99,11.75,12.73,762770001.32,False,0.0,False,0.0,False,0.0,False,0.0,False,0.0,True,False,0.72,16.74,False,False,False,False,False,True,False,18.181998999999998,24.278788,4.382932,565
PHGN34,PHGN34,BDR,PHG (BDR: PHGN34),7.0,B,0.5,C,3.0,OK,27.28,26.71,27.23,27.05,11902728.06,False,0.0,False,0.0,False,0.0,False,0.0,False,0.0,True,False,0.45,27.39,False,False,False,False,False,False,False,10.154,20.666666,2.0157962,566
A1DC34,A1DC34,BDR,ADC (BDR: A1DC34),7.0,B,0.5,C,3.0,OK,74.74,76.44,75.46,74.3,46193653.6,False,0.0,False,0.0,False,0.0,False,0.0,False,0.0,False,False,0.46,81.52,False,False,False,False,False,False,False,3.7049998,40.182793,1.4629085,567
R1OP34,R1OP34,BDR,ROP (BDR: R1OP34),7.0,B,2.0,C,4.0,Forte,399.34,359.51,355.41,377.15,292961012.73,False,0.0,False,0.0,False,0.0,False,0.0,False,0.0,True,False,1.0,410.26,False,False,False,False,False,True,False,13.065999999999999,16.632236,2.1119826,568
D1OC34,D1OC34,BDR,DOCU (BDR: D1OC34),7.0,B,2.0,C,4.0,Forte,62.04,50.17,49.31,54.13,243874094.28,False,0.0,False,0.0,False,0.0,False,0.0,False,0.0,True,False,1.37,64.2,False,False,False,False,False,True,False,16.440001000000002,40.285717,6.581795,569
T1AM34,T1AM34,BDR,TEAM (BDR: T1AM34),7.0,B,2.0,C,1.0,Fraco,162.22,98.94,91.25,107.85,677559852.22,False,0.0,False,0.0,False,0.0,False,0.0,False,0.0,True,False,0.63,167.11,False,False,False,False,False,True,False,-4.478,999.0,38.743732,570
COWC34,COWC34,BDR,COST (BDR: COWC34),7.0,B,0.5,C,4.0,Forte,961.1,949.55,977.56,955.81,985313928.37,False,0.0,False,0.0,False,0.0,False,0.0,False,0.0,True,False,0.59,987.55,False,False,False,False,False,False,False,29.152,48.272224,25.781961,571
C1IC34,C1IC34,BDR,CI (BDR: C1IC34),7.0,B,0.5,C,5.0,Forte,282.49,286.03,279.4,276.64,191844037.19,False,0.0,False,0.0,False,0.0,False,0.0,False,0.0,False,False,0.3,304.69,False,False,False,False,False,False,False,16.758,11.677965,1.7478329,572
EART39,EART39,BDR,EART (BDR: EART39),7.0,B,0.5,C,0.0,Fraco,30.05,28.69,31.01,29.64,169211.55,False,0.0,False,0.0,False,0.0,False,0.0,False,0.0,True,False,0.26,30.89,False,False,False,False,False,False,False,0.0,21.24114,999.0,573
N1VS34,N1VS34,BDR,NVS (BDR: N1VS34),7.0,B,0.5,C,2.0,Fraco,150.93,153.51,151.34,145.5,228484916.62,False,0.0,False,0.0,False,0.0,False,0.0,False,0.0,False,False,1.04,160.34,False,False,False,False,False,False,False,30.349999999999998,22.833584,6.9056544,574
E1XC34,E1XC34,BDR,EXC (BDR: E1XC34),7.0,B,0.5,C,2.0,Fraco,45.86,46.24,46.09,45.58,167756661.85,False,0.0,False,0.0,False,0.0,False,0.0,False,0.0,False,False,0.53,48.49,False,False,False,False,False,False,False,9.711,16.860294,1.5940216,575
A2ZT34,A2ZT34,BDR,AZTA (BDR: A2ZT34),7.0,B,2.0,C,2.0,Fraco,33.38,26.58,26.27,28.07,16455472.65,False,0.0,False,0.0,False,0.0,False,0.0,False,0.0,True,False,0.66,34.04,False,False,False,False,False,True,False,-7.041,999.0,0.967368,576
FIGS11,FIGS11,ETF,FIGS11,7.0,B,0.5,C,0.0,Fraco,47.57,49.07,48.4,47.35,51232.89,False,0.0,False,0.0,False,0.0,False,0.0,False,0.0,False,False,0.44,50.46,False,False,False,False,False,False,False,-0.501,999.0,0.6760464,577
W1MC34,W1MC34,BDR,WM (BDR: W1MC34),7.0,B,0.5,C,3.0,OK,224.51,227.44,226.63,222.5,280126957.41,False,0.0,False,0.0,False,0.0,False,0.0,False,0.0,False,False,0.61,247.15,False,False,False,False,False,False,False,29.841,59.237465,9.04735,578
M1SI34,M1SI34,BDR,MSI (BDR: M1SI34),7.0,B,0.5,C,3.0,OK,466.79,422.09,427.19,414.97,213113911.98,False,0.0,False,0.0,False,0.0,False,0.0,False,0.0,False,False,0.48,493.57,False,False,False,False,False,False,False,91.567004,36.75512,28.912357,579
BRSR3,BCO ESTADO DO RIO GRANDE DO SUL S.A.,BR_STOCK,BRSR3,6.62,B,0.5,C,2.0,Fraco,17.05,17.63,17.95,17.04,110825.0,False,0.0,False,0.0,False,0.0,False,0.0,True,0.85,False,False,1.3,18.0,False,False,False,False,False,False,False,15.590000000000002,4.2518697,0.6158124,580
CPLE3,CIA PARANAENSE DE ENERGIA - COPEL,BR_STOCK,CPLE3,6.62,B,0.5,C,4.0,Forte,13.64,14.75,14.62,14.03,305384603.69,False,0.0,False,0.0,False,0.0,False,0.0,True,0.85,False,False,1.39,15.19,False,False,False,False,False,False,False,12.764000000000001,12.7383175,1.7929492,581
V1RT34,V1RT34,BDR,VRT (BDR: V1RT34),6.5,B,0.5,C,4.0,Forte,293.88,296.74,277.03,251.18,788643450.38,False,0.0,False,0.0,False,0.0,False,0.0,False,0.0,False,False,0.49,313.61,False,False,False,False,False,False,False,43.943,66.488686,26.581043,582
S2YN34,S2YN34,BDR,SYNA (BDR: S2YN34),6.5,B,0.5,C,2.0,Fraco,108.63,120.65,101.31,93.95,44135281.58,False,0.0,False,0.0,False,0.0,False,0.0,False,0.0,False,False,0.59,123.21,False,False,False,False,False,False,False,-42.229998,999.0,4.5652447,583
RURA11,RURA11,ETF,RURA11,6.5,B,0.5,C,0.0,Fraco,8.03,8.09,8.31,8.11,1626484.48,False,0.0,False,0.0,False,0.0,False,0.0,False,0.0,True,False,0.72,8.17,False,False,False,False,False,False,False,0.0,999.0,999.0,584
MCRE11,MCRE11,ETF,MCRE11,6.5,B,0.5,C,1.0,Fraco,8.62,8.76,8.98,8.76,2121381.97,False,0.0,False,0.0,False,0.0,False,0.0,False,0.0,True,False,0.69,8.84,False,False,False,False,False,False,False,0.0,7.1916666,999.0,585
C1MI34,C1MI34,BDR,CMI (BDR: C1MI34),6.5,B,0.5,C,4.0,Forte,631.05,664.6,622.15,588.52,234929813.66,False,0.0,False,0.0,False,0.0,False,0.0,False,0.0,False,False,0.35,671.34,False,False,False,False,False,False,False,21.114,32.229317,6.7621436,586
B1PP34,B1PP34,BDR,BP (BDR: B1PP34),6.5,B,0.5,C,3.0,OK,42.55,41.23,41.42,39.69,249997925.12,False,0.0,False,0.0,False,0.0,False,0.0,False,0.0,False,False,0.72,45.22,False,False,False,False,False,False,False,8.868,20.358852,7.536309,587
CDII11,CDII11,ETF,CDII11,6.5,B,0.5,C,0.0,Fraco,96.47,99.03,99.15,98.91,6225884.47,False,0.0,False,0.0,False,0.0,False,0.0,False,0.0,True,False,0.9,100.22,False,False,False,False,False,False,False,0.0,999.0,999.0,588
JURO11,JURO11,ETF,JURO11,6.5,B,0.5,C,0.0,Fraco,94.5,95.92,97.97,96.85,2732845.5,False,0.0,False,0.0,False,0.0,False,0.0,False,0.0,True,False,0.78,97.24,False,False,False,False,False,False,False,0.0,999.0,999.0,589
STMN34,STMN34,BDR,STM (BDR: STMN34),6.5,B,0.5,C,2.0,Fraco,54.29,65.28,49.35,43.2,197096916.66,False,0.0,False,0.0,False,0.0,False,0.0,False,0.0,False,False,0.46,66.53,False,False,False,False,False,False,False,2.686,106.45098,2.746358,590
CSCO34,CSCO34,BDR,CSCO (BDR: CSCO34),6.5,B,0.5,C,4.0,Forte,111.68,117.24,96.83,91.38,3267408590.69,False,0.0,False,0.0,False,0.0,False,0.0,False,0.0,False,False,1.18,124.71,False,False,False,False,False,False,False,27.319,33.638554,9.005725,591
CATP34,CATP34,BDR,CAT (BDR: CATP34),6.5,B,0.5,C,3.0,OK,857.05,911.49,811.27,752.04,1325868329.82,False,0.0,False,0.0,False,0.0,False,0.0,False,0.0,False,False,0.51,935.0,False,False,False,False,False,False,False,56.972003,36.862366,20.31261,592
GOGL35,GOGL35,BDR,GOOG (BDR: GOGL35),6.5,B,0.5,C,5.0,Forte,343.54,352.3,339.31,330.23,3613108178.77,False,0.0,False,0.0,False,0.0,False,0.0,False,0.0,False,False,0.53,381.81,False,False,False,False,False,False,False,48.676,17.254646,6.749843,593
BCIA11,BCIA11,ETF,BCIA11,6.5,B,0.5,C,0.0,Fraco,86.29,87.89,89.27,86.95,456215.23,False,0.0,False,0.0,False,0.0,False,0.0,False,0.0,True,False,1.69,89.76,False,False,False,False,False,False,False,0.0,999.0,999.0,594
LAND3,TERRA SANTA PROPRIEDADES AGRICOLAS S.A.,BR_STOCK,LAND3,6.5,B,0.5,C,1.0,Fraco,8.98,8.41,8.54,8.47,216417.99,False,0.0,False,0.0,False,0.0,False,0.0,False,0.0,False,False,0.38,9.99,False,False,False,False,False,False,False,-2.059,301.0,1.3035946,595
KNCA11,KNCA11,ETF,KNCA11,6.5,B,0.5,C,0.0,Fraco,86.96,89.11,90.33,89.59,2025559.26,False,0.0,False,0.0,False,0.0,False,0.0,False,0.0,True,False,0.85,90.91,False,False,False,False,False,False,False,0.0,999.0,999.0,596
FATN11,FATN11,ETF,FATN11,6.5,B,0.5,C,1.0,Fraco,77.2,78.71,81.29,80.37,1569784.74,False,0.0,False,0.0,False,0.0,False,0.0,False,0.0,True,False,0.95,79.68,False,False,False,False,False,False,False,0.0,13.94575,999.0,597
IFRA11,IFRA11,ETF,IFRA11,6.5,B,0.5,C,0.0,Fraco,89.3,91.36,94.24,92.72,1825559.96,False,0.0,False,0.0,False,0.0,False,0.0,False,0.0,True,False,0.93,93.31,False,False,False,False,False,False,False,0.0,999.0,999.0,598
HGBS11,HGBS11,ETF,HGBS11,6.5,B,0.5,C,3.0,OK,18.52,19.21,19.5,19.32,3664311.73,False,0.0,False,0.0,False,0.0,False,0.0,False,0.0,True,False,1.09,19.35,False,False,False,False,False,False,False,5.2449997999999995,16.845455,0.8930121,599
USDB11,USDB11,ETF,USDB11,6.5,B,0.5,C,0.0,Fraco,100.37,99.11,99.48,100.66,1202131.52,False,0.0,False,0.0,False,0.0,False,0.0,False,0.0,True,True,1.98,99.53,False,False,False,False,False,False,False,0.0,999.0,999.0,600
VISC11,VISC11,ETF,VISC11,6.5,B,0.5,C,0.0,Fraco,102.59,104.08,105.51,104.71,4392493.28,False,0.0,False,0.0,False,0.0,False,0.0,False,0.0,True,False,1.14,107.0,False,False,False,False,False,False,False,0.0,71.27083,999.0,601
GOGL34,GOGL34,BDR,GOOGL (BDR: GOGL34),6.5,B,0.5,C,5.0,Forte,345.9,353.89,340.71,331.1,5842844807.2,False,0.0,False,0.0,False,0.0,False,0.0,False,0.0,False,False,0.56,384.48,False,False,False,False,False,False,False,48.676,17.364458,6.7962117,602
BRCO11,BRCO11,ETF,BRCO11,6.5,B,0.5,C,0.0,Fraco,110.72,113.23,113.96,112.94,4046705.32,False,0.0,False,0.0,False,0.0,False,0.0,False,0.0,True,False,0.93,115.0,False,False,False,False,False,False,False,0.0,999.0,999.0,603
PMLL11,PMLL11,ETF,PMLL11,6.5,B,0.5,C,0.0,Fraco,99.98,102.16,103.07,101.2,3944511.07,False,0.0,False,0.0,False,0.0,False,0.0,False,0.0,True,False,1.03,102.45,False,False,False,False,False,False,False,0.0,199.82,999.0,604
CRAA11,CRAA11,ETF,CRAA11,6.5,B,0.5,C,0.0,Fraco,89.25,93.06,94.42,92.16,630194.25,False,0.0,False,0.0,False,0.0,False,0.0,False,0.0,True,False,0.46,93.03,False,False,False,False,False,False,False,0.0,999.0,999.0,605
BCDI11,BCDI11,ETF,BCDI11,6.5,B,0.5,C,0.0,Fraco,96.76,,,,795851.02,False,0.0,False,0.0,False,0.0,False,0.0,False,0.0,True,False,0.76,100.0,False,False,False,False,False,False,False,0.0,999.0,999.0,606
CPSH11,CPSH11,ETF,CPSH11,6.5,B,0.5,C,0.0,Fraco,9.68,9.8,10.02,9.96,972307.63,False,0.0,False,0.0,False,0.0,False,0.0,False,0.0,True,False,0.43,9.93,False,False,False,False,False,False,False,0.0,999.0,999.0,607
RZAK11,RZAK11,ETF,RZAK11,6.5,B,0.5,C,1.0,Fraco,76.66,79.51,80.09,78.49,1415910.27,False,0.0,False,0.0,False,0.0,False,0.0,False,0.0,True,False,0.82,80.55,False,False,False,False,False,False,False,0.0,6.5370846,999.0,608
U2NF34,U2NF34,BDR,UNFI (BDR: U2NF34),6.5,B,0.5,C,0.0,Fraco,48.42,49.08,45.27,42.78,10660921.52,False,0.0,False,0.0,False,0.0,False,0.0,False,0.0,False,False,0.44,51.86,False,False,False,False,False,False,False,-2.2960000000000003,999.0,1.8392463,609
W2YF34,W2YF34,BDR,W (BDR: W2YF34),6.5,B,0.5,C,1.0,Fraco,101.66,89.33,83.49,88.32,156894120.17,False,0.0,False,0.0,False,0.0,False,0.0,False,0.0,False,False,0.31,118.31,False,False,False,False,False,False,False,0.0,999.0,-4.7080073,610
TVRI11,TVRI11,ETF,TVRI11,6.5,B,0.5,C,1.0,Fraco,88.55,90.45,92.8,91.6,1300710.99,False,0.0,False,0.0,False,0.0,False,0.0,False,0.0,True,False,1.33,92.2,False,False,False,False,False,False,False,10.863,5.983108,0.86064464,611
FYTO11,FYTO11,ETF,FYTO11,6.5,B,0.5,C,0.0,Fraco,7.86,8.03,8.1,7.9,104538.0,False,0.0,False,0.0,False,0.0,False,0.0,False,0.0,True,False,0.89,8.38,False,False,False,False,False,False,False,0.0,999.0,999.0,612
TEXA34,TEXA34,BDR,TXN (BDR: TEXA34),6.5,B,0.5,C,4.0,Forte,279.58,290.97,250.29,229.63,1305710389.35,False,0.0,False,0.0,False,0.0,False,0.0,False,0.0,False,False,0.73,296.07,False,False,False,False,False,False,False,35.176,42.424885,14.175328,613
ALZR11,ALZR11,ETF,ALZR11,6.5,B,0.5,C,1.0,Fraco,9.83,9.9,10.14,10.1,2730174.35,False,0.0,False,0.0,False,0.0,False,0.0,False,0.0,True,False,0.79,10.13,False,False,False,False,False,False,False,0.0,9.018349,999.0,614
BNDX11,BNDX11,ETF,BNDX11,6.5,B,0.5,C,0.0,Fraco,99.86,98.3,98.52,99.92,175553.88,False,0.0,False,0.0,False,0.0,False,0.0,False,0.0,True,False,1.07,99.07,False,False,False,False,False,False,False,0.0,999.0,999.0,615
A1AP34,A1AP34,BDR,AAP (BDR: A1AP34),6.5,B,0.5,C,1.0,Fraco,56.54,57.15,54.15,52.22,61443771.73,False,0.0,False,0.0,False,0.0,False,0.0,False,0.0,False,False,0.91,60.28,False,False,False,False,False,False,False,3.0840001999999997,50.482143,1.5329556,616
IRIF11,IRIF11,ETF,IRIF11,6.5,B,0.0,C,0.0,Fraco,8.49,8.71,,,107177.76,False,0.0,False,0.0,False,0.0,False,0.0,False,0.0,True,False,6.73,8.75,False,False,False,False,False,False,False,0.0,999.0,999.0,617
C1TA34,C1TA34,BDR,CTAS (BDR: C1TA34),6.5,B,0.5,C,4.0,Forte,199.52,189.0,184.95,185.02,247347144.02,False,0.0,False,0.0,False,0.0,False,0.0,False,0.0,False,False,0.66,219.17,False,False,False,False,False,False,False,40.714002,40.552845,15.532892,618
DVAI34,DVAI34,BDR,DVA (BDR: DVAI34),6.5,B,0.5,C,4.0,Forte,180.01,216.24,173.7,159.86,68135943.04,False,0.0,False,0.0,False,0.0,False,0.0,False,0.0,False,False,0.25,247.49,False,False,False,False,False,False,False,88.47500000000001,15.2421665,-15.047228,619
S2UI34,S2UI34,BDR,SUI (BDR: S2UI34),6.5,B,0.5,C,2.0,Fraco,123.21,121.12,124.66,123.95,272766238.69,False,0.0,False,0.0,False,0.0,False,0.0,False,0.0,True,False,2.63,128.13,False,False,False,False,False,False,False,1.722,157.96155,2.7347183,620
XFIX11,XFIX11,ETF,XFIX11,6.5,B,0.5,C,1.0,Fraco,13.07,13.42,13.56,13.41,127327.94,False,0.0,False,0.0,False,0.0,False,0.0,False,0.0,True,False,0.5,13.61,False,False,False,False,False,False,False,0.0,8.268856,999.0,621
GTWR11,GTWR11,ETF,GTWR11,6.5,B,0.5,C,1.0,Fraco,78.09,79.52,80.06,78.12,739668.45,False,0.0,False,0.0,False,0.0,False,0.0,False,0.0,True,False,0.89,80.72,False,False,False,False,False,False,False,0.0,9.930026,999.0,622
ENEV3,ENEVA S.A,BR_STOCK,ENEV3,6.5,B,0.5,C,1.0,Fraco,24.48,25.64,24.31,23.12,241255291.49,False,0.0,False,0.0,False,0.0,False,0.0,False,0.0,False,False,1.18,27.67,False,False,False,False,False,False,False,0.0,48.94,2.3004606,623
K1SS34,K1SS34,BDR,KSS (BDR: K1SS34),6.5,B,0.5,C,1.0,Fraco,19.21,17.89,16.03,16.94,59943495.86,False,0.0,False,0.0,False,0.0,False,0.0,False,0.0,False,False,0.97,20.55,False,False,False,False,False,False,False,6.9970004,8.071427,0.53944004,624
RIOT34,RIOT34,BDR,RIO (BDR: RIOT34),6.5,B,0.5,C,5.0,Forte,95.7,96.36,95.68,89.91,195287423.47,False,0.0,False,0.0,False,0.0,False,0.0,False,0.0,False,False,0.92,102.84,False,False,False,False,False,False,False,19.312,12.967479,2.376813,625
GPRK34,GPRK34,BDR,GPRK (BDR: GPRK34),6.5,B,0.5,C,3.0,OK,9.46,9.83,9.25,8.83,1568619.37,False,0.0,False,0.0,False,0.0,False,0.0,False,0.0,False,False,0.46,10.69,False,False,False,False,False,False,False,28.566997999999998,6.661972,1.3977541,626
M2KS34,M2KS34,BDR,MKSI (BDR: M2KS34),6.5,B,0.5,C,3.0,OK,310.73,342.87,285.13,252.76,272231805.55,False,0.0,False,0.0,False,0.0,False,0.0,False,0.0,False,False,0.55,349.02,False,False,False,False,False,False,False,15.845998999999999,49.479298,7.4394274,627
N1BI34,N1BI34,BDR,NBIX (BDR: N1BI34),6.5,B,0.5,C,4.0,Forte,152.72,167.95,147.09,146.86,191243316.09,False,0.0,False,0.0,False,0.0,False,0.0,False,0.0,False,False,0.74,186.12,False,False,False,False,False,False,False,22.089,22.294891,4.2009134,628
U2TH34,U2TH34,BDR,UTHR (BDR: U2TH34),6.12,C,0.5,C,3.0,OK,499.73,536.05,531.96,518.94,232161570.12,False,0.0,False,0.0,False,0.0,False,0.0,True,0.65,False,False,0.75,543.56,False,False,False,False,False,False,False,19.314999999999998,17.89864,3.3321779,629
P1KX34,P1KX34,BDR,PKX (BDR: P1KX34),6.0,C,0.5,C,3.0,OK,58.58,55.16,62.57,60.31,11126509.81,False,0.0,False,0.0,False,0.0,False,0.0,False,0.0,True,False,0.63,59.3,False,False,False,False,False,False,False,2.2130001,29.29,1.8148758,630
JSCR11,JSCR11,ETF,JSCR11,6.0,C,0.5,C,1.0,Fraco,7.79,8.08,8.05,7.88,362717.98,False,0.0,False,0.0,False,0.0,False,0.0,False,0.0,True,False,1.02,8.11,False,False,False,False,False,False,False,0.0,5.727941,999.0,631
KCRE11,KCRE11,ETF,KCRE11,6.0,C,0.5,C,1.0,Fraco,8.35,8.87,8.72,8.5,443468.52,False,0.0,False,0.0,False,0.0,False,0.0,False,0.0,False,False,1.1,9.0,False,False,False,False,False,False,False,0.0,6.6269846,999.0,632
RIGG34,RIGG34,BDR,RIG (BDR: RIGG34),6.0,C,0.5,C,1.0,Fraco,5.76,5.37,5.85,5.42,254728781.32,False,0.0,False,0.0,False,0.0,False,0.0,False,0.0,True,False,0.97,5.88,False,False,False,False,False,False,False,-18.698,999.0,0.76871747,633
BXPO11,BXPO11,ETF,BXPO11,6.0,C,0.5,C,1.0,Fraco,148.79,146.52,152.65,149.97,165305.68,False,0.0,False,0.0,False,0.0,False,0.0,False,0.0,True,False,3.8,155.26,False,False,False,False,False,False,False,0.0,18.943672,999.0,634
BODB11,BODB11,ETF,BODB11,6.0,C,0.5,C,0.0,Fraco,7.15,7.51,7.48,7.29,744014.71,False,0.0,False,0.0,False,0.0,False,0.0,False,0.0,False,False,0.69,7.66,False,False,False,False,False,False,False,0.0,999.0,999.0,635
CLXC34,CLXC34,BDR,CLX (BDR: CLXC34),6.0,C,2.0,C,1.0,Fraco,105.71,96.82,101.64,101.28,166095326.43,False,0.0,False,0.0,False,0.0,False,0.0,False,0.0,True,False,0.49,107.45,False,False,False,False,False,True,False,163.76,22.021875,142.07661,636
PEVC11,PEVC11,ETF,PEVC11,6.0,C,0.5,C,0.0,Fraco,180.57,158.18,159.98,168.55,197543.59,False,0.0,False,0.0,False,0.0,False,0.0,False,0.0,True,True,2.12,177.2,False,False,False,False,False,False,False,0.0,38.83163,999.0,637
CYCR11,CYCR11,ETF,CYCR11,6.0,C,0.5,C,1.0,Fraco,8.16,8.65,8.62,8.42,983590.06,False,0.0,False,0.0,False,0.0,False,0.0,False,0.0,False,False,1.3,8.73,False,False,False,False,False,False,False,0.0,3.4723406,999.0,638
T1SO34,T1SO34,BDR,SO (BDR: T1SO34),6.0,C,0.5,C,2.0,Fraco,92.79,94.55,93.3,91.76,280534979.05,False,0.0,False,0.0,False,0.0,False,0.0,False,0.0,False,False,0.51,98.86,False,False,False,False,False,False,False,11.4829995,22.359035,2.6975408,639
JOGO11,JOGO11,ETF,JOGO11,6.0,C,0.5,C,0.0,Fraco,129.2,116.46,118.84,125.45,399098.79,False,0.0,False,0.0,False,0.0,False,0.0,False,0.0,True,False,1.42,127.2,False,False,False,False,False,False,False,0.0,999.0,999.0,640
CCME11,CCME11,ETF,CCME11,6.0,C,0.5,C,1.0,Fraco,8.42,8.63,8.59,8.46,176820.0,False,0.0,False,0.0,False,0.0,False,0.0,False,0.0,False,False,0.96,9.0,False,False,False,False,False,False,False,0.0,5.9716315,999.0,641
CHIP11,CHIP11,ETF,CHIP11,6.0,C,0.5,C,0.0,Fraco,37.68,37.45,31.47,53.34,2880259.22,False,0.0,False,0.0,False,0.0,False,0.0,False,0.0,True,False,1.02,37.64,False,False,False,False,False,False,False,0.0,999.0,999.0,642
Z2SC34,Z2SC34,BDR,ZS (BDR: Z2SC34),6.0,C,2.0,C,2.0,Fraco,183.6,145.46,155.32,183.08,402363268.98,False,0.0,False,0.0,False,0.0,False,0.0,False,0.0,True,False,0.93,188.84,False,False,False,False,False,True,False,-3.7100002,999.0,12.545268,643
XPCI11,XPCI11,ETF,XPCI11,6.0,C,0.5,C,1.0,Fraco,78.65,82.5,81.14,79.7,1407677.73,False,0.0,False,0.0,False,0.0,False,0.0,False,0.0,False,False,0.95,84.45,False,False,False,False,False,False,False,0.0,5.9165416,999.0,644
LWSA3,LWSA S.A.,BR_STOCK,LWSA3,6.0,C,0.5,C,3.0,OK,4.02,3.86,3.89,3.91,75643937.64,False,0.0,False,0.0,False,0.0,False,0.0,False,0.0,True,True,7.55,4.01,False,False,False,False,False,False,False,-8.613,999.0,0.9454716,645
GEHC34,GEHC34,BDR,GEHC (BDR: GEHC34),6.0,C,2.0,C,5.0,Forte,73.69,65.58,70.55,72.84,116441183.67,False,0.0,False,0.0,False,0.0,False,0.0,False,0.0,True,False,0.45,73.97,False,False,False,False,False,True,False,19.375999999999998,16.979263,3.03276,646
CLIN11,CLIN11,ETF,CLIN11,6.0,C,0.5,C,1.0,Fraco,84.26,88.2,87.22,84.98,265250.49,False,0.0,False,0.0,False,0.0,False,0.0,False,0.0,False,False,0.53,89.61,False,False,False,False,False,False,False,0.0,7.003322,999.0,647
CPTR11,CPTR11,ETF,CPTR11,6.0,C,0.5,C,0.0,Fraco,7.66,7.87,7.93,7.65,132594.6,False,0.0,False,0.0,False,0.0,False,0.0,False,0.0,False,False,0.41,8.11,False,False,False,False,False,False,False,0.0,999.0,999.0,648
SANB11,BCO SANTANDER (BRASIL) S.A.,BR_STOCK,SANB11,6.0,C,2.0,C,3.0,OK,29.85,26.97,29.31,29.72,138333856.77,False,0.0,False,0.0,False,0.0,False,0.0,False,0.0,True,False,0.66,30.15,False,False,False,False,False,True,False,11.151,14.594331,0.8783387,649
D2KN34,D2KN34,BDR,DKNG (BDR: D2KN34),6.0,C,0.5,C,0.0,Fraco,26.14,25.32,25.3,27.13,230959755.49,False,0.0,False,0.0,False,0.0,False,0.0,False,0.0,True,False,0.52,25.86,False,False,False,False,False,False,False,-21.139,999.0,22.770035,650
P2LT34,P2LT34,BDR,PLTR (BDR: P2LT34),6.0,C,2.0,C,4.0,Forte,174.04,134.99,142.6,152.09,4100450291.46,False,0.0,False,0.0,False,0.0,False,0.0,False,0.0,True,False,0.37,179.91,False,False,False,False,False,True,False,38.096999999999994,150.03448,42.782696,651
S2GM34,S2GM34,BDR,SGML (BDR: S2GM34),6.0,C,0.5,C,1.0,Fraco,11.99,11.93,14.01,13.0,50791845.19,False,0.0,False,0.0,False,0.0,False,0.0,False,0.0,True,False,2.52,12.11,False,False,False,False,False,False,False,-49.056998,999.0,18.446154,652
VSHO11,VSHO11,ETF,VSHO11,6.0,C,0.5,C,1.0,Fraco,71.3,73.83,73.34,72.28,165843.81,False,0.0,False,0.0,False,0.0,False,0.0,False,0.0,False,False,2.04,78.59,False,False,False,False,False,False,False,0.0,3.684805,999.0,653
AWII34,AWII34,BDR,AWI (BDR: AWII34),6.0,C,2.0,C,4.0,Forte,182.24,163.29,170.52,174.65,28001319.02,False,0.0,False,0.0,False,0.0,False,0.0,False,0.0,True,False,0.34,188.32,False,False,False,False,False,True,False,36.618,24.963697,8.722716,654
JBSS32,JBS N.V.,BDR,JBS (BDR: JBSS32),6.0,C,0.5,C,2.0,Fraco,13.65,12.56,13.95,13.69,55321947.85,False,0.0,False,0.0,False,0.0,False,0.0,False,0.0,True,False,0.63,14.35,False,False,False,False,False,False,False,13.378,12.761682,1.7761445,655
RECR11,RECR11,ETF,RECR11,6.0,C,0.5,C,1.0,Fraco,74.98,78.57,77.15,75.24,3230588.42,False,0.0,False,0.0,False,0.0,False,0.0,False,0.0,False,False,1.09,80.15,False,False,False,False,False,False,False,0.0,7.001864,999.0,656
C2RS34,C2RS34,BDR,CRSP (BDR: C2RS34),6.0,C,0.5,C,2.0,Fraco,53.55,52.3,52.43,53.23,42805941.59,False,0.0,False,0.0,False,0.0,False,0.0,False,0.0,True,False,0.64,55.02,False,False,False,False,False,False,False,-26.095000000000002,999.0,2.9636393,657
G2WR34,G2WR34,BDR,GWRE (BDR: G2WR34),6.0,C,2.0,C,2.0,Fraco,175.74,139.63,142.99,159.76,131488496.37,False,0.0,False,0.0,False,0.0,False,0.0,False,0.0,True,False,0.68,183.88,False,False,False,False,False,True,False,11.93,94.48387,11.108724,658
HALI34,HALI34,BDR,HAL (BDR: HALI34),6.0,C,0.5,C,4.0,Forte,34.41,34.68,36.16,33.97,278064215.1,False,0.0,False,0.0,False,0.0,False,0.0,False,0.0,True,False,0.81,35.93,False,False,False,False,False,False,False,14.917,18.015707,2.6066206,659
M1KT34,M1KT34,BDR,MKTX (BDR: M1KT34),6.0,C,0.5,C,4.0,Forte,162.57,127.53,152.04,156.33,178997706.56,False,0.0,False,0.0,False,0.0,False,0.0,False,0.0,True,False,0.72,163.94,False,False,False,False,False,False,False,23.14,19.216312,4.619385,660
TOPP11,TOPP11,ETF,TOPP11,6.0,C,0.5,C,0.0,Fraco,63.43,64.23,66.57,66.02,1019002.95,False,0.0,False,0.0,False,0.0,False,0.0,True,1.0,False,False,1.92,70.97,False,False,False,False,False,False,False,0.0,999.0,999.0,661
I1CE34,I1CE34,BDR,ICE (BDR: I1CE34),6.0,C,0.5,C,3.0,OK,154.74,140.89,153.18,153.68,181368129.86,False,0.0,False,0.0,False,0.0,False,0.0,False,0.0,True,False,0.29,158.55,False,False,False,False,False,False,False,14.094000000000001,21.825106,2.971141,662
W1RB34,W1RB34,BDR,WRB (BDR: W1RB34),6.0,C,0.5,C,5.0,Forte,70.51,70.67,68.3,68.95,56402713.46,False,0.0,False,0.0,False,0.0,False,0.0,False,0.0,False,False,0.46,77.45,False,False,False,False,False,False,False,20.207000999999998,14.50823,2.8240147,663
SANB3,BCO SANTANDER (BRASIL) S.A.,BR_STOCK,SANB3,6.0,C,0.5,C,3.0,OK,14.87,13.14,14.4,14.53,10740600.92,False,0.0,False,0.0,False,0.0,False,0.0,False,0.0,True,False,0.91,15.19,False,False,False,False,False,False,False,11.151,8.40113,0.43740442,664
GGRC11,GGRC11,ETF,GGRC11,6.0,C,0.5,C,0.0,Fraco,9.33,9.68,9.66,9.51,20936622.46,False,0.0,False,0.0,False,0.0,False,0.0,False,0.0,False,False,1.42,9.96,False,False,False,False,False,False,False,0.0,999.0,999.0,665
TASA4,TAURUS ARMAS S.A.,BR_STOCK,TASA4,6.0,C,0.5,C,2.0,Fraco,4.88,4.72,5.03,4.95,1524024.04,False,0.0,False,0.0,False,0.0,False,0.0,False,0.0,True,False,1.37,5.03,False,False,False,False,False,False,False,-3.06,999.0,0.5726666,666
BPML11,BPML11,ETF,BPML11,6.0,C,0.5,C,1.0,Fraco,84.35,85.34,87.12,83.98,458442.24,False,0.0,False,0.0,False,0.0,False,0.0,False,0.0,True,False,1.11,86.88,False,False,False,False,False,False,False,0.0,8.2089405,999.0,667
VPPR11,VPPR11,ETF,VPPR11,6.0,C,0.5,C,0.0,Fraco,19.88,20.06,20.66,19.33,74351.2,False,0.0,False,0.0,False,0.0,False,0.0,False,0.0,True,False,0.71,20.68,False,False,False,False,False,False,False,0.0,999.0,999.0,668
SAPP34,SAPP34,BDR,SAP (BDR: SAPP34),6.0,C,2.0,C,4.0,Forte,207.96,170.97,182.05,197.08,476839401.87,False,0.0,False,0.0,False,0.0,False,0.0,False,0.0,True,False,0.84,211.49,False,False,False,False,False,True,False,18.320999,27.007793,65.45407,669
TGMA3,TEGMA GESTAO LOGISTICA S.A.,BR_STOCK,TGMA3,6.0,C,2.0,C,5.0,Forte,33.1,30.16,32.23,32.89,4647239.79,False,0.0,False,0.0,False,0.0,False,0.0,False,0.0,True,False,0.39,33.96,False,False,False,False,False,True,False,25.561002,8.597403,2.195397,670
T1OW34,T1OW34,BDR,AMT (BDR: T1OW34),6.0,C,0.5,C,3.0,OK,175.64,173.53,175.95,175.33,215556823.85,False,0.0,False,0.0,False,0.0,False,0.0,False,0.0,True,False,0.47,180.37,False,False,False,False,False,False,False,33.914003,28.329033,22.001755,671
A1UT34,A1UT34,BDR,ADSK (BDR: A1UT34),6.0,C,2.0,C,4.0,Forte,251.66,217.56,235.08,250.8,327540024.65,False,0.0,False,0.0,False,0.0,False,0.0,False,0.0,True,False,0.73,259.36,False,False,False,False,False,True,False,50.395999999999994,36.68513,16.650787,672
SNEC34,SNEC34,BDR,SONY (BDR: SNEC34),6.0,C,2.0,C,3.0,OK,24.3,21.46,21.66,23.11,132701744.21,False,0.0,False,0.0,False,0.0,False,0.0,False,0.0,True,False,1.02,23.98,False,False,False,False,False,True,False,13.159999,20.764957,2.716235,673
ATTB34,ATTB34,BDR,T (BDR: ATTB34),6.0,C,0.5,C,4.0,Forte,24.88,22.54,24.77,24.59,492972054.57,False,0.0,False,0.0,False,0.0,False,0.0,False,0.0,True,False,0.43,25.32,False,False,False,False,False,False,False,18.339,8.211221,1.5495764,674
MDTC34,MDTC34,BDR,MDT (BDR: MDTC34),6.0,C,2.0,C,3.0,OK,91.26,83.02,86.24,88.56,654238757.35,False,0.0,False,0.0,False,0.0,False,0.0,False,0.0,True,False,1.1,91.61,False,False,False,False,False,True,False,9.8409995,24.466488,2.3619235,675
VGIP11,VGIP11,ETF,VGIP11,6.0,C,0.5,C,1.0,Fraco,73.05,77.01,76.17,74.71,1611190.87,False,0.0,False,0.0,False,0.0,False,0.0,False,0.0,False,False,1.13,78.86,False,False,False,False,False,False,False,0.0,7.1725497,999.0,676
ETHY11,ETHY11,ETF,ETHY11,6.0,C,0.5,C,0.0,Fraco,51.35,49.26,,,209456.64,False,0.0,False,0.0,False,0.0,False,0.0,False,0.0,True,False,0.74,53.0,False,False,False,False,False,False,False,0.0,999.0,999.0,677
M2PM34,M2PM34,BDR,MP (BDR: M2PM34),6.0,C,0.5,C,2.0,Fraco,58.74,51.83,57.85,57.87,606211165.7,False,0.0,False,0.0,False,0.0,False,0.0,False,0.0,True,False,1.28,56.02,False,False,False,False,False,False,False,-3.585,999.0,5.3429456,678
ABTT34,ABTT34,BDR,ABT (BDR: ABTT34),6.0,C,2.0,C,2.0,Fraco,111.25,97.28,100.22,106.1,445592859.71,False,0.0,False,0.0,False,0.0,False,0.0,False,0.0,True,False,0.53,112.47,False,False,False,False,False,True,False,10.576,35.885487,3.766293,679
CHME34,CHME34,BDR,CME (BDR: CHME34),6.0,C,0.5,C,4.0,Forte,269.8,250.73,277.22,274.08,433971661.57,False,0.0,False,0.0,False,0.0,False,0.0,False,0.0,True,False,0.87,270.0,False,False,False,False,False,False,False,15.802,22.903225,3.6550338,680
AMOB3,AUTOMOB PARTICIPAÇÕES S.A.,BR_STOCK,AMOB3,5.62,C,0.5,C,1.0,Fraco,12.53,12.85,13.24,13.14,294454.99,False,0.0,False,0.0,False,0.0,False,0.0,True,0.85,False,False,0.93,13.89,False,False,False,False,False,False,False,0.0,999.0,0.2328767,681
DIVO11,DIVO11,ETF,DIVO11,5.62,C,0.5,C,1.0,Fraco,119.37,125.36,128.51,124.77,81341942.86,False,0.0,False,0.0,False,0.0,False,0.0,True,0.85,False,False,2.98,131.44,False,False,False,False,False,False,False,0.0,8.1187,999.0,682
CSMG3,CIA SANEAMENTO DE MINAS GERAIS-COPASA MG,BR_STOCK,CSMG3,5.5,C,0.5,C,1.0,Fraco,55.33,61.05,55.77,51.67,363673036.04,False,0.0,False,0.0,False,0.0,False,0.0,False,0.0,False,False,1.48,65.39,False,False,False,False,False,False,False,14.97,15.577031,2.4046528,683
CMIN3,CSN MINERAÇÃO S.A.,BR_STOCK,CMIN3,5.5,C,0.5,C,2.0,Fraco,5.58,4.97,5.02,5.1,51318143.3,False,0.0,False,0.0,False,0.0,False,0.0,False,0.0,False,False,1.48,6.17,False,False,False,False,False,False,False,28.136,17.40625,4.2747507,684
A2FY34,A2FY34,BDR,AFYA (BDR: A2FY34),5.5,C,0.5,C,5.0,Forte,13.84,14.26,14.2,14.17,2318961.23,False,0.0,False,0.0,False,0.0,False,0.0,True,0.8,False,False,1.51,14.78,False,False,False,False,False,False,False,16.756999999999998,8.596273,1.3203627,685
TAEE11,TRANSMISSORA ALIANÇA DE ENERGIA ELÉTRICA S.A.,BR_STOCK,TAEE11,5.5,C,0.5,C,2.0,Fraco,37.78,39.9,40.56,40.36,121164234.09,False,0.0,False,0.0,False,0.0,False,0.0,True,0.8,False,False,1.23,41.9,False,False,False,False,False,False,False,20.559,38.96907,1.6360803,686
NEXG11,NEXG11,ETF,NEXG11,5.5,C,0.5,C,0.0,Fraco,126.0,130.03,127.29,125.8,136080.0,False,0.0,False,0.0,False,0.0,False,0.0,False,0.0,False,False,0.4,133.96,False,False,False,False,False,False,False,0.0,999.0,999.0,687
E2NO34,E2NO34,BDR,ENOV (BDR: E2NO34),5.5,C,0.5,C,2.0,Fraco,26.07,24.93,24.11,25.24,17647408.47,False,0.0,False,0.0,False,0.0,False,0.0,False,0.0,False,False,0.44,31.67,False,False,False,False,False,False,False,-54.142,999.0,1.017763,688
HGLG11,HGLG11,ETF,HGLG11,5.5,C,0.5,C,2.0,Fraco,146.0,148.65,151.18,150.93,16543844.0,False,0.0,False,0.0,False,0.0,False,0.0,False,0.0,True,False,0.88,149.34,False,False,False,False,False,False,False,12.235999999999999,9.57021,0.9217071,689
R2PD34,R2PD34,BDR,RPD (BDR: R2PD34),5.5,C,0.5,C,0.0,Fraco,13.0,9.64,8.35,10.11,21725197.0,False,0.0,False,0.0,False,0.0,False,0.0,False,0.0,False,False,0.61,14.8,False,False,False,False,False,False,False,14.027999999999999,37.142857,4.4490075,690
O2NS34,O2NS34,BDR,ON (BDR: O2NS34),5.5,C,0.5,C,3.0,OK,82.66,96.95,84.45,76.43,360427952.19,False,0.0,False,0.0,False,0.0,False,0.0,False,0.0,False,False,0.39,94.26,False,False,False,False,False,False,False,8.312,54.026146,4.4577475,691
A1RG34,A1RG34,BDR,ARGX (BDR: A1RG34),5.5,C,0.5,C,4.0,Forte,851.29,880.36,819.08,831.54,217845956.67,False,0.0,False,0.0,False,0.0,False,0.0,False,0.0,False,False,0.98,935.88,False,False,False,False,False,False,False,23.635,32.442455,158.12653,692
T1AL34,T1AL34,BDR,TAL (BDR: T1AL34),5.5,C,0.5,C,5.0,Forte,11.66,10.39,10.88,11.0,25837312.04,False,0.0,False,0.0,False,0.0,False,0.0,False,0.0,False,False,0.4,12.58,False,False,False,False,False,False,False,23.712,7.2875,1.7096773,693
AALL34,AALL34,BDR,AAL (BDR: AALL34),5.5,C,0.5,C,1.0,Fraco,14.83,15.73,13.76,13.89,672293072.82,False,0.0,False,0.0,False,0.0,False,0.0,False,0.0,False,False,0.94,17.11,False,False,False,False,False,False,False,0.0,999.0,-2.4712548,694
UPSS34,UPSS34,BDR,UPS (BDR: UPSS34),5.5,C,0.5,C,3.0,OK,104.51,108.93,105.24,102.46,359963904.87,False,0.0,False,0.0,False,0.0,False,0.0,False,0.0,False,False,0.65,118.42,False,False,False,False,False,False,False,29.602,19.42565,5.9028525,695
C1RR34,C1RR34,BDR,CARR (BDR: C1RR34),5.5,C,0.5,C,2.0,Fraco,62.78,67.98,63.14,60.8,156120987.06,False,0.0,False,0.0,False,0.0,False,0.0,False,0.0,False,False,0.44,69.86,False,False,False,False,False,False,False,8.966000000000001,44.842857,3.939755,696
XRXB34,XRXB34,BDR,XRX (BDR: XRXB34),5.5,C,0.5,C,1.0,Fraco,3.1,3.03,2.34,2.42,4977276.15,False,0.0,False,0.0,False,0.0,False,0.0,False,0.0,False,False,0.46,3.78,False,False,False,False,False,False,False,-97.113,999.0,1.2596505,697
BSCZ39,ISHARES MSCI EAFE SMALL-CAP ETF,BDR,BSCZ (BDR: BSCZ39),5.5,C,2.0,C,0.0,Fraco,20.11,20.22,20.27,20.25,919255.49,False,0.0,False,0.0,False,0.0,False,0.0,False,0.0,True,False,0.91,20.28,False,False,False,False,False,True,False,0.0,999.0,999.0,698
P2IN34,P2IN34,BDR,PINS (BDR: P2IN34),5.5,C,0.5,C,2.0,Fraco,24.05,22.34,20.83,22.42,180119511.14,False,0.0,False,0.0,False,0.0,False,0.0,False,0.0,False,False,0.54,25.73,False,False,False,False,False,False,False,6.461,70.73529,4.7000194,699
ARGE11,ARGE11,ETF,ARGE11,5.5,C,0.5,C,1.0,Fraco,12.66,13.27,12.56,12.59,113636.16,False,0.0,False,0.0,False,0.0,False,0.0,False,0.0,False,False,1.26,13.99,False,False,False,False,False,False,False,0.0,10.694601,999.0,700
I2RS34,I2RS34,BDR,IR (BDR: I2RS34),5.5,C,0.5,C,2.0,Fraco,83.35,80.65,82.84,81.87,144098561.31,False,0.0,False,0.0,False,0.0,False,0.0,False,0.0,False,False,0.38,91.76,False,False,False,False,False,False,False,9.47,34.442146,3.177538,701
BROF11,BROF11,ETF,BROF11,5.5,C,0.5,C,1.0,Fraco,56.17,58.62,57.61,55.66,218725.97,False,0.0,False,0.0,False,0.0,False,0.0,False,0.0,False,False,0.49,64.5,False,False,False,False,False,False,False,0.0,8.272459,999.0,702
W1DA34,W1DA34,BDR,WDAY (BDR: W1DA34),5.5,C,0.5,C,3.0,OK,198.68,145.2,143.0,162.65,1555826664.21,False,0.0,False,0.0,False,0.0,False,0.0,False,0.0,False,False,1.6,227.49,False,False,False,False,False,False,True,10.857999999999999,62.087498,7.40266,703
E2NP34,E2NP34,BDR,ENPH (BDR: E2NP34),5.5,C,0.5,C,1.0,Fraco,40.48,44.96,43.3,40.23,96532857.31,False,0.0,False,0.0,False,0.0,False,0.0,False,0.0,False,False,0.54,43.28,False,False,False,False,False,False,False,12.995999999999999,40.07921,4.525939,704
MOOO34,MOOO34,BDR,MO (BDR: MOOO34),5.5,C,0.5,C,2.0,Fraco,65.7,70.68,67.12,64.21,319039156.01,False,0.0,False,0.0,False,0.0,False,0.0,False,0.0,False,False,0.48,77.06,False,False,False,False,False,False,False,0.0,13.687562,-41.11408,705
EVTC31,EVERTEC INC,BDR,EVTC (BDR: EVTC31),5.5,C,0.5,C,1.0,Fraco,31.56,28.45,27.89,28.15,11548751.45,False,0.0,False,0.0,False,0.0,False,0.0,False,0.0,False,False,0.79,34.41,False,False,False,False,False,False,False,14.845,20.490261,2.9096358,706
PLAG11,PLAG11,ETF,PLAG11,5.5,C,0.5,C,1.0,Fraco,59.38,61.97,60.52,56.87,190728.56,False,0.0,False,0.0,False,0.0,False,0.0,False,0.0,False,False,1.17,63.18,False,False,False,False,False,False,False,0.0,8.71953,999.0,707
C1DW34,C1DW34,BDR,CDW (BDR: C1DW34),5.5,C,0.5,C,4.0,Forte,139.42,136.21,127.81,131.22,158779998.53,False,0.0,False,0.0,False,0.0,False,0.0,False,0.0,False,False,0.49,154.5,False,False,False,False,False,False,False,44.009998,16.757212,7.153412,708
A1JG34,A1JG34,BDR,AJG (BDR: A1JG34),5.5,C,0.5,C,2.0,Fraco,251.3,239.94,226.14,232.37,169917250.96,False,0.0,False,0.0,False,0.0,False,0.0,False,0.0,False,False,0.5,269.99,False,False,False,False,False,False,False,6.722,41.674957,2.7156997,709
S2EA34,S2EA34,BDR,SE (BDR: S2EA34),5.5,C,0.5,C,3.0,OK,121.88,102.21,98.76,108.4,371088149.52,False,0.0,False,0.0,False,0.0,False,0.0,False,0.0,False,False,0.52,131.94,False,False,False,False,False,False,True,14.734,47.057915,5.799391,710
P2CY34,P2CY34,BDR,PCTY (BDR: P2CY34),5.5,C,0.5,C,4.0,Forte,148.28,122.0,116.76,124.51,100787694.53,False,0.0,False,0.0,False,0.0,False,0.0,False,0.0,False,False,0.65,156.18,False,False,False,False,False,False,False,21.972998999999998,30.13821,6.953015,711
RECT11,RECT11,ETF,RECT11,5.5,C,0.5,C,1.0,Fraco,32.7,34.53,35.7,34.72,585526.21,False,0.0,False,0.0,False,0.0,False,0.0,True,0.8,False,False,1.48,35.92,False,False,False,False,False,False,False,0.0,0.8425663,999.0,712
TPIS3,TPI - TRIUNFO PARTICIP. E INVEST. S.A.,BR_STOCK,TPIS3,5.5,C,0.5,C,0.0,Fraco,8.29,9.62,8.36,7.28,149220.0,False,0.0,False,0.0,False,0.0,False,0.0,False,0.0,False,False,0.67,9.7,False,False,False,False,False,False,False,-66.175,999.0,0.71663207,713
D1OW34,D1OW34,BDR,DOW (BDR: D1OW34),5.5,C,0.5,C,1.0,Fraco,31.08,30.48,33.1,30.49,190251005.45,False,0.0,False,0.0,False,0.0,False,0.0,False,0.0,False,False,0.72,32.73,False,False,False,False,False,False,False,-5.54,999.0,1.4153308,714
VINF11,VINF11,ETF,VINF11,5.5,C,0.5,C,0.0,Fraco,83.85,83.9,86.87,86.65,194364.3,False,0.0,False,0.0,False,0.0,False,0.0,False,0.0,True,False,1.13,87.68,False,False,False,False,False,False,False,0.0,999.0,999.0,715
M1CH34,M1CH34,BDR,MCHP (BDR: M1CH34),5.5,C,0.5,C,2.0,Fraco,79.17,85.73,80.77,75.69,594754477.48,False,0.0,False,0.0,False,0.0,False,0.0,False,0.0,False,False,0.67,85.97,False,False,False,False,False,False,False,7.19,116.42647,6.664141,716
BMGB4,BANCO BMG S.A.,BR_STOCK,BMGB4,5.5,C,0.5,C,2.0,Fraco,4.97,5.24,5.1,4.85,5676236.76,False,0.0,False,0.0,False,0.0,False,0.0,False,0.0,False,False,1.2,5.59,False,False,False,False,False,False,False,13.51,4.98,0.6480156,717
S2FM34,S2FM34,BDR,SFM (BDR: S2FM34),5.5,C,0.5,C,4.0,Forte,82.5,82.08,78.47,79.32,80767665.0,False,0.0,False,0.0,False,0.0,False,0.0,False,0.0,False,False,0.58,93.32,False,False,False,False,False,False,False,35.197,15.774379,5.439082,718
C1TV34,C1TV34,BDR,CTVA (BDR: C1TV34),5.5,C,0.5,C,1.0,Fraco,76.66,81.69,79.19,75.72,137680216.68,False,0.0,False,0.0,False,0.0,False,0.0,False,0.0,False,False,0.29,90.97,False,False,False,False,False,False,False,4.256,46.46061,2.0323975,719
V2RN34,V2RN34,BDR,VRNS (BDR: V2RN34),5.5,C,0.5,C,1.0,Fraco,44.99,41.0,31.4,32.03,38511171.5,False,0.0,False,0.0,False,0.0,False,0.0,False,0.0,False,False,0.55,48.43,False,False,False,False,False,False,False,-35.974996999999995,999.0,11.625324,720
OPCT3,OCEANPACT SERVICOS MARITIMOS S.A.,BR_STOCK,OPCT3,5.5,C,0.5,C,3.0,OK,9.72,10.53,9.92,9.38,6549336.18,False,0.0,False,0.0,False,0.0,False,0.0,False,0.0,False,False,0.71,11.36,False,False,False,False,False,False,False,12.485,11.583333,1.9127187,721
BRAV3,BRAVA ENERGIA S.A.,BR_STOCK,BRAV3,5.5,C,0.5,C,1.0,Fraco,18.1,19.53,19.09,17.95,93102781.96,False,0.0,False,0.0,False,0.0,False,0.0,False,0.0,False,False,0.55,21.43,False,False,False,False,False,False,False,0.44400003,180.59999,0.68305594,722
CXSE3,CAIXA SEGURIDADE PARTICIPAÇÕES S.A.,BR_STOCK,CXSE3,5.5,C,0.5,C,4.0,Forte,17.84,19.78,18.08,17.28,89119720.76,False,0.0,False,0.0,False,0.0,False,0.0,False,0.0,False,False,0.52,22.14,False,False,False,False,False,False,False,33.348998,11.827815,3.8842976,723
MACY34,MACY34,BDR,M (BDR: MACY34),5.5,C,0.5,C,3.0,OK,23.4,24.07,21.08,21.1,96343765.43,False,0.0,False,0.0,False,0.0,False,0.0,False,0.0,False,False,0.91,26.59,False,False,False,False,False,False,False,14.363000000000001,9.669421,1.2724998,724
ICLR34,ICLR34,BDR,ICLR (BDR: ICLR34),5.5,C,0.5,C,2.0,Fraco,163.15,162.18,137.39,147.11,52188256.9,False,0.0,False,0.0,False,0.0,False,0.0,False,0.0,False,False,0.45,186.64,False,False,False,False,False,False,False,0.28600001,251.0,1.3422348,725
KLBN11,KLABIN S.A.,BR_STOCK,KLBN11,5.25,C,0.5,C,0.0,Fraco,17.5,17.39,18.25,18.05,98575750.0,False,0.0,False,0.0,False,0.0,False,0.0,True,0.7,False,False,1.03,18.73,False,False,False,False,False,False,False,3.6510002,26.475037,2.3767486,726
XPCA11,XPCA11,ETF,XPCA11,5.12,C,0.5,C,0.0,Fraco,7.07,7.58,7.8,7.65,684453.79,False,0.0,False,0.0,False,0.0,False,0.0,True,0.65,False,False,1.06,7.74,False,False,False,False,False,False,False,0.0,999.0,999.0,727
ELCI34,ELCI34,BDR,EL (BDR: ELCI34),5.12,C,0.5,C,1.0,Fraco,86.09,84.14,88.97,91.25,128800104.42,False,0.0,False,0.0,False,0.0,False,0.0,True,0.85,True,False,0.62,88.87,False,False,False,False,False,False,False,-5.949,999.0,7.8001266,728
A1RC34,A1RC34,BDR,ARCO (BDR: A1RC34),5.12,C,0.5,C,4.0,Forte,7.92,8.27,8.29,8.01,11786148.11,False,0.0,False,0.0,False,0.0,False,0.0,True,0.65,False,False,1.32,8.56,False,False,False,False,False,False,False,36.361,6.4390244,2.1515892,729
NEXT34,NEXT34,BDR,NEE (BDR: NEXT34),5.12,C,0.5,C,3.0,OK,86.19,87.11,88.97,86.99,479454039.41,False,0.0,False,0.0,False,0.0,False,0.0,True,0.65,False,False,0.51,90.99,False,False,False,False,False,False,False,11.677,19.36854,3.1469986,730
NSDV11,NSDV11,ETF,NSDV11,5.12,C,0.5,C,1.0,Fraco,145.29,152.84,155.73,152.5,572442.57,False,0.0,False,0.0,False,0.0,False,0.0,True,0.65,False,False,1.08,159.94,False,False,False,False,False,False,False,0.0,9.29875,999.0,731
GOLD11,GOLD11,ETF,GOLD11,5.0,C,0.5,C,0.0,Fraco,23.74,22.07,24.46,24.26,18541984.38,False,0.0,False,0.0,False,0.0,False,0.0,False,0.0,True,False,0.6,23.85,False,False,False,False,False,False,False,0.0,999.0,999.0,732
AURO11,AURO11,ETF,AURO11,5.0,C,0.5,C,0.0,Fraco,98.74,93.05,101.69,101.64,136359.94,False,0.0,False,0.0,False,0.0,False,0.0,False,0.0,True,False,0.44,98.36,False,False,False,False,False,False,False,0.0,999.0,999.0,733
T1EL34,T1EL34,BDR,TEL (BDR: T1EL34),5.0,C,0.5,C,4.0,Forte,216.24,206.97,213.5,218.15,187433376.95,False,0.0,False,0.0,False,0.0,False,0.0,False,0.0,True,False,0.45,221.98,False,False,False,False,False,False,False,23.290001,21.20049,4.7333913,734
CTSH34,CTSH34,BDR,CTSH (BDR: CTSH34),5.0,C,0.5,C,4.0,Forte,58.79,48.34,58.24,63.05,624158507.06,False,0.0,False,0.0,False,0.0,False,0.0,False,0.0,True,False,1.07,59.82,False,False,False,False,False,False,False,14.924000000000001,12.61588,1.8374172,735
H1II34,H1II34,BDR,HII (BDR: H1II34),5.0,C,0.5,C,4.0,Forte,327.71,295.23,355.91,347.26,110572628.22,False,0.0,False,0.0,False,0.0,False,0.0,False,0.0,True,False,0.67,334.53,False,False,False,False,False,False,False,12.968001000000001,19.529797,2.4309387,736
G1AM34,G1AM34,BDR,GLPI (BDR: G1AM34),5.0,C,0.5,C,4.0,Forte,43.57,44.82,45.36,44.55,65826514.08,False,0.0,False,0.0,False,0.0,False,0.0,False,0.0,False,False,0.65,46.63,False,False,False,False,False,False,False,19.354999,12.739766,2.5434911,737
KNHF11,KNHF11,ETF,KNHF11,5.0,C,0.5,C,1.0,Fraco,89.33,93.94,94.26,92.22,5040534.68,False,0.0,False,0.0,False,0.0,False,0.0,False,0.0,False,False,1.11,96.79,False,False,False,False,False,False,False,0.0,7.001567,999.0,738
C2HD34,C2HD34,BDR,CHDN (BDR: C2HD34),5.0,C,0.5,C,4.0,Forte,90.82,86.81,90.34,94.78,60305115.54,False,0.0,False,0.0,False,0.0,False,0.0,False,0.0,True,False,0.63,90.0,False,False,False,False,False,False,False,33.848,15.419355,4.740826,739
P2TC34,P2TC34,BDR,PTC (BDR: P2TC34),5.0,C,2.0,C,3.0,OK,149.75,127.68,142.35,151.28,147644664.75,False,0.0,False,0.0,False,0.0,False,0.0,False,0.0,True,False,0.7,154.59,False,False,False,False,False,True,False,35.053003,14.524733,4.778391,740
ITSA3,ITAUSA S.A.,BR_STOCK,ITSA3,5.0,C,0.5,C,5.0,Forte,12.55,13.36,13.38,12.77,1487175.02,False,0.0,False,0.0,False,0.0,False,0.0,True,1.0,False,False,0.91,14.15,False,False,False,False,False,False,False,18.924999,7.7901235,1.5940381,741
DEXP3,DEXXOS PARTICIPACOES S.A.,BR_STOCK,DEXP3,5.0,C,0.5,C,2.0,Fraco,7.05,7.1,7.28,7.22,388455.01,False,0.0,False,0.0,False,0.0,False,0.0,False,0.0,True,False,0.65,7.42,False,False,False,False,False,False,False,13.880999999999998,9.671232,0.8505,742
C1AG34,C1AG34,BDR,CAG (BDR: C1AG34),5.0,C,2.0,C,1.0,Fraco,15.61,14.07,15.12,15.43,121724857.29,False,0.0,False,0.0,False,0.0,False,0.0,False,0.0,True,False,0.75,15.52,False,False,False,False,False,True,False,-25.063999999999997,999.0,1.1750094,743
RCRB11,RCRB11,ETF,RCRB11,5.0,C,0.5,C,1.0,Fraco,129.89,136.2,136.96,133.77,1223563.79,False,0.0,False,0.0,False,0.0,False,0.0,False,0.0,False,False,1.56,141.0,False,False,False,False,False,False,False,9.1800004,17.831276,0.6269443,744
RINV11,RINV11,ETF,RINV11,5.0,C,0.5,C,1.0,Fraco,99.14,103.86,104.13,102.02,972265.97,False,0.0,False,0.0,False,0.0,False,0.0,False,0.0,False,False,1.25,104.65,False,False,False,False,False,False,False,0.0,4.834227,999.0,745
S1YK34,S1YK34,BDR,SYK (BDR: S1YK34),5.0,C,2.0,C,4.0,Forte,338.68,323.73,333.89,339.86,843344412.46,False,0.0,False,0.0,False,0.0,False,0.0,False,0.0,True,False,1.06,352.49,False,False,False,False,False,True,False,16.508,35.096687,5.650273,746
INRD11,INRD11,ETF,INRD11,5.0,C,0.5,C,1.0,Fraco,72.33,74.43,74.64,73.53,148927.47,False,0.0,False,0.0,False,0.0,False,0.0,False,0.0,False,False,1.77,76.98,False,False,False,False,False,False,False,0.0,8.672662,999.0,747
BBOV11,BBOV11,ETF,BBOV11,5.0,C,0.5,C,1.0,Fraco,87.39,90.75,94.02,91.13,52825332.05,False,0.0,False,0.0,False,0.0,False,0.0,False,0.0,False,False,14.84,94.68,False,False,False,False,False,False,False,0.0,10.659659,999.0,748
BTAG11,BTAG11,ETF,BTAG11,5.0,C,0.5,C,0.0,Fraco,98.5,104.68,105.1,102.37,206259.0,False,0.0,False,0.0,False,0.0,False,0.0,False,0.0,True,False,0.58,103.63,False,False,False,False,False,False,False,0.0,999.0,999.0,749
BOVA11,BOVA11,ETF,BOVA11,5.0,C,0.5,C,1.0,Fraco,163.55,169.8,175.95,170.54,476213286.84,False,0.0,False,0.0,False,0.0,False,0.0,False,0.0,False,False,0.85,177.75,False,False,False,False,False,False,False,0.0,10.681391,999.0,750
B1RF34,B1RF34,BDR,BR (BDR: B1RF34),5.0,C,2.0,C,4.0,Forte,170.97,150.27,164.22,178.72,77604138.4,False,0.0,False,0.0,False,0.0,False,0.0,False,0.0,True,False,0.29,176.94,False,False,False,False,False,True,False,40.916002,17.827946,7.0176086,751
E1RI34,E1RI34,BDR,ERIC (BDR: E1RI34),5.0,C,0.5,C,3.0,OK,10.27,10.77,11.19,10.77,116987598.4,False,0.0,False,0.0,False,0.0,False,0.0,False,0.0,True,False,1.09,10.36,False,False,False,False,False,False,False,26.077,13.166668,0.33353904,752
BOVX11,BOVX11,ETF,BOVX11,5.0,C,0.5,C,0.0,Fraco,17.08,17.72,18.37,17.8,18128865.64,False,0.0,False,0.0,False,0.0,False,0.0,False,0.0,False,False,1.24,18.55,False,False,False,False,False,False,False,0.0,999.0,999.0,753
BTHF11,BTHF11,ETF,BTHF11,5.0,C,0.5,C,1.0,Fraco,8.47,8.81,8.82,8.55,3953804.59,False,0.0,False,0.0,False,0.0,False,0.0,False,0.0,False,False,1.17,8.99,False,False,False,False,False,False,False,0.0,11.432432,999.0,754
FGAA11,FGAA11,ETF,FGAA11,5.0,C,0.5,C,0.0,Fraco,7.84,8.13,8.43,8.3,590477.45,False,0.0,False,0.0,False,0.0,False,0.0,False,0.0,True,False,0.75,8.15,False,False,False,False,False,False,False,0.0,999.0,999.0,755
WALM34,WALM34,BDR,WMT (BDR: WALM34),5.0,C,0.5,C,4.0,Forte,115.27,114.49,121.22,118.02,1582107907.65,False,0.0,False,0.0,False,0.0,False,0.0,False,0.0,True,False,0.64,118.09,False,False,False,False,False,False,False,24.132,40.588028,9.729068,756
BOVB11,BOVB11,ETF,BOVB11,5.0,C,0.5,C,1.0,Fraco,170.47,176.98,183.39,177.6,3329279.12,False,0.0,False,0.0,False,0.0,False,0.0,False,0.0,False,False,1.36,184.99,False,False,False,False,False,False,False,0.0,10.688303,999.0,757
PMIS11,PMIS11,ETF,PMIS11,5.0,C,0.5,C,0.0,Fraco,7.58,7.74,7.79,7.66,590876.15,False,0.0,False,0.0,False,0.0,False,0.0,False,0.0,False,False,2.78,8.0,False,False,False,False,False,False,False,0.0,999.0,999.0,758
BOVV11,BOVV11,ETF,BOVV11,5.0,C,0.5,C,1.0,Fraco,171.75,178.21,184.62,178.77,90946434.0,False,0.0,False,0.0,False,0.0,False,0.0,False,0.0,False,False,1.18,186.27,False,False,False,False,False,False,False,0.0,10.605671,999.0,759
OIAG11,OIAG11,ETF,OIAG11,5.0,C,0.5,C,0.0,Fraco,7.97,8.06,8.34,8.13,91431.84,False,0.0,False,0.0,False,0.0,False,0.0,False,0.0,True,False,0.79,8.22,False,False,False,False,False,False,False,0.0,999.0,999.0,760
S1PO34,S1PO34,BDR,SPOT (BDR: S1PO34),5.0,C,0.5,C,3.0,OK,512.97,483.68,486.44,514.91,552691287.41,False,0.0,False,0.0,False,0.0,False,0.0,False,0.0,True,False,0.45,528.09,False,False,False,False,False,False,False,44.484,27.893963,11.407322,761
RECV3,PETRORECÔNCAVO S.A.,BR_STOCK,RECV3,5.0,C,0.5,C,2.0,Fraco,10.57,10.27,11.37,11.03,24087972.3,False,0.0,False,0.0,False,0.0,False,0.0,False,0.0,True,False,1.31,11.04,False,False,False,False,False,False,False,12.347,6.1941175,0.7123529,762
RIFF11,RIFF11,ETF,RIFF11,5.0,C,0.5,C,0.0,Fraco,7.18,7.45,7.54,7.4,54402.86,False,0.0,False,0.0,False,0.0,False,0.0,False,0.0,False,False,0.28,7.75,False,False,False,False,False,False,False,0.0,999.0,999.0,763
XBCI11,XBCI11,ETF,XBCI11,5.0,C,0.5,C,0.0,Fraco,79.15,77.63,86.44,,579219.71,False,0.0,False,0.0,False,0.0,False,0.0,False,0.0,True,False,0.87,82.05,False,False,False,False,False,False,False,0.0,999.0,999.0,764
HERT11,HERT11,ETF,HERT11,5.0,C,0.5,C,1.0,Fraco,20.45,21.13,21.73,21.63,131125.4,False,0.0,False,0.0,False,0.0,False,0.0,False,0.0,True,False,25.85,21.41,False,False,False,False,False,False,False,0.0,10.122471,999.0,765
CGRA4,GRAZZIOTIN S.A.,BR_STOCK,CGRA4,5.0,C,0.5,C,3.0,OK,23.9,24.45,24.88,24.78,129060.0,False,0.0,False,0.0,False,0.0,False,0.0,False,0.0,True,False,2.06,24.85,False,False,False,False,False,False,False,9.2480004,5.928039,0.63676095,766
B2AH34,B2AH34,BDR,BAH (BDR: B2AH34),5.0,C,0.5,C,2.0,Fraco,77.44,69.41,77.0,78.87,68160909.03,False,0.0,False,0.0,False,0.0,False,0.0,False,0.0,True,False,0.46,80.35,False,False,False,False,False,False,False,68.637,12.156986,7.749425,767
CXCI11,CXCI11,ETF,CXCI11,5.0,C,0.5,C,1.0,Fraco,63.91,64.5,67.34,65.8,151274.97,False,0.0,False,0.0,False,0.0,False,0.0,False,0.0,True,False,1.68,66.13,False,False,False,False,False,False,False,0.0,3.8827462,999.0,768
RBRD11,RBRD11,ETF,RBRD11,5.0,C,0.5,C,0.0,Fraco,36.26,36.8,37.62,37.27,84485.8,False,0.0,False,0.0,False,0.0,False,0.0,False,0.0,True,False,2.65,37.84,False,False,False,False,False,False,False,0.0,999.0,999.0,769
STZB34,STZB34,BDR,STZ (BDR: STZB34),5.0,C,0.5,C,3.0,OK,139.18,135.43,146.15,143.03,162283871.46,False,0.0,False,0.0,False,0.0,False,0.0,False,0.0,True,False,0.73,137.55,False,False,False,False,False,False,False,23.69,13.255238,2.8907304,770
GLDI11,GLDI11,ETF,GLDI11,5.0,C,0.5,C,0.0,Fraco,57.11,53.87,58.73,57.61,1658588.64,False,0.0,False,0.0,False,0.0,False,0.0,False,0.0,True,False,1.38,58.2,False,False,False,False,False,False,False,0.0,999.0,999.0,771
GLDX11,GLDX11,ETF,GLDX11,5.0,C,0.5,C,0.0,Fraco,106.78,99.3,110.04,109.15,1988884.26,False,0.0,False,0.0,False,0.0,False,0.0,False,0.0,True,False,10.84,107.15,False,False,False,False,False,False,False,0.0,999.0,999.0,772
ISAE3,ISA ENERGIA BRASIL S.A,BR_STOCK,ISAE3,5.0,C,0.5,C,4.0,Forte,31.45,32.02,33.2,32.78,122655.0,False,0.0,False,0.0,False,0.0,False,0.0,False,0.0,True,False,2.29,32.5,False,False,False,False,False,False,False,13.186,7.3481307,0.9671269,773
HGCR11,HGCR11,ETF,HGCR11,5.0,C,0.5,C,0.0,Fraco,88.96,91.9,92.84,91.44,3027753.57,False,0.0,False,0.0,False,0.0,False,0.0,False,0.0,False,False,1.01,94.2,False,False,False,False,False,False,False,0.0,999.0,999.0,774
RBVA11,RBVA11,ETF,RBVA11,5.0,C,0.5,C,1.0,Fraco,8.76,8.94,9.29,9.27,1302953.67,False,0.0,False,0.0,False,0.0,False,0.0,False,0.0,True,False,0.96,9.17,False,False,False,False,False,False,False,15.454,999.0,0.8008777,775
U1BE34,U1BE34,BDR,UBER (BDR: U1BE34),5.0,C,0.5,C,5.0,Forte,75.93,72.25,74.27,77.59,674676701.08,False,0.0,False,0.0,False,0.0,False,0.0,False,0.0,True,False,0.37,78.99,False,False,False,False,False,False,False,37.16,16.651316,6.247326,776
A2LC34,A2LC34,BDR,ALC (BDR: A2LC34),5.0,C,0.5,C,2.0,Fraco,74.25,68.34,73.35,74.42,77691784.5,False,0.0,False,0.0,False,0.0,False,0.0,False,0.0,True,False,0.49,73.93,False,False,False,False,False,False,False,2.9409999,56.67939,1.673428,777
IBOB11,IBOB11,ETF,IBOB11,5.0,C,0.5,C,1.0,Fraco,137.23,142.32,147.31,142.79,3272798.17,False,0.0,False,0.0,False,0.0,False,0.0,False,0.0,False,False,0.63,148.47,False,False,False,False,False,False,False,0.0,10.663931,999.0,778
VRTA11,VRTA11,ETF,VRTA11,5.0,C,0.5,C,1.0,Fraco,69.41,71.94,73.86,73.32,1601913.47,False,0.0,False,0.0,False,0.0,False,0.0,False,0.0,False,False,1.03,74.2,False,False,False,False,False,False,False,8.1949994,10.30888,0.7614263,779
DHER34,DHER34,BDR,DHR (BDR: DHER34),5.0,C,2.0,C,3.0,OK,202.44,192.88,195.54,202.45,335901408.21,False,0.0,False,0.0,False,0.0,False,0.0,False,0.0,True,False,0.47,209.9,False,False,False,False,False,True,False,7.605,36.08556,2.7062001,780
SSFO34,SSFO34,BDR,CRM (BDR: SSFO34),5.0,C,0.5,C,3.0,OK,196.19,172.46,185.57,201.4,1264566399.73,False,0.0,False,0.0,False,0.0,False,0.0,False,0.0,True,False,0.56,202.99,False,False,False,False,False,False,False,16.908,22.707176,4.6934285,781
RGTI34,RGTI34,BDR,RGTI (BDR: RGTI34),5.0,C,0.5,C,2.0,Fraco,18.82,17.8,18.26,20.62,314281441.96,False,0.0,False,0.0,False,0.0,False,0.0,False,0.0,True,False,0.81,19.36,False,False,False,False,False,False,False,-43.765,999.0,10.71754,782
ADBE34,ADBE34,BDR,ADBE (BDR: ADBE34),5.0,C,2.0,C,5.0,Forte,264.02,230.53,250.55,272.32,718484988.66,False,0.0,False,0.0,False,0.0,False,0.0,False,0.0,True,False,0.59,273.13,False,False,False,False,False,True,False,62.953996999999994,15.112764,9.146083,783
RZAG11,RZAG11,ETF,RZAG11,5.0,C,0.5,C,0.0,Fraco,8.13,8.31,8.51,8.45,1373091.98,False,0.0,False,0.0,False,0.0,False,0.0,False,0.0,False,False,1.27,8.62,False,False,False,False,False,False,False,0.0,999.0,999.0,784
N1GG34,N1GG34,BDR,NGG (BDR: N1GG34),5.0,C,0.5,C,3.0,OK,81.07,81.66,83.53,81.19,46739935.48,False,0.0,False,0.0,False,0.0,False,0.0,False,0.0,True,False,0.83,85.02,False,False,False,False,False,False,False,8.405999999999999,18.300226,9.157056,785
REME11,REME11,ETF,REME11,5.0,C,0.5,C,0.0,Fraco,75.0,75.19,,,257925.0,False,0.0,False,0.0,False,0.0,False,0.0,False,0.0,False,False,0.91,88.99,False,False,False,False,False,False,False,0.0,999.0,999.0,786
PLCA11,PLCA11,ETF,PLCA11,5.0,C,0.5,C,0.0,Fraco,69.99,72.12,73.44,71.1,231736.88,False,0.0,False,0.0,False,0.0,False,0.0,False,0.0,False,False,5.0,73.81,False,False,False,False,False,False,False,0.0,999.0,999.0,787
PIBB11,PIBB11,ETF,PIBB11,5.0,C,0.5,C,1.0,Fraco,297.15,308.06,319.48,308.78,1321426.02,False,0.0,False,0.0,False,0.0,False,0.0,False,0.0,False,False,1.05,323.84,False,False,False,False,False,False,False,0.0,10.454846,999.0,788
EGAF11,EGAF11,ETF,EGAF11,5.0,C,0.5,C,0.0,Fraco,82.79,85.02,87.95,86.43,683017.51,False,0.0,False,0.0,False,0.0,False,0.0,False,0.0,True,False,0.91,86.88,False,False,False,False,False,False,False,0.0,999.0,999.0,789
C1CJ34,C1CJ34,BDR,CCJ (BDR: C1CJ34),5.0,C,0.5,C,1.0,Fraco,97.75,96.73,109.17,104.96,162114838.94,False,0.0,False,0.0,False,0.0,False,0.0,False,0.0,True,False,0.54,100.14,False,False,False,False,False,False,False,5.1149998000000005,165.68475,8.308625,790
SIVR39,ABRDN PHYSICAL SILVER SHARES ETF,BDR,SIVR (BDR: SIVR39),5.0,C,0.5,C,0.0,Fraco,61.47,58.59,70.94,67.37,45232761.87,False,0.0,False,0.0,False,0.0,False,0.0,False,0.0,True,False,0.55,63.02,False,False,False,False,False,False,False,0.0,999.0,999.0,791
A1LB34,A1LB34,BDR,ALB (BDR: A1LB34),5.0,C,0.5,C,2.0,Fraco,136.11,134.54,163.25,153.5,262361826.1,False,0.0,False,0.0,False,0.0,False,0.0,False,0.0,True,False,0.75,133.67,False,False,False,False,False,False,False,2.648,504.11108,1.9975052,792
KISU11,KISU11,ETF,KISU11,5.0,C,0.5,C,1.0,Fraco,6.24,6.35,6.57,6.49,398436.47,False,0.0,False,0.0,False,0.0,False,0.0,False,0.0,True,False,0.98,6.54,False,False,False,False,False,False,False,0.0,4.0584416,999.0,793
BBDC4,BCO BRADESCO S.A.,BR_STOCK,BBDC4,4.62,C,0.5,C,3.0,OK,16.54,17.8,18.55,18.32,597132075.05,False,0.0,False,0.0,False,0.0,False,0.0,True,0.85,False,False,0.97,19.11,False,False,False,False,False,False,False,13.763,7.56621,0.96623707,794
ITSA4,ITAUSA S.A.,BR_STOCK,ITSA4,4.62,C,0.5,C,5.0,Forte,12.37,13.29,13.36,12.75,248367331.7,False,0.0,False,0.0,False,0.0,False,0.0,True,0.85,False,False,0.82,14.15,False,False,False,False,False,False,False,18.924999,7.6728396,1.5700393,795
ALUP11,ALUPAR INVESTIMENTO S/A,BR_STOCK,ALUP11,4.62,C,0.5,C,2.0,Fraco,31.08,32.28,33.37,33.06,45529091.89,False,0.0,False,0.0,False,0.0,False,0.0,True,0.85,False,False,1.27,33.6,False,False,False,False,False,False,False,12.679000000000002,7.44069,1.1168662,796
WIZC3,WIZ CO PARTICIPAÇÕES E CORRETAGEM DE SEGUROS S.A.,BR_STOCK,WIZC3,4.62,C,0.5,C,3.0,OK,7.46,7.96,8.51,8.37,2942224.02,False,0.0,False,0.0,False,0.0,False,0.0,True,0.85,False,False,1.0,8.52,False,False,False,False,False,False,False,28.619,6.165289,1.7352874,797
BBDC3,BCO BRADESCO S.A.,BR_STOCK,BBDC3,4.62,C,0.5,C,3.0,OK,14.52,15.51,16.07,15.81,89321234.82,False,0.0,False,0.0,False,0.0,False,0.0,True,0.85,False,False,0.78,16.69,False,False,False,False,False,False,False,13.763,6.6438355,0.84844595,798
COPN11,COPN11,ETF,COPN11,4.62,C,0.5,C,0.0,Fraco,37.87,38.82,40.7,40.21,137165.14,False,0.0,False,0.0,False,0.0,False,0.0,True,0.85,False,False,0.4,42.5,False,False,False,False,False,False,False,0.0,999.0,999.0,799
FMSC34,FMSC34,BDR,FMS (BDR: FMSC34),4.5,C,0.5,C,4.0,Forte,23.76,23.77,22.47,22.6,12290711.09,False,0.0,False,0.0,False,0.0,False,0.0,False,0.0,False,False,0.53,26.42,False,False,False,False,False,False,False,8.524,12.3776045,0.87150913,800
ARGT39,GLOBAL X MSCI ARGENTINA ETF,BDR,ARGT (BDR: ARGT39),4.5,C,0.5,C,1.0,Fraco,91.06,93.5,92.4,91.89,9367283.16,False,0.0,False,0.0,False,0.0,False,0.0,False,0.0,False,False,0.78,96.74,False,False,False,False,False,False,False,0.0,15.115616,999.0,801
L2RN34,L2RN34,BDR,LRN (BDR: L2RN34),4.5,C,0.5,C,4.0,Forte,83.32,87.55,87.09,82.17,29589848.09,False,0.0,False,0.0,False,0.0,False,0.0,False,0.0,False,False,0.23,98.34,False,False,False,False,False,False,False,21.735,11.669468,2.0966809,802
I1PC34,I1PC34,BDR,IP (BDR: I1PC34),4.5,C,0.5,C,1.0,Fraco,40.74,38.36,37.73,37.74,81913314.01,False,0.0,False,0.0,False,0.0,False,0.0,False,0.0,False,False,0.46,44.82,False,False,False,False,False,False,False,-16.479,999.0,1.4923624,803
EUCA4,EUCATEX S.A. INDUSTRIA E COMERCIO,BR_STOCK,EUCA4,4.5,C,0.5,C,4.0,Forte,20.24,23.42,22.21,20.82,3033975.97,False,0.0,False,0.0,False,0.0,False,0.0,False,0.0,False,False,2.31,23.59,False,False,False,False,False,False,False,14.633,4.54054,0.6711722,804
SEER3,SER EDUCACIONAL S.A.,BR_STOCK,SEER3,4.5,C,0.5,C,4.0,Forte,11.28,11.52,11.68,11.1,13393871.68,False,0.0,False,0.0,False,0.0,False,0.0,False,0.0,False,False,1.64,12.62,False,False,False,False,False,False,False,18.484,1.5494505,1.0182343,805
T2DH34,T2DH34,BDR,TDOC (BDR: T2DH34),4.5,C,0.5,C,1.0,Fraco,6.82,8.09,6.56,6.79,16902297.36,False,0.0,False,0.0,False,0.0,False,0.0,False,0.0,False,False,0.47,9.86,False,False,False,False,False,False,False,-12.985,999.0,0.9449529,806
NAVT11,NAVT11,ETF,NAVT11,4.5,C,0.5,C,1.0,Fraco,65.98,72.92,72.57,70.32,77328.56,False,0.0,False,0.0,False,0.0,False,0.0,False,0.0,False,False,0.95,75.04,False,False,False,False,False,False,False,0.0,9.771852,999.0,807
M1SC34,M1SC34,BDR,MSCI (BDR: M1SC34),4.5,C,0.5,C,2.0,Fraco,569.25,587.26,574.75,571.6,189620956.38,False,0.0,False,0.0,False,0.0,False,0.0,False,0.0,False,False,0.48,644.77,False,False,False,False,False,False,False,0.0,31.123343,-15.387522,808
JDCO34,JDCO34,BDR,JD (BDR: JDCO34),4.5,C,0.5,C,3.0,OK,29.06,29.21,28.74,28.82,416346128.61,False,0.0,False,0.0,False,0.0,False,0.0,False,0.0,False,False,1.42,33.49,False,False,False,False,False,False,False,6.0040000000000004,19.503355,1.1939694,809
S2ED34,S2ED34,BDR,SEDG (BDR: S2ED34),4.5,C,0.5,C,2.0,Fraco,32.42,49.63,45.54,42.48,51351364.32,False,0.0,False,0.0,False,0.0,False,0.0,False,0.0,False,False,0.31,54.88,False,False,False,False,False,False,False,-58.424,999.0,4.800829,810
NETE34,NETE34,BDR,NTES (BDR: NETE34),4.5,C,0.5,C,5.0,Forte,125.12,126.48,121.07,125.03,131134145.92,False,0.0,False,0.0,False,0.0,False,0.0,False,0.0,False,False,1.47,135.3,False,False,False,False,False,False,False,22.128001,15.959184,16.3866,811
FNOR11,FNOR11,ETF,FNOR11,4.5,C,0.5,C,0.0,Fraco,0.65,0.83,0.74,0.71,13356849.51,False,0.0,False,0.0,False,0.0,False,0.0,False,0.0,False,False,1.49,1.12,False,False,False,False,False,False,False,0.0,999.0,999.0,812
SNID11,SNID11,ETF,SNID11,4.5,C,0.5,C,0.0,Fraco,10.35,10.72,10.66,10.47,372393.01,False,0.0,False,0.0,False,0.0,False,0.0,False,0.0,False,False,3.69,11.06,False,False,False,False,False,False,False,0.0,999.0,999.0,813
LOGG3,LOG COMMERCIAL PROPERTIES,BR_STOCK,LOGG3,4.5,C,0.5,C,4.0,Forte,23.29,26.4,24.99,23.69,9348606.37,False,0.0,False,0.0,False,0.0,False,0.0,False,0.0,False,False,0.75,26.83,False,False,False,False,False,False,False,11.023,5.078261,0.5635434,814
S2TA34,S2TA34,BDR,STAG (BDR: S2TA34),4.5,C,0.5,C,3.0,OK,36.75,38.64,37.86,37.7,23045006.25,False,0.0,False,0.0,False,0.0,False,0.0,False,0.0,False,False,0.44,42.61,False,False,False,False,False,False,False,6.9759995,28.269232,1.9596864,815
G1AR34,G1AR34,BDR,IT (BDR: G1AR34),4.5,C,0.5,C,3.0,OK,181.07,149.3,161.73,180.88,265257420.81,False,0.0,False,0.0,False,0.0,False,0.0,False,0.0,False,False,0.84,194.53,False,False,False,False,False,False,False,113.581,16.268644,-69.69592,816
TJXC34,TJXC34,BDR,TJX (BDR: TJXC34),4.5,C,0.5,C,3.0,OK,152.1,157.22,155.8,154.13,433463419.19,False,0.0,False,0.0,False,0.0,False,0.0,False,0.0,False,False,0.56,162.53,False,False,False,False,False,False,False,61.25000000000001,29.591442,16.15679,817
HREC11,HREC11,ETF,HREC11,4.5,C,0.5,C,1.0,Fraco,8.0,8.25,8.12,8.01,148728.0,False,0.0,False,0.0,False,0.0,False,0.0,False,0.0,False,False,0.51,9.8,False,False,False,False,False,False,False,0.0,9.195402,999.0,818
HGRU11,HGRU11,ETF,HGRU11,4.5,C,0.5,C,0.0,Fraco,115.54,125.97,125.63,124.14,6397565.39,False,0.0,False,0.0,False,0.0,False,0.0,False,0.0,False,False,0.92,127.24,False,False,False,False,False,False,False,0.0,11559.0,999.0,819
DUOL34,DUOL34,BDR,DUOL (BDR: DUOL34),4.5,C,0.5,C,4.0,Forte,132.83,127.56,117.3,137.35,139614427.0,False,0.0,False,0.0,False,0.0,False,0.0,False,0.0,False,False,0.62,146.85,False,False,False,False,False,False,False,34.42,15.700946,4.4024262,820
KORE11,KORE11,ETF,KORE11,4.5,C,0.5,C,1.0,Fraco,64.86,64.33,68.49,67.51,1458312.25,False,0.0,False,0.0,False,0.0,False,0.0,False,0.0,False,False,0.47,68.71,False,False,False,False,False,False,False,0.0,4.3478556,999.0,821
E2EF34,E2EF34,BDR,EEFT (BDR: E2EF34),4.5,C,0.5,C,3.0,OK,73.2,73.3,71.8,72.49,43702594.18,False,0.0,False,0.0,False,0.0,False,0.0,False,0.0,False,False,0.84,83.97,False,False,False,False,False,False,False,22.371,11.619047,2.714328,822
PSSA3,PORTO SEGURO S.A.,BR_STOCK,PSSA3,4.5,C,0.5,C,4.0,Forte,46.58,52.18,49.9,48.81,83718237.29,False,0.0,False,0.0,False,0.0,False,0.0,False,0.0,False,False,0.96,55.55,False,False,False,False,False,False,False,24.169001,8.198944,1.8944756,823
BCHI39,ISHARES MSCI CHINA ETF,BDR,BCHI (BDR: BCHI39),4.5,C,0.5,C,1.0,Fraco,26.75,31.31,29.41,28.15,1076580.5,False,0.0,False,0.0,False,0.0,False,0.0,False,0.0,False,False,1.07,31.63,False,False,False,False,False,False,False,0.0,12.719271,999.0,824
TSNF34,TSNF34,BDR,TSN (BDR: TSNF34),4.5,C,0.5,C,2.0,Fraco,58.17,57.79,61.18,59.59,173773445.99,False,0.0,False,0.0,False,0.0,False,0.0,False,0.0,False,False,0.9,63.03,False,False,False,False,False,False,False,3.263,35.907406,1.1319323,825
N1IS34,N1IS34,BDR,NI (BDR: N1IS34),4.5,C,0.5,C,1.0,Fraco,42.49,45.67,45.67,44.62,156547156.59,False,0.0,False,0.0,False,0.0,False,0.0,False,0.0,False,False,0.5,46.76,False,False,False,False,False,False,False,8.5489996,22.603724,2.1091423,826
ICRI11,ICRI11,ETF,ICRI11,4.5,C,0.5,C,1.0,Fraco,87.34,92.89,92.5,89.52,756451.71,False,0.0,False,0.0,False,0.0,False,0.0,False,0.0,False,False,2.23,94.99,False,False,False,False,False,False,False,0.0,5.873069,999.0,827
N1XP34,N1XP34,BDR,NXPI (BDR: N1XP34),4.5,C,0.5,C,4.0,Forte,234.71,273.44,250.47,240.77,656526606.0,False,0.0,False,0.0,False,0.0,False,0.0,False,0.0,False,False,0.65,280.46,False,False,False,False,False,False,False,27.921000000000003,46.662025,5.1941934,828
K2RC34,K2RC34,BDR,KRC (BDR: K2RC34),4.5,C,0.5,C,1.0,Fraco,36.33,38.13,33.77,35.02,23330421.92,False,0.0,False,0.0,False,0.0,False,0.0,False,0.0,False,False,0.59,40.85,False,False,False,False,False,False,False,3.431,25.4021,0.80840796,829
DGCO34,DGCO34,BDR,DG (BDR: DGCO34),4.5,C,0.5,C,4.0,Forte,123.29,118.55,125.52,123.28,153085248.86,False,0.0,False,0.0,False,0.0,False,0.0,False,0.0,False,False,0.67,131.25,False,False,False,False,False,False,False,18.91,17.438473,3.0753305,830
S1RE34,S1RE34,BDR,SRE (BDR: S1RE34),4.5,C,0.5,C,2.0,Fraco,86.43,90.61,91.28,90.66,196432278.14,False,0.0,False,0.0,False,0.0,False,0.0,True,0.8,False,False,0.5,95.12,False,False,False,False,False,False,False,6.679,25.050726,1.751444,831
KNDI11,KNDI11,ETF,KNDI11,4.5,C,0.5,C,0.0,Fraco,97.42,100.54,99.38,97.51,1080680.04,False,0.0,False,0.0,False,0.0,False,0.0,False,0.0,False,False,0.88,102.99,False,False,False,False,False,False,False,0.0,999.0,999.0,832
R2HH34,R2HH34,BDR,RH (BDR: R2HH34),4.5,C,0.5,C,0.0,Fraco,181.85,167.47,161.84,163.47,55157834.6,False,0.0,False,0.0,False,0.0,False,0.0,False,0.0,False,False,0.42,200.99,False,False,False,False,False,False,False,0.0,35.174084,60.375168,833
CMIG3,CIA ENERGETICA DE MINAS GERAIS - CEMIG,BR_STOCK,CMIG3,4.5,C,0.5,C,4.0,Forte,14.86,15.87,15.63,15.04,1662833.96,False,0.0,False,0.0,False,0.0,False,0.0,False,0.0,False,False,1.41,17.05,False,False,False,False,False,False,False,17.038,8.725146,1.4775203,834
GARE11,GARE11,ETF,GARE11,4.5,C,0.5,C,0.0,Fraco,8.12,8.12,8.16,8.23,7852786.93,False,0.0,False,0.0,False,0.0,False,0.0,False,0.0,True,False,0.87,8.23,False,False,False,False,False,False,False,0.0,999.0,999.0,835
KOPA11,KOPA11,ETF,KOPA11,4.5,C,0.5,C,0.0,Fraco,265.01,291.09,280.79,267.8,246724.32,False,0.0,False,0.0,False,0.0,False,0.0,False,0.0,False,False,1.7,298.64,False,False,False,False,False,False,False,0.0,999.0,999.0,836
P1GR34,P1GR34,BDR,PGR (BDR: P1GR34),4.5,C,0.5,C,5.0,Forte,209.58,213.68,206.31,207.17,425038093.97,False,0.0,False,0.0,False,0.0,False,0.0,False,0.0,False,False,0.97,223.1,False,False,False,False,False,False,False,34.943000000000005,10.515805,3.546613,837
USIM5,USINAS SID DE MINAS GERAIS S.A.-USIMINAS,BR_STOCK,USIM5,4.5,C,0.5,C,2.0,Fraco,6.32,8.57,7.83,7.28,43135265.17,False,0.0,False,0.0,False,0.0,False,0.0,False,0.0,False,False,0.63,8.8,False,False,False,False,False,False,False,-8.073,999.0,0.37880605,838
ABEV3,AMBEV S.A.,BR_STOCK,ABEV3,4.5,C,0.5,C,5.0,Forte,14.76,15.92,15.56,14.89,425743350.6,False,0.0,False,0.0,False,0.0,False,0.0,False,0.0,False,False,1.02,16.37,False,False,False,False,False,False,False,18.4,14.339807,2.5844269,839
SKHY34,SKHY34,BDR,SKHY (BDR: SKHY34),4.5,C,0.5,C,4.0,Forte,166.33,153.66,,,3377210264.26,False,0.0,False,0.0,False,0.0,False,0.0,False,0.0,False,False,0.73,177.93,False,False,False,False,False,False,False,92.67999999999999,22.2664,6.340656,840
USIM3,USINAS SID DE MINAS GERAIS S.A.-USIMINAS,BR_STOCK,USIM3,4.5,C,0.5,C,2.0,Fraco,5.59,7.72,7.4,6.94,2390843.07,False,0.0,False,0.0,False,0.0,False,0.0,False,0.0,False,False,0.48,7.82,False,False,False,False,False,False,False,-8.073,999.0,0.33445215,841
N1VO34,N1VO34,BDR,NVO (BDR: N1VO34),4.5,C,0.5,C,4.0,Forte,45.89,47.23,44.94,45.64,466107431.31,False,0.0,False,0.0,False,0.0,False,0.0,False,0.0,False,False,0.59,52.12,False,False,False,False,False,False,False,59.815,11.302956,6.5456142,842
P1UK34,P1UK34,BDR,PUK (BDR: P1UK34),4.5,C,0.5,C,5.0,Forte,27.89,27.76,29.48,29.38,18380286.36,False,0.0,False,0.0,False,0.0,False,0.0,False,0.0,False,False,0.56,31.0,False,False,False,False,False,False,False,20.577998,9.083062,7.0186257,843
JPPA11,JPPA11,ETF,JPPA11,4.5,C,0.5,C,1.0,Fraco,75.12,81.54,81.04,78.38,160907.05,False,0.0,False,0.0,False,0.0,False,0.0,False,0.0,False,False,2.19,84.1,False,False,False,False,False,False,False,0.0,5.4082074,999.0,844
B1TI34,B1TI34,BDR,BTI (BDR: B1TI34),4.5,C,0.5,C,3.0,OK,57.06,59.98,59.05,57.68,213738263.2,False,0.0,False,0.0,False,0.0,False,0.0,False,0.0,False,False,0.95,63.67,False,False,False,False,False,False,False,13.424,14.519084,9.849717,845
CURY3,CURY CONSTRUTORA E INCORPORADORA S.A.,BR_STOCK,CURY3,4.25,C,0.5,C,5.0,Forte,31.64,32.21,33.29,33.09,132951277.44,False,0.0,False,0.0,False,0.0,False,0.0,True,0.7,False,False,0.92,33.32,False,False,False,False,False,False,False,73.690003,8.668492,7.054626,846
T1DG34,T1DG34,BDR,TDG (BDR: T1DG34),4.12,C,0.5,C,2.0,Fraco,1256.26,1267.57,1263.27,1277.98,478964203.84,False,0.0,False,0.0,False,0.0,False,0.0,True,0.65,False,False,0.68,1359.27,False,False,False,False,False,False,False,0.0,38.03391,-7.4788957,847
LVOL11,LVOL11,ETF,LVOL11,4.12,C,0.5,C,1.0,Fraco,127.56,136.66,139.56,135.72,1355197.41,False,0.0,False,0.0,False,0.0,False,0.0,True,0.65,False,False,1.56,143.19,False,False,False,False,False,False,False,0.0,10.555806,999.0,848
VALE3,VALE S.A.,BR_STOCK,VALE3,4.0,C,0.5,C,2.0,Fraco,71.36,74.38,78.71,75.03,1360514091.64,False,0.0,False,0.0,False,0.0,False,0.0,False,0.0,True,False,0.88,74.97,False,False,False,False,False,False,False,4.1149996,27.43077,1.5435894,849
NOCG34,NOCG34,BDR,NOC (BDR: NOCG34),4.0,C,0.5,C,4.0,Forte,585.96,539.47,613.82,601.57,200966708.74,False,0.0,False,0.0,False,0.0,False,0.0,False,0.0,True,False,0.57,581.59,False,False,False,False,False,False,False,26.958,18.637405,4.654614,850
SOLH11,SOLH11,ETF,SOLH11,4.0,C,0.5,C,0.0,Fraco,10.85,10.59,12.49,14.74,93017.05,False,0.0,False,0.0,False,0.0,False,0.0,False,0.0,True,False,0.37,11.15,False,False,False,False,False,False,False,0.0,999.0,999.0,851
SLCE3,SLC AGRICOLA S.A.,BR_STOCK,SLCE3,4.0,C,0.5,C,0.0,Fraco,13.36,13.53,15.75,15.32,40637110.96,False,0.0,False,0.0,False,0.0,False,0.0,False,0.0,True,False,1.28,14.06,False,False,False,False,False,False,False,5.2529998,21.532259,1.2478968,852
HYPE3,HYPERA S.A.,BR_STOCK,HYPE3,4.0,C,0.5,C,4.0,Forte,21.49,20.86,22.1,22.53,83815297.11,False,0.0,False,0.0,False,0.0,False,0.0,False,0.0,True,False,1.3,22.33,False,False,False,False,False,False,False,13.163,8.136363,1.0699875,853
ETHA39,ISHARES ETHEREUM TRUST ETF,BDR,ETHA (BDR: ETHA39),4.0,C,0.5,C,0.0,Fraco,14.18,13.49,15.96,17.94,265103202.49,False,0.0,False,0.0,False,0.0,False,0.0,False,0.0,True,False,0.76,14.92,False,False,False,False,False,False,False,0.0,999.0,999.0,854
QSOL11,QSOL11,ETF,QSOL11,4.0,C,0.5,C,0.0,Fraco,4.66,4.61,5.46,6.49,86363.78,False,0.0,False,0.0,False,0.0,False,0.0,False,0.0,True,False,0.48,4.84,False,False,False,False,False,False,False,0.0,999.0,999.0,855
PSKY34,PSKY34,BDR,PSKY (BDR: PSKY34),4.0,C,0.5,C,1.0,Fraco,10.14,9.41,10.25,11.29,106209466.44,False,0.0,False,0.0,False,0.0,False,0.0,False,0.0,True,False,0.76,10.05,False,False,False,False,False,False,False,-0.8959999999999999,338.00003,0.96571434,856
I2NG34,I2NG34,BDR,INGR (BDR: I2NG34),4.0,C,0.5,C,3.0,OK,105.2,100.12,107.2,107.23,35055268.98,False,0.0,False,0.0,False,0.0,False,0.0,False,0.0,True,False,0.42,106.46,False,False,False,False,False,False,False,13.693,11.434783,1.4673064,857
OBTC3,ORANJEBTC S.A. - EDUCAÇÃO E INVESTIMENTO,BR_STOCK,OBTC3,4.0,C,0.5,C,1.0,Fraco,6.2,6.13,6.91,7.24,1125919.97,False,0.0,False,0.0,False,0.0,False,0.0,False,0.0,True,False,0.75,6.48,False,False,False,False,False,False,False,0.0,999.0,1.4605418,858
ETHE11,ETHE11,ETF,ETHE11,4.0,C,0.5,C,0.0,Fraco,28.27,26.47,31.55,36.14,1815414.62,False,0.0,False,0.0,False,0.0,False,0.0,False,0.0,True,False,0.48,29.12,False,False,False,False,False,False,False,0.0,999.0,999.0,859
ASAI3,SENDAS DISTRIBUIDORA S.A.,BR_STOCK,ASAI3,4.0,C,0.5,C,2.0,Fraco,8.03,8.34,8.6,8.55,79136450.37,False,0.0,False,0.0,False,0.0,False,0.0,True,1.0,False,False,1.02,8.91,False,False,False,False,False,False,False,16.157,21.729729,1.9424982,860
G1MI34,G1MI34,BDR,GIS (BDR: G1MI34),4.0,C,2.0,C,1.0,Fraco,39.2,35.7,37.52,39.25,164614915.2,False,0.0,False,0.0,False,0.0,False,0.0,False,0.0,True,False,0.5,39.56,False,False,False,False,False,True,False,-1.028,999.0,3.7859764,861
ORBX39,ORBX39,BDR,ORBX (BDR: ORBX39),4.0,C,0.5,C,0.0,Fraco,47.67,48.4,53.31,,1337334.13,False,0.0,False,0.0,False,0.0,False,0.0,False,0.0,True,False,1.06,48.6,False,False,False,False,False,False,False,0.0,999.0,999.0,862
B1AM34,B1AM34,BDR,BN (BDR: B1AM34),4.0,C,0.5,C,2.0,Fraco,43.85,43.65,44.08,44.51,226652110.31,False,0.0,False,0.0,False,0.0,False,0.0,False,0.0,True,False,1.02,45.62,False,False,False,False,False,False,False,2.26,81.21296,2.294992,863
M1LC34,M1LC34,BDR,MLCO (BDR: M1LC34),4.0,C,0.5,C,2.0,Fraco,5.6,5.48,5.7,6.36,7220813.48,False,0.0,False,0.0,False,0.0,False,0.0,False,0.0,True,False,0.81,5.84,False,False,False,False,False,False,False,0.0,9.655172,-1.7834394,864
SANB4,BCO SANTANDER (BRASIL) S.A.,BR_STOCK,SANB4,4.0,C,0.5,C,3.0,OK,14.93,13.79,14.93,15.17,11063130.23,False,0.0,False,0.0,False,0.0,False,0.0,False,0.0,True,False,0.85,14.99,False,False,False,False,False,False,False,11.151,8.440678,0.43946347,865
PEPB34,PEPB34,BDR,PEP (BDR: PEPB34),4.0,C,0.5,C,4.0,Forte,140.79,140.13,148.77,147.12,518078735.71,False,0.0,False,0.0,False,0.0,False,0.0,False,0.0,True,False,0.54,145.43,False,False,False,False,False,False,False,51.507999999999996,18.428009,8.703096,866
HSHY34,HSHY34,BDR,HSY (BDR: HSHY34),4.0,C,0.5,C,3.0,OK,184.22,177.89,194.39,190.17,112482706.33,False,0.0,False,0.0,False,0.0,False,0.0,False,0.0,True,False,0.43,188.37,False,False,False,False,False,False,False,32.808998,25.201096,8.112203,867
H1TH34,H1TH34,BDR,HTHT (BDR: H1TH34),4.0,C,0.5,C,3.0,OK,41.88,42.41,47.02,46.41,59749778.72,False,0.0,False,0.0,False,0.0,False,0.0,False,0.0,True,False,1.13,43.7,False,False,False,False,False,False,False,46.356,17.897436,7.9321504,868
C1PB34,C1PB34,BDR,CPB (BDR: C1PB34),4.0,C,2.0,C,3.0,OK,23.17,22.15,22.59,23.94,61520961.03,False,0.0,False,0.0,False,0.0,False,0.0,False,0.0,True,False,0.55,23.44,False,False,False,False,False,True,False,15.389,11.357843,1.7141377,869
COIN11,COIN11,ETF,COIN11,4.0,C,0.5,C,0.0,Fraco,38.78,38.19,42.56,46.3,1740058.55,False,0.0,False,0.0,False,0.0,False,0.0,False,0.0,True,False,1.16,39.53,False,False,False,False,False,False,False,0.0,999.0,999.0,870
NFLX34,NFLX34,BDR,NFLX (BDR: NFLX34),4.0,C,0.5,C,4.0,Forte,78.16,74.84,84.86,89.2,2015275345.94,False,0.0,False,0.0,False,0.0,False,0.0,False,0.0,True,False,0.83,78.4,False,False,False,False,False,False,False,49.541000000000004,24.578617,10.794089,871
N1IC34,N1IC34,BDR,NICE (BDR: N1IC34),4.0,C,0.5,C,3.0,OK,102.26,95.14,103.74,106.63,41801639.15,False,0.0,False,0.0,False,0.0,False,0.0,False,0.0,True,False,0.54,105.84,False,False,False,False,False,False,False,11.331,14.885008,39.801037,872
G1DS34,G1DS34,BDR,GDS (BDR: G1DS34),4.0,C,0.5,C,2.0,Fraco,34.41,32.3,38.97,37.84,56961419.09,False,0.0,False,0.0,False,0.0,False,0.0,False,0.0,True,False,0.77,35.4,False,False,False,False,False,False,False,12.767000000000001,15.293333,1.5884402,873
S1BS34,S1BS34,BDR,SBSW (BDR: S1BS34),4.0,C,0.5,C,2.0,Fraco,10.78,9.21,12.44,12.41,31884705.91,False,0.0,False,0.0,False,0.0,False,0.0,False,0.0,True,False,0.55,10.93,False,False,False,False,False,False,False,-10.2510005,999.0,6.327228,874
BITC11,BITC11,ETF,BITC11,4.0,C,0.5,C,0.0,Fraco,53.59,53.32,60.28,66.05,82207.06,False,0.0,False,0.0,False,0.0,False,0.0,False,0.0,True,False,1.51,56.07,False,False,False,False,False,False,False,0.0,999.0,999.0,875
S1NP34,S1NP34,BDR,SNPS (BDR: S1NP34),4.0,C,0.5,C,2.0,Fraco,421.5,426.97,448.53,447.31,463755796.5,False,0.0,False,0.0,False,0.0,False,0.0,False,0.0,True,False,0.77,421.37,False,False,False,False,False,False,False,3.8240000000000003,96.67431,2.6475964,876
XINA11,XINA11,ETF,XINA11,4.0,C,2.0,C,1.0,Fraco,7.39,7.14,7.58,7.85,1200734.57,False,0.0,False,0.0,False,0.0,False,0.0,False,0.0,True,False,0.69,7.56,False,False,False,False,False,True,False,0.0,12.334641,999.0,877
HODL11,HODL11,ETF,HODL11,4.0,C,0.5,C,0.0,Fraco,55.32,54.69,61.84,67.77,536548.68,False,0.0,False,0.0,False,0.0,False,0.0,False,0.0,True,False,0.76,57.25,False,False,False,False,False,False,False,0.0,999.0,999.0,878
FRAS3,FRASLE MOBILITY S.A.,BR_STOCK,FRAS3,4.0,C,0.5,C,2.0,Fraco,21.7,20.78,21.96,22.29,4546150.16,False,0.0,False,0.0,False,0.0,False,0.0,False,0.0,True,False,0.64,22.43,False,False,False,False,False,False,False,12.4060005,21.7,2.388027,879
HASH11,HASH11,ETF,HASH11,4.0,C,0.5,C,0.0,Fraco,42.44,42.0,48.24,53.64,4814520.76,False,0.0,False,0.0,False,0.0,False,0.0,False,0.0,True,False,0.67,44.03,False,False,False,False,False,False,False,0.0,999.0,999.0,880
QETH11,QETH11,ETF,QETH11,4.0,C,0.5,C,0.0,Fraco,6.83,6.5,7.75,8.9,57993.53,False,0.0,False,0.0,False,0.0,False,0.0,False,0.0,True,False,0.25,7.1,False,False,False,False,False,False,False,0.0,999.0,999.0,881
ORLY34,ORLY34,BDR,ORLY (BDR: ORLY34),4.0,C,0.5,C,2.0,Fraco,91.05,88.94,91.77,92.71,295162804.19,False,0.0,False,0.0,False,0.0,False,0.0,False,0.0,True,False,0.69,94.12,False,False,False,False,False,False,False,0.0,28.904762,-40.48466,882
K1TC34,K1TC34,BDR,KT (BDR: K1TC34),4.0,C,0.5,C,2.0,Fraco,19.11,18.17,20.22,19.8,28767755.39,False,0.0,False,0.0,False,0.0,False,0.0,False,0.0,True,False,0.71,19.12,False,False,False,False,False,False,False,7.152,8.53125,0.74836737,883
OURO11,OURO11,ETF,OURO11,4.0,C,0.5,C,0.0,Fraco,98.3,92.63,101.0,101.0,229432.21,False,0.0,False,0.0,False,0.0,False,0.0,False,0.0,True,False,0.35,99.8,False,False,False,False,False,False,False,0.0,999.0,999.0,884
F1IS34,F1IS34,BDR,FISV (BDR: F1IS34),4.0,C,0.5,C,1.0,Fraco,54.39,51.68,57.16,59.51,292412548.13,False,0.0,False,0.0,False,0.0,False,0.0,False,0.0,True,False,0.48,56.63,False,False,False,False,False,False,False,0.0,10.41954,1.0734798,885
GBTC11,GBTC11,ETF,GBTC11,4.0,C,0.5,C,0.0,Fraco,26.8,25.54,28.53,29.1,55797.6,False,0.0,False,0.0,False,0.0,False,0.0,False,0.0,True,False,0.65,27.14,False,False,False,False,False,False,False,0.0,999.0,999.0,886
SPXI11,SPXI11,ETF,SPXI11,4.0,C,0.5,C,0.0,Fraco,55.78,52.78,71.83,154.85,1768616.42,False,0.0,False,0.0,False,0.0,False,0.0,False,0.0,True,False,0.22,55.28,False,False,False,False,False,False,False,0.0,27.380709,999.0,887
BITH11,BITH11,ETF,BITH11,4.0,C,0.5,C,0.0,Fraco,73.99,73.29,83.02,91.07,3048757.86,False,0.0,False,0.0,False,0.0,False,0.0,False,0.0,True,False,0.63,76.63,False,False,False,False,False,False,False,0.0,999.0,999.0,888
RBRR11,RBRR11,ETF,RBRR11,4.0,C,0.5,C,0.0,Fraco,73.5,76.33,79.3,78.84,3193060.5,False,0.0,False,0.0,False,0.0,False,0.0,False,0.0,True,False,0.84,77.15,False,False,False,False,False,False,False,0.0,999.0,999.0,889
CMCS34,CMCS34,BDR,CMCSA (BDR: CMCS34),4.0,C,0.5,C,1.0,Fraco,26.18,23.75,26.61,26.3,502468399.98,False,0.0,False,0.0,False,0.0,False,0.0,False,0.0,True,False,0.75,26.26,False,False,False,False,False,False,False,11.4879996,8.155764,1.0343329,890
S1RP34,S1RP34,BDR,SRPT (BDR: S1RP34),4.0,C,0.5,C,1.0,Fraco,18.1,16.99,18.64,19.14,27585450.38,False,0.0,False,0.0,False,0.0,False,0.0,False,0.0,True,False,0.47,18.73,False,False,False,False,False,False,False,-9.478,999.0,1.2512963,891
QBTC11,QBTC11,ETF,QBTC11,4.0,C,0.5,C,0.0,Fraco,19.76,19.69,22.28,24.49,1084112.65,False,0.0,False,0.0,False,0.0,False,0.0,False,0.0,True,False,0.58,20.6,False,False,False,False,False,False,False,0.0,999.0,999.0,892
BEST11,BEST11,ETF,BEST11,3.62,C,0.5,C,1.0,Fraco,104.41,113.89,117.92,115.49,997324.35,False,0.0,False,0.0,False,0.0,False,0.0,True,0.85,False,False,1.53,118.34,False,False,False,False,False,False,False,0.0,10.151408,999.0,893
LVBI11,LVBI11,ETF,LVBI11,3.5,C,0.5,C,0.0,Fraco,96.23,102.75,105.23,104.74,6647953.55,False,0.0,False,0.0,False,0.0,False,0.0,False,0.0,False,False,1.48,105.42,False,False,False,False,False,False,False,0.0,999.0,999.0,894
PGCO34,PGCO34,BDR,PG (BDR: PGCO34),3.5,C,0.5,C,3.0,OK,144.56,147.1,147.0,145.81,806826353.73,False,0.0,False,0.0,False,0.0,False,0.0,False,0.0,False,False,0.69,153.68,False,False,False,False,False,False,False,30.290001999999998,21.836859,6.299734,895
HABT11,HABT11,ETF,HABT11,3.5,C,0.5,C,0.0,Fraco,67.17,70.52,71.8,70.18,975241.2,False,0.0,False,0.0,False,0.0,False,0.0,False,0.0,False,False,0.76,71.85,False,False,False,False,False,False,False,0.0,999.0,999.0,896
KFOF11,KFOF11,ETF,KFOF11,3.5,C,0.5,C,1.0,Fraco,74.83,78.16,79.67,79.1,1191443.29,False,0.0,False,0.0,False,0.0,False,0.0,False,0.0,False,False,1.62,79.81,False,False,False,False,False,False,False,0.0,19.18718,999.0,897
CMIG4,CIA ENERGETICA DE MINAS GERAIS - CEMIG,BR_STOCK,CMIG4,3.5,C,0.5,C,4.0,Forte,10.21,10.87,11.23,11.0,237149712.89,False,0.0,False,0.0,False,0.0,False,0.0,False,0.0,False,False,1.84,11.46,False,False,False,False,False,False,False,17.038,5.9707603,1.0110914,898
E2AG34,E2AG34,BDR,EXP (BDR: E2AG34),3.5,C,0.5,C,3.0,OK,208.35,214.35,210.5,211.36,51384736.96,False,0.0,False,0.0,False,0.0,False,0.0,True,0.8,False,False,0.6,225.21,False,False,False,False,False,False,False,27.029999999999998,16.405512,4.3163457,899
ALUP4,ALUPAR INVESTIMENTO S/A,BR_STOCK,ALUP4,3.5,C,0.5,C,2.0,Fraco,10.14,10.34,10.56,10.47,464412.02,False,0.0,False,0.0,False,0.0,False,0.0,False,0.0,False,False,3.49,10.92,False,False,False,False,False,False,False,12.679000000000002,12.119048,1.0985216,900
HSLG11,HSLG11,ETF,HSLG11,3.5,C,0.5,C,1.0,Fraco,83.29,87.84,88.77,87.76,872879.21,False,0.0,False,0.0,False,0.0,False,0.0,False,0.0,False,False,1.53,92.48,False,False,False,False,False,False,False,0.0,5.96564,999.0,901
IRIM11,IRIM11,ETF,IRIM11,3.5,C,0.5,C,1.0,Fraco,59.89,64.19,62.44,62.88,3144284.86,False,0.0,False,0.0,False,0.0,False,0.0,False,0.0,False,False,1.15,65.3,False,False,False,False,False,False,False,0.0,6.8774347,999.0,902
JSRE11,JSRE11,ETF,JSRE11,3.5,C,0.5,C,1.0,Fraco,56.65,59.09,62.05,61.81,2655752.07,False,0.0,False,0.0,False,0.0,False,0.0,False,0.0,False,False,0.96,61.46,False,False,False,False,False,False,False,1.9769999999999999,9.135265,0.51766145,903
QLBR11,QLBR11,ETF,QLBR11,3.5,C,0.5,C,1.0,Fraco,106.45,113.15,,,1239610.21,False,0.0,False,0.0,False,0.0,False,0.0,False,0.0,False,False,1.28,115.76,False,False,False,False,False,False,False,0.0,5.119886,999.0,904
GCRA11,GCRA11,ETF,GCRA11,3.5,C,0.5,C,0.0,Fraco,47.77,50.0,50.89,49.59,522699.35,False,0.0,False,0.0,False,0.0,False,0.0,False,0.0,False,False,3.18,51.49,False,False,False,False,False,False,False,0.0,999.0,999.0,905
RBFM11,RBFM11,ETF,RBFM11,3.5,C,0.5,C,1.0,Fraco,9.84,10.28,10.33,10.05,130704.72,False,0.0,False,0.0,False,0.0,False,0.0,False,0.0,False,False,0.43,10.48,False,False,False,False,False,False,False,0.0,3.6716418,999.0,906
GRUL11,GRUL11,ETF,GRUL11,3.5,C,0.5,C,1.0,Fraco,8.22,8.29,8.42,8.26,121360.08,False,0.0,False,0.0,False,0.0,False,0.0,False,0.0,False,False,0.55,9.18,False,False,False,False,False,False,False,0.0,7.1478267,999.0,907
VILG11,VILG11,ETF,VILG11,3.5,C,0.5,C,1.0,Fraco,88.79,92.92,95.7,94.01,1850028.46,False,0.0,False,0.0,False,0.0,False,0.0,False,0.0,False,False,0.93,95.34,False,False,False,False,False,False,False,0.0,14.284566,999.0,908
C1MG34,C1MG34,BDR,CMG (BDR: C1MG34),3.5,C,0.5,C,2.0,Fraco,33.51,33.17,34.54,34.53,423613813.51,False,0.0,False,0.0,False,0.0,False,0.0,False,0.0,False,False,0.6,39.09,False,False,False,False,False,False,False,49.560001,31.023148,19.31124,909
FSLR34,FSLR34,BDR,FSLR (BDR: FSLR34),3.5,C,0.5,C,3.0,OK,225.56,235.83,225.52,234.37,501529271.17,False,0.0,False,0.0,False,0.0,False,0.0,False,0.0,False,False,0.64,269.7,False,False,False,False,False,False,False,18.509,23.016325,2.348825,910
XPSF11,XPSF11,ETF,XPSF11,3.5,C,0.5,C,1.0,Fraco,5.86,6.14,6.34,6.22,465196.11,False,0.0,False,0.0,False,0.0,False,0.0,False,0.0,False,False,1.26,6.23,False,False,False,False,False,False,False,0.0,3.6335404,999.0,911
R2AR34,R2AR34,BDR,RARE (BDR: R2AR34),3.5,C,0.5,C,1.0,Fraco,26.49,28.02,24.79,26.64,30146520.4,False,0.0,False,0.0,False,0.0,False,0.0,False,0.0,False,False,0.54,30.07,False,False,False,False,False,False,False,0.0,999.0,-8.949325,912
AIGB34,AIGB34,BDR,AIG (BDR: AIGB34),3.5,C,0.5,C,3.0,OK,76.64,77.43,76.18,76.79,176727748.52,False,0.0,False,0.0,False,0.0,False,0.0,False,0.0,False,False,0.7,81.04,False,False,False,False,False,False,False,7.22,13.984489,0.9902954,913
G2DD34,G2DD34,BDR,GDDY (BDR: G2DD34),3.5,C,0.5,C,4.0,Forte,94.88,87.55,89.14,98.67,154758953.28,False,0.0,False,0.0,False,0.0,False,0.0,False,0.0,False,False,0.56,106.0,False,False,False,False,False,False,False,442.861,14.098068,1790.1886,914
BCRI11,BCRI11,ETF,BCRI11,3.5,C,0.5,C,0.0,Fraco,57.36,59.02,60.9,60.51,325690.08,False,0.0,False,0.0,False,0.0,False,0.0,False,0.0,False,False,1.15,60.45,False,False,False,False,False,False,False,0.0,999.0,999.0,915
ITRI11,ITRI11,ETF,ITRI11,3.5,C,0.5,C,1.0,Fraco,73.39,78.3,81.07,79.12,645318.26,False,0.0,False,0.0,False,0.0,False,0.0,False,0.0,False,False,0.49,79.95,False,False,False,False,False,False,False,0.0,16.571108,999.0,916
RCSL4,RECRUSUL S.A.,BR_STOCK,RCSL4,3.5,C,0.5,C,0.0,Fraco,0.57,0.53,0.99,0.98,1821719.98,False,0.0,False,0.0,False,0.0,False,0.0,False,0.0,False,False,0.52,0.8,False,False,False,False,False,False,False,0.0,999.0,-5.2777777,917
DMVF3,D1000 VAREJO FARMA PARTICIPAÇÕES S.A.,BR_STOCK,DMVF3,3.5,C,0.5,C,2.0,Fraco,6.39,6.72,6.72,6.44,200007.0,False,0.0,False,0.0,False,0.0,False,0.0,False,0.0,False,False,0.89,6.98,False,False,False,False,False,False,False,2.3810001,14.744186,0.347188,918
BTER11,BTER11,ETF,BTER11,3.5,C,0.5,C,1.0,Fraco,19.09,20.85,,,1605831.72,False,0.0,False,0.0,False,0.0,False,0.0,False,0.0,False,False,1.77,21.5,False,False,False,False,False,False,False,0.0,10.256277,999.0,919
KDIF11,KDIF11,ETF,KDIF11,3.5,C,0.5,C,0.0,Fraco,112.14,118.53,120.92,119.49,5771172.93,False,0.0,False,0.0,False,0.0,False,0.0,False,0.0,False,False,1.54,122.22,False,False,False,False,False,False,False,0.0,999.0,999.0,920
TPRY34,TPRY34,BDR,TPR (BDR: TPRY34),3.5,C,0.5,C,4.0,Forte,129.03,146.33,143.41,136.26,650007199.17,False,0.0,False,0.0,False,0.0,False,0.0,False,0.0,False,False,1.69,164.8,False,False,False,False,False,False,False,60.914004,17.74828,38.25378,921
KLBN4,KLABIN S.A.,BR_STOCK,KLBN4,3.5,C,0.5,C,0.0,Fraco,3.48,3.48,3.65,3.61,8798832.05,False,0.0,False,0.0,False,0.0,False,0.0,False,0.0,False,False,0.7,3.73,False,False,False,False,False,False,False,3.6510002,116.0,0.47263345,922
W1IX34,W1IX34,BDR,WIX (BDR: W1IX34),3.5,C,0.5,C,1.0,Fraco,74.13,52.24,68.3,79.22,152808092.23,False,0.0,False,0.0,False,0.0,False,0.0,False,0.0,False,False,0.95,80.66,False,False,False,False,False,False,False,0.0,999.0,-30.281862,923
C1DN34,C1DN34,BDR,CDNS (BDR: C1DN34),3.5,C,0.5,C,4.0,Forte,324.82,361.26,330.01,327.6,806249057.8,False,0.0,False,0.0,False,0.0,False,0.0,False,0.0,False,False,1.28,355.59,False,False,False,False,False,False,False,23.229,64.70518,13.043932,924
KLBN3,KLABIN S.A.,BR_STOCK,KLBN3,3.5,C,0.5,C,0.0,Fraco,3.57,3.5,3.66,3.62,1251998.98,False,0.0,False,0.0,False,0.0,False,0.0,False,0.0,False,False,0.57,3.76,False,False,False,False,False,False,False,3.6510002,118.666664,0.48349857,925
TAEE3,TRANSMISSORA ALIANÇA DE ENERGIA ELÉTRICA S.A.,BR_STOCK,TAEE3,3.5,C,0.5,C,3.0,OK,12.43,13.2,13.39,13.32,3292707.08,False,0.0,False,0.0,False,0.0,False,0.0,False,0.0,False,False,1.55,13.79,False,False,False,False,False,False,False,20.559,7.8797464,0.5388677,926
IRBR3,IRB - BRASIL RESSEGUROS S.A.,BR_STOCK,IRBR3,3.5,C,0.5,C,2.0,Fraco,52.1,53.63,53.96,52.86,78738727.69,False,0.0,False,0.0,False,0.0,False,0.0,False,0.0,False,False,3.34,58.02,False,False,False,False,False,False,False,6.737,17.744898,0.8011979,927
PASS3,COMPASS GAS E ENERGIA S.A.,BR_STOCK,PASS3,3.5,C,0.5,C,2.0,Fraco,21.1,24.54,,,38444200.7,False,0.0,False,0.0,False,0.0,False,0.0,False,0.0,False,False,1.39,25.68,False,False,False,False,False,False,False,18.847998999999998,12.236994,2.63998,928
DIVS11,DIVS11,ETF,DIVS11,3.5,C,0.5,C,0.0,Fraco,92.26,96.26,97.8,96.14,2139509.45,False,0.0,False,0.0,False,0.0,False,0.0,False,0.0,False,False,1.14,98.0,False,False,False,False,False,False,False,0.0,999.0,999.0,929
RBIF11,RBIF11,ETF,RBIF11,3.5,C,0.5,C,0.0,Fraco,70.24,73.31,73.54,71.6,169840.31,False,0.0,False,0.0,False,0.0,False,0.0,False,0.0,False,False,1.67,75.99,False,False,False,False,False,False,False,0.0,999.0,999.0,930
A1TM34,A1TM34,BDR,ATO (BDR: A1TM34),3.5,C,0.5,C,3.0,OK,169.89,173.28,176.79,174.89,117289337.34,False,0.0,False,0.0,False,0.0,False,0.0,False,0.0,False,False,0.63,182.64,False,False,False,False,False,False,False,9.792,20.225,1.881562,931
FIQE3,UNIFIQUE TELECOMUNICAÇÕES S.A.,BR_STOCK,FIQE3,3.5,C,0.5,C,4.0,Forte,4.69,5.59,5.8,5.43,8895992.11,False,0.0,False,0.0,False,0.0,False,0.0,False,0.0,False,False,1.61,5.66,False,False,False,False,False,False,False,18.761998,7.5806446,1.5651015,932
CAMB3,CAMBUCI S.A.,BR_STOCK,CAMB3,3.5,C,0.5,C,3.0,OK,8.2,9.19,9.27,9.19,135300.0,False,0.0,False,0.0,False,0.0,False,0.0,False,0.0,False,False,0.82,9.48,False,False,False,False,False,False,False,19.541,5.5479455,1.0681789,933
SPXS11,SPXS11,ETF,SPXS11,3.5,C,0.5,C,1.0,Fraco,7.39,7.84,8.01,7.94,297447.49,False,0.0,False,0.0,False,0.0,False,0.0,False,0.0,False,False,0.84,7.89,False,False,False,False,False,False,False,0.0,5.0272107,999.0,934
HSML11,HSML11,ETF,HSML11,3.5,C,0.5,C,1.0,Fraco,82.75,85.68,88.77,87.32,3233539.0,False,0.0,False,0.0,False,0.0,False,0.0,False,0.0,False,False,1.14,88.43,False,False,False,False,False,False,False,0.0,18.186813,999.0,935
U1AI34,U1AI34,BDR,UA (BDR: U1AI34),3.5,C,0.5,C,1.0,Fraco,5.24,6.21,6.15,5.72,10825380.8,False,0.0,False,0.0,False,0.0,False,0.0,False,0.0,False,False,0.61,7.32,False,False,False,False,False,False,False,-29.825002,999.0,1.5807714,936
SPGI34,SPGI34,BDR,SPGI (BDR: SPGI34),3.5,C,0.5,C,3.0,OK,418.75,414.33,417.16,431.31,500452731.25,False,0.0,False,0.0,False,0.0,False,0.0,False,0.0,False,False,0.62,462.02,False,False,False,False,False,False,False,14.255,25.47141,3.9188619,937
ENJU3,ENJOEI S.A.,BR_STOCK,ENJU3,3.5,C,0.5,C,2.0,Fraco,0.8,0.8,0.84,0.83,489600.01,False,0.0,False,0.0,False,0.0,False,0.0,False,0.0,False,False,0.59,1.02,False,False,False,False,False,False,False,-5.757000000000001,999.0,0.53867406,938
M1NS34,M1NS34,BDR,MNST (BDR: M1NS34),3.5,C,0.5,C,4.0,Forte,46.82,90.74,83.33,80.78,365283036.0,False,0.0,False,0.0,False,0.0,False,0.0,False,0.0,False,False,1.07,100.34,False,False,False,False,False,False,False,25.704,43.35185,9.794978,939
HFOF11,HFOF11,ETF,HFOF11,3.5,C,0.5,C,1.0,Fraco,6.04,6.32,6.46,6.31,1640995.51,False,0.0,False,0.0,False,0.0,False,0.0,False,0.0,False,False,0.95,6.42,False,False,False,False,False,False,False,0.0,3.3743017,999.0,940
VIGT11,VIGT11,ETF,VIGT11,3.5,C,0.5,C,0.0,Fraco,48.5,49.37,,,95642.0,False,0.0,False,0.0,False,0.0,False,0.0,False,0.0,False,False,0.27,51.97,False,False,False,False,False,False,False,0.0,999.0,999.0,941
SPTW11,SPTW11,ETF,SPTW11,3.5,C,0.5,C,1.0,Fraco,33.92,36.26,37.42,36.33,67500.8,False,0.0,False,0.0,False,0.0,False,0.0,False,0.0,False,False,0.56,38.74,False,False,False,False,False,False,False,12.445,5.262097,0.5915994,942
RBRX11,RBRX11,ETF,RBRX11,3.5,C,0.5,C,0.0,Fraco,7.31,7.87,8.08,7.89,1787602.01,False,0.0,False,0.0,False,0.0,False,0.0,False,0.0,False,False,0.73,8.08,False,False,False,False,False,False,False,0.0,28.076925,999.0,943
UNIP3,UNIPAR CARBOCLORO S.A.,BR_STOCK,UNIP3,3.5,C,0.5,C,1.0,Fraco,55.52,58.24,59.82,58.37,355328.0,False,0.0,False,0.0,False,0.0,False,0.0,False,0.0,False,False,1.18,60.17,False,False,False,False,False,False,False,10.7650004,24.675556,3.3025994,944
NBOV11,NBOV11,ETF,NBOV11,3.5,C,0.5,C,0.0,Fraco,117.49,118.43,123.32,121.39,133821.11,False,0.0,False,0.0,False,0.0,False,0.0,False,0.0,False,False,1.27,124.39,False,False,False,False,False,False,False,0.0,999.0,999.0,945
C2EM34,C2EM34,BDR,CX (BDR: C2EM34),3.5,C,0.5,C,2.0,Fraco,11.06,12.18,12.13,11.81,36500323.98,False,0.0,False,0.0,False,0.0,False,0.0,False,0.0,False,False,0.43,13.08,False,False,False,False,False,False,False,4.0149998,999.0,1.2875437,946
VRTM11,VRTM11,ETF,VRTM11,3.5,C,0.5,C,1.0,Fraco,6.4,6.85,6.92,6.75,233043.2,False,0.0,False,0.0,False,0.0,False,0.0,False,0.0,False,False,1.17,7.01,False,False,False,False,False,False,False,0.0,5.333333,999.0,947
PCIP11,PCIP11,ETF,PCIP11,3.5,C,0.5,C,1.0,Fraco,72.12,77.22,79.8,78.84,1750136.11,False,0.0,False,0.0,False,0.0,False,0.0,False,0.0,False,False,0.72,77.5,False,False,False,False,False,False,False,0.0,7.0507812,999.0,948
A1RE34,A1RE34,BDR,ARE (BDR: A1RE34),3.5,C,0.5,C,1.0,Fraco,48.13,50.58,49.38,49.27,44095551.86,False,0.0,False,0.0,False,0.0,False,0.0,False,0.0,False,False,0.44,55.74,False,False,False,False,False,False,False,-4.0760003000000005,999.0,0.52830315,949
HGRE11,HGRE11,ETF,HGRE11,3.5,C,0.5,C,1.0,Fraco,114.63,121.52,122.4,120.22,1965675.19,False,0.0,False,0.0,False,0.0,False,0.0,False,0.0,False,False,0.98,126.1,False,False,False,False,False,False,False,2.2640000000000002,18.335463,0.6956996,950
DIVD11,DIVD11,ETF,DIVD11,3.5,C,0.5,C,0.0,Fraco,58.37,61.29,62.87,61.05,1320971.45,False,0.0,False,0.0,False,0.0,False,0.0,False,0.0,False,False,1.16,64.22,False,False,False,False,False,False,False,0.0,999.0,999.0,951
WHGR11,WHGR11,ETF,WHGR11,3.5,C,0.5,C,1.0,Fraco,8.43,9.0,9.08,8.87,190846.78,False,0.0,False,0.0,False,0.0,False,0.0,False,0.0,False,False,0.72,9.09,False,False,False,False,False,False,False,0.0,6.4692307,999.0,952
AZEV3,AZEVEDO E TRAVASSOS S.A.,BR_STOCK,AZEV3,3.5,C,0.5,C,1.0,Fraco,4.45,2.68,4.23,4.57,3867049.83,False,0.0,False,0.0,False,0.0,False,0.0,False,0.0,False,False,0.61,5.69,False,False,False,False,False,False,False,-145.301,999.0,1.1628518,953
BAZA3,BCO AMAZONIA S.A.,BR_STOCK,BAZA3,3.5,C,0.5,C,1.0,Fraco,60.98,60.93,65.42,64.92,67078.0,False,0.0,False,0.0,False,0.0,False,0.0,False,0.0,False,False,0.25,65.18,False,False,False,False,False,False,False,12.1879995,3.6712823,0.4759192,954
TAEE4,TRANSMISSORA ALIANÇA DE ENERGIA ELÉTRICA S.A.,BR_STOCK,TAEE4,3.5,C,0.5,C,3.0,OK,12.69,13.41,13.62,13.53,5763797.81,False,0.0,False,0.0,False,0.0,False,0.0,False,0.0,False,False,1.47,14.04,False,False,False,False,False,False,False,20.559,8.025316,0.5488227,955
MELI34,MELI34,BDR,MELI (BDR: MELI34),3.5,C,0.5,C,2.0,Fraco,1844.58,1764.36,1811.6,1879.57,481293335.87,False,0.0,False,0.0,False,0.0,False,0.0,False,0.0,False,False,0.46,1946.0,False,False,False,False,False,False,False,27.504,50.192654,11.936943,956
SPCX34,SPCX34,BDR,SPCX (BDR: SPCX34),3.5,C,0.5,C,2.0,Fraco,140.0,141.81,,,13188495600.0,False,0.0,False,0.0,False,0.0,False,0.0,False,0.0,False,False,0.61,149.6,False,False,False,False,False,False,False,0.0,999.0,14.498757,957
IAAG11,IAAG11,ETF,IAAG11,3.5,C,0.5,C,0.0,Fraco,7.42,8.06,8.1,7.87,187325.32,False,0.0,False,0.0,False,0.0,False,0.0,False,0.0,False,False,1.21,8.24,False,False,False,False,False,False,False,0.0,999.0,999.0,958
S2NA34,S2NA34,BDR,SNAP (BDR: S2NA34),3.5,C,0.5,C,1.0,Fraco,5.43,4.92,5.41,6.04,157180342.48,False,0.0,False,0.0,False,0.0,False,0.0,False,0.0,False,False,0.59,5.82,False,False,False,False,False,False,False,-15.576,999.0,4.733857,959
BMOB3,BEMOBI MOBILE TECH S.A.,BR_STOCK,BMOB3,3.5,C,0.5,C,5.0,Forte,22.69,23.44,24.3,23.95,9536607.22,False,0.0,False,0.0,False,0.0,False,0.0,False,0.0,False,False,1.16,24.35,False,False,False,False,False,False,False,15.548,12.0904255,1.9803102,960
YUMR34,YUMR34,BDR,YUM (BDR: YUMR34),3.5,C,0.5,C,3.0,OK,148.13,153.39,155.52,153.51,178811432.14,False,0.0,False,0.0,False,0.0,False,0.0,False,0.0,False,False,0.48,166.16,False,False,False,False,False,False,False,0.0,18.679699,-5.6135364,961
RZTR11,RZTR11,ETF,RZTR11,3.5,C,0.5,C,1.0,Fraco,82.68,87.02,89.44,88.92,3579134.53,False,0.0,False,0.0,False,0.0,False,0.0,False,0.0,False,False,1.13,88.64,False,False,False,False,False,False,False,0.0,8.929806,999.0,962
S2TW34,S2TW34,BDR,STWD (BDR: S2TW34),3.0,C,0.5,C,1.0,Fraco,16.31,16.44,16.83,16.83,39646521.32,False,0.0,False,0.0,False,0.0,False,0.0,False,0.0,True,False,0.4,17.19,False,False,False,False,False,False,False,3.689,27.635595,0.9068914,963
LOWC34,LOWC34,BDR,LOW (BDR: LOWC34),3.0,C,0.5,C,2.0,Fraco,218.49,214.57,235.4,235.71,292859196.58,False,0.0,False,0.0,False,0.0,False,0.0,False,0.0,True,False,0.53,223.91,False,False,False,False,False,False,False,0.0,18.469147,-13.222586,964
D2OX34,D2OX34,BDR,DOX (BDR: D2OX34),3.0,C,0.5,C,3.0,OK,58.22,54.16,63.12,66.76,46806843.28,False,0.0,False,0.0,False,0.0,False,0.0,False,0.0,True,False,0.59,60.03,False,False,False,False,False,False,False,13.314,13.828979,1.8680614,965
C1PR34,C1PR34,BDR,CPRT (BDR: C1PR34),3.0,C,0.5,C,5.0,Forte,31.61,29.33,33.49,35.11,540380325.56,False,0.0,False,0.0,False,0.0,False,0.0,False,0.0,True,True,1.96,31.42,False,False,False,False,False,False,False,17.607,19.633541,3.3354437,966
MTRE3,MITRE REALTY EMPREENDIMENTOS E PARTICIPAÇÕES S.A.,BR_STOCK,MTRE3,3.0,C,0.5,C,4.0,Forte,2.91,3.09,3.46,3.43,2165622.06,False,0.0,False,0.0,False,0.0,False,0.0,False,0.0,True,False,1.16,3.09,False,False,False,False,False,False,False,8.293000000000001,5.0172415,0.30667087,967
IBMB34,IBMB34,BDR,IBM (BDR: IBMB34),3.0,C,0.5,C,2.0,Fraco,234.38,250.72,252.78,264.02,708715346.74,False,0.0,False,0.0,False,0.0,False,0.0,False,0.0,True,False,0.49,241.8,False,False,False,False,False,False,False,34.460998,20.81563,6.4095383,968
SUZB3,SUZANO S.A.,BR_STOCK,SUZB3,3.0,C,0.5,C,2.0,Fraco,42.21,41.75,46.93,47.32,305148746.38,False,0.0,False,0.0,False,0.0,False,0.0,False,0.0,True,False,1.3,43.71,False,False,False,False,False,False,False,26.295,4.5897717,1.1898783,969
ACNB34,ACNB34,BDR,ACN (BDR: ACNB34),3.0,C,0.5,C,5.0,Forte,176.91,152.2,187.69,204.2,928881719.22,False,0.0,False,0.0,False,0.0,False,0.0,False,0.0,True,False,0.89,185.8,False,False,False,False,False,False,False,24.406,14.141487,3.3942175,970
LIGT3,LIGHT S.A.,BR_STOCK,LIGT3,3.0,C,0.5,C,4.0,Forte,3.28,3.04,4.07,4.35,22992471.8,False,0.0,False,0.0,False,0.0,False,0.0,False,0.0,True,False,3.07,3.58,False,False,False,False,False,False,False,37.46,1.731579,0.14726289,971
T1SC34,T1SC34,BDR,TSCO (BDR: T1SC34),3.0,C,0.5,C,3.0,OK,35.83,31.33,39.85,42.95,319332060.75,False,0.0,False,0.0,False,0.0,False,0.0,False,0.0,True,False,0.63,36.89,False,False,False,False,False,False,False,39.513,18.661459,7.1303487,972
H1CA34,H1CA34,BDR,HCA (BDR: H1CA34),3.0,C,0.5,C,3.0,OK,404.6,392.21,447.64,454.83,312072030.71,False,0.0,False,0.0,False,0.0,False,0.0,False,0.0,True,False,0.68,421.31,False,False,False,False,False,False,False,0.0,13.572627,-13.277328,973
MGEL4,MANGELS INDUSTRIAL S.A.,BR_STOCK,MGEL4,3.0,C,0.5,C,3.0,OK,5.41,5.26,5.86,5.96,97380.0,False,0.0,False,0.0,False,0.0,False,0.0,False,0.0,True,True,5.45,5.4,False,False,False,False,False,False,False,142.014,0.7320704,0.6151222,974
I1FO34,I1FO34,BDR,INFY (BDR: I1FO34),3.0,C,0.5,C,5.0,Forte,12.09,11.56,13.23,14.22,118929162.24,False,0.0,False,0.0,False,0.0,False,0.0,False,0.0,True,False,0.5,12.72,False,False,False,False,False,False,False,32.0,14.925926,10.181053,975
P1PL34,P1PL34,BDR,TSCO (BDR: P1PL34),3.0,C,0.5,C,3.0,OK,35.83,31.33,39.85,42.95,319332060.75,False,0.0,False,0.0,False,0.0,False,0.0,False,0.0,True,False,0.63,36.89,False,False,False,False,False,False,False,39.513,18.661459,7.1303487,976
B1NT34,B1NT34,BDR,BNTX (BDR: B1NT34),3.0,C,0.5,C,1.0,Fraco,93.09,91.45,97.15,97.59,56018022.38,False,0.0,False,0.0,False,0.0,False,0.0,False,0.0,True,False,0.52,94.41,False,False,False,False,False,False,False,-9.300999000000001,999.0,1.1408504,977
O1TI34,O1TI34,BDR,OTIS (BDR: O1TI34),3.0,C,0.5,C,3.0,OK,72.63,72.39,78.69,80.95,158205347.33,False,0.0,False,0.0,False,0.0,False,0.0,False,0.0,True,False,0.7,75.91,False,False,False,False,False,False,False,0.0,18.67095,-4.810252,978
ALLD3,ALLIED TECNOLOGIA S.A.,BR_STOCK,ALLD3,3.0,C,0.5,C,4.0,Forte,5.28,4.78,6.29,6.64,3427248.14,False,0.0,False,0.0,False,0.0,False,0.0,False,0.0,True,False,1.66,5.41,False,False,False,False,False,False,False,21.81,1.5157593,0.32973883,979
TRIS3,TRISUL S.A.,BR_STOCK,TRIS3,3.0,C,0.5,C,3.0,OK,4.23,4.16,5.32,5.44,2143341.01,False,0.0,False,0.0,False,0.0,False,0.0,False,0.0,True,False,2.04,4.36,False,False,False,False,False,False,False,13.177,4.1372547,0.66677195,980
BTRU11,BTRU11,ETF,BTRU11,3.0,C,0.5,C,0.0,Fraco,84.91,,94.11,95.71,58757.72,False,0.0,False,0.0,False,0.0,False,0.0,False,0.0,True,False,0.02,87.47,False,False,False,False,False,False,False,0.0,999.0,999.0,981
FIIB11,FIIB11,ETF,FIIB11,3.0,C,0.5,C,0.0,Fraco,428.6,440.67,450.71,453.12,118293.6,False,0.0,False,0.0,False,0.0,False,0.0,False,0.0,True,False,0.57,443.0,False,False,False,False,False,False,False,0.0,999.0,999.0,982
R1YA34,R1YA34,BDR,RYAAY (BDR: R1YA34),3.0,C,0.5,C,4.0,Forte,58.81,61.16,61.88,63.12,30085726.45,False,0.0,False,0.0,False,0.0,False,0.0,False,0.0,True,False,0.64,64.7,False,False,False,False,False,False,False,22.408001,14.23971,2.7890074,983
C1GP34,C1GP34,BDR,CSGP (BDR: C1GP34),3.0,C,0.5,C,3.0,OK,32.38,30.23,39.55,46.53,190706160.93,False,0.0,False,0.0,False,0.0,False,0.0,False,0.0,True,False,0.93,33.1,False,False,False,False,False,False,False,0.894,179.88889,1.6524625,984
CHCM34,CHCM34,BDR,CHTR (BDR: CHCM34),3.0,C,0.5,C,3.0,OK,154.27,138.24,179.95,187.36,178908466.65,False,0.0,False,0.0,False,0.0,False,0.0,False,0.0,True,False,0.56,158.65,False,False,False,False,False,False,False,27.201998,4.014312,1.0854759,985
INTU34,INTU34,BDR,INTU (BDR: INTU34),3.0,C,0.5,C,4.0,Forte,345.66,292.87,379.24,447.22,1105206036.85,False,0.0,False,0.0,False,0.0,False,0.0,False,0.0,True,False,0.97,361.1,False,False,False,False,False,False,False,22.496,21.115454,4.5956264,986
CYRE4,CYRELA BRAZIL REALTY S.A.EMPREEND E PART,BR_STOCK,CYRE4,3.0,C,0.5,C,3.0,OK,20.87,20.31,22.81,22.81,22493686.9,False,0.0,False,0.0,False,0.0,False,0.0,False,0.0,True,False,2.32,21.65,False,False,False,False,False,False,False,21.141,999.0,0.8566505,987
QUBT34,QUBT34,BDR,QUBT (BDR: QUBT34),3.0,C,0.5,C,2.0,Fraco,9.01,9.03,9.15,9.88,64839466.54,False,0.0,False,0.0,False,0.0,False,0.0,False,0.0,True,False,0.79,9.35,False,False,False,False,False,False,False,-1.5070000000000001,999.0,1.2809213,988
EIDO39,ISHARES MSCI INDONESIA ETF,BDR,EIDO (BDR: EIDO39),3.0,C,0.5,C,1.0,Fraco,12.6,12.13,14.64,15.52,7063085.44,False,0.0,False,0.0,False,0.0,False,0.0,False,0.0,True,False,0.51,12.92,False,False,False,False,False,False,False,0.0,9.93425,999.0,989
B1SX34,B1SX34,BDR,BSX (BDR: B1SX34),3.0,C,0.5,C,4.0,Forte,51.84,46.21,61.61,70.67,739045194.5,False,0.0,False,0.0,False,0.0,False,0.0,False,0.0,True,False,0.8,52.34,False,False,False,False,False,False,False,15.338999000000001,20.987854,3.0083566,990
I1QY34,I1QY34,BDR,IQ (BDR: I1QY34),3.0,C,0.5,C,0.0,Fraco,1.35,1.15,1.37,1.55,8789003.71,False,0.0,False,0.0,False,0.0,False,0.0,False,0.0,True,False,1.17,1.39,False,False,False,False,False,False,False,-5.125,999.0,0.67278856,991
ARRI11,ARRI11,ETF,ARRI11,3.0,C,0.5,C,1.0,Fraco,4.61,4.61,5.48,5.61,206564.89,False,0.0,False,0.0,False,0.0,False,0.0,False,0.0,True,False,1.16,4.76,False,False,False,False,False,False,False,0.0,4.7142854,999.0,992
TMCO34,TMCO34,BDR,TM (BDR: TMCO34),3.0,C,0.5,C,3.0,OK,191.14,179.15,201.91,203.03,36231924.86,False,0.0,False,0.0,False,0.0,False,0.0,False,0.0,True,False,0.49,195.85,False,False,False,False,False,False,False,12.404,8.664552,15.449406,993
I1SR34,I1SR34,BDR,ISRG (BDR: I1SR34),3.0,C,0.5,C,3.0,OK,394.51,391.61,448.33,476.94,761033873.95,False,0.0,False,0.0,False,0.0,False,0.0,False,0.0,True,False,0.62,404.98,False,False,False,False,False,False,False,17.423001,45.293915,7.6845613,994
NUCL11,NUCL11,ETF,NUCL11,3.0,C,0.5,C,0.0,Fraco,75.22,72.15,83.37,84.49,406639.33,False,0.0,False,0.0,False,0.0,False,0.0,False,0.0,True,False,1.05,76.49,False,False,False,False,False,False,False,0.0,27.12402,999.0,995
QUAL3,QUALICORP CONSULTORIA E CORRETORA DE SEGUROS S.A.,BR_STOCK,QUAL3,3.0,C,0.5,C,1.0,Fraco,1.66,1.63,1.91,2.02,4564999.91,False,0.0,False,0.0,False,0.0,False,0.0,False,0.0,True,False,0.89,1.71,False,False,False,False,False,False,False,0.874,83.5,0.36454922,996
RBRL11,RBRL11,ETF,RBRL11,3.0,C,0.5,C,1.0,Fraco,70.56,74.19,82.0,82.0,312510.23,False,0.0,False,0.0,False,0.0,False,0.0,False,0.0,True,False,1.06,73.19,False,False,False,False,False,False,False,0.0,7.214724,999.0,997
P2AX34,P2AX34,BDR,PAX (BDR: P2AX34),3.0,C,0.5,C,2.0,Fraco,11.5,11.02,12.14,12.79,12246131.5,False,0.0,False,0.0,False,0.0,False,0.0,False,0.0,True,False,0.76,11.65,False,False,False,False,False,False,False,12.885,25.555555,3.2960732,998
GMAT3,GRUPO MATEUS S.A.,BR_STOCK,GMAT3,3.0,C,0.5,C,4.0,Forte,3.97,3.85,4.46,4.67,82576397.6,False,0.0,False,0.0,False,0.0,False,0.0,False,0.0,True,False,4.84,4.07,False,False,False,False,False,False,False,16.014999,5.486111,0.8307045,999
P2EG34,P2EG34,BDR,PEGA (BDR: P2EG34),3.0,C,0.5,C,4.0,Forte,32.32,31.3,38.28,43.41,54939959.48,False,0.0,False,0.0,False,0.0,False,0.0,False,0.0,True,False,1.01,33.76,False,False,False,False,False,False,False,54.693000000000005,18.363636,9.478005,1000
PFRM3,PROFARMA DISTRIB PROD FARMACEUTICOS S.A.,BR_STOCK,PFRM3,3.0,C,0.5,C,3.0,OK,7.15,6.67,7.58,7.67,1402830.02,False,0.0,False,0.0,False,0.0,False,0.0,False,0.0,True,False,1.3,7.21,False,False,False,False,False,False,False,9.751,5.642857,0.6041809,1001
XPLG11,XPLG11,ETF,XPLG11,3.0,C,0.5,C,1.0,Fraco,89.53,91.11,95.61,95.91,10064872.93,False,0.0,False,0.0,False,0.0,False,0.0,False,0.0,True,False,1.6,92.29,False,False,False,False,False,False,False,0.0,17.709486,999.0,1002
LBRD34,LBRD34,BDR,LBRDK (BDR: LBRD34),3.0,C,0.5,C,1.0,Fraco,36.33,32.34,42.04,43.68,34879344.86,False,0.0,False,0.0,False,0.0,False,0.0,False,0.0,True,False,0.58,37.12,False,False,False,False,False,False,False,-68.394,999.0,1.3909415,1003
T1LK34,T1LK34,BDR,TLK (BDR: T1LK34),3.0,C,0.5,C,5.0,Forte,14.85,14.4,16.5,17.26,4782294.12,False,0.0,False,0.0,False,0.0,False,0.0,False,0.0,True,False,0.42,15.38,False,False,False,False,False,False,False,17.683001,14.85,0.010726692,1004
L1DO34,L1DO34,BDR,LDOS (BDR: L1DO34),3.0,C,0.5,C,3.0,OK,143.81,115.64,145.97,156.46,165818248.15,False,0.0,False,0.0,False,0.0,False,0.0,False,0.0,True,False,0.59,143.19,False,False,False,False,False,False,False,27.781,13.427637,3.4154277,1005
K2CG34,K2CG34,BDR,KC (BDR: K2CG34),2.5,C,0.5,C,1.0,Fraco,11.71,10.51,12.93,12.6,10465613.46,False,0.0,False,0.0,False,0.0,False,0.0,False,0.0,False,False,0.48,13.14,False,False,False,False,False,False,False,-13.543999000000001,999.0,2.6841307,1006
EALT4,ELECTRO ACO ALTONA S.A.,BR_STOCK,EALT4,2.5,C,0.5,C,3.0,OK,10.48,11.7,12.92,12.64,111088.0,False,0.0,False,0.0,False,0.0,False,0.0,False,0.0,False,False,1.52,11.74,False,False,False,False,False,False,False,0.0,5.067961,0.66013277,1007
PNVL3,DIMED S.A. DISTRIBUIDORA DE MEDICAMENTOS,BR_STOCK,PNVL3,2.5,C,0.5,C,3.0,OK,11.21,11.21,12.84,12.11,7974794.03,False,0.0,False,0.0,False,0.0,False,0.0,False,0.0,False,False,0.89,12.9,False,False,False,False,False,False,False,10.791001,12.32967,1.2320193,1008
UTLL11,UTLL11,ETF,UTLL11,2.5,C,0.5,C,0.0,Fraco,110.96,121.87,124.89,121.34,3160695.57,False,0.0,False,0.0,False,0.0,False,0.0,False,0.0,False,False,0.65,125.86,False,False,False,False,False,False,False,0.0,999.0,999.0,1009
MDNE3,MOURA DUBEUX ENGENHARIA S/A,BR_STOCK,MDNE3,2.5,C,0.5,C,5.0,Forte,23.14,26.39,28.72,27.41,31997991.16,False,0.0,False,0.0,False,0.0,False,0.0,False,0.0,False,False,1.29,26.69,False,False,False,False,False,False,False,27.16,4.0758376,1.1274271,1010
ARML3,ARMAC LOCAÇÃO. LOGÍSTICA E SERVIÇOS S.A.,BR_STOCK,ARML3,2.5,C,0.5,C,1.0,Fraco,3.03,3.15,4.23,4.14,3011516.97,False,0.0,False,0.0,False,0.0,False,0.0,False,0.0,False,False,0.65,3.72,False,False,False,False,False,False,False,5.58,21.571428,0.81887203,1011
EMAE4,EMAE - EMPRESA METROP.AGUAS ENERGIA S.A.,BR_STOCK,EMAE4,2.5,C,0.5,C,1.0,Fraco,34.0,36.87,41.39,40.89,163200.0,False,0.0,False,0.0,False,0.0,False,0.0,False,0.0,False,False,1.57,37.89,False,False,False,False,False,False,False,-11.205,999.0,2.1119323,1012
ENGI4,ENERGISA S.A.,BR_STOCK,ENGI4,2.5,C,0.5,C,2.0,Fraco,8.08,8.96,9.42,9.23,51712.0,False,0.0,False,0.0,False,0.0,False,0.0,False,0.0,False,False,0.92,9.72,False,False,False,False,False,False,False,9.408,13.466666,0.15830101,1013
D2PZ34,D2PZ34,BDR,DPZ (BDR: D2PZ34),2.5,C,0.5,C,3.0,OK,346.27,323.25,351.83,366.37,169736008.29,False,0.0,False,0.0,False,0.0,False,0.0,False,0.0,False,False,0.68,372.16,False,False,False,False,False,False,False,0.0,19.618696,-2.8753278,1014
XPBR31,XP INC.,BDR,XP (BDR: XPBR31),2.5,C,0.5,C,4.0,Forte,15.82,16.21,18.04,17.9,93103672.36,False,0.0,False,0.0,False,0.0,False,0.0,False,0.0,False,False,1.74,17.44,False,False,False,False,False,False,False,22.944,8.239583,1.7416922,1015
PAGS34,PAGS34,BDR,PAGS (BDR: PAGS34),2.5,C,0.5,C,3.0,OK,8.71,9.09,9.77,9.71,26252497.55,False,0.0,False,0.0,False,0.0,False,0.0,False,0.0,False,False,1.09,9.85,False,False,False,False,False,False,False,14.535,6.0068965,0.8311709,1016
CEBR3,CIA ENERGETICA DE BRASILIA,BR_STOCK,CEBR3,2.5,C,0.5,C,3.0,OK,23.48,24.63,27.57,26.43,58700.0,False,0.0,False,0.0,False,0.0,False,0.0,False,0.0,False,False,0.35,25.5,False,False,False,False,False,False,False,16.638,10.529148,1.7896341,1017
JSAF11,JSAF11,ETF,JSAF11,2.5,C,0.5,C,1.0,Fraco,6.69,7.18,7.42,7.29,3018494.58,False,0.0,False,0.0,False,0.0,False,0.0,False,0.0,False,False,2.02,7.28,False,False,False,False,False,False,False,0.0,3.5396826,999.0,1018
RIAA3,RIAA3,BR_STOCK,RIAA3,2.5,C,0.5,C,5.0,Forte,6.81,8.3,8.87,8.58,8896583.93,False,0.0,False,0.0,False,0.0,False,0.0,False,0.0,False,False,0.84,8.5,False,False,False,False,False,False,False,28.023999999999997,2.2287583,0.6337112,1019
SMTO3,SAO MARTINHO S.A.,BR_STOCK,SMTO3,2.5,C,0.5,C,1.0,Fraco,14.55,15.28,16.45,15.83,21529635.28,False,0.0,False,0.0,False,0.0,False,0.0,False,0.0,False,False,0.72,16.26,False,False,False,False,False,False,False,11.342,5.926531,0.6364234,1020
V2TX34,V2TX34,BDR,VTEX (BDR: V2TX34),2.5,C,0.5,C,3.0,OK,3.74,3.97,3.75,3.8,1697245.66,False,0.0,False,0.0,False,0.0,False,0.0,False,0.0,False,False,0.43,4.6,False,False,False,False,False,False,False,12.762,22.0,2.7419355,1021
D2OC34,D2OC34,BDR,DOCS (BDR: D2OC34),2.5,C,0.5,C,3.0,OK,24.82,21.69,25.09,31.34,87032882.11,False,0.0,False,0.0,False,0.0,False,0.0,False,0.0,False,False,0.28,40.0,False,False,False,False,False,False,False,17.206,29.541668,4.8714175,1022
ALUP3,ALUPAR INVESTIMENTO S/A,BR_STOCK,ALUP3,2.5,C,0.5,C,2.0,Fraco,10.81,11.59,12.23,12.1,221605.01,False,0.0,False,0.0,False,0.0,False,0.0,False,0.0,False,False,3.77,12.26,False,False,False,False,False,False,False,12.679000000000002,12.869048,1.1665049,1023
AAZQ11,AAZQ11,ETF,AAZQ11,2.5,C,0.5,C,0.0,Fraco,6.19,6.73,6.92,6.83,222542.88,False,0.0,False,0.0,False,0.0,False,0.0,False,0.0,False,False,0.97,6.75,False,False,False,False,False,False,False,0.0,999.0,999.0,1024
VTRU3,VITRU EDUCAÇÃO S.A,BR_STOCK,VTRU3,2.5,C,0.5,C,5.0,Forte,12.61,12.91,13.93,13.71,12403195.66,False,0.0,False,0.0,False,0.0,False,0.0,False,0.0,False,False,1.54,13.41,False,False,False,False,False,False,False,35.219001999999996,1.6402597,0.45346835,1025
BRSR6,BCO ESTADO DO RIO GRANDE DO SUL S.A.,BR_STOCK,BRSR6,2.5,C,0.5,C,2.0,Fraco,13.22,14.03,15.68,15.1,12881568.26,False,0.0,False,0.0,False,0.0,False,0.0,False,0.0,False,False,0.65,14.58,False,False,False,False,False,False,False,15.590000000000002,3.3067331,0.47892514,1026
B1BW34,B1BW34,BDR,BBWI (BDR: B1BW34),2.5,C,0.5,C,2.0,Fraco,19.42,20.23,20.12,20.09,98228896.33,False,0.0,False,0.0,False,0.0,False,0.0,False,0.0,False,False,1.01,21.71,False,False,False,False,False,False,False,0.0,5.3632603,-3.444208,1027
TASA3,TAURUS ARMAS S.A.,BR_STOCK,TASA3,2.5,C,0.5,C,2.0,Fraco,5.0,5.07,5.23,5.2,66000.0,False,0.0,False,0.0,False,0.0,False,0.0,False,0.0,False,False,1.32,5.32,False,False,False,False,False,False,False,-3.06,999.0,0.5855487,1028
MATD3,HOSPITAL MATER DEI S/A,BR_STOCK,MATD3,2.5,C,0.5,C,3.0,OK,4.81,4.81,5.34,5.17,1075996.99,False,0.0,False,0.0,False,0.0,False,0.0,False,0.0,False,False,1.38,5.29,False,False,False,False,False,False,False,8.295999499999999,13.0,1.0651019,1029
T2YL34,T2YL34,BDR,TYL (BDR: T2YL34),2.5,C,0.5,C,3.0,OK,328.63,305.95,334.02,366.05,199154712.41,False,0.0,False,0.0,False,0.0,False,0.0,False,0.0,False,False,0.75,348.62,False,False,False,False,False,False,False,9.731,41.65146,4.4287367,1030
JFLL11,JFLL11,ETF,JFLL11,2.5,C,0.5,C,1.0,Fraco,53.3,55.41,59.48,59.47,101376.6,False,0.0,False,0.0,False,0.0,False,0.0,False,0.0,False,False,9.67,56.51,False,False,False,False,False,False,False,0.0,4.8366604,999.0,1031
VIVT3,TELEFÔNICA BRASIL S.A,BR_STOCK,VIVT3,2.5,C,0.5,C,4.0,Forte,29.72,33.46,35.68,34.72,165373964.18,False,0.0,False,0.0,False,0.0,False,0.0,False,0.0,False,False,0.85,36.5,False,False,False,False,False,False,False,9.872,14.427184,1.3611175,1032
GROP31,BRAZIL POTASH CORP.,BDR,GRO (BDR: GROP31),2.5,C,0.5,C,1.0,Fraco,2.2,2.18,2.67,2.54,241751.41,False,0.0,False,0.0,False,0.0,False,0.0,False,0.0,False,False,1.0,2.42,False,False,False,False,False,False,False,-35.457,999.0,0.8100147,1033
SMAL11,SMAL11,ETF,SMAL11,2.5,C,0.5,C,1.0,Fraco,99.71,106.74,114.77,114.22,256153791.13,False,0.0,False,0.0,False,0.0,False,0.0,False,0.0,False,False,1.52,110.2,False,False,False,False,False,False,False,0.0,9.330551,999.0,1034
A1PL34,A1PL34,BDR,APLD (BDR: A1PL34),2.5,C,0.5,C,1.0,Fraco,31.2,34.11,33.97,32.43,525866496.86,False,0.0,False,0.0,False,0.0,False,0.0,False,0.0,False,False,1.01,33.04,False,False,False,False,False,False,False,-8.376,999.0,5.229635,1035
H2UB34,H2UB34,BDR,HUBS (BDR: H2UB34),2.5,C,0.5,C,2.0,Fraco,223.94,206.8,234.26,274.88,327718610.12,False,0.0,False,0.0,False,0.0,False,0.0,False,0.0,False,False,0.49,257.97,False,False,False,False,False,False,False,7.892,79.694305,5.826638,1036
QCOM34,QCOM34,BDR,QCOM (BDR: QCOM34),2.5,C,0.5,C,3.0,OK,165.79,183.87,166.34,167.67,867335986.74,False,0.0,False,0.0,False,0.0,False,0.0,False,0.0,False,False,0.52,178.65,False,False,False,False,False,False,False,33.754003,18.947428,6.3358426,1037
I1PG34,I1PG34,BDR,IPGP (BDR: I1PG34),2.5,C,0.5,C,2.0,Fraco,85.79,101.55,109.45,102.02,34922020.93,False,0.0,False,0.0,False,0.0,False,0.0,False,0.0,False,False,0.85,105.87,False,False,False,False,False,False,False,1.302,131.98462,1.7153883,1038
ENGI11,ENERGISA S.A.,BR_STOCK,ENGI11,2.5,C,0.5,C,1.0,Fraco,43.83,47.54,49.93,49.28,248608153.39,False,0.0,False,0.0,False,0.0,False,0.0,False,0.0,False,False,1.59,51.0,False,False,False,False,False,False,False,9.408,31.73913,0.8581168,1039
OUJP11,OUJP11,ETF,OUJP11,2.5,C,0.5,C,0.0,Fraco,67.17,71.94,77.47,75.2,618299.83,False,0.0,False,0.0,False,0.0,False,0.0,False,0.0,False,False,1.14,73.87,False,False,False,False,False,False,False,0.0,999.0,999.0,1040
MATB11,MATB11,ETF,MATB11,2.5,C,0.5,C,1.0,Fraco,60.58,60.79,62.97,61.61,776029.82,False,0.0,False,0.0,False,0.0,False,0.0,False,0.0,False,False,0.18,64.24,False,False,False,False,False,False,False,0.0,11.527421,999.0,1041
LPSB3,LPS BRASIL - CONSULTORIA DE IMOVEIS S.A.,BR_STOCK,LPSB3,2.5,C,0.5,C,4.0,Forte,1.31,1.47,1.62,1.6,117506.99,False,0.0,False,0.0,False,0.0,False,0.0,False,0.0,False,False,0.59,1.5,False,False,False,False,False,False,False,22.142999999999997,4.3666663,0.7550432,1042
ISAE4,ISA ENERGIA BRASIL S.A,BR_STOCK,ISAE4,2.5,C,0.5,C,4.0,Forte,25.42,27.56,28.06,27.43,90073228.27,False,0.0,False,0.0,False,0.0,False,0.0,False,0.0,False,False,1.09,28.84,False,False,False,False,False,False,False,13.186,5.9531617,0.7918509,1043
ETER3,ETERNIT S.A.,BR_STOCK,ETER3,2.5,C,0.5,C,2.0,Fraco,3.71,3.7,3.81,3.84,98315.0,False,0.0,False,0.0,False,0.0,False,0.0,False,0.0,False,False,0.49,3.93,False,False,False,False,False,False,False,3.061,4.818182,0.2719742,1044
CPFE3,CPFL ENERGIA S.A.,BR_STOCK,CPFE3,2.5,C,0.5,C,4.0,Forte,41.29,45.08,46.11,45.67,190652450.23,False,0.0,False,0.0,False,0.0,False,0.0,False,0.0,False,False,3.43,47.56,False,False,False,False,False,False,False,24.762999999999998,7.9424186,2.1200943,1045
ORVR3,ORIZON VALORIZACAO DE RESIDUOS S.A.,BR_STOCK,ORVR3,2.5,C,0.5,C,1.0,Fraco,15.59,18.46,18.55,17.85,72177023.71,False,0.0,False,0.0,False,0.0,False,0.0,False,0.0,False,False,1.87,18.48,False,False,False,False,False,False,False,8.196,62.48,1.0284436,1046
ALOS3,ALLOS S.A,BR_STOCK,ALOS3,2.5,C,0.5,C,4.0,Forte,25.58,26.93,28.32,27.57,125331767.63,False,0.0,False,0.0,False,0.0,False,0.0,False,0.0,False,False,1.1,27.93,False,False,False,False,False,False,False,7.585999999999999,13.468421,0.99571985,1047
KIVO11,KIVO11,ETF,KIVO11,2.5,C,0.5,C,1.0,Fraco,52.58,57.3,60.09,59.03,687220.62,False,0.0,False,0.0,False,0.0,False,0.0,False,0.0,False,False,2.3,59.48,False,False,False,False,False,False,False,0.0,5.874861,999.0,1048
BITI11,BITI11,ETF,BITI11,2.5,C,0.5,C,0.0,Fraco,29.49,29.1,38.56,63.81,94544.94,False,0.0,False,0.0,False,0.0,False,0.0,False,0.0,False,False,0.68,31.1,False,False,False,False,False,False,False,0.0,999.0,999.0,1049
BRAP4,BRADESPAR S.A.,BR_STOCK,BRAP4,2.5,C,0.5,C,3.0,OK,20.25,21.81,22.85,21.69,34064550.0,False,0.0,False,0.0,False,0.0,False,0.0,False,0.0,False,False,0.86,22.22,False,False,False,False,False,False,False,9.4849996,10.823529,1.0169321,1050
MOVI3,MOVIDA PARTICIPACOES SA,BR_STOCK,MOVI3,2.5,C,0.5,C,3.0,OK,6.78,8.61,10.89,10.58,29292312.91,False,0.0,False,0.0,False,0.0,False,0.0,False,0.0,False,False,0.73,9.01,False,False,False,False,False,False,False,13.204001000000002,5.61157,0.750774,1051
IBBP11,IBBP11,ETF,IBBP11,2.5,C,0.5,C,1.0,Fraco,7.42,7.7,7.83,7.91,520438.81,False,0.0,False,0.0,False,0.0,False,0.0,False,0.0,False,False,5.27,10.37,False,False,False,False,False,False,False,0.0,3.7857141,999.0,1052
VFCO34,VFCO34,BDR,VFC (BDR: VFCO34),2.5,C,0.5,C,1.0,Fraco,14.88,16.41,17.75,17.51,58867452.93,False,0.0,False,0.0,False,0.0,False,0.0,False,0.0,False,False,0.51,18.26,False,False,False,False,False,False,False,22.092,21.565218,1.5739369,1053
ULEV34,ULEV34,BDR,UL (BDR: ULEV34),2.5,C,0.5,C,2.0,Fraco,62.09,60.65,61.4,62.23,112212959.95,False,0.0,False,0.0,False,0.0,False,0.0,False,0.0,False,False,0.51,66.89,False,False,False,False,False,False,False,31.868999999999996,20.765886,7.150202,1054
BKCH39,GLOBAL X BLOCKCHAIN ETF,BDR,BKCH (BDR: BKCH39),2.5,C,0.5,C,1.0,Fraco,64.9,72.77,72.1,73.67,2647595.56,False,0.0,False,0.0,False,0.0,False,0.0,False,0.0,False,False,0.37,74.25,False,False,False,False,False,False,False,0.0,13.1865,999.0,1055
F1NI34,F1NI34,BDR,FIS (BDR: F1NI34),2.5,C,0.5,C,3.0,OK,42.92,41.24,46.11,50.58,133954529.82,False,0.0,False,0.0,False,0.0,False,0.0,False,0.0,False,False,0.41,47.0,False,False,False,False,False,False,False,22.348000000000003,6.59278,1.3888295,1056
TEPP11,TEPP11,ETF,TEPP11,2.5,C,0.5,C,1.0,Fraco,7.42,7.86,8.22,8.08,1086243.49,False,0.0,False,0.0,False,0.0,False,0.0,False,0.0,False,False,1.01,7.99,False,False,False,False,False,False,False,0.0,2.403226,999.0,1057
MULT3,MULTIPLAN - EMPREEND IMOBILIARIOS S.A.,BR_STOCK,MULT3,2.5,C,0.5,C,5.0,Forte,26.65,28.48,30.35,29.68,116289938.34,False,0.0,False,0.0,False,0.0,False,0.0,False,0.0,False,False,1.15,29.4,False,False,False,False,False,False,False,21.898999999999997,9.521429,1.9377816,1058
BMMT11,BMMT11,ETF,BMMT11,2.5,C,0.5,C,1.0,Fraco,148.97,156.58,160.23,156.76,948938.91,False,0.0,False,0.0,False,0.0,False,0.0,False,0.0,False,False,1.5,164.32,False,False,False,False,False,False,False,0.0,11.210461,999.0,1059
EWBZ11,EWBZ11,ETF,EWBZ11,2.5,C,0.5,C,1.0,Fraco,118.72,125.04,133.06,132.04,685964.17,False,0.0,False,0.0,False,0.0,False,0.0,False,0.0,False,False,0.35,129.51,False,False,False,False,False,False,False,0.0,10.388247,999.0,1060
AUVP11,AUVP11,ETF,AUVP11,2.5,C,0.5,C,1.0,Fraco,115.38,119.54,124.31,121.09,2019957.61,False,0.0,False,0.0,False,0.0,False,0.0,False,0.0,False,False,1.69,126.54,False,False,False,False,False,False,False,0.0,8.070184,999.0,1061
BLAU3,BLAU FARMACÊUTICA S.A.,BR_STOCK,BLAU3,2.5,C,0.5,C,3.0,OK,8.88,9.54,10.02,9.9,2081472.03,False,0.0,False,0.0,False,0.0,False,0.0,False,0.0,False,False,0.77,9.84,False,False,False,False,False,False,False,10.8610004,9.446809,0.90289783,1062
C1NS34,C1NS34,BDR,CE (BDR: C1NS34),2.5,C,0.5,C,1.0,Fraco,45.66,47.3,53.41,50.19,37547678.99,False,0.0,False,0.0,False,0.0,False,0.0,False,0.0,False,False,0.35,49.63,False,False,False,False,False,False,False,-22.25,999.0,1.20256,1063
TRXF11,TRXF11,ETF,TRXF11,2.5,C,0.5,C,1.0,Fraco,79.18,89.57,88.89,89.7,40092793.15,False,0.0,False,0.0,False,0.0,False,0.0,False,0.0,False,False,1.22,91.9,False,False,False,False,False,False,False,0.0,6.2749605,999.0,1064
BRCR11,BRCR11,ETF,BRCR11,2.5,C,0.5,C,2.0,Fraco,38.57,40.64,43.71,42.74,935708.19,False,0.0,False,0.0,False,0.0,False,0.0,False,0.0,False,False,0.97,40.66,False,False,False,False,False,False,False,4.665,9.620948,0.45085898,1065
BMEB3,BCO MERCANTIL DO BRASIL S.A.,BR_STOCK,BMEB3,2.5,C,0.5,C,4.0,Forte,47.0,49.97,56.04,54.0,587500.0,False,0.0,False,0.0,False,0.0,False,0.0,False,0.0,False,False,1.53,51.43,False,False,False,False,False,False,False,32.414,6.064516,1.8474116,1066
JSLG3,JSL S.A.,BR_STOCK,JSLG3,2.5,C,0.5,C,1.0,Fraco,4.94,5.54,6.68,6.23,3827512.04,False,0.0,False,0.0,False,0.0,False,0.0,False,0.0,False,False,0.76,5.94,False,False,False,False,False,False,False,-6.961,999.0,1.2014475,1067
C2OU34,C2OU34,BDR,COUR (BDR: C2OU34),2.5,C,0.5,C,2.0,Fraco,5.78,5.61,5.86,6.39,12274890.36,False,0.0,False,0.0,False,0.0,False,0.0,False,0.0,False,False,0.35,6.4,False,False,False,False,False,False,False,-15.195,999.0,1.3608563,1068
C2RN34,C2RN34,BDR,CRNC (BDR: C2RN34),2.5,C,0.5,C,1.0,Fraco,8.99,9.77,9.3,9.66,5702689.48,False,0.0,False,0.0,False,0.0,False,0.0,False,0.0,False,False,0.84,9.85,False,False,False,False,False,False,False,-9.561,999.0,2.5612535,1069
E1DU34,E1DU34,BDR,EDU (BDR: E1DU34),2.5,C,0.5,C,4.0,Forte,52.49,49.68,53.02,53.3,15981420.85,False,0.0,False,0.0,False,0.0,False,0.0,False,0.0,False,False,0.32,60.49,False,False,False,False,False,False,False,12.483,17.496668,2.054564,1070
PINE4,BCO PINE S.A.,BR_STOCK,PINE4,2.5,C,0.5,C,4.0,Forte,10.29,12.28,12.91,12.25,8454263.97,False,0.0,False,0.0,False,0.0,False,0.0,False,0.0,False,False,0.73,13.92,False,False,False,False,False,False,False,36.492002,4.8009257,1.5369793,1071
PRNR3,PRINER SERVIÇOS INDUSTRIAIS S.A.,BR_STOCK,PRNR3,2.5,C,0.5,C,2.0,Fraco,16.55,18.22,18.9,18.13,13524659.38,False,0.0,False,0.0,False,0.0,False,0.0,False,0.0,False,False,1.65,19.96,False,False,False,False,False,False,False,11.630999000000001,23.971016,1.7342981,1072
ABCB4,BCO ABC BRASIL S.A.,BR_STOCK,ABCB4,2.5,C,0.5,C,2.0,Fraco,22.56,23.57,24.2,23.54,10503935.75,False,0.0,False,0.0,False,0.0,False,0.0,False,0.0,False,False,1.01,24.38,False,False,False,False,False,False,False,14.905,4.0610414,0.803838,1073
SHUL4,SCHULZ S.A.,BR_STOCK,SHUL4,2.5,C,0.5,C,3.0,OK,4.24,4.59,4.94,4.83,1763839.9,False,0.0,False,0.0,False,0.0,False,0.0,False,0.0,False,False,0.74,4.6,False,False,False,False,False,False,False,18.205,5.5194807,0.9913692,1074
ROXO34,ROXO34,BDR,NU (BDR: ROXO34),2.5,C,0.5,C,3.0,OK,15.0,13.46,14.57,15.06,2262469695.0,False,0.0,False,0.0,False,0.0,False,0.0,False,0.0,False,True,2.88,14.85,False,False,False,False,False,False,False,30.055,20.547945,5.7937427,1075
L1EG34,L1EG34,BDR,LEG (BDR: L1EG34),2.5,C,0.5,C,2.0,Fraco,9.66,10.61,10.76,10.62,7532582.03,False,0.0,False,0.0,False,0.0,False,0.0,False,0.0,False,False,0.43,11.48,False,False,False,False,False,False,False,22.642,6.1955132,1.2688723,1076
VAMO3,VAMOS LOCAÇÃO DE CAMINHÕES. MÁQUINAS E EQUIP. S.A.,BR_STOCK,VAMO3,2.5,C,0.5,C,2.0,Fraco,2.8,2.98,3.58,3.53,42950599.27,False,0.0,False,0.0,False,0.0,False,0.0,False,0.0,False,False,1.27,3.43,False,False,False,False,False,False,False,12.076,10.0,1.1461318,1077
EQTL3,EQUATORIAL S.A.,BR_STOCK,EQTL3,2.5,C,0.5,C,1.0,Fraco,33.94,38.53,40.12,39.65,566988041.06,False,0.0,False,0.0,False,0.0,False,0.0,False,0.0,False,False,1.88,40.05,False,False,False,False,False,False,False,6.935999499999999,60.625,1.6617719,1078
ITUB4,ITAU UNIBANCO HOLDING S.A.,BR_STOCK,ITUB4,2.5,C,0.5,C,4.0,Forte,38.53,41.49,42.33,40.97,1004712101.17,False,0.0,False,0.0,False,0.0,False,0.0,False,0.0,False,False,0.87,43.86,False,False,False,False,False,False,False,21.476,9.228572,1.9616376,1079
B3SA3,B3 S.A. - BRASIL. BOLSA. BALCÃO,BR_STOCK,B3SA3,2.5,C,0.5,C,5.0,Forte,14.57,14.99,16.34,15.55,609047842.24,False,0.0,False,0.0,False,0.0,False,0.0,False,0.0,False,False,1.07,16.22,False,False,False,False,False,False,False,27.714001999999997,14.58,3.9004817,1080
FIND11,FIND11,ETF,FIND11,2.5,C,0.5,C,1.0,Fraco,164.68,175.09,182.46,177.96,1745607.92,False,0.0,False,0.0,False,0.0,False,0.0,False,0.0,False,False,0.2,185.65,False,False,False,False,False,False,False,0.0,9.286012,999.0,1081
GZIT11,GZIT11,ETF,GZIT11,2.5,C,0.5,C,1.0,Fraco,36.08,40.87,42.35,42.23,248663.37,False,0.0,False,0.0,False,0.0,False,0.0,False,0.0,False,False,0.68,44.05,False,False,False,False,False,False,False,0.0,8.489412,999.0,1082
NDIV11,NDIV11,ETF,NDIV11,2.5,C,0.5,C,1.0,Fraco,116.35,122.71,126.48,125.12,799440.84,False,0.0,False,0.0,False,0.0,False,0.0,False,0.0,False,False,1.02,128.66,False,False,False,False,False,False,False,0.0,9.253749,999.0,1083
AURE3,AUREN ENERGIA S.A.,BR_STOCK,AURE3,2.5,C,0.5,C,1.0,Fraco,10.06,11.46,12.04,11.98,32886141.37,False,0.0,False,0.0,False,0.0,False,0.0,False,0.0,False,False,0.73,11.73,False,False,False,False,False,False,False,-7.6799995999999995,999.0,0.9123094,1084
IGTI11,IGUATEMI S.A.,BR_STOCK,IGTI11,2.5,C,0.5,C,1.0,Fraco,23.58,24.75,26.53,26.17,51291215.83,False,0.0,False,0.0,False,0.0,False,0.0,False,0.0,False,False,0.88,26.48,False,False,False,False,False,False,False,13.514999999999999,144.60123,1.4151056,1085
PCAR3,CIA BRASILEIRA DE DISTRIBUICAO,BR_STOCK,PCAR3,2.5,C,0.5,C,0.0,Fraco,2.82,2.43,2.64,2.94,9009335.79,False,0.0,False,0.0,False,0.0,False,0.0,False,0.0,False,False,0.56,3.08,False,False,False,False,False,False,False,-129.36399999999998,999.0,3.373494,1086
DXCO3,DEXCO S.A.,BR_STOCK,DXCO3,2.5,C,0.5,C,1.0,Fraco,4.95,4.95,5.15,5.06,11199869.57,False,0.0,False,0.0,False,0.0,False,0.0,False,0.0,False,False,1.04,5.39,False,False,False,False,False,False,False,0.73,999.0,0.64901006,1087
VCRA11,VCRA11,ETF,VCRA11,2.5,C,0.5,C,0.0,Fraco,52.02,58.04,59.94,58.78,355036.5,False,0.0,False,0.0,False,0.0,False,0.0,False,0.0,False,False,0.45,58.68,False,False,False,False,False,False,False,0.0,999.0,999.0,1088
PICE11,PICE11,ETF,PICE11,2.5,C,0.5,C,0.0,Fraco,30.25,31.83,32.35,32.15,136488.0,False,0.0,False,0.0,False,0.0,False,0.0,False,0.0,False,False,1.77,31.85,False,False,False,False,False,False,False,0.0,999.0,999.0,1089
SAPR4,CIA SANEAMENTO DO PARANA - SANEPAR,BR_STOCK,SAPR4,2.5,C,0.5,C,3.0,OK,6.38,7.08,7.86,7.68,19547682.35,False,0.0,False,0.0,False,0.0,False,0.0,False,0.0,False,False,1.79,7.27,False,False,False,False,False,False,False,9.897999500000001,8.394737,0.15182886,1090
SBSP3,CIA SANEAMENTO BASICO EST SAO PAULO,BR_STOCK,SBSP3,2.5,C,0.5,C,4.0,Forte,23.87,28.31,29.36,28.51,1283439818.12,False,0.0,False,0.0,False,0.0,False,0.0,False,0.0,False,False,2.63,29.67,False,False,False,False,False,False,False,21.233,10.042016,1.9178302,1091
BPAC11,BCO BTG PACTUAL S.A.,BR_STOCK,BPAC11,2.5,C,0.5,C,3.0,OK,50.02,53.27,55.79,54.6,586234405.36,False,0.0,False,0.0,False,0.0,False,0.0,False,0.0,False,False,0.75,57.81,False,False,False,False,False,False,False,24.406,81.69381,3.0055726,1092
BRAP3,BRADESPAR S.A.,BR_STOCK,BRAP3,2.5,C,0.5,C,3.0,OK,17.67,18.77,19.67,18.83,892335.0,False,0.0,False,0.0,False,0.0,False,0.0,False,0.0,False,False,1.93,19.21,False,False,False,False,False,False,False,9.4849996,9.449198,0.8878059,1093
G1FI34,G1FI34,BDR,GFI (BDR: G1FI34),2.5,C,0.5,C,5.0,Forte,40.22,35.14,43.14,42.59,70208390.54,False,0.0,False,0.0,False,0.0,False,0.0,False,0.0,False,False,0.44,42.43,False,False,False,False,False,False,False,51.931000000000004,10.209391,8.5330925,1094
DASA3,DIAGNOSTICOS DA AMERICA S.A.,BR_STOCK,DASA3,2.5,C,0.5,C,0.0,Fraco,2.13,2.71,3.29,3.22,9037590.49,False,0.0,False,0.0,False,0.0,False,0.0,False,0.0,False,False,4.07,3.2,False,False,False,False,False,False,False,-13.780999999999999,999.0,0.39133602,1095
SAPR3,CIA SANEAMENTO DO PARANA - SANEPAR,BR_STOCK,SAPR3,2.5,C,0.5,C,3.0,OK,7.14,8.18,9.34,8.92,1250927.98,False,0.0,False,0.0,False,0.0,False,0.0,False,0.0,False,False,1.08,8.42,False,False,False,False,False,False,False,9.897999500000001,9.394737,0.16991504,1096
EGIE3,ENGIE BRASIL ENERGIA S.A.,BR_STOCK,EGIE3,2.5,C,0.5,C,4.0,Forte,27.91,31.87,32.63,31.96,88820783.51,False,0.0,False,0.0,False,0.0,False,0.0,False,0.0,False,False,0.61,30.81,False,False,False,False,False,False,False,28.59,8.107558,2.1220422,1097
AUAU3,UNIÃO PET PARTICIPAÇÕES S.A.,BR_STOCK,AUAU3,2.5,C,0.5,C,2.0,Fraco,3.12,3.26,3.28,3.29,34414534.74,False,0.0,False,0.0,False,0.0,False,0.0,False,0.0,False,False,2.91,3.78,False,False,False,False,False,False,False,6.5120004,999.0,0.86546457,1098
RENT3,LOCALIZA RENT A CAR S.A.,BR_STOCK,RENT3,2.5,C,0.5,C,2.0,Fraco,33.64,39.09,43.68,43.29,353152713.59,False,0.0,False,0.0,False,0.0,False,0.0,False,0.0,False,False,1.03,40.19,False,False,False,False,False,False,False,13.011000000000001,10.67619,1.3998501,1099
VCJR11,VCJR11,ETF,VCJR11,2.5,C,0.5,C,1.0,Fraco,66.52,72.64,74.74,73.69,3807138.97,False,0.0,False,0.0,False,0.0,False,0.0,False,0.0,False,False,1.44,73.46,False,False,False,False,False,False,False,0.0,5.6140203,999.0,1100
RBHG11,RBHG11,ETF,RBHG11,2.5,C,0.5,C,1.0,Fraco,55.13,61.39,63.91,62.48,927231.49,False,0.0,False,0.0,False,0.0,False,0.0,False,0.0,False,False,3.09,62.07,False,False,False,False,False,False,False,0.0,5.5856133,999.0,1101
SMRE11,SMRE11,ETF,SMRE11,2.5,C,0.5,C,1.0,Fraco,55.56,54.26,58.28,59.15,218073.01,False,0.0,False,0.0,False,0.0,False,0.0,False,0.0,False,False,1.25,62.58,False,False,False,False,False,False,False,0.0,4.943061,999.0,1102
T1RI34,T1RI34,BDR,TRIP (BDR: T1RI34),2.5,C,0.5,C,0.0,Fraco,10.74,13.09,11.78,12.56,24588198.44,False,0.0,False,0.0,False,0.0,False,0.0,False,0.0,False,False,0.49,15.04,False,False,False,False,False,False,False,-0.233,999.0,2.0026104,1103
BBGO11,BBGO11,ETF,BBGO11,2.5,C,0.5,C,0.0,Fraco,61.59,65.49,69.31,66.89,176147.4,False,0.0,False,0.0,False,0.0,False,0.0,False,0.0,False,False,1.06,66.17,False,False,False,False,False,False,False,0.0,999.0,999.0,1104
ALPK3,ALLPARK EMPREENDIMENTOS PARTICIPACOES SERVICOS S.A,BR_STOCK,ALPK3,2.5,C,0.5,C,2.0,Fraco,3.99,4.26,4.45,4.42,952014.0,False,0.0,False,0.0,False,0.0,False,0.0,False,0.0,False,False,1.95,4.47,False,False,False,False,False,False,False,6.494999999999999,66.5,2.3820896,1105
G1SK34,G1SK34,BDR,GSK (BDR: G1SK34),2.5,C,0.5,C,3.0,OK,49.54,51.81,52.92,51.46,171965430.94,False,0.0,False,0.0,False,0.0,False,0.0,False,0.0,False,False,1.04,55.79,False,False,False,False,False,False,False,33.383,15.578616,4.186738,1106
BMEB4,BCO MERCANTIL DO BRASIL S.A.,BR_STOCK,BMEB4,2.5,C,0.5,C,4.0,Forte,54.34,61.82,68.59,66.84,1570426.0,False,0.0,False,0.0,False,0.0,False,0.0,False,0.0,False,False,0.76,59.91,False,False,False,False,False,False,False,32.414,7.056774,2.4912312,1107
PINE3,BCO PINE S.A.,BR_STOCK,PINE3,2.5,C,0.5,C,4.0,Forte,9.6,11.77,12.33,11.69,297600.01,False,0.0,False,0.0,False,0.0,False,0.0,False,0.0,False,False,2.94,12.9,False,False,False,False,False,False,False,36.492002,4.4444447,1.4228547,1108
A1IV34,A1IV34,BDR,AIV (BDR: A1IV34),2.0,C,0.5,C,0.0,Fraco,2.63,2.79,2.91,2.92,1644195.2,False,0.0,False,0.0,False,0.0,False,0.0,False,0.0,True,False,0.76,2.78,False,False,False,False,False,False,False,9.6499994,23.954546,1.0205268,1109
AZOI34,AZOI34,BDR,AZO (BDR: AZOI34),2.0,C,0.5,C,2.0,Fraco,3023.82,3063.42,3372.7,3437.14,642178776.36,False,0.0,False,0.0,False,0.0,False,0.0,False,0.0,True,False,1.32,3172.07,False,False,False,False,False,False,False,0.0,20.806612,-17.7756,1110
L1MN34,L1MN34,BDR,LUMN (BDR: L1MN34),2.0,C,0.5,C,0.0,Fraco,6.72,7.15,7.82,8.02,88224002.72,False,0.0,False,0.0,False,0.0,False,0.0,False,0.0,True,False,0.8,6.87,False,False,False,False,False,False,False,0.0,999.0,-5.2580137,1111
R1DY34,R1DY34,BDR,RDY (BDR: R1DY34),2.0,C,0.5,C,1.0,Fraco,12.28,12.99,13.39,13.49,24594002.79,False,0.0,False,0.0,False,0.0,False,0.0,False,0.0,True,False,0.76,12.75,False,False,False,False,False,False,False,8.836999500000001,29.238096,15.190941,1112
URPR11,URPR11,ETF,URPR11,2.0,C,0.5,C,1.0,Fraco,20.2,20.26,28.55,29.39,455530.22,False,0.0,False,0.0,False,0.0,False,0.0,False,0.0,True,False,0.52,20.76,False,False,False,False,False,False,False,0.0,1.8467221,999.0,1113
MDIA3,M.DIAS BRANCO S.A. IND COM DE ALIMENTOS,BR_STOCK,MDIA3,2.0,C,0.5,C,4.0,Forte,17.12,17.64,21.17,22.17,30679041.5,False,0.0,False,0.0,False,0.0,False,0.0,False,0.0,True,False,4.53,18.04,False,False,False,False,False,False,False,8.540000000000001,8.330097,0.6883273,1114
HBRE3,HBR REALTY EMPREENDIMENTOS IMOBILIARIOS S/A,BR_STOCK,HBRE3,2.0,C,0.5,C,3.0,OK,2.19,2.34,2.91,3.16,1652136.04,False,0.0,False,0.0,False,0.0,False,0.0,False,0.0,True,False,1.64,2.28,False,False,False,False,False,False,False,3.977,7.5517244,0.124587566,1115
MRVE3,MRV ENGENHARIA E PARTICIPACOES S.A.,BR_STOCK,MRVE3,2.0,C,0.5,C,1.0,Fraco,4.73,4.89,6.86,7.19,93195190.38,False,0.0,False,0.0,False,0.0,False,0.0,False,0.0,True,False,1.61,4.9,False,False,False,False,False,False,False,-11.788999,999.0,0.5094441,1116
MCDC34,MCDC34,BDR,MCD (BDR: MCDC34),2.0,C,0.5,C,2.0,Fraco,272.81,273.63,294.14,296.31,580122821.13,False,0.0,False,0.0,False,0.0,False,0.0,False,0.0,True,False,0.43,278.7,False,False,False,False,False,False,False,0.0,22.471992,-188.66528,1117
E2PA34,E2PA34,BDR,EPAM (BDR: E2PA34),1.5,C,0.5,C,4.0,Forte,100.46,91.42,126.37,142.91,92437062.64,False,0.0,False,0.0,False,0.0,False,0.0,False,0.0,False,False,0.45,113.0,False,False,False,False,False,False,False,11.1770004,13.630937,1.4727614,1118
BRKM5,BRASKEM S.A.,BR_STOCK,BRKM5,1.5,C,0.5,C,1.0,Fraco,4.95,6.71,8.9,8.56,74377707.13,False,0.0,False,0.0,False,0.0,False,0.0,False,0.0,False,False,2.88,6.35,False,False,False,False,False,False,False,0.0,999.0,-0.25069636,1119
LREN3,LOJAS RENNER S.A.,BR_STOCK,LREN3,1.5,C,0.5,C,4.0,Forte,11.22,13.91,14.29,14.18,272231988.48,False,0.0,False,0.0,False,0.0,False,0.0,False,0.0,False,False,0.91,14.24,False,False,False,False,False,False,False,14.479999,7.4733334,1.0529777,1120
DEFT31,DEFI TECHNOLOGIES INC,BDR,DEFT (BDR: DEFT31),1.5,C,0.5,C,3.0,OK,0.49,0.49,0.66,0.8,2121527.06,False,0.0,False,0.0,False,0.0,False,0.0,False,0.0,False,False,2.31,0.54,False,False,False,False,False,False,False,35.292,6.1162505,1.2418783,1121
W1HR34,W1HR34,BDR,WHR (BDR: W1HR34),1.5,C,0.5,C,1.0,Fraco,41.37,39.51,54.81,59.24,56715496.75,False,0.0,False,0.0,False,0.0,False,0.0,False,0.0,False,False,0.51,47.1,False,False,False,False,False,False,False,5.933,13.608552,0.71100795,1122
IBIT39,ISHARES BITCOIN TRUST,BDR,IBIT (BDR: IBIT39),1.5,C,0.5,C,0.0,Fraco,35.63,35.88,40.41,43.57,809931457.29,False,0.0,False,0.0,False,0.0,False,0.0,False,0.0,False,False,0.65,37.93,False,False,False,False,False,False,False,0.0,999.0,999.0,1123
U2PS34,U2PS34,BDR,UPST (BDR: U2PS34),1.5,C,0.5,C,2.0,Fraco,30.43,30.93,31.86,35.02,88535386.0,False,0.0,False,0.0,False,0.0,False,0.0,False,0.0,False,False,0.53,34.69,False,False,False,False,False,False,False,7.941,58.519234,3.7127867,1124
P2CF34,P2CF34,BDR,PAC (BDR: P2CF34),1.5,C,0.5,C,3.0,OK,206.93,230.61,247.33,245.27,13680141.82,False,0.0,False,0.0,False,0.0,False,0.0,False,0.0,False,False,0.56,225.86,False,False,False,False,False,False,False,28.030002,19.14246,589.1412,1125
SMAC11,SMAC11,ETF,SMAC11,1.5,C,0.5,C,1.0,Fraco,51.88,55.69,59.98,59.7,77768.12,False,0.0,False,0.0,False,0.0,False,0.0,False,0.0,False,False,0.02,57.63,False,False,False,False,False,False,False,0.0,9.183372,999.0,1126
ITIT11,ITIT11,ETF,ITIT11,1.5,C,0.5,C,0.0,Fraco,60.04,64.58,69.36,68.24,65863.88,False,0.0,False,0.0,False,0.0,False,0.0,False,0.0,False,False,0.34,64.9,False,False,False,False,False,False,False,0.0,45.82443,999.0,1127
TRIG11,TRIG11,ETF,TRIG11,1.5,C,0.5,C,1.0,Fraco,40.2,43.27,47.69,47.51,69304.8,False,0.0,False,0.0,False,0.0,False,0.0,False,0.0,False,False,0.1,44.0,False,False,False,False,False,False,False,0.0,6.8034773,999.0,1128
ORCL34,ORCL34,BDR,ORCL (BDR: ORCL34),1.5,C,0.5,C,3.0,OK,150.33,152.08,162.8,175.09,2963134822.53,False,0.0,False,0.0,False,0.0,False,0.0,False,0.0,False,False,0.62,159.26,False,False,False,False,False,False,False,53.376000000000005,25.785593,11.528375,1129
V1RS34,V1RS34,BDR,VRSK (BDR: V1RS34),1.5,C,0.5,C,1.0,Fraco,181.67,187.79,188.58,195.97,112572359.38,False,0.0,False,0.0,False,0.0,False,0.0,False,0.0,False,False,0.41,226.08,False,False,False,False,False,False,False,0.0,27.906298,-20.382587,1130
POMO4,MARCOPOLO S.A.,BR_STOCK,POMO4,1.5,C,0.5,C,4.0,Forte,4.11,5.44,5.99,5.96,69514898.26,False,0.0,False,0.0,False,0.0,False,0.0,False,0.0,False,False,0.83,5.42,False,False,False,False,False,False,False,30.911,4.28125,1.2561125,1131
EDGA11,EDGA11,ETF,EDGA11,1.5,C,0.5,C,2.0,Fraco,12.9,13.22,13.49,13.59,131025.3,False,0.0,False,0.0,False,0.0,False,0.0,False,0.0,False,False,2.02,14.95,False,False,False,False,False,False,False,-9.731,1.986449,0.3075456,1132
RANI3,IRANI PAPEL E EMBALAGEM S.A.,BR_STOCK,RANI3,1.5,C,0.5,C,2.0,Fraco,7.71,7.92,8.4,8.36,5297541.03,False,0.0,False,0.0,False,0.0,False,0.0,False,0.0,False,False,1.12,8.6,False,False,False,False,False,False,False,9.207,13.526316,1.207896,1133
M1TA34,M1TA34,BDR,META (BDR: M1TA34),1.5,C,0.5,C,3.0,OK,589.85,597.06,621.14,626.83,4962056883.87,False,0.0,False,0.0,False,0.0,False,0.0,False,0.0,False,False,0.52,655.88,False,False,False,False,False,False,False,29.848000000000003,22.224941,5.7535114,1134
CAML3,CAMIL ALIMENTOS S.A.,BR_STOCK,CAML3,1.5,C,0.5,C,1.0,Fraco,4.62,4.83,5.75,5.67,2239775.94,False,0.0,False,0.0,False,0.0,False,0.0,False,0.0,False,False,0.82,4.88,False,False,False,False,False,False,False,3.4099999999999997,15.433333,0.5283579,1135
BABA34,BABA34,BDR,BABA (BDR: BABA34),1.5,C,0.5,C,4.0,Forte,123.75,113.65,131.81,137.92,929848342.5,False,0.0,False,0.0,False,0.0,False,0.0,False,0.0,False,False,0.75,132.57,False,False,False,False,False,False,False,9.2159994,18.98006,1.8271945,1136
W1SO34,W1SO34,BDR,WSO (BDR: W1SO34),1.5,C,0.5,C,3.0,OK,313.08,366.67,383.55,372.63,68888241.77,False,0.0,False,0.0,False,0.0,False,0.0,False,0.0,False,False,0.43,387.14,False,False,False,False,False,False,False,16.744,26.781864,4.03464,1137
NATU3,NATURA COSMETICOS S.A.,BR_STOCK,NATU3,1.5,C,0.5,C,1.0,Fraco,7.7,8.34,9.08,8.82,44616108.89,False,0.0,False,0.0,False,0.0,False,0.0,False,0.0,False,False,1.41,8.84,False,False,False,False,False,False,False,-2.478,999.0,0.85014886,1138
MBRF3,MBRF3,BR_STOCK,MBRF3,1.5,C,0.5,C,0.0,Fraco,16.38,16.14,17.79,18.22,96379915.06,False,0.0,False,0.0,False,0.0,False,0.0,False,0.0,False,False,1.07,17.98,False,False,False,False,False,False,False,1.812,49.666664,2.0105493,1139
TIMS3,TIM S.A.,BR_STOCK,TIMS3,1.5,C,0.5,C,5.0,Forte,18.18,21.38,23.86,23.55,125821964.11,False,0.0,False,0.0,False,0.0,False,0.0,False,0.0,False,False,0.62,22.73,False,False,False,False,False,False,False,17.254,10.094445,1.7773649,1140
BITB39,ISHARES U.S. HOME CONSTRUCTION ETF,BDR,BITB (BDR: BITB39),1.5,C,0.5,C,0.0,Fraco,34.13,34.37,38.71,41.74,19264632.46,False,0.0,False,0.0,False,0.0,False,0.0,False,0.0,False,False,0.58,36.33,False,False,False,False,False,False,False,0.0,999.0,999.0,1141
TELB4,TELEC BRASILEIRAS S.A. TELEBRAS,BR_STOCK,TELB4,1.5,C,0.5,C,3.0,OK,7.49,7.54,8.07,8.14,90629.0,False,0.0,False,0.0,False,0.0,False,0.0,False,0.0,False,False,6.68,7.9,False,False,False,False,False,False,False,3.9530000000000003,4.895425,0.45942464,1142
B2MB34,B2MB34,BDR,BMBL (BDR: B2MB34),1.5,C,0.5,C,1.0,Fraco,2.71,2.93,3.28,3.43,6608177.91,False,0.0,False,0.0,False,0.0,False,0.0,False,0.0,False,False,0.64,3.21,False,False,False,False,False,False,False,-76.91799999999999,999.0,0.6923863,1143
D1XC34,D1XC34,BDR,DXC (BDR: D1XC34),1.5,C,0.5,C,2.0,Fraco,10.8,9.71,11.44,12.08,22219024.81,False,0.0,False,0.0,False,0.0,False,0.0,False,0.0,False,False,0.49,11.94,False,False,False,False,False,False,False,4.025,14.587838,0.568128,1144
SUIN11,SUIN11,ETF,SUIN11,1.5,C,0.5,C,0.0,Fraco,83.24,84.56,87.0,88.91,197611.75,False,0.0,False,0.0,False,0.0,False,0.0,False,0.0,False,False,3.68,88.05,False,False,False,False,False,False,False,0.0,999.0,999.0,1145
CTKA4,KARSTEN S.A.,BR_STOCK,CTKA4,1.5,C,0.5,C,3.0,OK,30.6,32.31,39.21,38.89,64260.0,False,0.0,False,0.0,False,0.0,False,0.0,False,0.0,False,False,10.5,33.24,False,False,False,False,False,False,False,173.146,3.0846775,2.4981632,1146
U1LT34,U1LT34,BDR,ULTA (BDR: U1LT34),1.5,C,0.5,C,5.0,Forte,510.75,485.85,552.94,555.19,319493022.75,False,0.0,False,0.0,False,0.0,False,0.0,False,0.0,False,False,1.08,566.73,False,False,False,False,False,False,False,47.449002,19.165104,8.046475,1147
POSI3,POSITIVO TECNOLOGIA S.A.,BR_STOCK,POSI3,1.5,C,0.5,C,2.0,Fraco,3.35,3.71,4.07,4.07,3210974.91,False,0.0,False,0.0,False,0.0,False,0.0,False,0.0,False,False,1.37,3.97,False,False,False,False,False,False,False,0.815,47.85714,0.29956183,1148
BITO39,ISHARES CORE S&P TOTAL US STOCK MARKET ETF,BDR,BITO (BDR: BITO39),1.5,C,0.5,C,0.0,Fraco,8.5,8.57,9.72,10.52,405896034.31,False,0.0,False,0.0,False,0.0,False,0.0,False,0.0,False,False,0.67,9.07,False,False,False,False,False,False,False,0.0,999.0,999.0,1149
A2SO34,A2SO34,BDR,ASO (BDR: A2SO34),1.5,C,0.5,C,5.0,Forte,47.99,48.6,53.34,52.26,43415053.11,False,0.0,False,0.0,False,0.0,False,0.0,False,0.0,False,False,0.94,51.88,False,False,False,False,False,False,False,18.847998999999998,8.477916,1.4368057,1150
XPIE11,XPIE11,ETF,XPIE11,1.5,C,0.5,C,0.0,Fraco,39.86,43.72,47.36,47.11,1267986.48,False,0.0,False,0.0,False,0.0,False,0.0,False,0.0,False,False,0.9,43.61,False,False,False,False,False,False,False,0.0,999.0,999.0,1151
C2OI34,C2OI34,BDR,COIN (BDR: C2OI34),1.5,C,0.5,C,1.0,Fraco,148.47,157.95,180.17,202.98,1053964338.06,False,0.0,False,0.0,False,0.0,False,0.0,False,0.0,False,False,0.84,181.49,False,False,False,False,False,False,False,-7.8469999999999995,999.0,2.9942524,1152
HOME34,HOME34,BDR,HD (BDR: HOME34),1.5,C,0.5,C,2.0,Fraco,338.79,337.69,341.52,343.73,805910284.43,False,0.0,False,0.0,False,0.0,False,0.0,False,0.0,False,False,0.71,358.36,False,False,False,False,False,False,False,128.38,24.06179,24.345358,1153
LOGN3,LOG-IN LOGISTICA INTERMODAL S.A.,BR_STOCK,LOGN3,1.5,C,0.5,C,0.0,Fraco,27.5,27.65,30.34,31.24,121000.0,False,0.0,False,0.0,False,0.0,False,0.0,False,0.0,False,False,0.31,29.1,False,False,False,False,False,False,False,2.8320000000000003,101.851845,2.7783391,1154
RNEW4,RENOVA ENERGIA S.A.,BR_STOCK,RNEW4,1.5,C,0.5,C,2.0,Fraco,0.77,0.82,0.96,0.95,92477.0,False,0.0,False,0.0,False,0.0,False,0.0,False,0.0,False,False,3.3,0.87,False,False,False,False,False,False,False,-14.815000000000001,999.0,0.23940472,1155
PGMN3,EMPREENDIMENTOS PAGUE MENOS S.A.,BR_STOCK,PGMN3,1.5,C,0.5,C,3.0,OK,3.26,3.6,5.18,5.15,7557983.98,False,0.0,False,0.0,False,0.0,False,0.0,False,0.0,False,False,0.34,3.69,False,False,False,False,False,False,False,10.1940006,6.5,0.6839226,1156
POMO3,MARCOPOLO S.A.,BR_STOCK,POMO3,1.5,C,0.5,C,4.0,Forte,3.88,5.14,5.67,5.61,9723280.29,False,0.0,False,0.0,False,0.0,False,0.0,False,0.0,False,False,0.99,5.03,False,False,False,False,False,False,False,30.911,4.041667,1.185819,1157
SAPR11,CIA SANEAMENTO DO PARANA - SANEPAR,BR_STOCK,SAPR11,1.5,C,0.5,C,2.0,Fraco,32.57,36.43,40.78,39.64,78138686.27,False,0.0,False,0.0,False,0.0,False,0.0,False,0.0,False,False,2.0,37.67,False,False,False,False,False,False,False,9.897999500000001,40.25958,0.77508867,1158
TOTS3,TOTVS S.A.,BR_STOCK,TOTS3,1.5,C,0.5,C,5.0,Forte,30.12,29.32,34.04,36.48,126615447.53,False,0.0,False,0.0,False,0.0,False,0.0,False,0.0,False,False,0.92,32.88,False,False,False,False,False,False,False,17.014000000000003,19.802631,3.5159445,1159
BAER39,ISHARES US AEROSPACE & DEFENSE ETF,BDR,BAER (BDR: BAER39),1.5,C,0.5,C,0.0,Fraco,1.25,1.81,2.12,2.04,613480.0,False,0.0,False,0.0,False,0.0,False,0.0,False,0.0,False,False,0.2,2.07,False,False,False,False,False,False,False,-32.422000000000004,999.0,-0.18956627,1160
RNEW3,RENOVA ENERGIA S.A.,BR_STOCK,RNEW3,1.5,C,0.5,C,2.0,Fraco,0.76,0.84,1.0,0.99,190760.0,False,0.0,False,0.0,False,0.0,False,0.0,False,0.0,False,False,3.74,0.89,False,False,False,False,False,False,False,-14.815000000000001,999.0,0.2458751,1161
CSED3,CRUZEIRO DO SUL EDUCACIONAL S.A.,BR_STOCK,CSED3,1.5,C,0.5,C,3.0,OK,4.09,3.94,5.1,5.2,1457267.05,False,0.0,False,0.0,False,0.0,False,0.0,False,0.0,False,False,0.77,4.74,False,False,False,False,False,False,False,16.947001,5.4533334,0.90247136,1162
L1UL34,L1UL34,BDR,LULU (BDR: L1UL34),1.5,C,0.5,C,4.0,Forte,119.55,117.75,146.42,156.58,352210328.69,False,0.0,False,0.0,False,0.0,False,0.0,False,0.0,False,False,1.19,128.86,False,False,False,False,False,False,False,32.027,9.680161,2.834752,1163
LIFE11,LIFE11,ETF,LIFE11,1.5,C,0.5,C,1.0,Fraco,6.98,7.07,7.79,7.66,484307.3,False,0.0,False,0.0,False,0.0,False,0.0,False,0.0,False,False,0.95,7.44,False,False,False,False,False,False,False,0.0,3.543147,999.0,1164
S2RE34,S2RE34,BDR,ASR (BDR: S2RE34),1.5,C,0.5,C,5.0,Forte,265.12,285.18,312.57,310.68,10831742.52,False,0.0,False,0.0,False,0.0,False,0.0,False,0.0,False,False,0.62,285.08,False,False,False,False,False,False,False,22.775999,13.880628,3.2883968,1165
FESA4,CIA FERRO LIGAS DA BAHIA - FERBASA,BR_STOCK,FESA4,1.5,C,0.5,C,2.0,Fraco,4.81,5.92,7.0,6.99,7466562.91,False,0.0,False,0.0,False,0.0,False,0.0,False,0.0,False,False,1.12,6.21,False,False,False,False,False,False,False,4.439,10.711112,0.49767682,1166
MKLC34,MKLC34,BDR,MKL (BDR: MKLC34),1.5,C,0.5,C,4.0,Forte,1847.52,1905.23,1937.39,1972.75,54228407.61,False,0.0,False,0.0,False,0.0,False,0.0,False,0.0,False,False,0.43,2054.37,False,False,False,False,False,False,False,12.4639995,10.199966,1.2063223,1167
C2HP34,C2HP34,BDR,CHPT (BDR: C2HP34),1.5,C,0.5,C,1.0,Fraco,6.18,6.19,6.19,6.75,1143699.26,False,0.0,False,0.0,False,0.0,False,0.0,False,0.0,False,False,0.5,6.55,False,False,False,False,False,False,False,-376.815,999.0,-17.621082,1168
T1MU34,T1MU34,BDR,TMUS (BDR: T1MU34),1.5,C,0.5,C,4.0,Forte,182.61,181.51,193.03,195.4,436391518.52,False,0.0,False,0.0,False,0.0,False,0.0,False,0.0,False,False,0.53,198.86,False,False,False,False,False,False,False,17.994,19.121466,3.4883854,1169
P1DD34,P1DD34,BDR,PDD (BDR: P1DD34),1.5,C,0.5,C,4.0,Forte,84.79,84.03,95.35,101.76,387788341.04,False,0.0,False,0.0,False,0.0,False,0.0,False,0.0,False,False,0.83,93.19,False,False,False,False,False,False,False,25.4,9.379425,1.9042869,1170
RBHY11,RBHY11,ETF,RBHY11,1.5,C,0.5,C,1.0,Fraco,61.47,70.51,73.64,72.76,310853.8,False,0.0,False,0.0,False,0.0,False,0.0,False,0.0,False,False,0.65,71.59,False,False,False,False,False,False,False,0.0,5.1550713,999.0,1171
AGRO3,BRASILAGRO - CIA BRAS DE PROP AGRICOLAS,BR_STOCK,AGRO3,1.5,C,0.5,C,1.0,Fraco,18.34,18.62,19.77,19.78,4177852.03,False,0.0,False,0.0,False,0.0,False,0.0,False,0.0,False,False,2.17,19.72,False,False,False,False,False,False,False,-0.70200004,999.0,0.8946264,1172
VGIA11,VGIA11,ETF,VGIA11,1.5,C,0.5,C,0.0,Fraco,8.26,9.07,9.26,9.11,1586357.82,False,0.0,False,0.0,False,0.0,False,0.0,False,0.0,False,False,0.88,9.63,False,False,False,False,False,False,False,0.0,999.0,999.0,1173
G1LO34,G1LO34,BDR,GLOB (BDR: G1LO34),1.5,C,0.5,C,3.0,OK,37.38,33.98,44.08,49.28,224614630.5,False,0.0,False,0.0,False,0.0,False,0.0,False,0.0,False,False,3.34,41.65,False,False,False,False,False,False,False,5.204000000000001,14.375001,0.75863683,1174
JGPX11,JGPX11,ETF,JGPX11,1.5,C,0.5,C,0.0,Fraco,59.3,60.62,64.04,63.65,356748.8,False,0.0,False,0.0,False,0.0,False,0.0,False,0.0,False,False,1.04,62.6,False,False,False,False,False,False,False,0.0,999.0,999.0,1175
B2LN34,B2LN34,BDR,BL (BDR: B2LN34),1.5,C,0.5,C,2.0,Fraco,30.53,29.15,34.46,40.0,23265600.73,False,0.0,False,0.0,False,0.0,False,0.0,False,0.0,False,False,0.55,33.4,False,False,False,False,False,False,False,7.0300005,54.517857,5.6370015,1176
TRBL11,TRBL11,ETF,TRBL11,1.5,C,0.5,C,0.0,Fraco,49.95,57.31,64.24,62.5,732566.71,False,0.0,False,0.0,False,0.0,False,0.0,False,0.0,False,False,1.07,61.89,False,False,False,False,False,False,False,-7.179,999.0,0.6047983,1177
L1KQ34,L1KQ34,BDR,LKQ (BDR: L1KQ34),1.5,C,0.5,C,2.0,Fraco,25.42,25.37,28.53,28.77,66351818.02,False,0.0,False,0.0,False,0.0,False,0.0,False,0.0,False,False,0.69,27.28,False,False,False,False,False,False,False,7.131,14.122223,0.9991353,1178
VINO11,VINO11,ETF,VINO11,1.5,C,0.5,C,0.0,Fraco,4.42,4.61,4.88,4.84,347518.09,False,0.0,False,0.0,False,0.0,False,0.0,False,0.0,False,False,0.89,4.7,False,False,False,False,False,False,False,0.0,23.210526,999.0,1179
RPRI11,RPRI11,ETF,RPRI11,1.5,C,0.5,C,1.0,Fraco,71.66,76.13,79.38,78.89,844799.78,False,0.0,False,0.0,False,0.0,False,0.0,False,0.0,False,False,0.7,78.3,False,False,False,False,False,False,False,0.0,5.49272,999.0,1180
BIOM3,BIOMM S.A.,BR_STOCK,BIOM3,1.5,C,0.5,C,2.0,Fraco,5.66,6.23,6.75,6.98,209985.99,False,0.0,False,0.0,False,0.0,False,0.0,False,0.0,False,False,0.85,6.4,False,False,False,False,False,False,False,5.133,47.166668,2.3952603,1181
BRFT11,BRFT11,ETF,BRFT11,1.5,C,0.5,C,0.0,Fraco,60.86,79.55,81.9,80.27,656801.13,False,0.0,False,0.0,False,0.0,False,0.0,False,0.0,False,False,2.13,79.05,False,False,False,False,False,False,False,0.0,999.0,999.0,1182
QDFI11,QDFI11,ETF,QDFI11,1.5,C,0.5,C,0.0,Fraco,1.53,1.62,1.64,1.89,150294.96,False,0.0,False,0.0,False,0.0,False,0.0,False,0.0,False,False,9.64,1.71,False,False,False,False,False,False,False,0.0,999.0,999.0,1183
UNIP6,UNIPAR CARBOCLORO S.A.,BR_STOCK,UNIP6,1.5,C,0.5,C,1.0,Fraco,57.37,60.78,62.42,61.43,8611236.84,False,0.0,False,0.0,False,0.0,False,0.0,False,0.0,False,False,0.94,64.79,False,False,False,False,False,False,False,10.7650004,25.515556,3.4219465,1184
RADL3,RAIA DROGASIL S.A.,BR_STOCK,RADL3,1.5,C,0.5,C,3.0,OK,17.53,17.89,21.23,21.44,138951550.44,False,0.0,False,0.0,False,0.0,False,0.0,False,0.0,False,False,0.53,20.84,False,False,False,False,False,False,False,19.993,20.588234,4.1686516,1185
Z2LL34,Z2LL34,BDR,Z (BDR: Z2LL34),1.5,C,0.5,C,2.0,Fraco,34.78,33.02,42.38,49.6,95535787.45,False,0.0,False,0.0,False,0.0,False,0.0,False,0.0,False,False,0.58,36.84,False,False,False,False,False,False,False,1.2150001000000001,151.21738,1.7122883,1186
L1HX34,L1HX34,BDR,LHX (BDR: L1HX34),1.5,C,0.5,C,2.0,Fraco,291.85,293.33,323.57,314.4,182774568.52,False,0.0,False,0.0,False,0.0,False,0.0,False,0.0,False,False,0.39,308.89,False,False,False,False,False,False,False,0.0,29.509605,2.8395326,1187
RAIL3,RUMO S.A.,BR_STOCK,RAIL3,1.5,C,0.5,C,1.0,Fraco,13.69,13.51,14.83,15.0,153912558.28,False,0.0,False,0.0,False,0.0,False,0.0,False,0.0,False,False,0.83,14.69,False,False,False,False,False,False,False,7.3340000000000005,20.742422,1.8285027,1188
BIDU34,BIDU34,BDR,BIDU (BDR: BIDU34),1.5,C,0.5,C,1.0,Fraco,103.67,111.7,124.91,124.91,266924846.14,False,0.0,False,0.0,False,0.0,False,0.0,False,0.0,False,False,1.28,114.45,False,False,False,False,False,False,False,0.319,999.0,0.88443714,1189
C1HK34,C1HK34,BDR,CHKP (BDR: C1HK34),1.5,C,0.5,C,5.0,Forte,131.72,130.06,143.83,155.77,92326895.62,False,0.0,False,0.0,False,0.0,False,0.0,False,0.0,False,False,0.63,140.73,False,False,False,False,False,False,False,37.639,13.509744,4.9518795,1190
BRST3,BRISANET SERVIÇOS DE TELECOMUNICAÇÕES S.A.,BR_STOCK,BRST3,1.5,C,0.5,C,1.0,Fraco,2.77,2.76,2.98,3.05,429073.0,False,0.0,False,0.0,False,0.0,False,0.0,False,0.0,False,False,0.66,2.98,False,False,False,False,False,False,False,2.5390001,34.625,0.77634525,1191
WUNI34,WUNI34,BDR,WU (BDR: WUNI34),1.5,C,0.5,C,2.0,Fraco,7.46,7.59,8.38,8.41,51146275.0,False,0.0,False,0.0,False,0.0,False,0.0,False,0.0,False,False,0.4,8.95,False,False,False,False,False,False,False,43.974999999999994,5.738462,2.5618134,1192
GRND3,GRENDENE S.A.,BR_STOCK,GRND3,1.5,C,0.5,C,3.0,OK,3.5,3.77,4.23,4.16,10628100.0,False,0.0,False,0.0,False,0.0,False,0.0,False,0.0,False,False,0.62,3.9,False,False,False,False,False,False,False,17.924,5.46875,1.0011442,1193
A1ZN34,A1ZN34,BDR,AZN (BDR: A1ZN34),1.5,C,0.5,C,4.0,Forte,156.46,174.14,185.78,183.62,544855858.0,False,0.0,False,0.0,False,0.0,False,0.0,False,0.0,False,False,0.65,175.04,False,False,False,False,False,False,False,21.965,23.422157,4.824992,1194
RENT4,LOCALIZA RENT A CAR S.A.,BR_STOCK,RENT4,1.5,C,0.5,C,2.0,Fraco,32.56,37.71,41.99,41.95,3529504.15,False,0.0,False,0.0,False,0.0,False,0.0,False,0.0,False,False,1.29,39.05,False,False,False,False,False,False,False,13.011000000000001,10.326983,1.3540626,1195
CSUD3,CSU DIGITAL S.A.,BR_STOCK,CSUD3,1.5,C,0.5,C,4.0,Forte,13.08,14.76,16.81,16.79,1263527.99,False,0.0,False,0.0,False,0.0,False,0.0,False,0.0,False,False,2.63,14.96,False,False,False,False,False,False,False,20.919999999999998,5.307692,1.1038141,1196
RBRY11,RBRY11,ETF,RBRY11,1.5,C,0.5,C,0.0,Fraco,80.17,85.71,88.79,88.26,3702410.86,False,0.0,False,0.0,False,0.0,False,0.0,False,0.0,False,False,1.14,86.55,False,False,False,False,False,False,False,0.0,999.0,999.0,1197
AXIA7,AXIA7,BR_STOCK,AXIA7,1.5,C,0.5,C,2.0,Fraco,49.23,51.27,54.26,53.95,142373158.68,False,0.0,False,0.0,False,0.0,False,0.0,False,0.0,False,False,1.2,54.31,False,False,False,False,False,False,False,10.005999000000001,999.0,1.1566159,1198
V1IP34,V1IP34,BDR,VIPS (BDR: V1IP34),1.5,C,0.5,C,5.0,Forte,14.18,14.14,15.05,15.87,14373330.43,False,0.0,False,0.0,False,0.0,False,0.0,False,0.0,False,False,0.5,15.75,False,False,False,False,False,False,False,17.788999999999998,6.41629,1.1279285,1199
VVCR11,VVCR11,ETF,VVCR11,1.5,C,0.5,C,0.0,Fraco,8.0,8.73,8.98,8.87,70040.0,False,0.0,False,0.0,False,0.0,False,0.0,False,0.0,False,False,5.18,10.35,False,False,False,False,False,False,False,0.0,999.0,999.0,1200
O2LE34,O2LE34,BDR,OLED (BDR: O2LE34),1.5,C,0.5,C,1.0,Fraco,88.92,84.84,96.12,102.44,50676574.0,False,0.0,False,0.0,False,0.0,False,0.0,False,0.0,False,False,0.69,94.41,False,False,False,False,False,False,False,11.5159996,21.478262,2.4411805,1201
BBAS3,BCO BRASIL S.A.,BR_STOCK,BBAS3,1.5,C,0.5,C,1.0,Fraco,18.32,20.0,22.13,21.97,742535235.63,False,0.0,False,0.0,False,0.0,False,0.0,False,0.0,False,False,1.8,21.59,False,False,False,False,False,False,False,9.224,8.516278,0.56865114,1202
BIPC39,ISHARES CORE MSCI PACIFIC ETF,BDR,BIPC (BDR: BIPC39),1.5,C,0.5,C,2.0,Fraco,40.46,40.17,42.06,42.65,20480568.32,False,0.0,False,0.0,False,0.0,False,0.0,False,0.0,False,False,0.4,45.23,False,False,False,False,False,False,False,17.157,999.0,-3.2316291,1203
TRXY11,TRXY11,ETF,TRXY11,1.5,C,0.5,C,1.0,Fraco,7.49,8.05,8.45,8.42,112806.89,False,0.0,False,0.0,False,0.0,False,0.0,False,0.0,False,False,1.11,8.03,False,False,False,False,False,False,False,0.0,14.98,999.0,1204
AXIA3,AXIA3,BR_STOCK,AXIA3,1.5,C,0.5,C,3.0,OK,49.5,52.29,55.98,56.55,569027250.0,False,0.0,False,0.0,False,0.0,False,0.0,False,0.0,False,False,0.76,55.09,False,False,False,False,False,False,False,10.005999000000001,9.481835,1.1520234,1205
CRIP34,CRIP34,BDR,TCOM (BDR: CRIP34),1.5,C,0.5,C,4.0,Forte,44.98,44.56,51.08,56.28,52581079.7,False,0.0,False,0.0,False,0.0,False,0.0,False,0.0,False,False,0.48,47.48,False,False,False,False,False,False,False,20.143999,6.703428,1.19352,1206
ANIM3,ANIMA HOLDING S.A.,BR_STOCK,ANIM3,1.5,C,0.5,C,3.0,OK,2.14,2.51,3.63,3.59,30316097.49,False,0.0,False,0.0,False,0.0,False,0.0,False,0.0,False,False,1.49,2.33,False,False,False,False,False,False,False,8.737001,5.9444447,0.3385005,1207
MOTV3,MOTIVA INFRAESTRUTURA DE MOBILIDADE S.A.,BR_STOCK,MOTV3,1.5,C,0.5,C,4.0,Forte,13.71,14.42,15.37,15.42,180544248.5,False,0.0,False,0.0,False,0.0,False,0.0,False,0.0,False,False,1.56,15.34,False,False,False,False,False,False,False,21.971,8.160714,1.5530131,1208
HAPV3,HAPVIDA PARTICIPACOES E INVESTIMENTOS SA,BR_STOCK,HAPV3,0.5,C,0.5,C,2.0,Fraco,6.75,10.56,11.3,13.46,153794025.0,False,0.0,False,0.0,False,0.0,False,0.0,False,0.0,False,False,2.25,12.2,False,False,False,False,False,False,False,-0.885,999.0,0.06659432,1209
CSAN3,COSAN S.A.,BR_STOCK,CSAN3,0.5,C,0.5,C,1.0,Fraco,3.26,3.7,4.79,5.06,73238181.79,False,0.0,False,0.0,False,0.0,False,0.0,False,0.0,False,False,0.78,4.19,False,False,False,False,False,False,False,-29.937,999.0,3.6434977,1210
CSNA3,CIA SIDERURGICA NACIONAL,BR_STOCK,CSNA3,0.5,C,0.5,C,0.0,Fraco,4.47,5.12,6.78,7.33,61319904.12,False,0.0,False,0.0,False,0.0,False,0.0,False,0.0,False,False,0.78,5.87,False,False,False,False,False,False,False,-8.274,999.0,0.4613003,1211
PMAM3,PARANAPANEMA S.A.,BR_STOCK,PMAM3,0.5,C,0.5,C,1.0,Fraco,0.11,0.26,0.49,0.56,1305490.99,False,0.0,False,0.0,False,0.0,False,0.0,False,0.0,False,False,1.41,0.41,False,False,False,False,False,False,False,0.0,999.0,-0.0019173617,1212
APTV34,APTV34,BDR,APTV (BDR: APTV34),0.5,C,0.5,C,2.0,Fraco,49.57,58.95,65.75,69.01,100520870.87,False,0.0,False,0.0,False,0.0,False,0.0,False,0.0,False,False,0.33,59.74,False,False,False,False,False,False,False,5.158,22.429863,1.1800133,1213
TGAR11,TGAR11,ETF,TGAR11,0.5,C,0.5,C,0.0,Fraco,44.67,50.73,64.2,68.25,2855082.93,False,0.0,False,0.0,False,0.0,False,0.0,False,0.0,False,False,0.8,51.62,False,False,False,False,False,False,False,0.0,999.0,999.0,1214
CVCB3,CVC BRASIL OPERADORA E AGÊNCIA DE VIAGENS S.A.,BR_STOCK,CVCB3,0.5,C,0.5,C,1.0,Fraco,1.33,1.33,1.88,1.9,21244489.69,False,0.0,False,0.0,False,0.0,False,0.0,False,0.0,False,False,0.7,1.67,False,False,False,False,False,False,False,-22.981001,44.333336,1.7250324,1215
RAIZ4,RAIZEN S.A.,BR_STOCK,RAIZ4,0.5,C,0.5,C,0.0,Fraco,0.24,0.34,0.51,0.6,3536423.92,False,0.0,False,0.0,False,0.0,False,0.0,False,0.0,False,False,0.92,0.31,False,False,False,False,False,False,False,-548.131,999.0,-0.29620853,1216
XLPR11,XLPR11,ETF,XLPR11,0.5,C,0.5,C,0.0,Fraco,64.01,68.64,73.35,73.81,630114.46,False,0.0,False,0.0,False,0.0,False,0.0,False,0.0,False,False,2.74,71.5,False,False,False,False,False,False,False,0.0,41.296776,999.0,1217
I1DX34,I1DX34,BDR,IDXX (BDR: I1DX34),0.5,C,0.5,C,4.0,Forte,550.96,561.19,589.78,617.5,236156892.3,False,0.0,False,0.0,False,0.0,False,0.0,False,0.0,False,False,0.56,624.15,False,False,False,False,False,False,False,74.211,38.718204,26.9484,1218
MFII11,MFII11,ETF,MFII11,0.5,C,0.5,C,2.0,Fraco,30.75,45.54,58.89,61.06,472719.75,False,0.0,False,0.0,False,0.0,False,0.0,False,0.0,False,False,0.22,53.85,False,False,False,False,False,False,False,11.484,2.9624276,0.3090297,1219
C1CI34,C1CI34,BDR,CCI (BDR: C1CI34),0.5,C,0.5,C,0.0,Fraco,75.95,80.06,83.72,84.48,139717158.69,False,0.0,False,0.0,False,0.0,False,0.0,False,0.0,False,False,0.46,80.69,False,False,False,False,False,False,False,0.0,30.999998,-9.894476,1220
ECOR3,ECORODOVIAS INFRAESTRUTURA E LOGÍSTICA S.A.,BR_STOCK,ECOR3,0.5,C,0.5,C,2.0,Fraco,5.91,7.1,8.54,8.77,24087386.38,False,0.0,False,0.0,False,0.0,False,0.0,False,0.0,False,False,0.72,7.44,False,False,False,False,False,False,False,12.307,7.5063286,1.0027055,1221
LJQQ3,LOJAS QUERO-QUERO S/A,BR_STOCK,LJQQ3,0.5,C,0.5,C,1.0,Fraco,0.99,1.22,1.76,1.87,3383820.03,False,0.0,False,0.0,False,0.0,False,0.0,False,0.0,False,False,1.47,1.34,False,False,False,False,False,False,False,-43.785998,999.0,0.50587636,1222
AZZA3,AZZAS 2154 S.A.,BR_STOCK,AZZA3,0.5,C,0.5,C,3.0,OK,14.7,17.47,21.67,22.62,45381839.41,False,0.0,False,0.0,False,0.0,False,0.0,False,0.0,False,False,0.96,18.75,False,False,False,False,False,False,False,3.9579999999999997,3.826425,0.017230095,1223
APXM11,APXM11,ETF,APXM11,0.5,C,0.5,C,0.0,Fraco,42.5,64.59,72.51,73.19,273317.5,False,0.0,False,0.0,False,0.0,False,0.0,False,0.0,False,False,2.56,66.48,False,False,False,False,False,False,False,0.0,999.0,999.0,1224
N1RG34,N1RG34,BDR,NRG (BDR: N1RG34),0.5,C,0.5,C,2.0,Fraco,126.24,132.5,145.62,149.85,142518393.11,False,0.0,False,0.0,False,0.0,False,0.0,False,0.0,False,False,0.28,143.68,False,False,False,False,False,False,False,23.772,32.875,6.3138943,1225
XRPH11,XRPH11,ETF,XRPH11,0.5,C,0.5,C,0.0,Fraco,8.12,8.78,10.95,12.77,67314.8,False,0.0,False,0.0,False,0.0,False,0.0,False,0.0,False,False,0.14,9.49,False,False,False,False,False,False,False,0.0,999.0,999.0,1226
WEB311,WEB311,ETF,WEB311,0.5,C,0.5,C,0.0,Fraco,12.13,12.33,15.11,17.91,161256.22,False,0.0,False,0.0,False,0.0,False,0.0,False,0.0,False,False,4.89,12.79,False,False,False,False,False,False,False,0.0,999.0,999.0,1227
RAPT4,RANDONCORP S.A.,BR_STOCK,RAPT4,0.5,C,0.5,C,0.0,Fraco,4.52,4.75,5.42,5.57,24151715.9,False,0.0,False,0.0,False,0.0,False,0.0,False,0.0,False,False,2.48,5.24,False,False,False,False,False,False,False,-2.5209999,999.0,0.5093112,1228
GGPS3,GPS PARTICIPACOES E EMPREENDIMENTOS S.A.,BR_STOCK,GGPS3,0.5,C,0.5,C,3.0,OK,11.23,11.83,14.89,15.35,59339317.58,False,0.0,False,0.0,False,0.0,False,0.0,False,0.0,False,False,1.48,12.66,False,False,False,False,False,False,False,17.129,8.920635,2.051469,1229
RBRP11,RBRP11,ETF,RBRP11,0.5,C,0.5,C,0.0,Fraco,42.63,46.47,49.37,49.37,725306.84,False,0.0,False,0.0,False,0.0,False,0.0,False,0.0,False,False,0.31,48.17,False,False,False,False,False,False,False,0.0,999.0,999.0,1230
EZTC3,EZ TEC EMPREEND. E PARTICIPACOES S.A.,BR_STOCK,EZTC3,0.5,C,0.5,C,2.0,Fraco,10.59,12.1,13.5,13.69,31058352.45,False,0.0,False,0.0,False,0.0,False,0.0,False,0.0,False,False,1.25,12.19,False,False,False,False,False,False,False,10.551,6.424243,0.56188715,1231
EVEN3,EVEN CONSTRUTORA E INCORPORADORA S.A.,BR_STOCK,EVEN3,0.5,C,0.5,C,2.0,Fraco,4.25,5.23,6.31,6.61,10894450.0,False,0.0,False,0.0,False,0.0,False,0.0,False,0.0,False,False,3.21,5.41,False,False,False,False,False,False,False,12.1929996,2.1356783,0.4317789,1232
HBSA3,HIDROVIAS DO BRASIL S.A.,BR_STOCK,HBSA3,0.5,C,0.5,C,2.0,Fraco,3.2,3.35,3.64,3.69,7904960.12,False,0.0,False,0.0,False,0.0,False,0.0,False,0.0,False,False,1.71,3.49,False,False,False,False,False,False,False,2.2060001,159.5,2.164179,1233
SBFG3,GRUPO SBF SA,BR_STOCK,SBFG3,0.5,C,0.5,C,4.0,Forte,8.56,9.86,11.22,11.6,21779209.07,False,0.0,False,0.0,False,0.0,False,0.0,False,0.0,False,False,1.01,10.06,False,False,False,False,False,False,False,13.703999999999999,5.9444447,0.57709163,1234
BHIA3,GRUPO CASAS BAHIA S.A.,BR_STOCK,BHIA3,0.5,C,0.5,C,1.0,Fraco,0.65,1.0,2.1,2.41,1426554.95,False,0.0,False,0.0,False,0.0,False,0.0,False,0.0,False,False,0.3,1.1,False,False,False,False,False,False,False,-188.46699,999.0,0.23905846,1235
VCRR11,VCRR11,ETF,VCRR11,0.5,C,0.5,C,0.0,Fraco,54.02,55.5,59.81,61.01,241523.42,False,0.0,False,0.0,False,0.0,False,0.0,False,0.0,False,False,1.14,57.98,False,False,False,False,False,False,False,0.0,999.0,999.0,1236
A1LN34,A1LN34,BDR,ALNY (BDR: A1LN34),0.5,C,0.5,C,2.0,Fraco,228.65,273.17,305.68,336.7,344788185.3,False,0.0,False,0.0,False,0.0,False,0.0,False,0.0,False,False,0.64,290.6,False,False,False,False,False,False,False,96.555,39.765217,22.582716,1237
H1DB34,H1DB34,BDR,HDB (BDR: H1DB34),0.5,C,0.5,C,3.0,OK,23.39,24.62,27.11,29.33,95008329.71,False,0.0,False,0.0,False,0.0,False,0.0,False,0.0,False,False,0.59,26.7,False,False,False,False,False,False,False,13.838000000000001,16.243055,9.424874,1238
SIMH3,SIMPAR S.A.,BR_STOCK,SIMH3,0.5,C,0.5,C,1.0,Fraco,6.13,7.64,10.04,10.22,17409813.33,False,0.0,False,0.0,False,0.0,False,0.0,False,0.0,False,False,0.99,8.12,False,False,False,False,False,False,False,0.64499998,999.0,0.61490625,1239
BBIG11,BBIG11,ETF,BBIG11,0.5,C,0.5,C,1.0,Fraco,4.9,5.72,6.5,6.51,820338.42,False,0.0,False,0.0,False,0.0,False,0.0,False,0.0,False,False,0.67,5.71,False,False,False,False,False,False,False,0.0,2.9341319,999.0,1240
AMBP3,AMBIPAR PARTICIPACOES E EMPREENDIMENTOS S/A,BR_STOCK,AMBP3,0.5,C,0.5,C,1.0,Fraco,0.15,0.16,0.21,0.23,224220.01,False,0.0,False,0.0,False,0.0,False,0.0,False,0.0,False,False,0.3,0.17,False,False,False,False,False,False,False,-1.345,999.0,0.22865854,1241
SYNE3,SYN PROP E TECH S.A.,BR_STOCK,SYNE3,0.5,C,0.5,C,3.0,OK,3.52,3.99,4.26,4.38,5200447.97,False,0.0,False,0.0,False,0.0,False,0.0,False,0.0,False,False,7.19,4.24,False,False,False,False,False,False,False,4.662,8.209302,0.7777043,1242
F2VR34,F2VR34,BDR,FVRR (BDR: F2VR34),0.5,C,0.5,C,3.0,OK,8.99,10.25,11.52,13.83,4136161.8,False,0.0,False,0.0,False,0.0,False,0.0,False,0.0,False,False,0.48,11.76,False,False,False,False,False,False,False,7.132,11.1049385,0.747031,1243
FIIP11,FIIP11,ETF,FIIP11,0.5,C,0.5,C,0.0,Fraco,124.92,131.04,134.32,138.46,532409.03,False,0.0,False,0.0,False,0.0,False,0.0,False,0.0,False,False,3.47,133.77,False,False,False,False,False,False,False,7.7309996000000005,999.0,0.62290794,1244
INLG11,INLG11,ETF,INLG11,0.5,C,0.5,C,1.0,Fraco,62.93,65.96,69.54,69.7,233281.51,False,0.0,False,0.0,False,0.0,False,0.0,False,0.0,False,False,1.79,67.13,False,False,False,False,False,False,False,0.0,4.501431,999.0,1245
P2OD34,P2OD34,BDR,PODD (BDR: P2OD34),0.5,C,0.5,C,4.0,Forte,143.34,154.99,195.04,223.41,110749211.39,False,0.0,False,0.0,False,0.0,False,0.0,False,0.0,False,False,0.35,172.92,False,False,False,False,False,False,False,26.016000000000002,26.893059,6.989808,1246
LKFT34,LKFT34,BDR,LKFT (BDR: LKFT34),0.5,C,0.5,C,2.0,Fraco,27.53,28.63,30.21,30.59,6854089.21,False,0.0,False,0.0,False,0.0,False,0.0,False,0.0,False,False,0.92,30.25,False,False,False,False,False,False,False,0.0,2.6445727,9.64918,1247
GFSA3,GAFISA S.A.,BR_STOCK,GFSA3,0.5,C,0.5,C,0.0,Fraco,0.21,0.7,1.76,2.69,363698.99,False,0.0,False,0.0,False,0.0,False,0.0,False,0.0,False,False,0.34,0.51,False,False,False,False,False,False,False,-34.651002,999.0,0.0033576363,1248
AZEV4,AZEVEDO E TRAVASSOS S.A.,BR_STOCK,AZEV4,0.5,C,0.5,C,1.0,Fraco,1.51,1.76,2.88,3.47,2610185.98,False,0.0,False,0.0,False,0.0,False,0.0,False,0.0,False,False,0.31,2.82,False,False,False,False,False,False,False,-145.301,999.0,0.39989474,1249
VULC3,VULCABRAS S.A.,BR_STOCK,VULC3,0.5,C,0.5,C,4.0,Forte,13.5,14.22,16.12,16.94,22815000.0,False,0.0,False,0.0,False,0.0,False,0.0,False,0.0,False,False,1.37,14.64,False,False,False,False,False,False,False,37.129003,4.444079,1.6934068,1250
KEPL3,KEPLER WEBER S.A.,BR_STOCK,KEPL3,0.5,C,0.5,C,3.0,OK,5.74,6.39,7.84,8.21,9412451.62,False,0.0,False,0.0,False,0.0,False,0.0,False,0.0,False,False,1.44,6.54,False,False,False,False,False,False,False,18.312,6.741176,1.2543783,1251
VGHF11,VGHF11,ETF,VGHF11,0.5,C,0.5,C,1.0,Fraco,5.02,5.76,6.29,6.39,2457791.99,False,0.0,False,0.0,False,0.0,False,0.0,False,0.0,False,False,0.64,5.93,False,False,False,False,False,False,False,0.0,9.145454,999.0,1252
R1OL34,R1OL34,BDR,ROL (BDR: R1OL34),0.5,C,0.5,C,4.0,Forte,36.21,42.24,51.65,53.43,105625449.88,False,0.0,False,0.0,False,0.0,False,0.0,False,0.0,False,False,0.53,46.14,False,False,False,False,False,False,False,37.008998,32.91364,12.614984,1253
PLPL3,PLANO & PLANO DESENVOLVIMENTO IMOBILIÁRIO S.A.,BR_STOCK,PLPL3,0.5,C,0.5,C,3.0,OK,6.65,7.87,11.41,12.15,12410230.18,False,0.0,False,0.0,False,0.0,False,0.0,False,0.0,False,False,0.74,8.32,False,False,False,False,False,False,False,37.973,3.982143,1.2755005,1254
PTBL3,PBG S/A,BR_STOCK,PTBL3,0.5,C,0.5,C,1.0,Fraco,1.43,1.67,2.42,2.67,1858570.93,False,0.0,False,0.0,False,0.0,False,0.0,False,0.0,False,False,3.84,1.8,False,False,False,False,False,False,False,-146.734,999.0,7.5531917,1255
JALL3,JALLES MACHADO S.A.,BR_STOCK,JALL3,0.5,C,0.5,C,0.0,Fraco,1.93,2.11,2.77,2.79,1922858.95,False,0.0,False,0.0,False,0.0,False,0.0,False,0.0,False,False,1.41,2.1,False,False,False,False,False,False,False,0.47299997,64.333336,0.28952894,1256
HBOR3,HELBOR EMPREENDIMENTOS S.A.,BR_STOCK,HBOR3,0.5,C,0.5,C,2.0,Fraco,1.89,2.06,2.41,2.56,1846151.99,False,0.0,False,0.0,False,0.0,False,0.0,False,0.0,False,False,2.17,2.12,False,False,False,False,False,False,False,2.874,47.25,0.17323557,1257
BSLT11,BSLT11,ETF,BSLT11,0.5,C,0.5,C,0.0,Fraco,61.96,68.09,75.26,78.73,64748.2,False,0.0,False,0.0,False,0.0,False,0.0,False,0.0,False,False,0.83,79.99,False,False,False,False,False,False,False,0.0,999.0,999.0,1258
F2IC34,F2IC34,BDR,FICO (BDR: F2IC34),0.5,C,0.5,C,2.0,Fraco,1084.94,1179.78,1220.7,1347.44,148685594.27,False,0.0,False,0.0,False,0.0,False,0.0,False,0.0,False,False,0.3,1410.17,False,False,False,False,False,False,False,0.0,31.411116,-5.7189693,1259
INFB11,INFB11,ETF,INFB11,0.5,C,0.5,C,0.0,Fraco,74.74,77.34,82.87,84.99,72647.28,False,0.0,False,0.0,False,0.0,False,0.0,False,0.0,False,False,2.78,85.0,False,False,False,False,False,False,False,0.0,999.0,999.0,1260
AZTE3,AZEVEDO & TRAVASSOS ENERGIA S.A.,BR_STOCK,AZTE3,0.5,C,0.5,C,2.0,Fraco,1.39,1.54,2.62,2.97,928380.99,False,0.0,False,0.0,False,0.0,False,0.0,False,0.0,False,False,0.52,1.98,False,False,False,False,False,False,False,-3.94,999.0,0.19058141,1261
C1AB34,C1AB34,BDR,CABO (BDR: C1AB34),0.5,C,0.5,C,0.0,Fraco,34.4,42.27,73.01,85.34,6234140.28,False,0.0,False,0.0,False,0.0,False,0.0,False,0.0,False,False,0.93,45.57,False,False,False,False,False,False,False,-126.20599999999999,999.0,0.59795934,1262
U2PW34,U2PW34,BDR,UPWK (BDR: U2PW34),0.5,C,0.5,C,3.0,OK,8.48,8.85,11.58,13.46,26281989.46,False,0.0,False,0.0,False,0.0,False,0.0,False,0.0,False,False,0.57,9.91,False,False,False,False,False,False,False,16.695,10.878205,1.8405639,1263
AMER3,AMERICANAS S.A,BR_STOCK,AMER3,0.5,C,0.5,C,2.0,Fraco,3.73,4.18,5.04,5.19,3395046.02,False,0.0,False,0.0,False,0.0,False,0.0,False,0.0,False,False,0.66,4.9,False,False,False,False,False,False,False,-1.4540000000000002,1.4258554,0.16950685,1264
TFCO4,TRACK & FIELD CO S.A.,BR_STOCK,TFCO4,0.5,C,0.5,C,4.0,Forte,13.17,14.7,15.41,15.73,11057532.06,False,0.0,False,0.0,False,0.0,False,0.0,False,0.0,False,False,1.69,15.18,False,False,False,False,False,False,False,26.393,14.1505375,3.394377,1265
ENMT3,ENERGISA MATO GROSSO-DISTRIBUIDORA DE ENERGIA S/A,BR_STOCK,ENMT3,0.5,C,0.5,C,3.0,OK,35.39,36.7,44.34,46.53,70780.0,False,0.0,False,0.0,False,0.0,False,0.0,False,0.0,False,False,6.43,38.78,False,False,False,False,False,False,False,18.423000000000002,14.327935,1.9702705,1266
RSUL4,METALURGICA RIOSULENSE S.A.,BR_STOCK,RSUL4,0.5,C,0.5,C,3.0,OK,41.18,50.18,59.42,60.94,78242.0,False,0.0,False,0.0,False,0.0,False,0.0,False,0.0,False,False,0.94,46.5,False,False,False,False,False,False,False,23.319000000000003,3.9825919,0.87017155,1267
W1BO34,W1BO34,BDR,WB (BDR: W1BO34),0.5,C,0.5,C,3.0,OK,7.67,7.69,8.48,8.77,3874577.24,False,0.0,False,0.0,False,0.0,False,0.0,False,0.0,False,False,0.71,8.29,False,False,False,False,False,False,False,10.436,5.3636365,0.47557044,1268
M2ST34,M2ST34,BDR,MSTR (BDR: M2ST34),0.5,C,0.5,C,2.0,Fraco,93.04,101.45,133.28,148.07,1796762911.68,False,0.0,False,0.0,False,0.0,False,0.0,False,0.0,False,False,1.22,105.5,False,False,False,False,False,False,False,-63.562,999.0,1.1193994,1269
TSLA34,TSLA34,BDR,TSLA (BDR: TSLA34),0.5,C,0.5,C,2.0,Fraco,342.27,371.09,393.25,406.08,15325513886.0,False,0.0,False,0.0,False,0.0,False,0.0,False,0.0,False,False,1.43,386.61,False,False,False,False,False,False,False,4.6669997,305.5982,15.561263,1270
INBR32,INTER CO INC,BDR,INTR (BDR: INBR32),0.5,C,0.5,C,4.0,Forte,5.19,5.53,7.17,7.55,21964697.85,False,0.0,False,0.0,False,0.0,False,0.0,False,0.0,False,False,0.58,5.86,False,False,False,False,False,False,False,16.198999,7.863636,1.1077778,1271
STOC34,STOC34,BDR,STNE (BDR: STOC34),0.5,C,0.5,C,4.0,Forte,9.55,10.88,11.71,12.09,105729723.36,False,0.0,False,0.0,False,0.0,False,0.0,False,0.0,False,False,2.93,11.55,False,False,False,False,False,False,False,30.7,3.563433,0.96547526,1272
SOJA3,BOA SAFRA SEMENTES S.A.,BR_STOCK,SOJA3,0.5,C,0.5,C,2.0,Fraco,5.04,5.83,7.05,7.46,2181815.98,False,0.0,False,0.0,False,0.0,False,0.0,False,0.0,False,False,0.68,6.12,False,False,False,False,False,False,False,5.975,63.0,0.5319261,1273
LAVV3,LAVVI EMPREENDIMENTOS IMOBILIÁRIOS S.A.,BR_STOCK,LAVV3,0.5,C,0.5,C,4.0,Forte,9.39,10.69,13.58,13.77,3758817.14,False,0.0,False,0.0,False,0.0,False,0.0,False,0.0,False,False,0.51,11.32,False,False,False,False,False,False,False,23.995,5.075676,1.341812,1274
NIKE34,NIKE34,BDR,NKE (BDR: NIKE34),0.5,C,0.5,C,4.0,Forte,40.73,42.84,49.37,52.64,730595018.47,False,0.0,False,0.0,False,0.0,False,0.0,False,0.0,False,False,0.77,44.98,False,False,False,False,False,False,False,22.138001,19.395239,4.063248,1275
HCTR11,HCTR11,ETF,HCTR11,0.5,C,0.5,C,0.0,Fraco,14.13,15.71,17.73,17.89,445321.08,False,0.0,False,0.0,False,0.0,False,0.0,False,0.0,False,False,0.71,16.52,False,False,False,False,False,False,False,0.0,999.0,999.0,1276
VIUR11,VIUR11,ETF,VIUR11,0.5,C,0.5,C,0.0,Fraco,2.29,2.31,3.65,4.07,67245.85,False,0.0,False,0.0,False,0.0,False,0.0,False,0.0,False,False,0.72,2.45,False,False,False,False,False,False,False,0.0,45.8,999.0,1277
DEVA11,DEVA11,ETF,DEVA11,0.5,C,0.5,C,1.0,Fraco,16.73,17.51,20.48,20.8,468590.56,False,0.0,False,0.0,False,0.0,False,0.0,False,0.0,False,False,1.0,18.79,False,False,False,False,False,False,False,0.0,14.169492,999.0,1278
VIVA3,VIVARA PARTICIPAÇOES S.A,BR_STOCK,VIVA3,0.5,C,0.5,C,4.0,Forte,20.78,22.02,25.27,27.02,111889913.7,False,0.0,False,0.0,False,0.0,False,0.0,False,0.0,False,False,1.52,23.42,False,False,False,False,False,False,False,19.703,8.353414,1.6135287,1279
H1HH34,H1HH34,BDR,HHH (BDR: H1HH34),0.5,C,0.5,C,2.0,Fraco,66.69,68.37,69.35,72.77,18714748.56,False,0.0,False,0.0,False,0.0,False,0.0,False,0.0,False,False,0.62,72.6,False,False,False,False,False,False,False,7.4910000000000005,13.179843,0.9961612,1280
MYPK3,IOCHPE MAXION S.A.,BR_STOCK,MYPK3,0.5,C,0.5,C,2.0,Fraco,8.93,9.18,9.59,9.76,5607147.19,False,0.0,False,0.0,False,0.0,False,0.0,False,0.0,False,False,0.59,9.76,False,False,False,False,False,False,False,4.9039997,14.655737,0.3269097,1281
BRBI11,BRBI BR PARTNERS S.A.,BR_STOCK,BRBI11,0.5,C,0.5,C,1.0,Fraco,12.12,14.4,17.11,17.57,6284219.94,False,0.0,False,0.0,False,0.0,False,0.0,False,0.0,False,False,0.98,15.12,False,False,False,False,False,False,False,19.736,27.613636,1.5754668,1282
MELK3,MELNICK DESENVOLVIMENTO IMOBILIÁRIO S.A.,BR_STOCK,MELK3,0.5,C,0.5,C,4.0,Forte,2.75,3.06,3.37,3.41,1332100.0,False,0.0,False,0.0,False,0.0,False,0.0,False,0.0,False,False,1.33,3.06,False,False,False,False,False,False,False,13.383999999999999,4.6949153,0.52038324,1283
Z1TS34,Z1TS34,BDR,ZTS (BDR: Z1TS34),0.5,C,0.5,C,3.0,OK,73.79,76.11,100.16,105.81,250343720.4,False,0.0,False,0.0,False,0.0,False,0.0,False,0.0,False,False,0.39,80.17,False,False,False,False,False,False,False,64.911,12.03752,9.41319,1284
V1ST34,V1ST34,BDR,VST (BDR: V1ST34),0.5,C,0.5,C,1.0,Fraco,148.15,153.9,156.95,160.77,384180439.66,False,0.0,False,0.0,False,0.0,False,0.0,False,0.0,False,False,0.49,169.76,False,False,False,False,False,False,False,42.962002999999996,24.982294,16.046902,1285
GPRO34,GPRO34,BDR,GPRO (BDR: GPRO34),0.5,C,0.5,C,0.0,Fraco,0.6,0.74,0.95,1.12,4018760.5,False,0.0,False,0.0,False,0.0,False,0.0,False,0.0,False,False,0.93,0.79,False,False,False,False,False,False,False,-497.152,999.0,-54.09091,1286
BEEM39,ISHARES MSCI EMERGING MARKETS ETF,BDR,BEEM (BDR: BEEM39),0.5,C,0.5,C,1.0,Fraco,1.13,1.17,1.46,1.57,384070.05,False,0.0,False,0.0,False,0.0,False,0.0,False,0.0,False,False,1.23,1.2,False,False,False,False,False,False,False,-76.07599499999999,999.0,1.1089302,1287
P2LN34,P2LN34,BDR,PLNT (BDR: P2LN34),0.5,C,0.5,C,3.0,OK,50.36,52.29,67.73,77.23,59316123.84,False,0.0,False,0.0,False,0.0,False,0.0,False,0.0,False,False,0.46,57.4,False,False,False,False,False,False,False,0.0,17.129251,-8.263866,1288
C1RH34,C1RH34,BDR,CRH (BDR: C1RH34),0.5,C,0.5,C,5.0,Forte,97.15,103.77,110.29,112.53,310860283.43,False,0.0,False,0.0,False,0.0,False,0.0,False,0.0,False,False,0.64,105.71,False,False,False,False,False,False,False,15.812000000000001,17.164312,2.691583,1289
N1CL34,N1CL34,BDR,NCLH (BDR: N1CL34),0.5,C,0.5,C,4.0,Forte,19.0,19.65,19.97,20.08,195563284.85,False,0.0,False,0.0,False,0.0,False,0.0,False,0.0,False,False,0.74,21.27,False,False,False,False,False,False,False,36.730000000000004,11.518182,3.3919327,1290
PVBI11,PVBI11,ETF,PVBI11,0.5,C,0.5,C,1.0,Fraco,65.56,70.58,74.47,74.72,2723493.42,False,0.0,False,0.0,False,0.0,False,0.0,False,0.0,False,False,0.52,73.01,False,False,False,False,False,False,False,0.0,6.9829426,999.0,1291
CACR11,CACR11,ETF,CACR11,0.5,C,0.5,C,1.0,Fraco,13.66,19.83,52.02,56.65,550402.37,False,0.0,False,0.0,False,0.0,False,0.0,False,0.0,False,False,1.47,19.07,False,False,False,False,False,False,False,0.0,1.4994512,999.0,1292
VSLH11,VSLH11,ETF,VSLH11,0.5,C,0.5,C,0.0,Fraco,1.65,1.72,1.81,1.87,64282.35,False,0.0,False,0.0,False,0.0,False,0.0,False,0.0,False,False,0.81,1.82,False,False,False,False,False,False,False,0.0,999.0,999.0,1293
PSEC11,PSEC11,ETF,PSEC11,0.5,C,0.5,C,0.0,Fraco,49.54,55.06,57.16,57.27,2217707.68,False,0.0,False,0.0,False,0.0,False,0.0,False,0.0,False,False,1.18,55.8,False,False,False,False,False,False,False,0.0,43.44737,999.0,1294
VGRI11,VGRI11,ETF,VGRI11,0.5,C,0.5,C,0.0,Fraco,5.28,5.43,6.65,6.78,183992.17,False,0.0,False,0.0,False,0.0,False,0.0,False,0.0,False,False,0.87,5.81,False,False,False,False,False,False,False,0.0,999.0,999.0,1295
HIGH11,HIGH11,ETF,HIGH11,0.5,C,0.5,C,1.0,Fraco,72.74,80.7,91.54,92.78,2659810.76,False,0.0,False,0.0,False,0.0,False,0.0,False,0.0,False,False,2.58,83.76,False,False,False,False,False,False,False,0.0,9.279418,999.0,1296
BSLI3,BRB BCO DE BRASILIA S.A.,BR_STOCK,BSLI3,0.5,C,0.5,C,4.0,Forte,2.85,3.06,4.08,4.96,66120.0,False,0.0,False,0.0,False,0.0,False,0.0,False,0.0,False,False,1.15,3.06,False,False,False,False,False,False,False,25.134,1.410891,0.34773058,1297
MEAL3,INTERNATIONAL MEAL COMPANY ALIMENTACAO S.A.,BR_STOCK,MEAL3,0.5,C,0.5,C,0.0,Fraco,0.59,0.8,0.99,1.05,221485.99,False,0.0,False,0.0,False,0.0,False,0.0,False,0.0,False,False,2.42,0.74,False,False,False,False,False,False,False,-20.297001,999.0,0.21982116,1298
VITT3,VITTIA S.A.,BR_STOCK,VITT3,0.5,C,0.5,C,2.0,Fraco,2.97,3.23,3.59,3.73,664092.01,False,0.0,False,0.0,False,0.0,False,0.0,False,0.0,False,False,0.67,3.5,False,False,False,False,False,False,False,9.7720005,8.027027,0.7511381,1299
R2BL34,R2BL34,BDR,RBLX (BDR: R2BL34),0.5,C,0.5,C,1.0,Fraco,38.25,47.12,55.4,65.12,323393399.37,False,0.0,False,0.0,False,0.0,False,0.0,False,0.0,False,False,0.39,55.42,False,False,False,False,False,False,False,-432.27500000000003,999.0,179.55869,1300
A1PP34,A1PP34,BDR,APP (BDR: A1PP34),0.5,C,0.5,C,3.0,OK,315.44,450.23,465.38,508.19,1574193868.98,False,0.0,False,0.0,False,0.0,False,0.0,False,0.0,False,False,0.54,437.93,False,False,False,False,False,False,False,203.68599999999998,24.245964,33.43651,1301
LUXM4,TREVISA INVESTIMENTOS S.A.,BR_STOCK,LUXM4,0.5,C,0.5,C,2.0,Fraco,2.28,2.91,3.56,3.59,69084.0,False,0.0,False,0.0,False,0.0,False,0.0,False,0.0,False,False,9.24,2.88,False,False,False,False,False,False,False,12.458,5.6749997,0.5479121,1302
F1MC34,F1MC34,BDR,FMC (BDR: F1MC34),0.5,C,0.5,C,0.0,Fraco,10.15,11.09,13.59,13.71,19423356.28,False,0.0,False,0.0,False,0.0,False,0.0,False,0.0,False,False,0.54,12.15,False,False,False,False,False,False,False,-88.376,999.0,0.77691066,1303
BPAC3,BCO BTG PACTUAL S.A.,BR_STOCK,BPAC3,0.5,C,0.5,C,4.0,Forte,20.74,22.12,30.19,30.28,290360.0,False,0.0,False,0.0,False,0.0,False,0.0,False,0.0,False,False,0.89,23.14,False,False,False,False,False,False,False,24.406,13.132911,1.2433339,1304
MOSC34,MOSC34,BDR,MOS (BDR: MOSC34),0.5,C,0.5,C,1.0,Fraco,21.62,22.1,24.39,24.4,103323908.19,False,0.0,False,0.0,False,0.0,False,0.0,False,0.0,False,False,0.58,23.95,False,False,False,False,False,False,False,-5.0729999999999995,999.0,0.59952307,1305
T2TD34,T2TD34,BDR,TTD (BDR: T2TD34),0.5,C,0.5,C,4.0,Forte,14.14,18.15,23.02,27.46,238702308.94,False,0.0,False,0.0,False,0.0,False,0.0,False,0.0,False,False,0.38,19.55,False,False,False,False,False,False,False,15.440999999999999,16.833334,2.7145326,1306
CYRE3,CYRELA BRAZIL REALTY S.A.EMPREEND E PART,BR_STOCK,CYRE3,0.5,C,0.5,C,4.0,Forte,21.31,21.71,25.04,26.37,225022939.36,False,0.0,False,0.0,False,0.0,False,0.0,False,0.0,False,False,1.69,22.75,False,False,False,False,False,False,False,21.141,4.589247,0.8755231,1307
TTEN3,TRÊS TENTOS AGROINDUSTRIAL S/A,BR_STOCK,TTEN3,0.5,C,0.5,C,3.0,OK,9.81,14.04,15.39,15.5,101550181.34,False,0.0,False,0.0,False,0.0,False,0.0,False,0.0,False,False,5.99,15.91,False,False,False,False,False,False,False,15.687001,7.0214286,1.0294272,1308
RDOR3,REDE DOR SÃO LUIZ S.A.,BR_STOCK,RDOR3,0.5,C,0.5,C,4.0,Forte,33.68,34.28,37.38,38.29,302443034.74,False,0.0,False,0.0,False,0.0,False,0.0,False,0.0,False,False,0.96,35.95,False,False,False,False,False,False,False,19.779,15.295455,3.7434642,1309
YDUQ3,YDUQS PARTICIPACOES S.A.,BR_STOCK,YDUQ3,0.5,C,0.5,C,2.0,Fraco,7.23,8.41,10.58,11.05,63149712.17,False,0.0,False,0.0,False,0.0,False,0.0,False,0.0,False,False,2.92,8.87,False,False,False,False,False,False,False,3.8120000000000003,17.214287,0.6314962,1310
SMFT3,SMARTFIT ESCOLA DE GINÁSTICA E DANÇA S.A.,BR_STOCK,SMFT3,0.5,C,0.5,C,2.0,Fraco,17.14,19.41,19.56,20.63,138191245.08,False,0.0,False,0.0,False,0.0,False,0.0,False,0.0,False,False,0.72,20.85,False,False,False,False,False,False,False,11.691,15.563637,1.7805513,1311
CEAB3,CEA MODAS S.A.,BR_STOCK,CEAB3,0.5,C,0.5,C,4.0,Forte,8.01,10.02,11.25,12.12,58880710.68,False,0.0,False,0.0,False,0.0,False,0.0,False,0.0,False,False,0.72,10.03,False,False,False,False,False,False,False,15.493000000000002,4.3010755,0.63111395,1312
W1MG34,W1MG34,BDR,WMG (BDR: W1MG34),0.5,C,0.5,C,2.0,Fraco,25.65,27.67,28.53,28.69,43350089.66,False,0.0,False,0.0,False,0.0,False,0.0,False,0.0,False,False,0.66,29.87,False,False,False,False,False,False,False,70.074,20.52,20.702179,1313
AZUL3,AZUL S.A.,BR_STOCK,AZUL3,0.5,C,0.5,C,3.0,OK,21.15,22.23,1489164.31,1489164.31,4430924.92,False,0.0,False,0.0,False,0.0,False,0.0,False,0.0,False,False,1.15,22.8,False,False,False,False,False,False,False,0.0,2.1067865,-2.0417836,1314
VLID3,VALID SOLUÇÕES S.A.,BR_STOCK,VLID3,0.5,C,0.5,C,3.0,OK,16.56,17.33,19.02,19.4,3487535.89,False,0.0,False,0.0,False,0.0,False,0.0,False,0.0,False,False,0.78,18.75,False,False,False,False,False,False,False,13.442001000000001,5.7499995,0.7574094,1315
VSTE3,VESTE S.A. ESTILO,BR_STOCK,VSTE3,0.5,C,0.5,C,1.0,Fraco,2.51,3.33,3.59,3.77,392313.0,False,0.0,False,0.0,False,0.0,False,0.0,False,0.0,False,False,9.52,3.15,False,False,False,False,False,False,False,0.0,5.577778,0.26934218,1316
VVEO3,CM HOSPITALAR S.A.,BR_STOCK,VVEO3,0.5,C,0.5,C,2.0,Fraco,0.62,0.82,1.21,1.28,101556.0,False,0.0,False,0.0,False,0.0,False,0.0,False,0.0,False,False,0.24,0.74,False,False,False,False,False,False,False,1.076,10.166667,0.10243493,1317
BRKM3,BRASKEM S.A.,BR_STOCK,BRKM3,0.5,C,0.5,C,1.0,Fraco,4.41,5.69,7.67,7.69,575945.98,False,0.0,False,0.0,False,0.0,False,0.0,False,0.0,False,False,5.13,5.38,False,False,False,False,False,False,False,0.0,999.0,-0.22334766,1318
ROMI3,ROMI S.A.,BR_STOCK,ROMI3,0.5,C,0.5,C,3.0,OK,5.58,6.01,6.96,7.19,690803.99,False,0.0,False,0.0,False,0.0,False,0.0,False,0.0,False,False,0.87,6.15,False,False,False,False,False,False,False,6.1440002,6.888889,0.4162626,1319
B1IL34,B1IL34,BDR,BILI (BDR: B1IL34),0.5,C,0.5,C,2.0,Fraco,17.44,17.78,23.04,23.89,33102899.89,False,0.0,False,0.0,False,0.0,False,0.0,False,0.0,False,False,0.84,19.47,False,False,False,False,False,False,False,9.361,34.88,3.154263,1320
Q2SC34,Q2SC34,BDR,QS (BDR: Q2SC34),0.5,C,0.5,C,1.0,Fraco,6.19,6.53,7.39,8.75,90001994.21,False,0.0,False,0.0,False,0.0,False,0.0,False,0.0,False,False,0.91,6.53,False,False,False,False,False,False,False,-39.075002,999.0,3.431264,1321
M2PT34,M2PT34,BDR,MPT (BDR: M2PT34),0.5,C,0.5,C,0.0,Fraco,4.2,4.63,4.87,4.89,26618089.92,False,0.0,False,0.0,False,0.0,False,0.0,False,0.0,False,False,0.7,4.93,False,False,False,False,False,False,False,-0.622,999.0,0.5517559,1322
AMAR3,MARISA LOJAS S.A.,BR_STOCK,AMAR3,0.5,C,0.5,C,0.0,Fraco,0.49,0.59,0.78,0.85,54194.0,False,0.0,False,0.0,False,0.0,False,0.0,False,0.0,False,False,0.56,0.61,False,False,False,False,False,False,False,-76.019996,999.0,1.9521914,1323
TCSA3,TECNISA S.A.,BR_STOCK,TCSA3,0.5,C,0.5,C,0.0,Fraco,0.71,0.82,1.17,1.19,76325.0,False,0.0,False,0.0,False,0.0,False,0.0,False,0.0,False,False,1.77,0.85,False,False,False,False,False,False,False,-34.837002,999.0,0.20084864,1324
ESPA3,MPM CORPÓREOS S.A.,BR_STOCK,ESPA3,0.5,C,0.5,C,2.0,Fraco,6.41,7.41,9.2,9.52,671767.98,False,0.0,False,0.0,False,0.0,False,0.0,False,0.0,False,False,1.06,8.5,False,False,False,False,False,False,False,0.56800004,15.348837,0.2719631,1325
IFCM3,INFRACOMMERCE CXAAS S.A.,BR_STOCK,IFCM3,0.5,C,0.5,C,0.0,Fraco,1.98,2.25,3.33,4.65,202752.0,False,0.0,False,0.0,False,0.0,False,0.0,False,0.0,False,False,0.53,2.35,False,False,False,False,False,False,False,-15939.978,999.0,0.34026468,1326
SCAR3,SAO CARLOS EMPREEND E PARTICIPACOES S.A.,BR_STOCK,SCAR3,0.5,C,0.5,C,1.0,Fraco,12.09,12.5,13.77,14.17,889824.01,False,0.0,False,0.0,False,0.0,False,0.0,False,0.0,False,False,3.51,13.5,False,False,False,False,False,False,False,-6.578,999.0,0.66810346,1327
WDCN3,WDCN3,BR_STOCK,WDCN3,0.5,C,0.5,C,0.0,Fraco,2.25,2.39,2.5,2.61,153450.0,False,0.0,False,0.0,False,0.0,False,0.0,False,0.0,False,False,5.13,2.53,False,False,False,False,False,False,False,-30.855,999.0,0.30674845,1328
B2YN34,B2YN34,BDR,BYND (BDR: B2YN34),0.5,C,0.5,C,0.0,Fraco,13.47,18.86,22.18,25.15,42057422.24,False,0.0,False,0.0,False,0.0,False,0.0,False,0.0,False,False,1.52,19.34,False,False,False,False,False,False,False,0.0,999.0,122.45455,1329
DIRR3,DIRECIONAL ENGENHARIA S.A.,BR_STOCK,DIRR3,0.5,C,0.5,C,4.0,Forte,10.37,12.62,13.6,14.06,76318014.16,False,0.0,False,0.0,False,0.0,False,0.0,False,0.0,False,False,0.82,12.38,False,False,False,False,False,False,False,42.945,6.3742332,2.5384805,1330
ONCO3,ONCOCLINICAS DO BRASIL SERVICOS MEDICOS  S.A.,BR_STOCK,ONCO3,0.5,C,0.5,C,0.0,Fraco,0.75,0.95,1.6,1.74,19573350.0,False,0.0,False,0.0,False,0.0,False,0.0,False,0.0,False,False,1.38,0.87,False,False,False,False,False,False,False,-205.898,999.0,1.5932914,1331
MGLU3,MAGAZINE LUIZA S.A.,BR_STOCK,MGLU3,0.5,C,0.5,C,1.0,Fraco,3.91,4.74,7.34,7.74,97980301.15,False,0.0,False,0.0,False,0.0,False,0.0,False,0.0,False,False,1.18,5.27,False,False,False,False,False,False,False,1.207,35.545456,0.26854396,1332
BEEF3,MINERVA S.A.,BR_STOCK,BEEF3,0.5,C,0.5,C,3.0,OK,3.21,3.56,4.31,4.75,101738062.21,False,0.0,False,0.0,False,0.0,False,0.0,False,0.0,False,False,2.6,3.72,False,False,False,False,False,False,False,83.755,8.230769,2.5156739,1333
COGN3,COGNA EDUCAÇÃO S.A.,BR_STOCK,COGN3,0.5,C,0.5,C,4.0,Forte,2.12,2.26,2.91,2.99,67548920.35,False,0.0,False,0.0,False,0.0,False,0.0,False,0.0,False,False,1.02,2.39,False,False,False,False,False,False,False,4.6550002,5.8888884,0.31103286,1334
