ticker,name,category,display,technical_score,technical_tier,technical_score_weekly,technical_tier_weekly,fundamental_score,fundamental_tag,price,sma50,sma150,sma200,volume_financeiro,vcp,vcp_conf,wedge_or_trend,wedge_or_trend_conf,rasb_trend,rasb_trend_conf,wedge,wedge_conf,cup_handle,cup_handle_conf,pre_breakout,breakout,breakout_vol_ratio,breakout_resistance,vcp_weekly,wedge_or_trend_weekly,rasb_trend_weekly,wedge_weekly,cup_handle_weekly,pre_breakout_weekly,breakout_weekly,roe,pl,pvp,rank
T1EV34,T1EV34,BDR,TEVA (BDR: T1EV34),16.93,S,2.0,C,0.0,Fraco,39.81,36.41,33.87,33.54,266389420.39,False,0.0,False,0.0,True,0.8,False,0.0,True,0.85,True,False,1.21,40.79,False,False,False,False,False,True,False,0,0,0,1
NVDC34,NVDC34,BDR,NVDA (BDR: NVDC34),15.62,S,2.0,C,0.0,Fraco,227.21,216.8,204.53,199.57,22317591803.78,False,0.0,False,0.0,True,0.75,False,0.0,True,1.0,True,False,0.91,234.5,False,False,False,False,False,True,False,0,999,999,2
B1DX34,B1DX34,BDR,BDX (BDR: B1DX34),15.62,S,0.5,C,0.0,Fraco,181.97,177.89,160.58,160.35,277066614.01,False,0.0,False,0.0,True,0.75,False,0.0,True,1.0,True,False,0.73,190.64,False,False,False,False,False,False,False,0,0,0,3
TRXB11,TRXB11,ETF,TRXB11,15.45,S,2.0,C,0.0,Fraco,195.0,183.31,173.84,168.93,50084385.0,False,0.0,False,0.0,True,0.7,False,0.0,True,1.0,True,False,4.45,199.93,False,False,False,False,False,True,False,0,999,999,4
A1NE34,A1NE34,BDR,ANET (BDR: A1NE34),15.43,S,0.5,C,0.0,Fraco,202.86,191.63,165.85,157.77,919914721.99,False,0.0,False,0.0,True,0.8,False,0.0,True,0.85,True,False,0.87,212.0,False,False,False,False,False,False,False,0,999,999,5
M1RN34,M1RN34,BDR,MRNA (BDR: M1RN34),15.3,S,2.0,C,0.0,Fraco,203.46,115.7,74.87,65.97,2659724630.51,False,0.0,False,0.0,True,0.8,False,0.0,False,0.0,True,False,0.8,202.67,False,False,False,False,False,True,False,0,999,999,6
FNAM11,FNAM11,ETF,FNAM11,15.3,S,0.5,C,0.0,Fraco,0.37,0.01,0.0,0.0,2215560.03,False,0.0,False,0.0,True,0.8,False,0.0,False,0.0,True,False,0.17,0.0,False,False,False,False,False,False,False,0,999,999,7
D1DG34,D1DG34,BDR,DDOG (BDR: D1DG34),15.25,S,0.5,C,0.0,Fraco,268.56,243.01,200.86,182.89,793177450.55,False,0.0,False,0.0,True,0.75,False,0.0,True,0.85,True,False,0.83,280.7,False,False,False,False,False,False,False,0,999,999,8
B2RK34,B2RK34,BDR,BRKR (BDR: B2RK34),15.25,S,2.0,C,0.0,Fraco,64.51,58.7,49.99,48.95,112570663.34,False,0.0,False,0.0,True,0.75,False,0.0,True,0.85,True,False,0.66,65.26,False,False,False,False,False,True,False,0,0,0,9
USTK11,USTK11,ETF,USTK11,15.12,S,2.0,C,0.0,Fraco,23.32,21.98,20.19,19.65,119678.24,False,0.0,False,0.0,True,0.75,False,0.0,True,0.8,True,False,0.54,23.56,False,False,False,False,False,True,False,0,999,999,10
A1MD34,A1MD34,BDR,AMD (BDR: A1MD34),14.88,S,2.0,C,0.0,Fraco,607.57,509.04,418.43,368.62,9918869572.89,False,0.0,False,0.0,True,0.75,False,0.0,True,0.7,True,False,0.64,639.0,False,False,False,False,False,True,False,0,999,999,11
BMGB4,BANCO BMG S.A.,BR_STOCK,BMGB4,14.8,S,2.0,C,0.0,Fraco,6.08,5.47,5.19,5.06,12057247.85,False,0.0,False,0.0,True,0.8,False,0.0,False,0.0,True,False,1.68,6.22,False,False,False,False,False,True,False,0,999,999,12
O1KT34,O1KT34,BDR,OKTA (BDR: O1KT34),14.8,S,2.0,C,0.0,Fraco,204.88,160.38,117.91,110.31,590965310.56,False,0.0,False,0.0,True,0.8,False,0.0,False,0.0,True,False,0.65,212.5,False,False,False,False,False,True,False,0,999,999,13
C2RW34,C2RW34,BDR,CRWD (BDR: C2RW34),14.8,S,2.0,C,0.0,Fraco,262.74,215.04,164.54,151.42,1830403365.01,False,0.0,False,0.0,True,0.8,False,0.0,False,0.0,True,False,0.57,263.87,False,False,False,False,False,True,False,0,999,999,14
I1LM34,I1LM34,BDR,ILMN (BDR: I1LM34),14.8,S,2.0,C,0.0,Fraco,272.0,214.25,169.05,160.67,606345120.0,False,0.0,False,0.0,True,0.8,False,0.0,False,0.0,True,False,0.36,277.95,False,False,False,False,False,True,False,0,0,0,15
FLRY3,FLEURY S.A.,BR_STOCK,FLRY3,14.8,S,2.0,C,0.0,Fraco,22.03,19.05,16.7,16.43,102199376.19,False,0.0,False,0.0,True,0.8,False,0.0,False,0.0,True,False,1.56,22.21,False,False,False,False,False,True,False,0,999,999,16
CLSC4,CENTRAIS ELET DE SANTA CATARINA S.A.,BR_STOCK,CLSC4,14.46,S,2.0,C,0.0,Fraco,161.21,150.79,142.37,138.35,789929.03,True,0.45,False,0.0,True,0.75,False,0.0,False,0.0,True,False,0.96,162.77,False,False,False,False,False,True,False,0,999,999,17
IRBR3,IRB - BRASIL RESSEGUROS S.A.,BR_STOCK,IRBR3,14.28,S,3.6,C,0.0,Fraco,62.8,56.2,54.58,54.36,70178999.15,False,0.0,False,0.0,True,0.65,False,0.0,False,0.0,True,False,1.22,65.05,True,False,False,False,False,True,False,0,999,999,18
PETR4,PETROLEO BRASILEIRO S.A. PETROBRAS,BR_STOCK,PETR4,14.28,S,2.0,C,0.0,Fraco,49.1,44.31,42.49,39.75,1183845153.21,False,0.0,False,0.0,True,0.65,False,0.0,False,0.0,True,False,0.57,50.7,False,False,False,False,False,True,False,0,999,999,19
BPAC11,BCO BTG PACTUAL S.A.,BR_STOCK,BPAC11,14.28,S,2.0,C,0.0,Fraco,62.85,56.4,55.81,55.78,718815432.55,False,0.0,False,0.0,True,0.65,False,0.0,False,0.0,True,False,1.21,64.32,False,False,False,False,False,True,False,0,999,999,20
ITUB3,ITAU UNIBANCO HOLDING S.A.,BR_STOCK,ITUB3,14.22,S,2.0,C,0.0,Fraco,46.96,44.49,43.02,41.89,122189917.62,False,0.0,False,0.0,True,0.6,False,0.0,True,0.65,True,False,1.63,47.82,False,False,False,False,False,True,False,0,999,999,21
Z1BR34,Z1BR34,BDR,ZBRA (BDR: Z1BR34),13.3,S,2.0,C,0.0,Fraco,375.97,344.03,270.55,265.59,222030964.07,False,0.0,False,0.0,True,0.8,False,0.0,False,0.0,True,False,0.93,374.94,False,False,False,False,False,True,False,0,0,0,22
N1TA34,N1TA34,BDR,NTAP (BDR: N1TA34),13.3,S,2.0,C,0.0,Fraco,209.18,189.24,147.81,136.76,551351604.38,False,0.0,False,0.0,True,0.8,False,0.0,False,0.0,True,False,1.12,204.84,False,False,False,False,False,True,False,0,999,999,23
T1WL34,T1WL34,BDR,TWLO (BDR: T1WL34),13.3,S,2.0,C,0.0,Fraco,290.78,230.71,189.28,173.67,807946765.61,False,0.0,False,0.0,True,0.8,False,0.0,False,0.0,True,False,0.86,304.75,False,False,False,False,False,True,False,0,999,999,24
M1UF34,M1UF34,BDR,MUFG (BDR: M1UF34),13.3,S,2.0,C,0.0,Fraco,23.13,22.82,20.11,19.48,56304478.02,False,0.0,False,0.0,True,0.8,False,0.0,False,0.0,True,False,0.88,24.26,False,False,False,False,False,True,False,0,999,999,25
K1BF34,K1BF34,BDR,KB (BDR: K1BF34),13.3,S,2.0,C,0.0,Fraco,127.9,122.89,111.99,107.69,21950709.86,False,0.0,False,0.0,True,0.8,False,0.0,False,0.0,True,False,1.36,133.29,False,False,False,False,False,True,False,0,0,0,26
AUAU3,UNIÃO PET PARTICIPAÇÕES S.A.,BR_STOCK,AUAU3,13.3,S,2.0,C,0.0,Fraco,4.19,3.62,3.39,3.37,8127343.11,False,0.0,False,0.0,True,0.8,False,0.0,False,0.0,True,False,0.55,4.32,False,False,False,False,False,True,False,0,999,999,27
INGG34,INGG34,BDR,ING (BDR: INGG34),13.3,S,2.0,C,0.0,Fraco,36.08,35.37,30.8,30.01,78224727.25,False,0.0,False,0.0,True,0.8,False,0.0,False,0.0,True,False,1.08,37.52,False,False,False,False,False,True,False,0,0,0,28
N2ET34,N2ET34,BDR,NET (BDR: N2ET34),13.3,S,2.0,C,0.0,Fraco,352.26,302.85,248.14,233.0,756292025.43,False,0.0,False,0.0,True,0.8,False,0.0,False,0.0,True,False,0.66,367.43,False,False,False,False,False,True,False,0,999,999,29
UGPA3,ULTRAPAR PARTICIPACOES S.A.,BR_STOCK,UGPA3,13.3,S,2.0,C,0.0,Fraco,38.35,34.56,29.51,27.82,518346249.38,False,0.0,False,0.0,True,0.8,False,0.0,False,0.0,True,False,1.39,40.22,False,False,False,False,False,True,False,0,999,999,30
Q1RV34,Q1RV34,BDR,QRVO (BDR: Q1RV34),13.3,S,2.0,C,0.0,Fraco,116.75,101.14,92.43,90.16,87716726.75,False,0.0,False,0.0,True,0.8,False,0.0,False,0.0,True,False,0.48,121.09,False,False,False,False,False,True,False,0,0,0,31
D2TC34,D2TC34,BDR,DT (BDR: D2TC34),13.3,S,2.0,C,0.0,Fraco,57.53,50.46,43.08,42.36,222840609.31,False,0.0,False,0.0,True,0.8,False,0.0,False,0.0,True,False,0.45,59.41,False,False,False,False,False,True,False,0,0,0,32
MILS3,MILLS LOCAÇÃO. SERVIÇOS E LOGÍSTICA S.A,BR_STOCK,MILS3,13.12,S,2.0,C,0.0,Fraco,15.91,15.71,14.48,14.11,10059892.9,False,0.0,False,0.0,True,0.75,False,0.0,False,0.0,True,False,0.6,16.0,False,False,False,False,False,True,False,0,999,999,33
TECK11,TECK11,ETF,TECK11,13.12,S,0.5,C,0.0,Fraco,129.6,122.29,112.3,110.93,7395753.95,False,0.0,False,0.0,True,0.75,False,0.0,False,0.0,True,False,0.97,131.19,False,False,False,False,False,False,False,0,999,999,34
AMGN34,AMGN34,BDR,AMGN (BDR: AMGN34),13.12,S,0.5,C,0.0,Fraco,423.64,405.85,366.88,359.53,1456892503.06,False,0.0,False,0.0,True,0.75,False,0.0,False,0.0,True,False,1.02,445.82,False,False,False,False,False,False,False,0,999,999,35
F1TN34,F1TN34,BDR,FTNT (BDR: F1TN34),13.12,S,2.0,C,0.0,Fraco,175.96,162.17,129.37,117.11,437686087.98,False,0.0,False,0.0,True,0.75,False,0.0,False,0.0,True,False,0.54,181.37,False,False,False,False,False,True,False,0,999,999,36
UTEC11,UTEC11,ETF,UTEC11,13.12,S,0.5,C,0.0,Fraco,30.87,29.12,26.73,26.0,442953.64,False,0.0,False,0.0,True,0.75,False,0.0,False,0.0,True,False,0.23,31.25,False,False,False,False,False,False,False,0,999,999,37
BILB34,BILB34,BDR,BBVA (BDR: BILB34),13.12,S,3.6,C,0.0,Fraco,28.64,28.32,24.53,24.2,34582627.42,False,0.0,False,0.0,True,0.75,False,0.0,False,0.0,True,False,0.8,29.64,True,False,False,False,False,True,False,0,999,999,38
AAPL34,AAPL34,BDR,AAPL (BDR: AAPL34),13.12,S,2.0,C,0.0,Fraco,329.4,321.9,295.58,287.95,12442731652.65,False,0.0,False,0.0,True,0.75,False,0.0,False,0.0,True,False,0.98,345.34,False,False,False,False,False,True,False,0,999,999,39
TECN3,TECHNOS S.A.,BR_STOCK,TECN3,13.12,S,2.0,C,0.0,Fraco,10.0,9.81,9.04,8.68,402000.0,False,0.0,False,0.0,True,0.75,False,0.0,False,0.0,True,False,1.12,10.44,False,False,False,False,False,True,False,0,999,999,40
GENB11,GENB11,ETF,GENB11,13.12,S,2.0,C,0.0,Fraco,19.7,18.94,17.79,17.64,83429.5,False,0.0,False,0.0,True,0.75,False,0.0,False,0.0,True,False,1.87,19.87,False,False,False,False,False,True,False,0,999,999,41
P2AN34,P2AN34,BDR,PANW (BDR: P2AN34),13.12,S,2.0,C,0.0,Fraco,388.41,357.99,270.44,247.2,1975835862.48,False,0.0,False,0.0,True,0.75,False,0.0,False,0.0,True,False,0.77,396.3,False,False,False,False,False,True,False,0,999,999,42
A2RW34,A2RW34,BDR,ARW (BDR: A2RW34),13.12,S,2.0,C,0.0,Fraco,230.23,214.46,195.43,178.4,124891944.86,False,0.0,False,0.0,True,0.75,False,0.0,False,0.0,True,False,1.12,233.94,False,False,False,False,False,True,False,0,999,999,43
MRCK34,MRCK34,BDR,MRK (BDR: MRCK34),13.12,S,2.0,C,0.0,Fraco,149.28,140.67,124.82,120.74,1085229614.65,False,0.0,False,0.0,True,0.75,False,0.0,False,0.0,True,False,0.64,153.57,False,False,False,False,False,True,False,0,999,999,44
G1RM34,G1RM34,BDR,GRMN (BDR: G1RM34),13.12,S,0.5,C,0.0,Fraco,290.23,284.41,255.29,243.43,273918794.14,False,0.0,False,0.0,True,0.75,False,0.0,False,0.0,True,False,1.02,297.19,False,False,False,False,False,False,False,0,999,999,45
W1AB34,W1AB34,BDR,WAB (BDR: W1AB34),12.95,A,2.0,C,0.0,Fraco,291.23,290.24,269.59,259.97,173792091.52,False,0.0,False,0.0,True,0.7,False,0.0,False,0.0,True,False,0.7,293.95,False,False,False,False,False,True,False,0,999,999,46
TUPY3,TUPY S.A.,BR_STOCK,TUPY3,12.95,A,2.0,C,0.0,Fraco,16.6,15.53,14.34,13.78,28515480.66,False,0.0,False,0.0,True,0.7,False,0.0,False,0.0,True,False,3.56,16.86,False,False,False,False,False,True,False,0,999,999,47
JNJB34,JNJB34,BDR,JNJ (BDR: JNJB34),12.95,A,2.0,C,0.0,Fraco,267.57,265.08,245.84,238.96,1491244710.98,False,0.0,False,0.0,True,0.7,False,0.0,False,0.0,True,False,0.82,281.07,False,False,False,False,False,True,False,0,999,999,48
ABBV34,ABBV34,BDR,ABBV (BDR: ABBV34),12.95,A,2.0,C,0.0,Fraco,263.29,257.48,231.88,228.86,1039211719.4,False,0.0,False,0.0,True,0.7,False,0.0,False,0.0,True,False,0.99,269.39,False,False,False,False,False,True,False,0,999,999,49
CXSE3,CAIXA SEGURIDADE PARTICIPAÇÕES S.A.,BR_STOCK,CXSE3,12.95,A,0.5,C,0.0,Fraco,20.11,19.72,18.69,18.08,114158440.46,False,0.0,False,0.0,True,0.7,False,0.0,False,0.0,True,False,1.21,20.83,False,False,False,False,False,False,False,0,999,999,50
BIIB34,BIIB34,BDR,BIIB (BDR: BIIB34),12.95,A,2.0,C,0.0,Fraco,227.07,213.95,199.11,194.46,255475102.82,False,0.0,False,0.0,True,0.7,False,0.0,False,0.0,True,False,0.96,230.49,False,False,False,False,False,True,False,0,0,0,51
PHMO34,PHMO34,BDR,PM (BDR: PHMO34),12.95,A,0.5,C,0.0,Fraco,193.9,190.12,178.7,175.88,697696581.14,False,0.0,False,0.0,True,0.7,False,0.0,False,0.0,True,False,0.72,195.49,False,False,False,False,False,False,False,0,0,0,52
DESK3,DESKTOP S.A.,BR_STOCK,DESK3,12.95,A,2.0,C,0.0,Fraco,19.32,18.81,17.73,17.36,7349327.88,False,0.0,False,0.0,True,0.7,False,0.0,False,0.0,True,False,0.92,19.59,False,False,False,False,False,True,False,0,999,999,53
SPXR11,SPXR11,ETF,SPXR11,12.95,A,2.0,C,0.0,Fraco,75.82,74.85,70.46,68.82,24487736.94,False,0.0,False,0.0,True,0.7,False,0.0,False,0.0,True,False,0.57,77.0,False,False,False,False,False,True,False,0,999,999,54
BMOB3,BEMOBI MOBILE TECH S.A.,BR_STOCK,BMOB3,12.78,A,2.0,C,0.0,Fraco,27.64,24.7,24.56,24.23,57571354.73,False,0.0,False,0.0,True,0.65,False,0.0,False,0.0,True,False,2.98,28.68,False,False,False,False,False,True,False,0,999,999,55
GILD34,GILD34,BDR,GILD (BDR: GILD34),12.78,A,2.0,C,0.0,Fraco,151.28,141.59,135.95,134.79,801540886.57,False,0.0,False,0.0,True,0.65,False,0.0,False,0.0,True,False,0.8,154.2,False,False,False,False,False,True,False,0,0,0,56
NASD11,NASD11,ETF,NASD11,12.78,A,0.5,C,0.0,Fraco,22.04,21.01,20.04,19.74,12031394.06,False,0.0,False,0.0,True,0.65,False,0.0,False,0.0,True,False,1.02,22.22,False,False,False,False,False,False,False,0,999,999,57
QTOP39,ISHARES NASDAQ TOP 30 STOCKS ETF,BDR,QTOP (BDR: QTOP39),12.78,A,2.0,C,0.0,Fraco,39.06,37.32,35.74,34.78,4241017.77,False,0.0,False,0.0,True,0.65,False,0.0,False,0.0,True,False,0.6,39.58,False,False,False,False,False,True,False,0,0,0,58
PFIZ34,PFIZ34,BDR,PFE (BDR: PFIZ34),12.78,A,2.0,C,0.0,Fraco,28.72,27.11,26.03,25.75,938633163.64,False,0.0,False,0.0,True,0.65,False,0.0,False,0.0,True,False,0.94,29.21,False,False,False,False,False,True,False,0,999,999,59
ASAI3,SENDAS DISTRIBUIDORA S.A.,BR_STOCK,ASAI3,12.78,A,2.0,C,0.0,Fraco,10.54,8.9,8.76,8.59,276670783.0,False,0.0,False,0.0,True,0.65,False,0.0,False,0.0,True,False,2.21,10.55,False,False,False,False,False,True,False,0,999,999,60
TPIS3,TPI - TRIUNFO PARTICIP. E INVEST. S.A.,BR_STOCK,TPIS3,12.78,A,0.5,C,0.0,Fraco,10.65,9.25,9.2,8.22,750824.97,False,0.0,False,0.0,True,0.65,False,0.0,False,0.0,True,False,4.37,10.96,False,False,False,False,False,False,False,0,999,999,61
PETR3,PETROLEO BRASILEIRO S.A. PETROBRAS,BR_STOCK,PETR3,12.78,A,2.0,C,0.0,Fraco,54.06,49.44,47.3,43.91,533193793.54,False,0.0,False,0.0,True,0.65,False,0.0,False,0.0,True,False,0.98,56.65,False,False,False,False,False,True,False,0,999,999,62
BUZZ39,VANECK SOCIAL SENTIMENT ETF,BDR,BUZZ (BDR: BUZZ39),12.78,A,0.5,C,0.0,Fraco,38.49,36.37,34.98,34.49,949779.28,False,0.0,False,0.0,True,0.65,False,0.0,False,0.0,True,False,0.53,40.05,False,False,False,False,False,False,False,0,999,999,63
K1SG34,K1SG34,BDR,KEYS (BDR: K1SG34),12.78,A,2.0,C,0.0,Fraco,360.65,331.27,327.21,300.07,317755726.22,False,0.0,False,0.0,True,0.65,False,0.0,False,0.0,True,False,0.73,366.88,False,False,False,False,False,True,False,0,0,0,64
XRXB34,XRXB34,BDR,XRX (BDR: XRXB34),12.62,A,0.5,C,0.0,Fraco,3.21,3.12,2.56,2.49,6490087.22,False,0.0,False,0.0,True,0.75,False,0.0,True,1.0,False,False,0.78,3.63,False,False,False,False,False,False,False,0,0,0,65
EWJV39,ISHARES MSCI JAPAN VALUE ETF,BDR,EWJV (BDR: EWJV39),12.6,A,2.0,C,0.0,Fraco,48.06,47.81,45.09,44.29,2893439.8,False,0.0,False,0.0,True,0.6,False,0.0,False,0.0,True,False,0.49,50.22,False,False,False,False,False,True,False,0,0,0,66
JQUA39,JQUA39,BDR,JQUA (BDR: JQUA39),12.6,A,2.0,C,0.0,Fraco,73.95,73.68,69.13,67.69,56005438.59,False,0.0,False,0.0,True,0.6,False,0.0,False,0.0,True,False,1.24,74.71,False,False,False,False,False,True,False,0,0,0,67
IVVB11,IVVB11,ETF,IVVB11,12.6,A,2.0,C,0.0,Fraco,451.53,443.28,422.14,420.18,68992429.22,False,0.0,False,0.0,True,0.6,False,0.0,False,0.0,True,False,1.25,454.67,False,False,False,False,False,True,False,0,999,999,68
ENEV3,ENEVA S.A,BR_STOCK,ENEV3,12.6,A,2.0,C,0.0,Fraco,27.1,26.37,25.46,24.3,141139511.99,False,0.0,False,0.0,True,0.6,False,0.0,False,0.0,True,False,0.54,28.15,False,False,False,False,False,True,False,0,999,999,69
E1TN34,E1TN34,BDR,ETN (BDR: E1TN34),12.6,A,0.5,C,0.0,Fraco,433.27,420.1,400.83,386.1,755695216.93,False,0.0,False,0.0,True,0.6,False,0.0,False,0.0,True,False,0.77,447.33,False,False,False,False,False,False,False,0,999,999,70
AIEC11,AIEC11,ETF,AIEC11,12.6,A,0.5,C,0.0,Fraco,66.0,62.72,60.28,57.99,2153052.0,False,0.0,False,0.0,True,0.6,False,0.0,False,0.0,True,False,1.35,68.58,False,False,False,False,False,False,False,0,999,999,71
E1MR34,E1MR34,BDR,EMR (BDR: E1MR34),12.6,A,0.5,C,0.0,Fraco,157.24,153.43,143.51,143.49,381001653.23,False,0.0,False,0.0,True,0.6,False,0.0,False,0.0,True,False,1.03,160.13,False,False,False,False,False,False,False,0,0,0,72
BROF11,BROF11,ETF,BROF11,12.6,A,2.0,C,0.0,Fraco,62.3,58.53,57.46,56.35,536091.49,False,0.0,False,0.0,True,0.6,False,0.0,False,0.0,True,True,1.61,61.95,False,False,False,False,False,True,False,0,999,999,73
SPXB11,SPXB11,ETF,SPXB11,12.6,A,0.5,C,0.0,Fraco,17.63,17.32,16.49,16.41,288885.17,False,0.0,False,0.0,True,0.6,False,0.0,False,0.0,True,False,0.88,17.82,False,False,False,False,False,False,False,0,999,999,74
GPUS11,GPUS11,ETF,GPUS11,12.6,A,0.5,C,0.0,Fraco,121.04,118.79,113.09,112.54,1553669.45,False,0.0,False,0.0,True,0.6,False,0.0,False,0.0,True,False,1.37,122.25,False,False,False,False,False,False,False,0,999,999,75
LILY34,LILY34,BDR,LLY (BDR: LILY34),12.5,A,0.5,C,0.0,Fraco,1184.63,1177.67,1076.62,1069.51,1925979754.35,False,0.0,False,0.0,False,0.0,False,0.0,True,0.8,True,False,0.7,1197.79,False,False,False,False,False,False,False,0,999,999,76
TAKP34,TAKP34,BDR,TAK (BDR: TAKP34),12.43,A,2.0,C,0.0,Fraco,18.51,17.97,17.3,17.11,43079785.82,False,0.0,False,0.0,True,0.55,False,0.0,False,0.0,True,False,0.93,19.1,False,False,False,False,False,True,False,0,0,0,77
HGBR11,HGBR11,ETF,HGBR11,12.25,A,2.0,C,0.0,Fraco,55.62,55.46,54.41,53.82,310971.41,False,0.0,False,0.0,True,0.5,False,0.0,False,0.0,True,False,0.64,56.11,False,False,False,False,False,True,False,0,999,999,78
FIXA11,FIXA11,ETF,FIXA11,12.25,A,2.0,C,0.0,Fraco,19.96,19.6,19.21,18.53,75987.72,False,0.0,False,0.0,True,0.5,False,0.0,False,0.0,True,False,0.35,20.14,False,False,False,False,False,True,False,0,999,999,79
ISNT11,ISNT11,ETF,ISNT11,12.25,A,2.0,C,0.0,Fraco,1161.16,1145.64,1116.61,1102.44,6411925.71,False,0.0,False,0.0,True,0.5,False,0.0,False,0.0,True,False,2.33,1162.99,False,False,False,False,False,True,False,0,999,999,80
IDKA11,IDKA11,ETF,IDKA11,12.25,A,0.5,C,0.0,Fraco,62.14,60.87,59.56,59.1,679935.87,False,0.0,False,0.0,True,0.5,False,0.0,False,0.0,True,False,0.43,62.19,False,False,False,False,False,False,False,0,999,999,81
PACG11,PACG11,ETF,PACG11,12.25,A,2.0,C,0.0,Fraco,120.84,117.2,115.14,113.9,792710.38,False,0.0,False,0.0,True,0.5,False,0.0,False,0.0,True,False,0.81,120.1,False,False,False,False,False,True,False,0,999,999,82
IB5M11,IB5M11,ETF,IB5M11,12.25,A,2.0,C,0.0,Fraco,129.12,124.7,123.35,122.25,788923.17,False,0.0,False,0.0,True,0.5,False,0.0,False,0.0,True,False,0.35,128.37,False,False,False,False,False,True,False,0,999,999,83
AFHF11,AFHF11,ETF,AFHF11,12.25,A,0.5,C,0.0,Fraco,10.22,9.94,9.55,9.4,60696.58,False,0.0,False,0.0,True,0.5,False,0.0,False,0.0,True,False,1.84,10.28,False,False,False,False,False,False,False,0,999,999,84
TBIL39,GLOBAL X 1-3 MONTH T-BILL ETF,BDR,TBIL (BDR: TBIL39),12.25,A,2.0,C,0.0,Fraco,49.84,49.68,49.32,49.15,140303438.11,False,0.0,False,0.0,True,0.5,False,0.0,False,0.0,True,False,1.31,49.83,False,False,False,False,False,True,False,0,999,999,85
A1ME34,A1ME34,BDR,AME (BDR: A1ME34),12.25,A,2.0,C,0.0,Fraco,250.78,242.9,232.93,228.93,298068580.03,False,0.0,False,0.0,True,0.5,False,0.0,False,0.0,True,False,0.78,252.78,False,False,False,False,False,True,False,0,0,0,86
CAUT11,CAUT11,ETF,CAUT11,12.25,A,2.0,C,0.0,Fraco,100.0,98.41,95.86,94.5,308000.0,False,0.0,False,0.0,True,0.5,False,0.0,False,0.0,True,False,2.02,100.0,False,False,False,False,False,True,False,0,999,999,87
XB3511,XB3511,ETF,XB3511,12.25,A,2.0,C,0.0,Fraco,54.65,53.04,52.27,51.79,258877.06,False,0.0,False,0.0,True,0.5,False,0.0,False,0.0,True,False,0.13,54.99,False,False,False,False,False,True,False,0,999,999,88
CBAV3,COMPANHIA BRASILEIRA DE ALUMÍNIO,BR_STOCK,CBAV3,12.25,A,2.0,C,0.0,Fraco,11.22,11.14,10.75,10.21,30512790.73,False,0.0,False,0.0,True,0.5,False,0.0,False,0.0,True,False,1.38,11.29,False,False,False,False,False,True,False,0,999,999,89
J1CI34,J1CI34,BDR,JCI (BDR: J1CI34),12.25,A,2.0,C,0.0,Fraco,149.42,145.06,141.06,136.38,331319122.5,False,0.0,False,0.0,True,0.5,False,0.0,False,0.0,True,False,0.67,151.0,False,False,False,False,False,True,False,0,999,999,90
VGIR11,VGIR11,ETF,VGIR11,12.25,A,2.0,C,0.0,Fraco,9.54,9.36,9.23,9.11,2511624.41,False,0.0,False,0.0,True,0.5,False,0.0,False,0.0,True,False,0.71,9.69,False,False,False,False,False,True,False,0,999,999,91
ITSA4,ITAUSA S.A.,BR_STOCK,ITSA4,12.25,A,2.0,C,0.0,Fraco,14.16,13.47,13.39,13.17,508120266.52,False,0.0,False,0.0,True,0.5,False,0.0,False,0.0,True,False,1.67,14.48,False,False,False,False,False,True,False,0,999,999,92
KNSC11,KNSC11,ETF,KNSC11,12.25,A,0.5,C,0.0,Fraco,9.07,8.95,8.76,8.6,5439913.72,False,0.0,False,0.0,True,0.5,False,0.0,False,0.0,True,False,1.18,9.12,False,False,False,False,False,False,False,0,999,999,93
MIDW11,MIDW11,ETF,MIDW11,12.25,A,0.5,C,0.0,Fraco,11.0,10.91,10.58,10.47,7999992.0,False,0.0,False,0.0,True,0.5,False,0.0,False,0.0,True,False,26.67,11.08,False,False,False,False,False,False,False,0,999,999,94
ACWI11,ACWI11,ETF,ACWI11,12.25,A,0.5,C,0.0,Fraco,17.52,17.27,16.52,16.44,1299756.27,False,0.0,False,0.0,True,0.5,False,0.0,False,0.0,True,False,0.35,17.87,False,False,False,False,False,False,False,0,999,999,95
GCRI11,GCRI11,ETF,GCRI11,12.25,A,0.5,C,0.0,Fraco,68.8,65.59,64.41,62.98,54420.8,False,0.0,False,0.0,True,0.5,False,0.0,False,0.0,True,False,0.3,69.99,False,False,False,False,False,False,False,0,999,999,96
CPOF11,CPOF11,ETF,CPOF11,12.25,A,0.5,C,0.0,Fraco,117.65,113.67,110.04,109.27,3279964.39,False,0.0,False,0.0,True,0.5,False,0.0,False,0.0,True,False,0.14,117.99,False,False,False,False,False,False,False,0,999,999,97
KNUQ11,KNUQ11,ETF,KNUQ11,12.25,A,0.5,C,0.0,Fraco,102.9,102.7,100.75,99.5,2833866.04,False,0.0,False,0.0,True,0.5,False,0.0,False,0.0,True,False,0.43,104.82,False,False,False,False,False,False,False,0,999,999,98
IMAB11,IMAB11,ETF,IMAB11,12.25,A,0.5,C,0.0,Fraco,119.16,115.65,113.66,109.83,3584094.59,False,0.0,False,0.0,True,0.5,False,0.0,False,0.0,True,False,0.41,118.95,False,False,False,False,False,False,False,0,999,999,99
BRZP11,BRZP11,ETF,BRZP11,12.25,A,2.0,C,0.0,Fraco,185.02,178.46,178.39,174.99,1194859.19,False,0.0,False,0.0,True,0.5,False,0.0,False,0.0,True,False,1.54,187.5,False,False,False,False,False,True,False,0,999,999,100
B5MB11,B5MB11,ETF,B5MB11,12.25,A,2.0,C,0.0,Fraco,136.75,131.75,130.29,126.61,391652.0,False,0.0,False,0.0,True,0.5,False,0.0,False,0.0,True,False,0.39,135.65,False,False,False,False,False,True,False,0,999,999,101
BBUS39,JPMORGAN BETABUILDERS US EQUITY ETF,BDR,BBUS (BDR: BBUS39),12.25,A,2.0,C,0.0,Fraco,137.99,137.25,131.07,129.1,24292726.5,False,0.0,False,0.0,True,0.5,False,0.0,False,0.0,True,False,0.72,139.98,False,False,False,False,False,True,False,0,0,0,102
BCLO39,GLOBAL X CLOUD COMPUTING ETF,BDR,BCLO (BDR: BCLO39),12.25,A,2.0,C,0.0,Fraco,50.03,49.48,48.68,48.45,783769.85,False,0.0,False,0.0,True,0.5,False,0.0,False,0.0,True,False,0.52,50.05,False,False,False,False,False,True,False,0,0,0,103
SEQR11,SEQR11,ETF,SEQR11,12.25,A,2.0,C,0.0,Fraco,53.5,53.37,52.17,51.3,153491.5,False,0.0,False,0.0,True,0.5,False,0.0,False,0.0,True,False,1.16,56.15,False,False,False,False,False,True,False,0,999,999,104
AFHI11,AFHI11,ETF,AFHI11,12.25,A,2.0,C,0.0,Fraco,93.94,92.82,91.75,90.7,686043.84,False,0.0,False,0.0,True,0.5,False,0.0,False,0.0,True,False,1.03,94.65,False,False,False,False,False,True,False,0,999,999,105
SFIX11,SFIX11,ETF,SFIX11,12.25,A,2.0,C,0.0,Fraco,114.84,112.63,110.0,108.58,604747.42,False,0.0,False,0.0,True,0.5,False,0.0,False,0.0,True,False,1.93,115.13,False,False,False,False,False,True,False,0,999,999,106
ISEN11,ISEN11,ETF,ISEN11,12.25,A,2.0,C,0.0,Fraco,120.14,118.51,115.43,113.92,485365.6,False,0.0,False,0.0,True,0.5,False,0.0,False,0.0,True,False,0.17,120.26,False,False,False,False,False,True,False,0,999,999,107
LFIN11,LFIN11,ETF,LFIN11,12.25,A,2.0,C,0.0,Fraco,114.58,113.26,110.31,108.87,548265.31,False,0.0,False,0.0,True,0.5,False,0.0,False,0.0,True,False,0.23,114.69,False,False,False,False,False,True,False,0,999,999,108
GOAT11,GOAT11,ETF,GOAT11,12.25,A,0.5,C,0.0,Fraco,59.12,57.66,56.23,55.66,85251.04,False,0.0,False,0.0,True,0.5,False,0.0,False,0.0,True,False,0.46,59.97,False,False,False,False,False,False,False,0,999,999,109
AREA11,AREA11,ETF,AREA11,12.25,A,0.5,C,0.0,Fraco,107.42,104.39,103.86,103.03,165319.38,False,0.0,False,0.0,True,0.5,False,0.0,False,0.0,True,False,0.34,107.6,False,False,False,False,False,False,False,0,999,999,110
SNME11,SNME11,ETF,SNME11,12.25,A,0.5,C,0.0,Fraco,9.29,9.24,8.99,8.91,114592.15,False,0.0,False,0.0,True,0.5,False,0.0,False,0.0,True,False,0.91,9.42,False,False,False,False,False,False,False,0,999,999,111
C1HT34,C1HT34,BDR,CHT (BDR: C1HT34),12.25,A,2.0,C,0.0,Fraco,45.59,43.68,42.52,42.0,15440603.61,False,0.0,False,0.0,True,0.5,False,0.0,False,0.0,True,False,1.2,46.41,False,False,False,False,False,True,False,0,0,0,112
AJFI11,AJFI11,ETF,AJFI11,12.25,A,0.5,C,0.0,Fraco,8.31,8.15,8.08,7.99,182271.55,False,0.0,False,0.0,True,0.5,False,0.0,False,0.0,True,False,0.74,8.72,False,False,False,False,False,False,False,0,999,999,113
HGCR11,HGCR11,ETF,HGCR11,12.25,A,0.5,C,0.0,Fraco,94.04,92.5,91.69,91.14,2298149.54,False,0.0,False,0.0,True,0.5,False,0.0,False,0.0,True,False,0.79,97.27,False,False,False,False,False,False,False,0,999,999,114
ISTT11,ISTT11,ETF,ISTT11,12.25,A,0.5,C,0.0,Fraco,1169.0,1146.6,1115.76,1101.22,1440208.0,False,0.0,False,0.0,True,0.5,False,0.0,False,0.0,True,False,0.71,1165.94,False,False,False,False,False,False,False,0,999,999,115
VWRA11,VWRA11,ETF,VWRA11,12.25,A,2.0,C,0.0,Fraco,114.99,113.32,108.22,107.63,955796.86,False,0.0,False,0.0,True,0.5,False,0.0,False,0.0,True,False,0.35,116.5,False,False,False,False,False,True,False,0,999,999,116
NTNS11,NTNS11,ETF,NTNS11,12.25,A,2.0,C,0.0,Fraco,68.45,67.18,65.6,64.75,646578.67,False,0.0,False,0.0,True,0.5,False,0.0,False,0.0,True,False,0.96,68.38,False,False,False,False,False,True,False,0,999,999,117
BLFT11,BLFT11,ETF,BLFT11,12.25,A,2.0,C,0.0,Fraco,113.58,112.15,109.28,107.83,1026649.64,False,0.0,False,0.0,True,0.5,False,0.0,False,0.0,True,False,0.64,114.75,False,False,False,False,False,True,False,0,999,999,118
LLFT11,LLFT11,ETF,LLFT11,12.25,A,0.5,C,0.0,Fraco,119.44,117.98,114.92,113.94,2101307.96,False,0.0,False,0.0,True,0.5,False,0.0,False,0.0,True,False,0.32,119.52,False,False,False,False,False,False,False,0,999,999,119
AZIN11,AZIN11,ETF,AZIN11,12.25,A,0.5,C,0.0,Fraco,94.34,94.1,93.0,92.01,1406703.69,False,0.0,False,0.0,True,0.5,False,0.0,False,0.0,True,False,1.27,96.76,False,False,False,False,False,False,False,0,999,999,120
LFTB11,LFTB11,ETF,LFTB11,12.25,A,0.5,C,0.0,Fraco,127.6,125.6,122.62,121.08,49767444.6,False,0.0,False,0.0,True,0.5,False,0.0,False,0.0,True,False,0.73,127.4,False,False,False,False,False,False,False,0,999,999,121
ISNN11,ISNN11,ETF,ISNN11,12.25,A,2.0,C,0.0,Fraco,1120.25,1105.96,1077.73,1068.46,63854.25,False,0.0,False,0.0,True,0.5,False,0.0,False,0.0,True,False,0.1,1134.44,False,False,False,False,False,True,False,0,999,999,122
FLMA11,FLMA11,ETF,FLMA11,12.25,A,0.5,C,0.0,Fraco,157.76,151.05,150.05,149.37,84874.88,False,0.0,False,0.0,True,0.5,False,0.0,False,0.0,True,False,2.12,162.5,False,False,False,False,False,False,False,0,999,999,123
WRLD11,WRLD11,ETF,WRLD11,12.25,A,0.5,C,0.0,Fraco,149.61,147.99,141.73,141.05,10508456.83,False,0.0,False,0.0,True,0.5,False,0.0,False,0.0,True,False,0.79,152.1,False,False,False,False,False,False,False,0,999,999,124
B5P211,B5P211,ETF,B5P211,12.25,A,2.0,C,0.0,Fraco,112.96,110.73,108.04,103.88,10839302.63,False,0.0,False,0.0,True,0.5,False,0.0,False,0.0,True,False,0.71,112.84,False,False,False,False,False,True,False,0,999,999,125
LFTS11,LFTS11,ETF,LFTS11,12.25,A,2.0,C,0.0,Fraco,160.57,158.64,154.58,152.57,24793935.97,False,0.0,False,0.0,True,0.5,False,0.0,False,0.0,True,False,1.26,160.55,False,False,False,False,False,True,False,0,999,999,126
KNCR11,KNCR11,ETF,KNCR11,12.25,A,2.0,C,0.0,Fraco,106.03,105.69,102.95,101.53,25536476.97,False,0.0,False,0.0,True,0.5,False,0.0,False,0.0,True,False,1.02,107.31,False,False,False,False,False,True,False,0,999,999,127
PACB11,PACB11,ETF,PACB11,12.25,A,2.0,C,0.0,Fraco,11.38,10.89,10.83,10.75,2369816.74,False,0.0,False,0.0,True,0.5,False,0.0,False,0.0,True,True,9.45,11.3,False,False,False,False,False,True,False,0,999,999,128
PACC11,PACC11,ETF,PACC11,12.25,A,0.5,C,0.0,Fraco,123.63,121.28,118.33,116.79,85057.44,False,0.0,False,0.0,True,0.5,False,0.0,False,0.0,True,False,0.18,123.94,False,False,False,False,False,False,False,0,999,999,129
MARG11,MARG11,ETF,MARG11,12.25,A,0.5,C,0.0,Fraco,124.04,122.63,119.15,117.56,108783.08,False,0.0,False,0.0,True,0.5,False,0.0,False,0.0,True,False,0.19,124.08,False,False,False,False,False,False,False,0,999,999,130
DEBB11,DEBB11,ETF,DEBB11,12.25,A,2.0,C,0.0,Fraco,17.2,17.0,16.54,16.33,2119452.89,False,0.0,False,0.0,True,0.5,False,0.0,False,0.0,True,False,0.2,17.22,False,False,False,False,False,True,False,0,999,999,131
IRFM11,IRFM11,ETF,IRFM11,12.25,A,0.5,C,0.0,Fraco,105.65,103.67,101.36,97.5,3793046.35,False,0.0,False,0.0,True,0.5,False,0.0,False,0.0,True,False,0.72,106.04,False,False,False,False,False,False,False,0,999,999,132
MCCI11,MCCI11,ETF,MCCI11,12.25,A,0.5,C,0.0,Fraco,93.97,92.84,91.18,89.41,3186428.77,False,0.0,False,0.0,True,0.5,False,0.0,False,0.0,True,False,0.66,95.25,False,False,False,False,False,False,False,0,999,999,133
BPRE11,BPRE11,ETF,BPRE11,12.25,A,0.5,C,0.0,Fraco,112.13,110.05,107.68,106.75,140947.41,False,0.0,False,0.0,True,0.5,False,0.0,False,0.0,True,False,0.75,112.12,False,False,False,False,False,False,False,0,999,999,134
ITSA3,ITAUSA S.A.,BR_STOCK,ITSA3,12.25,A,2.0,C,0.0,Fraco,14.22,13.65,13.47,13.25,1343790.03,False,0.0,False,0.0,True,0.5,False,0.0,False,0.0,True,False,0.7,14.59,False,False,False,False,False,True,False,0,999,999,135
CXCO11,CXCO11,ETF,CXCO11,12.25,A,0.5,C,0.0,Fraco,71.46,69.76,68.26,67.15,108047.52,False,0.0,False,0.0,True,0.5,False,0.0,False,0.0,True,False,0.86,71.64,False,False,False,False,False,False,False,0,999,999,136
BTHI11,BTHI11,ETF,BTHI11,12.25,A,2.0,C,0.0,Fraco,43.51,42.92,42.41,42.14,80667.54,False,0.0,False,0.0,True,0.5,False,0.0,False,0.0,True,False,4.18,44.9,False,False,False,False,False,True,False,0,999,999,137
BOL511,BOL511,ETF,BOL511,12.25,A,0.5,C,0.0,Fraco,114.01,111.85,109.17,107.7,114010.0,False,0.0,False,0.0,True,0.5,False,0.0,False,0.0,True,False,0.61,113.81,False,False,False,False,False,False,False,0,999,999,138
HTMX11,HTMX11,ETF,HTMX11,12.25,A,0.5,C,0.0,Fraco,136.0,135.44,131.93,131.75,197880.0,False,0.0,False,0.0,True,0.5,False,0.0,False,0.0,True,False,0.69,137.17,False,False,False,False,False,False,False,0,999,999,139
BLMO11,BLMO11,ETF,BLMO11,12.25,A,0.5,C,0.0,Fraco,93.97,92.3,88.1,87.46,99984.08,False,0.0,False,0.0,True,0.5,False,0.0,False,0.0,True,False,3.17,94.64,False,False,False,False,False,False,False,0,999,999,140
ALZC11,ALZC11,ETF,ALZC11,12.25,A,2.0,C,0.0,Fraco,7.33,7.27,7.2,7.15,61410.74,False,0.0,False,0.0,True,0.5,False,0.0,False,0.0,True,False,0.39,7.5,False,False,False,False,False,True,False,0,999,999,141
KNOX11,KNOX11,ETF,KNOX11,12.25,A,0.5,C,0.0,Fraco,102.45,100.89,98.33,96.95,1024807.32,False,0.0,False,0.0,True,0.5,False,0.0,False,0.0,True,False,3.99,102.99,False,False,False,False,False,False,False,0,999,999,142
5PRE11,5PRE11,ETF,5PRE11,12.25,A,0.5,C,0.0,Fraco,52.41,51.07,50.18,50.18,641708.04,False,0.0,False,0.0,True,0.5,False,0.0,False,0.0,True,False,0.74,52.52,False,False,False,False,False,False,False,0,999,999,143
RZLC11,RZLC11,ETF,RZLC11,12.25,A,0.5,C,0.0,Fraco,1011.15,997.46,969.85,956.02,10006340.64,False,0.0,False,0.0,True,0.5,False,0.0,False,0.0,True,True,4.22,1010.57,False,False,False,False,False,False,False,0,999,999,144
IMBB11,IMBB11,ETF,IMBB11,12.25,A,0.5,C,0.0,Fraco,156.25,151.67,149.14,144.11,2352343.75,False,0.0,False,0.0,True,0.5,False,0.0,False,0.0,True,True,1.8,155.68,False,False,False,False,False,False,False,0,999,999,145
CCME11,CCME11,ETF,CCME11,12.25,A,0.5,C,0.0,Fraco,8.9,8.57,8.54,8.5,497661.28,False,0.0,False,0.0,True,0.5,False,0.0,False,0.0,True,False,2.94,9.24,False,False,False,False,False,False,False,0,999,999,146
LFIX11,LFIX11,ETF,LFIX11,12.25,A,0.5,C,0.0,Fraco,21.82,21.54,20.96,20.92,1061717.55,False,0.0,False,0.0,True,0.5,False,0.0,False,0.0,True,False,0.31,21.82,False,False,False,False,False,False,False,0,999,999,147
SPYI11,SPYI11,ETF,SPYI11,12.25,A,0.5,C,0.0,Fraco,109.4,106.99,102.66,102.62,5878171.48,False,0.0,False,0.0,True,0.5,False,0.0,False,0.0,True,False,2.54,109.9,False,False,False,False,False,False,False,0,999,999,148
MANA11,MANA11,ETF,MANA11,12.25,A,0.5,C,0.0,Fraco,9.21,9.02,8.85,8.72,540636.21,False,0.0,False,0.0,True,0.5,False,0.0,False,0.0,True,False,0.74,9.26,False,False,False,False,False,False,False,0,999,999,149
PORD11,PORD11,ETF,PORD11,12.25,A,0.5,C,0.0,Fraco,8.39,8.22,8.04,7.87,444015.6,False,0.0,False,0.0,True,0.5,False,0.0,False,0.0,True,False,1.06,8.43,False,False,False,False,False,False,False,0,999,999,150
B2AP34,B2AP34,BDR,BAP (BDR: B2AP34),12.12,A,0.5,C,0.0,Fraco,384.03,382.67,352.71,341.34,133975777.61,False,0.0,False,0.0,False,0.0,False,0.0,True,0.65,True,False,1.17,395.0,False,False,False,False,False,False,False,0,0,0,151
METB34,METB34,BDR,MET (BDR: METB34),12.12,A,0.5,C,0.0,Fraco,95.2,96.24,84.6,82.78,249594780.8,False,0.0,False,0.0,True,0.75,False,0.0,False,0.0,True,False,0.78,99.25,False,False,False,False,False,False,False,0,0,0,152
R1KU34,R1KU34,BDR,ROKU (BDR: R1KU34),12.12,A,2.0,C,0.0,Fraco,152.14,152.64,129.5,122.59,172972681.65,False,0.0,False,0.0,True,0.75,False,0.0,False,0.0,True,False,0.58,158.85,False,False,False,False,False,True,False,0,999,999,153
DXCO3,DEXCO S.A.,BR_STOCK,DXCO3,12.0,A,2.0,C,0.0,Fraco,5.7,5.29,5.1,5.17,8227379.72,False,0.0,False,0.0,False,0.0,False,0.0,True,1.0,True,False,1.03,5.88,False,False,False,False,False,True,False,0,999,999,154
COCA34,COCA34,BDR,KO (BDR: COCA34),11.95,A,0.5,C,0.0,Fraco,86.84,87.28,81.21,78.87,1114373210.93,False,0.0,False,0.0,True,0.7,False,0.0,False,0.0,True,False,0.79,89.82,False,False,False,False,False,False,False,0,999,999,155
F2NV34,F2NV34,BDR,FNV (BDR: F2NV34),11.93,A,0.5,C,0.0,Fraco,247.94,246.1,237.65,236.7,140847277.19,False,0.0,False,0.0,True,0.55,False,0.0,True,1.0,False,False,0.93,271.3,False,False,False,False,False,False,False,0,999,999,156
TGTB34,TGTB34,BDR,TGT (BDR: TGTB34),11.8,A,0.5,C,0.0,Fraco,156.43,154.16,134.02,126.39,541193649.88,False,0.0,False,0.0,True,0.8,False,0.0,False,0.0,False,False,1.01,165.65,False,False,False,False,False,False,False,0,999,999,157
H1PE34,H1PE34,BDR,HPE (BDR: H1PE34),11.8,A,0.5,C,0.0,Fraco,61.49,54.51,40.63,36.09,757184990.64,False,0.0,False,0.0,True,0.8,False,0.0,False,0.0,False,False,0.6,65.65,False,False,False,False,False,False,False,0,999,999,158
BBYY34,BBYY34,BDR,BBY (BDR: BBYY34),11.8,A,0.5,C,0.0,Fraco,88.75,86.73,73.0,71.12,230339708.75,False,0.0,False,0.0,True,0.8,False,0.0,False,0.0,False,False,0.74,96.53,False,False,False,False,False,False,False,0,0,0,159
D1EL34,D1EL34,BDR,DELL (BDR: D1EL34),11.8,A,0.5,C,0.0,Fraco,539.59,481.82,341.59,286.4,3077579237.26,False,0.0,False,0.0,True,0.8,False,0.0,False,0.0,False,False,0.61,595.51,False,False,False,False,False,False,False,0,999,999,160
M1PC34,M1PC34,BDR,MPC (BDR: M1PC34),11.8,A,0.5,C,0.0,Fraco,392.03,359.28,283.18,257.14,733573198.23,False,0.0,False,0.0,True,0.8,False,0.0,False,0.0,False,False,0.49,431.08,False,False,False,False,False,False,False,0,0,0,161
R2NG34,R2NG34,BDR,RNG (BDR: R2NG34),11.8,A,0.5,C,0.0,Fraco,74.43,65.6,48.31,43.38,110827089.18,False,0.0,False,0.0,True,0.8,False,0.0,False,0.0,False,False,0.84,81.9,False,False,False,False,False,False,False,0,999,999,162
D1EX34,D1EX34,BDR,DXCM (BDR: D1EX34),11.8,A,0.5,C,0.0,Fraco,86.64,85.55,73.8,72.77,253650294.61,False,0.0,False,0.0,True,0.8,False,0.0,False,0.0,False,False,0.6,92.34,False,False,False,False,False,False,False,0,0,0,163
S1SL34,S1SL34,BDR,SWKS (BDR: S1SL34),11.8,A,0.5,C,0.0,Fraco,88.04,72.89,66.68,65.06,291338449.43,False,0.0,False,0.0,True,0.8,False,0.0,False,0.0,False,False,0.43,92.8,False,False,False,False,False,False,False,0,0,0,164
VLOE34,VLOE34,BDR,VLO (BDR: VLOE34),11.8,A,0.5,C,0.0,Fraco,387.72,349.47,280.4,255.37,1027148602.67,False,0.0,False,0.0,True,0.8,False,0.0,False,0.0,False,False,0.54,419.04,False,False,False,False,False,False,False,0,999,999,165
P1SX34,P1SX34,BDR,PSX (BDR: P1SX34),11.8,A,0.5,C,0.0,Fraco,252.25,237.12,194.17,180.59,551845054.75,False,0.0,False,0.0,True,0.8,False,0.0,False,0.0,False,False,0.54,277.12,False,False,False,False,False,False,False,0,0,0,166
N2TN34,N2TN34,BDR,NTNX (BDR: N2TN34),11.8,A,0.5,C,0.0,Fraco,70.09,64.88,51.59,50.16,163245068.49,False,0.0,False,0.0,True,0.8,False,0.0,False,0.0,True,False,0.89,71.08,False,False,False,False,False,False,False,0,0,0,167
S1MF34,S1MF34,BDR,SMFG (BDR: S1MF34),11.62,A,0.5,C,0.0,Fraco,26.02,25.98,23.4,22.79,38709226.12,False,0.0,False,0.0,True,0.75,False,0.0,False,0.0,False,False,1.15,27.62,False,False,False,False,False,False,False,0,0,0,168
Z2DV34,Z2DV34,BDR,ZD (BDR: Z2DV34),11.62,A,0.5,C,0.0,Fraco,56.33,55.2,48.28,44.97,26870819.12,False,0.0,False,0.0,True,0.75,False,0.0,False,0.0,False,False,0.54,60.48,False,False,False,False,False,False,False,0,999,999,169
MLAS3,GRUPO MULTI S.A.,BR_STOCK,MLAS3,11.62,A,0.5,C,0.0,Fraco,1.89,1.81,1.62,1.56,5070302.96,False,0.0,False,0.0,True,0.75,False,0.0,False,0.0,False,False,1.13,2.0,False,False,False,False,False,False,False,0,999,999,170
V2RN34,V2RN34,BDR,VRNS (BDR: V2RN34),11.62,A,2.0,C,0.0,Fraco,47.11,44.53,34.8,33.79,42850031.7,False,0.0,False,0.0,True,0.75,False,0.0,False,0.0,True,False,0.51,48.79,False,False,False,False,False,True,False,0,999,999,171
VBBR3,VIBRA ENERGIA S.A.,BR_STOCK,VBBR3,11.62,A,0.5,C,0.0,Fraco,37.96,35.64,32.24,30.81,326721712.12,False,0.0,False,0.0,True,0.75,False,0.0,False,0.0,False,False,0.79,40.48,False,False,False,False,False,False,False,0,999,999,172
A1RG34,A1RG34,BDR,ARGX (BDR: A1RG34),11.62,A,0.5,C,0.0,Fraco,970.66,953.46,855.78,850.25,301919902.01,False,0.0,False,0.0,True,0.75,False,0.0,False,0.0,False,False,1.13,1072.75,False,False,False,False,False,False,False,0,0,0,173
TELB3,TELEC BRASILEIRAS S.A. TELEBRAS,BR_STOCK,TELB3,11.62,A,2.03,C,0.0,Fraco,18.35,13.96,13.06,12.67,100925.0,False,0.0,False,0.0,True,0.75,False,0.0,False,0.0,False,False,17.74,20.0,True,False,False,False,False,False,False,0,999,999,174
ROST34,ROST34,BDR,ROST (BDR: ROST34),11.6,A,0.5,C,0.0,Fraco,234.4,237.66,225.88,216.38,347225383.76,False,0.0,False,0.0,True,0.6,False,0.0,False,0.0,True,False,0.7,239.73,False,False,False,False,False,False,False,0,999,999,175
W1EL34,W1EL34,BDR,WELL (BDR: W1EL34),11.6,A,0.5,C,0.0,Fraco,232.9,236.45,219.86,212.3,440652145.15,False,0.0,False,0.0,True,0.6,False,0.0,False,0.0,True,False,0.64,242.97,False,False,False,False,False,False,False,0,0,0,176
CNIC34,CNIC34,BDR,CNI (BDR: CNIC34),11.6,A,0.5,C,0.0,Fraco,120.55,124.32,116.07,111.83,93543909.17,False,0.0,False,0.0,True,0.6,False,0.0,False,0.0,True,False,0.6,125.32,False,False,False,False,False,False,False,0,0,0,177
N1WG34,N1WG34,BDR,NWG (BDR: N1WG34),11.6,A,0.5,C,0.0,Fraco,18.26,18.51,16.67,16.61,47610266.38,False,0.0,False,0.0,True,0.6,False,0.0,False,0.0,True,False,0.77,19.06,False,False,False,False,False,False,False,0,999,999,178
VISA34,VISA34,BDR,V (BDR: VISA34),11.6,A,0.5,C,0.0,Fraco,365.88,368.09,337.15,336.28,1970336270.53,False,0.0,False,0.0,True,0.6,False,0.0,False,0.0,True,False,0.74,382.48,False,False,False,False,False,False,False,0,999,999,179
DEEC34,DEEC34,BDR,DE (BDR: DEEC34),11.45,A,0.5,C,0.0,Fraco,680.5,644.59,603.24,583.31,782638967.0,False,0.0,False,0.0,True,0.7,False,0.0,False,0.0,False,False,0.87,721.22,False,False,False,False,False,False,False,0,999,999,180
VRTX34,VRTX34,BDR,VRTX (BDR: VRTX34),11.45,A,0.5,C,0.0,Fraco,526.73,516.07,475.76,472.72,352012592.49,False,0.0,False,0.0,True,0.7,False,0.0,False,0.0,False,False,0.62,560.25,False,False,False,False,False,False,False,0,999,999,181
TRNT11,TRNT11,ETF,TRNT11,11.28,A,0.5,C,0.0,Fraco,135.0,112.72,109.17,105.72,500310.0,False,0.0,False,0.0,True,0.65,False,0.0,False,0.0,False,False,14.66,144.79,False,False,False,False,False,False,False,0,999,999,182
SEER3,SER EDUCACIONAL S.A.,BR_STOCK,SEER3,11.28,A,0.5,C,0.0,Fraco,13.41,12.27,11.7,11.32,7335269.92,False,0.0,False,0.0,True,0.65,False,0.0,False,0.0,False,False,0.55,14.4,False,False,False,False,False,False,False,0,999,999,183
V1OD34,V1OD34,BDR,VOD (BDR: V1OD34),11.28,A,0.5,C,0.0,Fraco,16.33,16.3,15.26,14.9,61473484.54,False,0.0,False,0.0,True,0.65,False,0.0,False,0.0,False,False,1.11,17.71,False,False,False,False,False,False,False,0,999,999,184
BBAX39,BBAX39,BDR,BBAX (BDR: BBAX39),11.25,A,2.0,C,0.0,Fraco,61.81,63.23,61.05,60.14,13104699.63,False,0.0,False,0.0,True,0.5,False,0.0,False,0.0,True,False,1.23,64.96,False,False,False,False,False,True,False,0,0,0,185
HYBR11,HYBR11,ETF,HYBR11,11.25,A,2.0,C,0.0,Fraco,55.4,55.61,54.45,53.9,281265.81,False,0.0,False,0.0,True,0.5,False,0.0,False,0.0,True,False,0.34,56.04,False,False,False,False,False,True,False,0,999,999,186
C2CA34,C2CA34,BDR,KOF (BDR: C2CA34),11.25,A,0.5,C,0.0,Fraco,108.49,110.06,104.93,103.69,11282634.31,False,0.0,False,0.0,True,0.5,False,0.0,False,0.0,True,False,0.85,114.13,False,False,False,False,False,False,False,0,0,0,187
GLFT11,GLFT11,ETF,GLFT11,11.25,A,2.0,C,0.0,Fraco,113.97,112.64,109.82,108.34,432288.21,False,0.0,False,0.0,True,0.5,False,0.0,False,0.0,True,False,1.18,114.23,False,False,False,False,False,True,False,0,999,999,188
CMIG3,CIA ENERGETICA DE MINAS GERAIS - CEMIG,BR_STOCK,CMIG3,11.25,A,0.5,C,0.0,Fraco,16.57,16.28,16.05,15.5,1401821.97,False,0.0,False,0.0,True,0.5,False,0.0,True,0.8,False,False,0.55,17.68,False,False,False,False,False,False,False,0,999,999,189
ACWX39,ISHARES MSCI ACWI EX U.S. ETF,BDR,ACWX (BDR: ACWX39),11.25,A,2.0,C,0.0,Fraco,76.18,76.69,74.02,72.8,192588068.65,False,0.0,False,0.0,True,0.5,False,0.0,False,0.0,True,False,0.23,78.78,False,False,False,False,False,True,False,0,0,0,190
MCLO11,MCLO11,ETF,MCLO11,11.25,A,0.5,C,0.0,Fraco,10.44,10.5,10.04,9.92,1015175.12,False,0.0,False,0.0,True,0.5,False,0.0,False,0.0,True,False,27.96,10.48,False,False,False,False,False,False,False,0,999,999,191
JPEM39,JPEM39,BDR,JPEM (BDR: JPEM39),11.25,A,2.0,C,0.0,Fraco,63.53,64.74,63.26,62.81,665032.03,False,0.0,False,0.0,True,0.5,False,0.0,False,0.0,True,False,0.55,66.72,False,False,False,False,False,True,False,0,999,999,192
JPIN39,JPIN39,BDR,JPIN (BDR: JPIN39),11.25,A,2.0,C,0.0,Fraco,73.99,75.5,73.16,72.24,396343.0,False,0.0,False,0.0,True,0.5,False,0.0,False,0.0,True,False,0.16,77.42,False,False,False,False,False,True,False,0,0,0,193
JEPI39,JPMORGAN EQUITY PREMIUM INCOME ETF,BDR,JEPI (BDR: JEPI39),11.25,A,2.0,C,0.0,Fraco,56.49,56.88,55.73,55.61,249727440.55,False,0.0,False,0.0,True,0.5,False,0.0,False,0.0,True,False,1.16,57.44,False,False,False,False,False,True,False,0,999,999,194
H1LT34,H1LT34,BDR,HLT (BDR: H1LT34),11.12,A,0.5,C,0.0,Fraco,323.44,317.85,320.52,315.31,460097284.75,False,0.0,False,0.0,False,0.0,False,0.0,True,0.65,True,False,0.77,321.72,False,False,False,False,False,False,False,0,0,0,195
B3SA3,B3 S.A. - BRASIL. BOLSA. BALCÃO,BR_STOCK,B3SA3,11.0,A,2.0,C,0.0,Fraco,17.9,16.05,16.3,15.92,1007897068.52,False,0.0,False,0.0,False,0.0,False,0.0,False,0.0,True,False,1.26,18.49,False,False,False,False,False,True,False,0,999,999,196
LRDI11,LRDI11,ETF,LRDI11,11.0,A,0.5,C,0.0,Fraco,200.0,164.17,138.62,139.67,61600.0,False,0.0,False,0.0,False,0.0,False,0.0,False,0.0,True,True,30.5,195.0,False,False,False,False,False,False,False,0,999,999,197
BOVV11,BOVV11,ETF,BOVV11,11.0,A,2.0,C,0.0,Fraco,189.73,183.73,185.0,182.94,60633532.57,False,0.0,False,0.0,False,0.0,False,0.0,False,0.0,True,False,1.14,195.77,False,False,False,False,False,True,False,0,999,999,198
BOVA11,BOVA11,ETF,BOVA11,11.0,A,0.5,C,0.0,Fraco,181.05,175.12,176.29,174.36,591901343.48,False,0.0,False,0.0,False,0.0,False,0.0,False,0.0,True,False,0.93,186.6,False,False,False,False,False,False,False,0,999,999,199
BBOV11,BBOV11,ETF,BBOV11,11.0,A,2.0,C,0.0,Fraco,96.61,93.59,94.22,93.18,17839712.88,False,0.0,False,0.0,False,0.0,False,0.0,False,0.0,True,False,1.12,99.5,False,False,False,False,False,True,False,0,999,999,200
IBOB11,IBOB11,ETF,IBOB11,11.0,A,2.0,C,0.0,Fraco,151.4,146.67,147.63,146.03,1393182.74,False,0.0,False,0.0,False,0.0,False,0.0,False,0.0,True,False,0.16,155.94,False,False,False,False,False,True,False,0,999,999,201
BOVX11,BOVX11,ETF,BOVX11,11.0,A,0.5,C,0.0,Fraco,18.91,18.28,18.41,18.2,29409985.27,False,0.0,False,0.0,False,0.0,False,0.0,False,0.0,True,False,2.4,19.47,False,False,False,False,False,False,False,0,999,999,202
BOVB11,BOVB11,ETF,BOVB11,11.0,A,0.5,C,0.0,Fraco,188.57,182.48,183.75,181.72,3690880.75,False,0.0,False,0.0,False,0.0,False,0.0,False,0.0,True,False,0.5,194.0,False,False,False,False,False,False,False,0,999,999,203
AUVP11,AUVP11,ETF,AUVP11,11.0,A,2.0,C,0.0,Fraco,130.61,124.18,124.21,123.5,1119197.1,False,0.0,False,0.0,False,0.0,False,0.0,False,0.0,True,False,0.8,133.73,False,False,False,False,False,True,False,0,999,999,204
I1VZ34,I1VZ34,BDR,IVZ (BDR: I1VZ34),10.8,A,0.5,C,0.0,Fraco,30.42,31.31,27.72,27.46,121394904.06,False,0.0,False,0.0,True,0.8,False,0.0,False,0.0,False,False,0.75,33.34,False,False,False,False,False,False,False,0,0,0,205
GOAU4,METALURGICA GERDAU S.A.,BR_STOCK,GOAU4,10.8,A,0.5,C,0.0,Fraco,10.82,10.86,9.87,9.72,70875326.0,False,0.0,False,0.0,True,0.8,False,0.0,False,0.0,False,False,0.77,11.78,False,False,False,False,False,False,False,0,999,999,206
TXSA34,TXSA34,BDR,TX (BDR: TXSA34),10.8,A,0.5,C,0.0,Fraco,53.45,53.95,46.58,44.98,20227618.29,False,0.0,False,0.0,True,0.8,False,0.0,False,0.0,False,False,0.94,58.73,False,False,False,False,False,False,False,0,999,999,207
A1ES34,A1ES34,BDR,AES (BDR: A1ES34),10.75,A,2.0,C,0.0,Fraco,14.86,14.75,14.44,14.42,204076179.45,False,0.0,False,0.0,True,0.5,False,0.0,False,0.0,True,False,1.66,14.89,False,False,False,False,False,True,False,0,0,0,208
EXES11,EXES11,ETF,EXES11,10.75,A,0.5,C,0.0,Fraco,9.46,9.38,9.06,8.9,76332.74,False,0.0,False,0.0,True,0.5,False,0.0,False,0.0,False,False,0.43,10.26,False,False,False,False,False,False,False,0,999,999,209
W1PP34,W1PP34,BDR,WPP (BDR: W1PP34),10.75,A,0.5,C,0.0,Fraco,25.26,24.43,19.58,19.78,8683251.38,False,0.0,False,0.0,False,0.0,False,0.0,True,0.5,True,False,1.01,26.34,False,False,False,False,False,False,False,0,999,999,210
ELAS11,ELAS11,ETF,ELAS11,10.75,A,0.5,C,0.0,Fraco,182.06,179.22,176.63,174.18,57530.96,False,0.0,False,0.0,True,0.5,False,0.0,False,0.0,False,False,0.48,194.16,False,False,False,False,False,False,False,0,999,999,211
CXCE11,CXCE11,ETF,CXCE11,10.75,A,0.5,C,0.0,Fraco,39.99,39.66,39.58,39.08,84418.89,False,0.0,False,0.0,True,0.5,False,0.0,False,0.0,True,False,3.03,40.94,False,False,False,False,False,False,False,0,999,999,212
INTB3,INTELBRAS S.A. IND DE TELEC ELETRONICA BRASILEIRA,BR_STOCK,INTB3,10.75,A,0.5,C,0.0,Fraco,14.48,14.33,13.86,13.31,13758895.57,False,0.0,False,0.0,True,0.5,False,0.0,False,0.0,False,False,1.09,15.52,False,False,False,False,False,False,False,0,999,999,213
SPXU11,SPXU11,ETF,SPXU11,10.75,A,0.5,C,0.0,Fraco,17.09,16.83,16.04,15.99,701988.85,False,0.0,False,0.0,True,0.5,False,0.0,False,0.0,False,False,0.32,18.01,False,False,False,False,False,False,False,0,999,999,214
PPEI11,PPEI11,ETF,PPEI11,10.75,A,0.5,C,0.0,Fraco,84.68,82.84,80.36,78.26,269621.12,False,0.0,False,0.0,True,0.5,False,0.0,False,0.0,False,False,1.88,89.98,False,False,False,False,False,False,False,0,999,999,215
ENDD11,ENDD11,ETF,ENDD11,10.75,A,0.5,C,0.0,Fraco,112.5,109.55,105.71,104.11,51975.0,False,0.0,False,0.0,True,0.5,False,0.0,False,0.0,False,False,0.27,119.96,False,False,False,False,False,False,False,0,999,999,216
BCSA34,BCSA34,BDR,SAN (BDR: BCSA34),10.62,A,0.5,C,0.0,Fraco,14.19,14.43,12.96,12.73,86079943.05,False,0.0,False,0.0,True,0.75,False,0.0,False,0.0,False,False,0.84,15.05,False,False,False,False,False,False,False,0,999,999,217
A1EG34,A1EG34,BDR,AEG (BDR: A1EG34),10.62,A,0.5,C,0.0,Fraco,8.79,9.02,8.11,7.89,31204429.54,False,0.0,False,0.0,True,0.75,False,0.0,False,0.0,False,False,0.74,9.27,False,False,False,False,False,False,False,0,999,999,218
K1MX34,K1MX34,BDR,KMX (BDR: K1MX34),10.62,A,0.5,C,0.0,Fraco,59.23,59.44,49.47,47.98,724412983.24,False,0.0,False,0.0,True,0.75,False,0.0,False,0.0,False,False,3.7,63.39,False,False,False,False,False,False,False,0,0,0,219
NMRH34,NMRH34,BDR,NMR (BDR: NMRH34),10.62,A,0.5,C,0.0,Fraco,9.91,10.01,8.92,8.91,5442720.57,False,0.0,False,0.0,True,0.75,False,0.0,False,0.0,False,False,0.78,10.94,False,False,False,False,False,False,False,0,999,999,220
S1TT34,S1TT34,BDR,STT (BDR: S1TT34),10.62,A,0.5,C,0.0,Fraco,177.78,186.74,161.76,153.38,388633832.97,False,0.0,False,0.0,True,0.75,False,0.0,False,0.0,False,False,0.86,195.4,False,False,False,False,False,False,False,0,0,0,221
TSMC34,TSMC34,BDR,TSM (BDR: TSMC34),10.5,A,2.0,C,0.0,Fraco,456.94,421.47,401.72,382.86,4513028707.13,False,0.0,False,0.0,False,0.0,False,0.0,False,0.0,True,False,0.99,455.27,False,False,False,False,False,True,False,0,999,999,222
KNIP11,KNIP11,ETF,KNIP11,10.5,A,0.5,C,0.0,Fraco,89.59,89.33,88.59,87.4,6503517.01,False,0.0,False,0.0,False,0.0,False,0.0,False,0.0,True,False,0.58,91.23,False,False,False,False,False,False,False,0,999,999,223
ASML34,ASML34,BDR,ASML (BDR: ASML34),10.5,A,0.5,C,0.0,Fraco,1834.39,1719.73,1611.81,1528.66,3020159898.41,False,0.0,False,0.0,False,0.0,False,0.0,False,0.0,True,False,1.18,1790.0,False,False,False,False,False,False,False,0,999,999,224
CHPX39,CHPX39,BDR,CHPX (BDR: CHPX39),10.5,A,0.5,C,0.0,Fraco,101.11,93.9,85.78,78.89,2647154.09,False,0.0,False,0.0,False,0.0,False,0.0,False,0.0,True,False,0.77,103.49,False,False,False,False,False,False,False,0,999,999,225
JTEK39,JTEK39,BDR,JTEK (BDR: JTEK39),10.5,A,0.5,C,0.0,Fraco,104.53,100.11,96.98,94.92,33570645.35,False,0.0,False,0.0,False,0.0,False,0.0,False,0.0,True,False,1.42,106.38,False,False,False,False,False,False,False,0,0,0,226
A1PH34,A1PH34,BDR,APH (BDR: A1PH34),10.5,A,0.5,C,0.0,Fraco,84.34,80.63,74.49,73.62,890334243.6,False,0.0,False,0.0,False,0.0,False,0.0,False,0.0,True,False,0.81,85.71,False,False,False,False,False,False,False,0,999,999,227
MOOO34,MOOO34,BDR,MO (BDR: MOOO34),10.5,A,0.5,C,0.0,Fraco,68.72,67.9,67.5,65.24,389977897.97,False,0.0,False,0.0,False,0.0,False,0.0,False,0.0,True,False,0.67,70.71,False,False,False,False,False,False,False,0,0,0,228
TRVC34,TRVC34,BDR,TRV (BDR: TRVC34),10.45,A,0.5,C,0.0,Fraco,363.21,371.49,327.56,316.98,407197990.31,False,0.0,False,0.0,True,0.7,False,0.0,False,0.0,False,False,0.76,383.99,False,False,False,False,False,False,False,0,0,0,229
H1SB34,H1SB34,BDR,HSBC (BDR: H1SB34),10.45,A,0.5,C,0.0,Fraco,100.72,103.3,93.96,90.5,164932325.76,False,0.0,False,0.0,True,0.7,False,0.0,False,0.0,False,False,1.1,107.43,False,False,False,False,False,False,False,0,999,999,230
Q1UE34,Q1UE34,BDR,DGX (BDR: Q1UE34),10.45,A,0.5,C,0.0,Fraco,231.97,236.73,211.03,204.38,352201444.67,False,0.0,False,0.0,True,0.7,False,0.0,False,0.0,False,False,1.2,248.84,False,False,False,False,False,False,False,0,0,0,231
GGBR4,GERDAU S.A.,BR_STOCK,GGBR4,10.45,A,0.5,C,0.0,Fraco,24.2,24.57,22.37,22.04,227627627.18,False,0.0,False,0.0,True,0.7,False,0.0,False,0.0,False,False,1.2,26.28,False,False,False,False,False,False,False,0,999,999,232
BBSE3,BB SEGURIDADE PARTICIPAÇÕES S.A.,BR_STOCK,BBSE3,10.45,A,0.5,C,0.0,Fraco,38.76,39.31,35.92,34.96,176989780.34,False,0.0,False,0.0,True,0.7,False,0.0,False,0.0,False,False,0.74,42.98,False,False,False,False,False,False,False,0,999,999,233
S2NW34,S2NW34,BDR,SNOW (BDR: S2NW34),10.3,A,0.5,C,0.0,Fraco,330.31,319.34,233.93,226.14,1883221822.95,False,0.0,False,0.0,True,0.8,False,0.0,False,0.0,False,False,1.45,384.56,False,False,False,False,False,False,False,0,999,999,234
H1FC34,H1FC34,BDR,DINO (BDR: H1FC34),10.3,A,0.5,C,0.0,Fraco,105.59,97.97,76.23,69.54,198023162.36,False,0.0,False,0.0,True,0.8,False,0.0,False,0.0,False,False,0.56,118.39,False,False,False,False,False,False,False,0,999,999,235
CASH3,MÉLIUZ S.A.,BR_STOCK,CASH3,10.3,A,0.5,C,0.0,Fraco,5.29,5.14,4.39,4.26,4089169.97,False,0.0,False,0.0,True,0.8,False,0.0,False,0.0,False,False,0.56,5.97,False,False,False,False,False,False,False,0,999,999,236
TASA4,TAURUS ARMAS S.A.,BR_STOCK,TASA4,10.3,A,0.5,C,0.0,Fraco,7.78,5.76,5.22,5.21,8978898.24,False,0.0,False,0.0,True,0.8,False,0.0,False,0.0,False,False,0.57,9.49,False,False,False,False,False,False,False,0,999,999,237
Z1TA34,Z1TA34,BDR,ZETA (BDR: Z1TA34),10.3,A,0.5,C,0.0,Fraco,28.96,27.72,21.69,21.06,105665335.06,False,0.0,False,0.0,True,0.8,False,0.0,False,0.0,False,False,0.69,32.81,False,False,False,False,False,False,False,0,999,999,238
HPQB34,HPQB34,BDR,HPQ (BDR: HPQB34),10.3,A,0.5,C,0.0,Fraco,30.73,29.96,24.05,23.07,346401983.85,False,0.0,False,0.0,True,0.8,False,0.0,False,0.0,False,False,0.69,36.23,False,False,False,False,False,False,False,0,999,999,239
DOTZ3,DOTZ S.A.,BR_STOCK,DOTZ3,10.3,A,0.5,C,0.0,Fraco,10.05,8.46,5.34,5.07,229140.0,False,0.0,False,0.0,True,0.8,False,0.0,False,0.0,False,False,0.99,13.46,False,False,False,False,False,False,False,0,999,999,240
TASA3,TAURUS ARMAS S.A.,BR_STOCK,TASA3,10.3,A,0.5,C,0.0,Fraco,7.89,5.92,5.42,5.4,287196.0,False,0.0,False,0.0,True,0.8,False,0.0,False,0.0,False,False,0.36,9.41,False,False,False,False,False,False,False,0,999,999,241
P1YC34,P1YC34,BDR,PAYC (BDR: P1YC34),10.3,A,0.5,C,0.0,Fraco,218.58,208.21,156.53,153.48,162453684.7,False,0.0,False,0.0,True,0.8,False,0.0,False,0.0,False,False,0.9,244.98,False,False,False,False,False,False,False,0,999,999,242
F2IV34,F2IV34,BDR,FIVN (BDR: F2IV34),10.3,A,0.5,C,0.0,Fraco,34.01,31.68,23.61,22.39,63738545.97,False,0.0,False,0.0,True,0.8,False,0.0,False,0.0,False,False,0.61,40.0,False,False,False,False,False,False,False,0,999,999,243
I1XC34,I1XC34,BDR,IX (BDR: I1XC34),10.28,A,0.5,C,0.0,Fraco,38.23,39.64,36.56,35.22,7936968.43,False,0.0,False,0.0,True,0.65,False,0.0,False,0.0,False,False,0.61,41.28,False,False,False,False,False,False,False,0,0,0,244
GOAU3,METALURGICA GERDAU S.A.,BR_STOCK,GOAU3,10.28,A,0.5,C,0.0,Fraco,9.79,9.8,9.15,9.07,290763.0,False,0.0,False,0.0,True,0.65,False,0.0,False,0.0,False,False,0.71,10.51,False,False,False,False,False,False,False,0,999,999,245
GGBR3,GERDAU S.A.,BR_STOCK,GGBR3,10.28,A,0.5,C,0.0,Fraco,20.65,21.0,19.26,18.92,348984.99,False,0.0,False,0.0,True,0.65,False,0.0,False,0.0,False,False,0.84,22.44,False,False,False,False,False,False,False,0,999,999,246
MUTC34,MUTC34,BDR,MU (BDR: MUTC34),10.25,A,0.5,C,0.0,Fraco,1065.08,949.71,775.03,668.99,19888564998.96,False,0.0,False,0.0,False,0.0,False,0.0,True,0.5,True,False,0.77,1108.72,False,False,False,False,False,False,False,0,999,999,247
A1DI34,A1DI34,BDR,ADI (BDR: A1DI34),10.12,A,0.5,C,0.0,Fraco,398.22,373.42,374.03,355.89,973476668.38,False,0.0,False,0.0,False,0.0,False,0.0,True,0.85,True,False,0.71,396.07,False,False,False,False,False,False,False,0,999,999,248
EQIX34,EQIX34,BDR,EQIX (BDR: EQIX34),10.12,A,0.5,C,0.0,Fraco,1015.27,1042.54,1034.07,976.07,385046231.26,False,0.0,False,0.0,False,0.0,False,0.0,True,0.65,True,False,0.72,1066.51,False,False,False,False,False,False,False,0,999,999,249
FCXO34,FCXO34,BDR,FCX (BDR: FCXO34),10.12,A,0.5,C,0.0,Fraco,70.79,70.13,65.01,63.09,710344317.1,False,0.0,False,0.0,True,0.75,False,0.0,False,0.0,False,False,1.03,78.64,False,False,False,False,False,False,False,0,999,999,250
GPRK34,GPRK34,BDR,GPRK (BDR: GPRK34),10.12,A,0.5,C,0.0,Fraco,10.51,10.34,9.8,9.27,8763784.71,False,0.0,False,0.0,True,0.75,False,0.0,False,0.0,False,False,0.94,13.13,False,False,False,False,False,False,False,0,999,999,251
BMYB34,BMYB34,BDR,BMY (BDR: BMYB34),10.1,A,0.5,C,0.0,Fraco,62.86,64.47,59.77,58.55,960508666.83,False,0.0,False,0.0,True,0.6,False,0.0,False,0.0,False,False,1.05,68.24,False,False,False,False,False,False,False,0,0,0,252
JPMC34,JPMC34,BDR,JPM (BDR: JPMC34),10.1,A,0.5,C,0.0,Fraco,334.98,353.18,322.9,319.89,2017572881.87,False,0.0,False,0.0,True,0.6,False,0.0,False,0.0,False,False,0.6,362.86,False,False,False,False,False,False,False,0,999,999,253
B1SA34,B1SA34,BDR,BSAC (BDR: B1SA34),10.1,A,0.5,C,0.0,Fraco,33.61,34.75,32.72,32.58,8765488.16,False,0.0,False,0.0,True,0.6,False,0.0,False,0.0,False,False,0.91,36.37,False,False,False,False,False,False,False,0,0,0,254
XBIT11,XBIT11,ETF,XBIT11,10.0,A,2.0,C,0.0,Fraco,42.42,36.5,34.56,,85221.78,False,0.0,False,0.0,False,0.0,False,0.0,False,0.0,True,False,0.7,44.19,False,False,False,False,False,True,False,0,999,999,255
IBCR11,IBCR11,ETF,IBCR11,10.0,A,0.5,C,0.0,Fraco,54.4,40.41,44.98,44.81,1793132.85,False,0.0,False,0.0,False,0.0,False,0.0,False,0.0,True,True,24.18,43.35,False,False,False,False,False,False,False,0,999,999,256
ETHY11,ETHY11,ETF,ETHY11,10.0,A,2.0,C,0.0,Fraco,65.0,56.69,54.06,,269165.0,False,0.0,False,0.0,False,0.0,False,0.0,False,0.0,True,False,0.6,65.75,False,False,False,False,False,True,False,0,999,999,257
BRAX11,BRAX11,ETF,BRAX11,10.0,A,2.0,C,0.0,Fraco,153.87,149.09,150.3,148.67,819357.72,False,0.0,False,0.0,False,0.0,False,0.0,False,0.0,True,False,0.46,158.76,False,False,False,False,False,True,False,0,999,999,258
CSMG3,CIA SANEAMENTO DE MINAS GERAIS-COPASA MG,BR_STOCK,CSMG3,10.0,A,0.5,C,0.0,Fraco,56.93,57.92,56.68,54.31,156158990.84,False,0.0,False,0.0,False,0.0,False,0.0,True,0.8,True,False,0.78,57.95,False,False,False,False,False,False,False,0,999,999,259
JHSF3,JHSF PARTICIPACOES S.A.,BR_STOCK,JHSF3,9.78,A,0.5,C,0.0,Fraco,11.63,11.0,10.7,10.1,27971313.28,False,0.0,False,0.0,True,0.65,False,0.0,False,0.0,False,False,0.54,12.26,False,False,False,False,False,False,False,0,999,999,260
RIOT34,RIOT34,BDR,RIO (BDR: RIOT34),9.75,A,0.5,C,0.0,Fraco,94.16,97.89,96.12,92.97,129653428.72,False,0.0,False,0.0,True,0.5,False,0.0,True,1.0,False,False,0.77,105.87,False,False,False,False,False,False,False,0,999,999,261
M1SI34,M1SI34,BDR,MSI (BDR: M1SI34),9.75,A,0.5,C,0.0,Fraco,446.12,457.81,437.23,427.53,399174788.03,False,0.0,False,0.0,True,0.5,False,0.0,False,0.0,False,False,1.01,493.57,False,False,False,False,False,False,False,0,0,0,262
TMPS11,TMPS11,ETF,TMPS11,9.75,A,0.5,C,0.0,Fraco,72.25,72.42,71.12,69.99,146089.5,False,0.0,False,0.0,True,0.5,False,0.0,False,0.0,False,False,0.65,78.79,False,False,False,False,False,False,False,0,999,999,263
HOND34,HOND34,BDR,HMC (BDR: HOND34),9.5,A,2.0,C,0.0,Fraco,32.09,31.44,27.85,28.53,17785754.22,False,0.0,False,0.0,False,0.0,False,0.0,False,0.0,True,False,0.59,33.11,False,False,False,False,False,True,False,0,0,0,264
ICLR34,ICLR34,BDR,ICLR (BDR: ICLR34),9.5,A,0.5,C,0.0,Fraco,170.35,167.52,140.43,146.78,245753732.81,False,0.0,False,0.0,False,0.0,False,0.0,True,1.0,True,False,1.3,177.5,False,False,False,False,False,False,False,0,999,999,265
W1BD34,W1BD34,BDR,WBD (BDR: W1BD34),9.5,A,4.55,C,0.0,Fraco,30.85,27.92,27.42,27.66,1441044980.22,False,0.0,False,0.0,False,0.0,False,0.0,False,0.0,True,False,0.69,30.92,True,False,False,False,False,True,False,0,0,0,266
E1CL34,E1CL34,BDR,ECL (BDR: E1CL34),9.5,A,0.5,C,0.0,Fraco,277.87,277.82,270.76,272.26,302106093.96,False,0.0,False,0.0,False,0.0,False,0.0,False,0.0,True,False,0.92,285.55,False,False,False,False,False,False,False,0,0,0,267
RINV11,RINV11,ETF,RINV11,9.5,A,2.0,C,0.0,Fraco,102.11,100.87,102.01,101.31,316234.67,False,0.0,False,0.0,False,0.0,False,0.0,False,0.0,True,False,0.74,104.9,False,False,False,False,False,True,False,0,999,999,268
TMOS34,TMOS34,BDR,TMO (BDR: TMOS34),9.5,A,2.0,C,0.0,Fraco,679.61,609.89,528.71,540.44,1186590879.1,False,0.0,False,0.0,False,0.0,False,0.0,False,0.0,True,False,0.63,682.98,False,False,False,False,False,True,False,0,999,999,269
BRSR3,BCO ESTADO DO RIO GRANDE DO SUL S.A.,BR_STOCK,BRSR3,9.5,A,2.0,C,0.0,Fraco,18.45,17.52,17.64,17.48,62730.0,False,0.0,False,0.0,False,0.0,False,0.0,False,0.0,True,False,1.06,18.72,False,False,False,False,False,True,False,0,999,999,270
MSFT34,MSFT34,BDR,MSFT (BDR: MSFT34),9.5,A,2.0,C,0.0,Fraco,508.96,479.88,425.36,430.88,10189462498.37,False,0.0,False,0.0,False,0.0,False,0.0,False,0.0,True,False,0.85,519.4,False,False,False,False,False,True,False,0,999,999,271
DISB34,DISB34,BDR,DIS (BDR: DISB34),9.5,A,0.5,C,0.0,Fraco,105.41,103.83,101.37,103.43,751723535.37,False,0.0,False,0.0,False,0.0,False,0.0,False,0.0,True,False,0.74,109.42,False,False,False,False,False,False,False,0,999,999,272
O2HI34,O2HI34,BDR,OHI (BDR: O2HI34),9.5,A,0.5,C,0.0,Fraco,46.54,47.52,46.4,45.55,51070204.6,False,0.0,False,0.0,False,0.0,False,0.0,False,0.0,True,False,0.52,48.0,False,False,False,False,False,False,False,0,0,0,273
GARE11,GARE11,ETF,GARE11,9.5,A,0.5,C,0.0,Fraco,8.36,8.22,8.04,8.08,6568259.45,False,0.0,False,0.0,False,0.0,False,0.0,False,0.0,True,False,1.3,8.48,False,False,False,False,False,False,False,0,999,999,274
XPSF11,XPSF11,ETF,XPSF11,9.5,A,0.5,C,0.0,Fraco,6.37,6.13,6.21,6.18,289834.99,False,0.0,False,0.0,False,0.0,False,0.0,False,0.0,True,False,1.18,6.69,False,False,False,False,False,False,False,0,999,999,275
EXXO34,EXXO34,BDR,XOM (BDR: EXXO34),9.5,A,2.0,C,0.0,Fraco,161.35,159.61,152.51,146.94,1476350135.6,False,0.0,False,0.0,False,0.0,False,0.0,False,0.0,True,False,0.6,169.64,False,False,False,False,False,True,False,0,999,999,276
BBEU39,BBEU39,BDR,BBEU (BDR: BBEU39),9.5,A,0.5,C,0.0,Fraco,76.62,78.8,76.12,75.53,8191444.49,False,0.0,False,0.0,False,0.0,False,0.0,False,0.0,True,False,0.53,79.96,False,False,False,False,False,False,False,0,0,0,277
TAEE3,TRANSMISSORA ALIANÇA DE ENERGIA ELÉTRICA S.A.,BR_STOCK,TAEE3,9.5,A,2.0,C,0.0,Fraco,13.44,13.07,13.17,13.16,1007999.97,False,0.0,False,0.0,False,0.0,False,0.0,False,0.0,True,False,1.16,13.93,False,False,False,False,False,True,False,0,999,999,278
DEXP3,DEXXOS PARTICIPACOES S.A.,BR_STOCK,DEXP3,9.5,A,2.0,C,0.0,Fraco,7.45,7.28,7.23,7.32,283099.99,False,0.0,False,0.0,False,0.0,False,0.0,False,0.0,True,False,0.66,7.59,False,False,False,False,False,True,False,0,999,999,279
AMZO34,AMZO34,BDR,AMZN (BDR: AMZO34),9.5,A,0.5,C,0.0,Fraco,246.67,256.09,245.48,241.01,7791963110.87,False,0.0,False,0.0,True,0.5,False,0.0,True,0.5,False,False,0.83,264.36,False,False,False,False,False,False,False,0,999,999,280
CPTS11,CPTS11,ETF,CPTS11,9.5,A,0.5,C,0.0,Fraco,7.5,7.34,7.34,7.29,7678410.0,False,0.0,False,0.0,False,0.0,False,0.0,False,0.0,True,False,1.01,7.49,False,False,False,False,False,False,False,0,999,999,281
B1ME34,B1ME34,BDR,ONC (BDR: B1ME34),9.5,A,2.0,C,0.0,Fraco,365.27,350.96,314.36,319.44,136024352.29,False,0.0,False,0.0,False,0.0,False,0.0,False,0.0,True,False,0.95,370.48,False,False,False,False,False,True,False,0,0,0,282
VRTM11,VRTM11,ETF,VRTM11,9.5,A,2.0,C,0.0,Fraco,6.74,6.56,6.73,6.67,628612.82,False,0.0,False,0.0,False,0.0,False,0.0,False,0.0,True,False,1.04,6.83,False,False,False,False,False,True,False,0,999,999,283
LFTX11,LFTX11,ETF,LFTX11,9.5,A,2.0,C,0.0,Fraco,26.73,26.4,25.87,25.87,2566373.99,False,0.0,False,0.0,False,0.0,False,0.0,False,0.0,True,False,4.18,26.73,False,False,False,False,False,True,False,0,999,999,284
CPTI11,CPTI11,ETF,CPTI11,9.5,A,0.5,C,0.0,Fraco,84.28,82.84,83.41,82.58,1241107.26,False,0.0,False,0.0,False,0.0,False,0.0,False,0.0,True,False,0.83,84.4,False,False,False,False,False,False,False,0,999,999,285
PIBB11,PIBB11,ETF,PIBB11,9.5,A,0.5,C,0.0,Fraco,330.0,318.41,320.51,316.48,3799290.0,False,0.0,False,0.0,False,0.0,False,0.0,False,0.0,False,False,2.83,350.77,False,False,False,False,False,False,False,0,999,999,286
IWMI11,IWMI11,ETF,IWMI11,9.5,A,0.5,C,0.0,Fraco,78.4,80.47,77.13,76.61,81536.0,False,0.0,False,0.0,False,0.0,False,0.0,False,0.0,True,False,0.62,82.09,False,False,False,False,False,False,False,0,999,999,287
VPPR11,VPPR11,ETF,VPPR11,9.5,A,0.5,C,0.0,Fraco,22.0,20.23,20.95,20.16,364628.0,False,0.0,False,0.0,False,0.0,False,0.0,False,0.0,True,False,2.9,22.41,False,False,False,False,False,False,False,0,999,999,288
FATN11,FATN11,ETF,FATN11,9.5,A,0.5,C,0.0,Fraco,84.0,79.07,80.2,80.11,938028.0,False,0.0,False,0.0,False,0.0,False,0.0,False,0.0,True,False,0.72,84.97,False,False,False,False,False,False,False,0,999,999,289
BTLG11,BTLG11,ETF,BTLG11,9.5,A,2.0,C,0.0,Fraco,99.19,98.76,99.14,98.36,9747004.78,False,0.0,False,0.0,False,0.0,False,0.0,False,0.0,True,False,0.54,101.2,False,False,False,False,False,True,False,0,999,999,290
PMLL11,PMLL11,ETF,PMLL11,9.5,A,0.5,C,0.0,Fraco,104.29,101.05,101.82,100.73,2280613.74,False,0.0,False,0.0,False,0.0,False,0.0,False,0.0,True,False,0.83,104.98,False,False,False,False,False,False,False,0,999,999,291
BBMC39,BBMC39,BDR,BBMC (BDR: BBMC39),9.5,A,0.5,C,0.0,Fraco,121.12,125.3,120.19,117.87,1675331.88,False,0.0,False,0.0,False,0.0,False,0.0,False,0.0,True,False,1.12,126.55,False,False,False,False,False,False,False,0,0,0,292
P2LT34,P2LT34,BDR,PLTR (BDR: P2LT34),9.5,A,2.0,C,0.0,Fraco,186.97,166.07,148.06,152.05,2635313560.8,False,0.0,False,0.0,False,0.0,False,0.0,False,0.0,True,False,0.56,194.68,False,False,False,False,False,True,False,0,999,999,293
JSCR11,JSCR11,ETF,JSCR11,9.5,A,0.5,C,0.0,Fraco,8.0,7.89,7.89,7.82,195312.0,False,0.0,False,0.0,False,0.0,False,0.0,False,0.0,True,False,0.52,8.14,False,False,False,False,False,False,False,0,999,999,294
HSAF11,HSAF11,ETF,HSAF11,9.5,A,2.0,C,0.0,Fraco,77.11,74.81,75.49,74.88,260477.58,False,0.0,False,0.0,False,0.0,False,0.0,False,0.0,True,False,1.38,78.79,False,False,False,False,False,True,False,0,999,999,295
BMMT11,BMMT11,ETF,BMMT11,9.5,A,0.5,C,0.0,Fraco,161.39,158.69,159.61,158.94,50192.29,False,0.0,False,0.0,False,0.0,False,0.0,False,0.0,True,False,0.21,167.08,False,False,False,False,False,False,False,0,999,999,296
NSLU11,NSLU11,ETF,NSLU11,9.5,A,0.5,C,0.0,Fraco,183.72,173.75,172.98,173.14,68343.84,False,0.0,False,0.0,False,0.0,False,0.0,False,0.0,True,False,0.64,186.19,False,False,False,False,False,False,False,0,999,999,297
LEVE3,MAHLE-METAL LEVE S.A.,BR_STOCK,LEVE3,9.5,A,2.0,C,0.0,Fraco,33.85,32.46,32.95,32.79,6194549.72,False,0.0,False,0.0,False,0.0,False,0.0,False,0.0,True,False,0.84,34.4,False,False,False,False,False,True,False,0,999,999,298
GAME11,GAME11,ETF,GAME11,9.5,A,0.5,C,0.0,Fraco,8.45,8.14,8.32,8.3,179968.1,False,0.0,False,0.0,False,0.0,False,0.0,False,0.0,True,False,0.62,8.35,False,False,False,False,False,False,False,0,999,999,299
A1GI34,A1GI34,BDR,A (BDR: A1GI34),9.5,A,2.0,C,0.0,Fraco,175.03,150.52,131.04,132.12,333684365.9,False,0.0,False,0.0,False,0.0,False,0.0,False,0.0,True,False,0.65,176.02,False,False,False,False,False,True,False,0,0,0,300
ABCB4,BCO ABC BRASIL S.A.,BR_STOCK,ABCB4,9.5,A,2.0,C,0.0,Fraco,25.18,23.89,24.02,24.02,15125626.18,False,0.0,False,0.0,False,0.0,False,0.0,False,0.0,True,False,1.45,25.41,False,False,False,False,False,True,False,0,999,999,301
BBFO11,BBFO11,ETF,BBFO11,9.5,A,2.0,C,0.0,Fraco,67.2,66.43,66.76,64.88,142665.59,False,0.0,False,0.0,False,0.0,False,0.0,False,0.0,True,False,0.78,68.17,False,False,False,False,False,True,False,0,999,999,302
SNFF11,SNFF11,ETF,SNFF11,9.5,A,2.0,C,0.0,Fraco,71.01,70.4,69.82,69.88,177951.07,False,0.0,False,0.0,False,0.0,False,0.0,False,0.0,True,False,0.57,72.42,False,False,False,False,False,True,False,0,999,999,303
DOLB11,DOLB11,ETF,DOLB11,9.5,A,2.0,C,0.0,Fraco,98.52,96.85,95.53,96.1,363932.87,False,0.0,False,0.0,False,0.0,False,0.0,False,0.0,True,False,0.4,98.9,False,False,False,False,False,True,False,0,999,999,304
EMBJ3,EMBJ3,BR_STOCK,EMBJ3,9.5,A,2.0,C,0.0,Fraco,100.46,94.07,83.8,86.2,441260499.98,False,0.0,False,0.0,False,0.0,False,0.0,False,0.0,True,False,0.84,102.05,False,False,False,False,False,True,False,0,999,999,305
C2ZR34,C2ZR34,BDR,CZR (BDR: C2ZR34),9.5,A,2.0,C,0.0,Fraco,29.62,29.74,28.54,27.07,93971289.1,False,0.0,False,0.0,False,0.0,False,0.0,False,0.0,True,False,0.48,29.75,False,False,False,False,False,True,False,0,0,0,306
MOTV3,MOTIVA INFRAESTRUTURA DE MOBILIDADE S.A.,BR_STOCK,MOTV3,9.5,A,2.0,C,0.0,Fraco,16.6,14.86,14.67,14.8,212504904.88,False,0.0,False,0.0,False,0.0,False,0.0,False,0.0,True,False,1.26,16.82,False,False,False,False,False,True,False,0,999,999,307
WEGE3,WEG S.A.,BR_STOCK,WEGE3,9.5,A,2.0,C,0.0,Fraco,50.29,49.15,46.95,47.53,654383549.91,False,0.0,False,0.0,False,0.0,False,0.0,False,0.0,True,False,1.8,52.88,False,False,False,False,False,True,False,0,999,999,308
CPLE3,CIA PARANAENSE DE ENERGIA - COPEL,BR_STOCK,CPLE3,9.5,A,2.0,C,0.0,Fraco,15.75,15.04,15.06,14.49,211454775.0,False,0.0,False,0.0,False,0.0,False,0.0,False,0.0,True,False,0.91,16.26,False,False,False,False,False,True,False,0,999,999,309
TAEE11,TRANSMISSORA ALIANÇA DE ENERGIA ELÉTRICA S.A.,BR_STOCK,TAEE11,9.5,A,2.0,C,0.0,Fraco,40.56,39.6,39.89,39.87,78017162.64,False,0.0,False,0.0,False,0.0,False,0.0,False,0.0,True,False,1.29,42.41,False,False,False,False,False,True,False,0,999,999,310
PFIN11,PFIN11,ETF,PFIN11,9.5,A,0.5,C,0.0,Fraco,61.5,61.77,61.23,59.44,466785.0,False,0.0,False,0.0,False,0.0,False,0.0,False,0.0,True,False,0.56,63.0,False,False,False,False,False,False,False,0,999,999,311
FIND11,FIND11,ETF,FIND11,9.5,A,2.0,C,0.0,Fraco,189.93,179.85,181.11,180.75,653549.1,False,0.0,False,0.0,False,0.0,False,0.0,False,0.0,True,False,0.28,194.66,False,False,False,False,False,True,False,0,999,999,312
T1CH34,T1CH34,BDR,TECH (BDR: T1CH34),9.5,A,2.0,C,0.0,Fraco,72.38,72.19,61.41,61.71,242688248.91,False,0.0,False,0.0,False,0.0,False,0.0,False,0.0,True,False,0.93,72.69,False,False,False,False,False,True,False,0,999,999,313
E1SS34,E1SS34,BDR,ESS (BDR: E1SS34),9.5,A,0.5,C,0.0,Fraco,273.93,282.27,270.71,265.53,123833614.28,False,0.0,False,0.0,False,0.0,False,0.0,False,0.0,True,False,0.71,284.84,False,False,False,False,False,False,False,0,0,0,314
TAEE4,TRANSMISSORA ALIANÇA DE ENERGIA ELÉTRICA S.A.,BR_STOCK,TAEE4,9.5,A,2.0,C,0.0,Fraco,13.65,13.33,13.42,13.4,2824184.92,False,0.0,False,0.0,False,0.0,False,0.0,False,0.0,True,False,1.31,14.21,False,False,False,False,False,True,False,0,999,999,315
R1HI34,R1HI34,BDR,RHI (BDR: R1HI34),9.3,B,0.5,C,0.0,Fraco,36.88,40.27,31.63,30.32,46980585.12,False,0.0,False,0.0,True,0.8,False,0.0,False,0.0,False,False,0.68,46.02,False,False,False,False,False,False,False,0,0,0,316
C2OL34,C2OL34,BDR,CIB (BDR: C2OL34),9.3,B,0.5,C,0.0,Fraco,93.77,94.5,78.19,76.02,33578754.49,False,0.0,False,0.0,True,0.8,False,0.0,False,0.0,False,False,1.36,105.6,False,False,False,False,False,False,False,0,0,0,317
B1AX34,B1AX34,BDR,BAX (BDR: B1AX34),9.12,B,0.5,C,0.0,Fraco,23.48,25.14,20.98,20.75,156980561.66,False,0.0,False,0.0,True,0.75,False,0.0,False,0.0,False,False,0.83,26.56,False,False,False,False,False,False,False,0,999,999,318
N1DA34,N1DA34,BDR,NDAQ (BDR: N1DA34),9.12,B,0.5,C,0.0,Fraco,91.85,94.63,89.39,90.11,234234029.11,False,0.0,False,0.0,False,0.0,False,0.0,True,0.85,False,False,0.7,98.69,False,False,False,False,False,False,False,0,999,999,319
E1CO34,E1CO34,BDR,EC (BDR: E1CO34),9.12,B,0.5,C,0.0,Fraco,16.52,17.02,15.07,14.0,24609894.24,False,0.0,False,0.0,True,0.75,False,0.0,False,0.0,False,False,0.9,18.38,False,False,False,False,False,False,False,0,999,999,320
ARMT34,ARMT34,BDR,MT (BDR: ARMT34),9.12,B,0.5,C,0.0,Fraco,67.96,72.43,64.7,61.63,96307202.06,False,0.0,False,0.0,True,0.75,False,0.0,False,0.0,False,False,1.22,79.68,False,False,False,False,False,False,False,0,999,999,321
S2HO34,S2HO34,BDR,SHOP (BDR: S2HO34),9.12,B,0.5,C,0.0,Fraco,148.26,138.84,124.58,129.75,1270791862.16,False,0.0,False,0.0,False,0.0,False,0.0,True,0.85,True,False,0.73,151.29,False,False,False,False,False,False,False,0,999,999,322
M1TC34,M1TC34,BDR,MTCH (BDR: M1TC34),9.12,B,0.5,C,0.0,Fraco,40.13,40.27,36.44,35.16,123652130.86,False,0.0,False,0.0,True,0.75,False,0.0,False,0.0,False,False,0.76,44.94,False,False,False,False,False,False,False,0,0,0,323
N1UE34,N1UE34,BDR,NUE (BDR: N1UE34),9.12,B,0.5,C,0.0,Fraco,236.24,255.81,226.28,213.0,345119716.66,False,0.0,False,0.0,True,0.75,False,0.0,False,0.0,False,False,1.05,268.47,False,False,False,False,False,False,False,0,0,0,324
L2SC34,L2SC34,BDR,LSCC (BDR: L2SC34),9.0,B,0.5,C,0.0,Fraco,125.45,121.41,120.81,111.64,187163492.1,False,0.0,False,0.0,False,0.0,False,0.0,False,0.0,True,False,0.76,128.36,False,False,False,False,False,False,False,0,0,0,325
CHVX34,CHVX34,BDR,CVX (BDR: CHVX34),9.0,B,0.5,C,0.0,Fraco,204.38,201.05,190.34,183.23,1200898485.25,False,0.0,False,0.0,False,0.0,False,0.0,False,0.0,False,False,0.47,217.78,False,False,False,False,False,False,False,0,999,999,326
HREC11,HREC11,ETF,HREC11,9.0,B,0.5,C,0.0,Fraco,8.13,8.01,8.0,7.9,262769.73,False,0.0,False,0.0,False,0.0,False,0.0,False,0.0,True,False,1.57,8.35,False,False,False,False,False,False,False,0,999,999,327
M2RV34,M2RV34,BDR,MRVL (BDR: M2RV34),9.0,B,0.5,C,0.0,Fraco,263.27,223.2,191.44,164.13,4282915935.04,False,0.0,False,0.0,False,0.0,False,0.0,False,0.0,True,False,0.95,267.48,False,False,False,False,False,False,False,0,999,999,328
T2ER34,T2ER34,BDR,TER (BDR: T2ER34),9.0,B,0.5,C,0.0,Fraco,403.02,371.87,361.02,331.5,882262745.53,False,0.0,False,0.0,False,0.0,False,0.0,False,0.0,True,False,0.88,401.97,False,False,False,False,False,False,False,0,999,999,329
H1UM34,H1UM34,BDR,HUM (BDR: H1UM34),9.0,B,0.5,C,0.0,Fraco,386.87,386.3,309.66,290.73,678457005.4,False,0.0,False,0.0,False,0.0,False,0.0,False,0.0,False,False,1.55,419.97,False,False,False,False,False,False,False,0,999,999,330
XBCI11,XBCI11,ETF,XBCI11,9.0,B,2.0,C,0.0,Fraco,102.14,90.88,,,853992.53,False,0.0,False,0.0,False,0.0,False,0.0,False,0.0,True,False,0.55,106.4,False,False,False,False,False,True,False,0,999,999,331
DEAI34,DEAI34,BDR,DAL (BDR: DEAI34),9.0,B,0.5,C,0.0,Fraco,84.87,84.05,77.29,75.33,470066513.76,False,0.0,False,0.0,False,0.0,False,0.0,False,0.0,True,False,0.62,85.47,False,False,False,False,False,False,False,0,0,0,332
A1MT34,A1MT34,BDR,AMAT (BDR: A1MT34),9.0,B,0.5,C,0.0,Fraco,512.01,488.87,462.14,422.99,3650380996.73,False,0.0,False,0.0,False,0.0,False,0.0,False,0.0,True,False,1.05,487.68,False,False,False,False,False,False,False,0,999,999,333
E2NT34,E2NT34,BDR,ENTG (BDR: E2NT34),9.0,B,0.5,C,0.0,Fraco,154.77,140.2,138.46,131.0,363411887.32,False,0.0,False,0.0,False,0.0,False,0.0,False,0.0,True,False,1.11,153.6,False,False,False,False,False,False,False,0,999,999,334
TEXA34,TEXA34,BDR,TXN (BDR: TEXA34),9.0,B,0.5,C,0.0,Fraco,281.69,270.62,262.25,245.55,1406958463.64,False,0.0,False,0.0,False,0.0,False,0.0,False,0.0,True,False,0.74,279.33,False,False,False,False,False,False,False,0,999,999,335
XCAP11,XCAP11,ETF,XCAP11,9.0,B,2.0,C,0.0,Fraco,51.53,50.16,,,179118.28,False,0.0,False,0.0,False,0.0,False,0.0,False,0.0,True,False,0.41,53.02,False,False,False,False,False,True,False,0,999,999,336
L1RC34,L1RC34,BDR,LRCX (BDR: L1RC34),9.0,B,0.5,C,0.0,Fraco,323.86,304.66,293.1,271.99,2539094995.01,False,0.0,False,0.0,False,0.0,False,0.0,False,0.0,True,False,0.76,321.87,False,False,False,False,False,False,False,0,999,999,337
S1TX34,S1TX34,BDR,STX (BDR: S1TX34),9.0,B,0.5,C,0.0,Fraco,913.45,854.02,737.91,640.53,2321256430.67,False,0.0,False,0.0,False,0.0,False,0.0,False,0.0,True,False,0.61,936.19,False,False,False,False,False,False,False,0,999,999,338
ABTC11,ABTC11,ETF,ABTC11,9.0,B,0.5,C,0.0,Fraco,128.63,112.41,,,192945.01,False,0.0,False,0.0,False,0.0,False,0.0,False,0.0,True,False,0.47,135.0,False,False,False,False,False,False,False,0,999,999,339
UTLI11,UTLI11,ETF,UTLI11,9.0,B,0.5,C,0.0,Fraco,51.58,50.85,,,679308.62,False,0.0,False,0.0,False,0.0,False,0.0,False,0.0,True,False,0.12,52.92,False,False,False,False,False,False,False,0,999,999,340
CNES11,CNES11,ETF,CNES11,9.0,B,0.5,C,0.0,Fraco,2.3,1.41,1.48,1.54,2214810.25,False,0.0,False,0.0,False,0.0,False,0.0,False,0.0,True,True,5.92,1.75,False,False,False,False,False,False,False,0,999,999,341
COLO39,GLOBAL X MSCI COLOMBIA ETF,BDR,COLO (BDR: COLO39),8.95,B,0.5,C,0.0,Fraco,46.87,48.27,42.68,41.79,8788077.93,False,0.0,False,0.0,True,0.7,False,0.0,False,0.0,False,False,0.95,52.18,False,False,False,False,False,False,False,0,999,999,342
Y2PF34,Y2PF34,BDR,YPF (BDR: Y2PF34),8.95,B,0.5,C,0.0,Fraco,50.31,51.91,47.4,44.67,59834238.04,False,0.0,False,0.0,True,0.7,False,0.0,False,0.0,False,False,0.97,57.87,False,False,False,False,False,False,False,0,0,0,343
N2VC34,N2VC34,BDR,NVCR (BDR: N2VC34),8.78,B,0.5,C,0.0,Fraco,15.99,16.75,15.35,14.68,11649162.55,False,0.0,False,0.0,True,0.65,False,0.0,False,0.0,False,False,0.68,18.59,False,False,False,False,False,False,False,0,0,0,344
G1PI34,G1PI34,BDR,GPN (BDR: G1PI34),8.78,B,0.5,C,0.0,Fraco,83.33,87.78,76.19,76.06,146197405.08,False,0.0,False,0.0,True,0.65,False,0.0,False,0.0,False,False,0.68,94.91,False,False,False,False,False,False,False,0,999,999,345
ECOO11,ECOO11,ETF,ECOO11,8.71,B,0.5,C,0.0,Fraco,153.37,146.25,148.32,148.56,99843.87,True,0.4,False,0.0,False,0.0,False,0.0,False,0.0,True,False,7.61,157.22,False,False,False,False,False,False,False,0,999,999,346
C2RS34,C2RS34,BDR,CRSP (BDR: C2RS34),8.62,B,0.5,C,0.0,Fraco,56.0,53.91,53.07,53.31,88260816.0,False,0.0,False,0.0,False,0.0,False,0.0,True,0.85,False,False,0.77,60.72,False,False,False,False,False,False,False,0,999,999,347
B1MR34,B1MR34,BDR,BMRN (BDR: B1MR34),8.6,B,0.5,C,0.0,Fraco,59.87,64.0,58.76,58.59,108212927.62,False,0.0,False,0.0,True,0.6,False,0.0,False,0.0,False,False,0.83,67.7,False,False,False,False,False,False,False,0,999,999,348
UPAC34,UPAC34,BDR,UNP (BDR: UPAC34),8.6,B,0.5,C,0.0,Fraco,274.15,291.1,270.58,262.09,480203870.81,False,0.0,False,0.0,True,0.6,False,0.0,False,0.0,False,False,0.6,306.36,False,False,False,False,False,False,False,0,999,999,349
H1OG34,H1OG34,BDR,HOG (BDR: H1OG34),8.6,B,0.5,C,0.0,Fraco,24.82,26.54,23.89,22.94,53430062.98,False,0.0,False,0.0,True,0.6,False,0.0,False,0.0,False,False,1.12,28.66,False,False,False,False,False,False,False,0,0,0,350
KHCB34,KHCB34,BDR,KHC (BDR: KHCB34),8.6,B,0.5,C,0.0,Fraco,23.45,24.92,23.42,23.27,249245532.26,False,0.0,False,0.0,True,0.6,False,0.0,False,0.0,False,False,0.7,26.02,False,False,False,False,False,False,False,0,999,999,351
S1KM34,S1KM34,BDR,SKM (BDR: S1KM34),8.6,B,0.5,C,0.0,Fraco,35.91,36.18,35.04,32.4,23067614.33,False,0.0,False,0.0,True,0.6,False,0.0,False,0.0,False,False,0.63,38.71,False,False,False,False,False,False,False,0,999,999,352
AIRB34,AIRB34,BDR,ABNB (BDR: AIRB34),8.6,B,0.5,C,0.0,Fraco,156.96,168.44,147.12,143.01,684361953.11,False,0.0,False,0.0,True,0.6,False,0.0,False,0.0,False,False,0.75,189.33,False,False,False,False,False,False,False,0,999,999,353
A1DM34,A1DM34,BDR,ADM (BDR: A1DM34),8.6,B,0.5,C,0.0,Fraco,79.4,82.08,76.95,73.37,233129996.88,False,0.0,False,0.0,True,0.6,False,0.0,False,0.0,False,False,0.77,88.75,False,False,False,False,False,False,False,0,0,0,354
CTGP34,CTGP34,BDR,C (BDR: CTGP34),8.5,B,0.5,C,0.0,Fraco,130.8,134.05,128.09,124.76,994676863.61,False,0.0,False,0.0,False,0.0,False,0.0,True,0.8,False,False,0.7,141.27,False,False,False,False,False,False,False,0,999,999,355
MSCD34,MSCD34,BDR,MA (BDR: MSCD34),8.5,B,0.5,C,0.0,Fraco,563.58,569.64,526.02,531.36,1325567815.62,False,0.0,False,0.0,False,0.0,False,0.0,False,0.0,True,False,0.81,595.18,False,False,False,False,False,False,False,0,999,999,356
C1BL34,C1BL34,BDR,CB (BDR: C1BL34),8.5,B,0.5,C,0.0,Fraco,332.08,343.3,333.28,327.8,354694301.58,False,0.0,False,0.0,False,0.0,False,0.0,False,0.0,True,False,0.58,347.98,False,False,False,False,False,False,False,0,0,0,357
SNEL11,SNEL11,ETF,SNEL11,8.5,B,0.5,C,0.0,Fraco,8.0,8.06,8.02,7.96,3276784.0,False,0.0,False,0.0,False,0.0,False,0.0,False,0.0,True,False,0.62,8.27,False,False,False,False,False,False,False,0,999,999,358
PGCO34,PGCO34,BDR,PG (BDR: PGCO34),8.5,B,2.0,C,0.0,Fraco,148.32,145.87,145.96,146.14,1069590302.9,False,0.0,False,0.0,False,0.0,False,0.0,False,0.0,True,False,0.95,149.48,False,False,False,False,False,True,False,0,999,999,359
AUPO11,AUPO11,ETF,AUPO11,8.5,B,2.0,C,0.0,Fraco,111.05,109.33,108.11,,8342187.28,False,0.0,False,0.0,False,0.0,False,0.0,False,0.0,True,False,0.68,111.08,False,False,False,False,False,True,False,0,999,999,360
CPSH11,CPSH11,ETF,CPSH11,8.5,B,2.0,C,0.0,Fraco,9.8,9.53,9.7,9.76,769652.81,False,0.0,False,0.0,False,0.0,False,0.0,False,0.0,True,False,0.47,9.86,False,False,False,False,False,True,False,0,999,999,361
XPCI11,XPCI11,ETF,XPCI11,8.5,B,0.5,C,0.0,Fraco,78.81,78.46,79.36,78.64,1186563.32,False,0.0,False,0.0,False,0.0,False,0.0,False,0.0,True,False,0.84,80.02,False,False,False,False,False,False,False,0,999,999,362
KFOF11,KFOF11,ETF,KFOF11,8.5,B,0.5,C,0.0,Fraco,78.25,76.5,77.61,77.88,763798.25,False,0.0,False,0.0,False,0.0,False,0.0,False,0.0,True,False,0.93,79.96,False,False,False,False,False,False,False,0,999,999,363
I1RP34,I1RP34,BDR,TT (BDR: I1RP34),8.5,B,0.5,C,0.0,Fraco,455.59,454.67,456.77,444.94,538403501.15,False,0.0,False,0.0,False,0.0,False,0.0,False,0.0,True,False,0.96,457.18,False,False,False,False,False,False,False,0,0,0,364
DIVD11,DIVD11,ETF,DIVD11,8.5,B,0.5,C,0.0,Fraco,63.05,61.77,62.21,61.54,695567.59,False,0.0,False,0.0,False,0.0,False,0.0,False,0.0,True,False,0.54,65.7,False,False,False,False,False,False,False,0,999,999,365
SNFZ11,SNFZ11,ETF,SNFZ11,8.5,B,0.5,C,0.0,Fraco,9.12,9.1,9.15,9.1,87989.76,False,0.0,False,0.0,False,0.0,False,0.0,False,0.0,True,False,0.29,9.2,False,False,False,False,False,False,False,0,999,999,366
DOLA11,DOLA11,ETF,DOLA11,8.5,B,0.5,C,0.0,Fraco,10.32,10.19,10.06,10.12,5128255.53,False,0.0,False,0.0,False,0.0,False,0.0,False,0.0,True,False,0.7,10.4,False,False,False,False,False,False,False,0,999,999,367
RZAG11,RZAG11,ETF,RZAG11,8.5,B,2.0,C,0.0,Fraco,8.43,8.2,8.36,8.36,1068418.24,False,0.0,False,0.0,False,0.0,False,0.0,False,0.0,True,False,1.25,8.48,False,False,False,False,False,True,False,0,999,999,368
DIVO11,DIVO11,ETF,DIVO11,8.5,B,2.0,C,0.0,Fraco,130.35,127.76,128.7,127.3,17462077.87,False,0.0,False,0.0,False,0.0,False,0.0,False,0.0,True,False,1.12,135.38,False,False,False,False,False,True,False,0,999,999,369
KNHY11,KNHY11,ETF,KNHY11,8.5,B,0.5,C,0.0,Fraco,94.49,95.71,95.31,94.22,7750731.05,False,0.0,False,0.0,False,0.0,False,0.0,False,0.0,True,False,1.81,96.88,False,False,False,False,False,False,False,0,999,999,370
CLIN11,CLIN11,ETF,CLIN11,8.5,B,0.5,C,0.0,Fraco,85.59,85.58,86.51,85.38,318737.15,False,0.0,False,0.0,False,0.0,False,0.0,False,0.0,True,False,0.43,87.49,False,False,False,False,False,False,False,0,999,999,371
BINC11,BINC11,ETF,BINC11,8.5,B,0.5,C,0.0,Fraco,98.33,101.5,98.91,97.34,476212.2,False,0.0,False,0.0,False,0.0,False,0.0,False,0.0,True,False,0.33,103.0,False,False,False,False,False,False,False,0,999,999,372
RBRP11,RBRP11,ETF,RBRP11,8.5,B,0.5,C,0.0,Fraco,50.5,45.57,48.0,48.8,802495.5,False,0.0,False,0.0,False,0.0,False,0.0,False,0.0,True,False,0.51,50.5,False,False,False,False,False,False,False,0,999,999,373
SPBZ11,SPBZ11,ETF,SPBZ11,8.5,B,0.5,C,0.0,Fraco,123.1,121.41,119.09,,7398925.41,False,0.0,False,0.0,False,0.0,False,0.0,False,0.0,True,False,1.7,124.36,False,False,False,False,False,False,False,0,999,999,374
CYCR11,CYCR11,ETF,CYCR11,8.5,B,0.5,C,0.0,Fraco,8.42,8.34,8.43,8.34,407620.62,False,0.0,False,0.0,False,0.0,False,0.0,False,0.0,True,False,0.64,8.53,False,False,False,False,False,False,False,0,999,999,375
RBRD11,RBRD11,ETF,RBRD11,8.5,B,0.5,C,0.0,Fraco,37.9,36.47,36.49,36.5,53893.8,False,0.0,False,0.0,False,0.0,False,0.0,False,0.0,True,False,1.06,37.9,False,False,False,False,False,False,False,0,999,999,376
T10R11,T10R11,ETF,T10R11,8.5,B,2.0,C,0.0,Fraco,54.05,54.91,54.41,54.02,183932.15,False,0.0,False,0.0,False,0.0,False,0.0,False,0.0,True,False,0.69,55.67,False,False,False,False,False,True,False,0,999,999,377
VRTA11,VRTA11,ETF,VRTA11,8.5,B,0.5,C,0.0,Fraco,72.32,70.63,71.71,71.94,1421087.99,False,0.0,False,0.0,False,0.0,False,0.0,False,0.0,True,False,1.09,72.77,False,False,False,False,False,False,False,0,999,999,378
DIVS11,DIVS11,ETF,DIVS11,8.5,B,0.5,C,0.0,Fraco,96.3,92.38,95.98,95.32,2041848.96,False,0.0,False,0.0,False,0.0,False,0.0,False,0.0,True,False,1.33,95.49,False,False,False,False,False,False,False,0,999,999,379
KNRI11,KNRI11,ETF,KNRI11,8.5,B,0.5,C,0.0,Fraco,156.84,154.5,155.86,154.52,4069997.9,False,0.0,False,0.0,False,0.0,False,0.0,False,0.0,True,False,0.55,159.41,False,False,False,False,False,False,False,0,999,999,380
EBAY34,EBAY34,BDR,EBAY (BDR: EBAY34),8.5,B,0.5,C,0.0,Fraco,105.21,107.44,104.5,100.21,408593657.65,False,0.0,False,0.0,False,0.0,False,0.0,True,0.8,False,False,0.66,113.63,False,False,False,False,False,False,False,0,0,0,381
TGMA3,TEGMA GESTAO LOGISTICA S.A.,BR_STOCK,TGMA3,8.5,B,2.0,C,0.0,Fraco,36.58,33.62,31.76,32.95,12989558.65,False,0.0,False,0.0,False,0.0,False,0.0,False,0.0,True,False,1.2,36.71,False,False,False,False,False,True,False,0,999,999,382
KNHF11,KNHF11,ETF,KNHF11,8.5,B,0.5,C,0.0,Fraco,91.8,91.27,92.5,91.54,2590228.89,False,0.0,False,0.0,False,0.0,False,0.0,False,0.0,True,False,0.66,93.63,False,False,False,False,False,False,False,0,999,999,383
QQQI11,QQQI11,ETF,QQQI11,8.5,B,0.5,C,0.0,Fraco,98.79,95.64,95.08,96.07,3070590.81,False,0.0,False,0.0,False,0.0,False,0.0,False,0.0,True,False,1.34,99.19,False,False,False,False,False,False,False,0,999,999,384
AZPL11,AZPL11,ETF,AZPL11,8.5,B,0.5,C,0.0,Fraco,7.27,7.27,7.29,7.24,208474.52,False,0.0,False,0.0,False,0.0,False,0.0,False,0.0,True,False,1.24,7.32,False,False,False,False,False,False,False,0,999,999,385
KCRE11,KCRE11,ETF,KCRE11,8.5,B,0.5,C,0.0,Fraco,8.55,8.49,8.58,8.44,194674.95,False,0.0,False,0.0,False,0.0,False,0.0,False,0.0,True,False,0.46,8.66,False,False,False,False,False,False,False,0,999,999,386
SPYR11,SPYR11,ETF,SPYR11,8.5,B,0.5,C,0.0,Fraco,117.52,116.13,114.46,,117990.08,False,0.0,False,0.0,False,0.0,False,0.0,False,0.0,True,False,0.92,118.92,False,False,False,False,False,False,False,0,999,999,387
BTAL11,BTAL11,ETF,BTAL11,8.5,B,0.5,C,0.0,Fraco,82.46,81.89,83.18,81.8,354083.24,False,0.0,False,0.0,False,0.0,False,0.0,False,0.0,True,False,0.71,83.7,False,False,False,False,False,False,False,0,999,999,388
DHER34,DHER34,BDR,DHR (BDR: DHER34),8.5,B,2.0,C,0.0,Fraco,226.11,206.86,193.37,201.34,813616363.51,False,0.0,False,0.0,False,0.0,False,0.0,False,0.0,True,False,0.71,228.38,False,False,False,False,False,True,False,0,999,999,389
RCRB11,RCRB11,ETF,RCRB11,8.5,B,2.0,C,0.0,Fraco,133.89,132.37,134.07,133.24,407561.16,False,0.0,False,0.0,False,0.0,False,0.0,False,0.0,True,False,0.82,135.13,False,False,False,False,False,True,False,0,999,999,390
D2OC34,D2OC34,BDR,DOCS (BDR: D2OC34),8.5,B,0.5,C,0.0,Fraco,26.52,24.62,23.39,27.03,85992825.28,False,0.0,False,0.0,False,0.0,False,0.0,True,1.0,True,False,1.11,27.48,False,False,False,False,False,False,False,0,0,0,391
FIGS11,FIGS11,ETF,FIGS11,8.5,B,2.0,C,0.0,Fraco,47.84,47.81,48.1,47.14,99315.84,False,0.0,False,0.0,False,0.0,False,0.0,False,0.0,True,False,0.35,48.9,False,False,False,False,False,True,False,0,999,999,392
MMMC34,MMMC34,BDR,MMM (BDR: MMMC34),8.5,B,0.5,C,0.0,Fraco,168.49,173.44,158.74,159.5,485253069.21,False,0.0,False,0.0,False,0.0,False,0.0,False,0.0,True,False,0.92,173.65,False,False,False,False,False,False,False,0,999,999,393
I1TW34,I1TW34,BDR,ITW (BDR: I1TW34),8.25,B,0.5,C,0.0,Fraco,267.07,279.6,268.11,266.85,615395797.31,False,0.0,False,0.0,False,0.0,False,0.0,True,0.5,True,False,1.81,279.5,False,False,False,False,False,False,False,0,0,0,394
LAND3,TERRA SANTA PROPRIEDADES AGRICOLAS S.A.,BR_STOCK,LAND3,8.25,B,0.5,C,0.0,Fraco,9.1,9.14,8.72,8.67,134680.01,False,0.0,False,0.0,True,0.5,False,0.0,False,0.0,False,False,0.54,10.48,False,False,False,False,False,False,False,0,999,999,395
C2AC34,C2AC34,BDR,CACI (BDR: C2AC34),8.12,B,0.5,C,0.0,Fraco,608.14,599.86,552.46,561.73,160229690.36,False,0.0,False,0.0,False,0.0,False,0.0,True,0.65,False,False,1.04,646.12,False,False,False,False,False,False,False,0,999,999,396
ENGI11,ENERGISA S.A.,BR_STOCK,ENGI11,8.0,B,2.0,C,0.0,Fraco,51.88,48.85,49.84,49.58,125746746.59,False,0.0,False,0.0,False,0.0,False,0.0,False,0.0,True,False,0.71,53.36,False,False,False,False,False,True,False,0,999,999,397
DIGY11,DIGY11,ETF,DIGY11,8.0,B,2.0,C,0.0,Fraco,10.16,,,,215981.28,False,0.0,False,0.0,False,0.0,False,0.0,False,0.0,True,False,0.0,,False,False,False,False,False,True,False,0,999,999,398
SVAL11,SVAL11,ETF,SVAL11,8.0,B,0.5,C,0.0,Fraco,147.69,153.15,145.88,144.61,289767.78,False,0.0,False,0.0,False,0.0,False,0.0,False,0.0,False,False,0.81,160.0,False,False,False,False,False,False,False,0,999,999,399
AURE3,AUREN ENERGIA S.A.,BR_STOCK,AURE3,8.0,B,2.0,C,0.0,Fraco,12.69,11.33,12.03,11.95,45828664.48,False,0.0,False,0.0,False,0.0,False,0.0,False,0.0,True,False,1.2,12.86,False,False,False,False,False,True,False,0,999,999,400
L1YG34,L1YG34,BDR,LYG (BDR: L1YG34),8.0,B,0.5,C,0.0,Fraco,5.69,5.98,5.54,5.5,96076828.8,False,0.0,False,0.0,False,0.0,False,0.0,False,0.0,False,False,1.11,6.1,False,False,False,False,False,False,False,0,999,999,401
F1RA34,F1RA34,BDR,BEN (BDR: F1RA34),8.0,B,0.5,C,0.0,Fraco,32.67,33.66,30.43,29.06,108630259.5,False,0.0,False,0.0,False,0.0,False,0.0,False,0.0,False,False,0.75,35.1,False,False,False,False,False,False,False,0,0,0,402
L1AM34,L1AM34,BDR,LAMR (BDR: L1AM34),8.0,B,0.5,C,0.0,Fraco,145.96,151.17,144.06,139.26,67298364.14,False,0.0,False,0.0,False,0.0,False,0.0,False,0.0,True,False,0.78,150.89,False,False,False,False,False,False,False,0,0,0,403
U1RI34,U1RI34,BDR,URI (BDR: U1RI34),8.0,B,0.5,C,0.0,Fraco,1014.54,1065.71,968.8,941.92,1140374386.04,False,0.0,False,0.0,False,0.0,False,0.0,False,0.0,True,False,2.51,1056.99,False,False,False,False,False,False,False,0,999,999,404
P1HC34,P1HC34,BDR,PH (BDR: P1HC34),8.0,B,0.5,C,0.0,Fraco,970.37,987.47,944.23,940.69,352648952.52,False,0.0,False,0.0,False,0.0,False,0.0,False,0.0,True,False,0.59,990.16,False,False,False,False,False,False,False,0,0,0,405
V2EE34,V2EE34,BDR,VEEV (BDR: V2EE34),8.0,B,0.5,C,0.0,Fraco,278.57,244.99,197.11,200.39,306911719.87,False,0.0,False,0.0,False,0.0,False,0.0,False,0.0,True,False,0.59,290.47,False,False,False,False,False,False,False,0,999,999,406
E1OG34,E1OG34,BDR,EOG (BDR: E1OG34),8.0,B,0.5,C,0.0,Fraco,139.66,144.59,137.86,130.33,307749756.31,False,0.0,False,0.0,False,0.0,False,0.0,False,0.0,False,False,0.61,154.16,False,False,False,False,False,False,False,0,0,0,407
ALOS3,ALLOS S.A,BR_STOCK,ALOS3,8.0,B,2.0,C,0.0,Fraco,28.77,27.04,27.62,27.51,76485046.22,False,0.0,False,0.0,False,0.0,False,0.0,False,0.0,True,False,0.5,29.67,False,False,False,False,False,True,False,0,999,999,408
BRIA11,BRIA11,ETF,BRIA11,8.0,B,2.0,C,0.0,Fraco,104.66,,,,75041.22,False,0.0,False,0.0,False,0.0,False,0.0,False,0.0,True,False,0.0,,False,False,False,False,False,True,False,0,999,999,409
M1TA34,M1TA34,BDR,META (BDR: M1TA34),8.0,B,0.5,C,0.0,Fraco,738.79,618.59,616.68,626.18,17017349673.45,False,0.0,False,0.0,False,0.0,False,0.0,False,0.0,False,False,0.83,779.82,False,False,False,False,False,False,False,0,999,999,410
CMDB11,CMDB11,ETF,CMDB11,8.0,B,0.5,C,0.0,Fraco,17.03,16.99,16.9,16.54,107527.42,False,0.0,False,0.0,False,0.0,False,0.0,False,0.0,False,False,0.29,18.36,False,False,False,False,False,False,False,0,999,999,411
BLAU3,BLAU FARMACÊUTICA S.A.,BR_STOCK,BLAU3,8.0,B,0.5,C,0.0,Fraco,10.51,9.41,9.99,9.99,1673192.04,False,0.0,False,0.0,False,0.0,False,0.0,False,0.0,True,False,0.69,10.96,False,False,False,False,False,False,False,0,999,999,412
H1ST34,H1ST34,BDR,HST (BDR: H1ST34),8.0,B,0.5,C,0.0,Fraco,22.44,23.04,21.66,20.7,136951076.42,False,0.0,False,0.0,False,0.0,False,0.0,False,0.0,True,False,0.64,22.9,False,False,False,False,False,False,False,0,0,0,413
E1WL34,E1WL34,BDR,EW (BDR: E1WL34),8.0,B,0.5,C,0.0,Fraco,88.08,88.4,85.86,85.1,284514964.95,False,0.0,False,0.0,False,0.0,False,0.0,False,0.0,False,False,0.85,92.95,False,False,False,False,False,False,False,0,0,0,414
R1OK34,R1OK34,BDR,ROK (BDR: R1OK34),8.0,B,0.5,C,0.0,Fraco,431.53,438.3,427.1,421.16,152058225.67,False,0.0,False,0.0,False,0.0,False,0.0,False,0.0,True,False,0.5,438.5,False,False,False,False,False,False,False,0,999,999,415
COLD34,COLD34,BDR,COLD (BDR: COLD34),8.0,B,0.5,C,0.0,Fraco,14.54,14.64,13.78,13.42,44924950.34,False,0.0,False,0.0,False,0.0,False,0.0,False,0.0,True,False,0.87,15.12,False,False,False,False,False,False,False,0,0,0,416
IBOV11,IBOV11,ETF,IBOV11,8.0,B,2.0,C,0.0,Fraco,183286.0,,,,8247870000.0,False,0.0,False,0.0,False,0.0,False,0.0,False,0.0,True,False,0.0,,False,False,False,False,False,True,False,0,999,999,417
ITUB4,ITAU UNIBANCO HOLDING S.A.,BR_STOCK,ITUB4,8.0,B,0.5,C,0.0,Fraco,42.3,41.17,41.71,41.68,748320826.5,False,0.0,False,0.0,False,0.0,False,0.0,False,0.0,True,False,0.88,43.72,False,False,False,False,False,False,False,0,999,999,418
Q1UA34,Q1UA34,BDR,PWR (BDR: Q1UA34),8.0,B,0.5,C,0.0,Fraco,651.79,642.13,647.12,602.34,492130112.17,False,0.0,False,0.0,False,0.0,False,0.0,False,0.0,True,False,0.9,656.51,False,False,False,False,False,False,False,0,999,999,419
BPML11,BPML11,ETF,BPML11,8.0,B,0.5,C,0.0,Fraco,88.0,84.21,85.61,84.35,2208272.0,False,0.0,False,0.0,False,0.0,False,0.0,False,0.0,False,False,2.88,93.09,False,False,False,False,False,False,False,0,999,999,420
M2PR34,M2PR34,BDR,MPWR (BDR: M2PR34),8.0,B,0.5,C,0.0,Fraco,1355.99,1305.15,1349.94,1274.76,609361561.76,False,0.0,False,0.0,False,0.0,False,0.0,False,0.0,True,False,0.52,1387.46,False,False,False,False,False,False,False,0,999,999,421
M1TT34,M1TT34,BDR,MAR (BDR: M1TT34),8.0,B,0.5,C,0.0,Fraco,361.62,352.23,355.84,347.41,525290289.77,False,0.0,False,0.0,False,0.0,False,0.0,False,0.0,True,False,0.86,359.63,False,False,False,False,False,False,False,0,0,0,422
K1LA34,K1LA34,BDR,KLAC (BDR: K1LA34),8.0,B,0.5,C,0.0,Fraco,196.53,188.11,188.72,176.32,1526087081.85,False,0.0,False,0.0,False,0.0,False,0.0,False,0.0,True,False,0.81,190.87,False,False,False,False,False,False,False,0,999,999,423
R1HP34,R1HP34,BDR,RHP (BDR: R1HP34),8.0,B,0.5,C,0.0,Fraco,122.08,125.93,113.74,108.96,52912646.87,False,0.0,False,0.0,False,0.0,False,0.0,False,0.0,True,False,0.68,130.01,False,False,False,False,False,False,False,0,0,0,424
IBBP11,IBBP11,ETF,IBBP11,8.0,B,0.5,C,0.0,Fraco,8.15,7.94,7.78,7.86,92567.7,False,0.0,False,0.0,False,0.0,False,0.0,False,0.0,True,False,2.13,8.52,False,False,False,False,False,False,False,0,999,999,425
L1YV34,L1YV34,BDR,LYV (BDR: L1YV34),8.0,B,0.5,C,0.0,Fraco,171.09,177.78,169.12,163.4,255411358.85,False,0.0,False,0.0,False,0.0,False,0.0,False,0.0,False,False,0.73,182.21,False,False,False,False,False,False,False,0,999,999,426
GPOS11,GPOS11,ETF,GPOS11,8.0,B,2.0,C,0.0,Fraco,25.38,,,,6837600.19,False,0.0,False,0.0,False,0.0,False,0.0,False,0.0,True,False,0.83,25.4,False,False,False,False,False,True,False,0,999,999,427
E1QN34,E1QN34,BDR,EQNR (BDR: E1QN34),8.0,B,0.5,C,0.0,Fraco,41.34,41.67,37.93,34.57,180128881.02,False,0.0,False,0.0,False,0.0,False,0.0,False,0.0,False,False,1.08,45.84,False,False,False,False,False,False,False,0,999,999,428
AGRX11,AGRX11,ETF,AGRX11,8.0,B,2.0,C,0.0,Fraco,7.81,,,,136948.35,False,0.0,False,0.0,False,0.0,False,0.0,False,0.0,True,False,0.0,,False,False,False,False,False,True,False,0,999,999,429
PREE11,PREE11,ETF,PREE11,8.0,B,2.0,C,0.0,Fraco,104.9,,,,79094.6,False,0.0,False,0.0,False,0.0,False,0.0,False,0.0,True,False,0.0,,False,False,False,False,False,True,False,0,999,999,430
RAPT3,RANDONCORP S.A.,BR_STOCK,RAPT3,8.0,B,0.5,C,0.0,Fraco,8.19,7.38,5.89,5.99,128582.99,False,0.0,False,0.0,False,0.0,False,0.0,False,0.0,False,False,0.53,8.9,False,False,False,False,False,False,False,0,999,999,431
MACY34,MACY34,BDR,M (BDR: MACY34),8.0,B,0.5,C,0.0,Fraco,23.27,23.11,21.21,21.26,152881552.74,False,0.0,False,0.0,False,0.0,False,0.0,False,0.0,True,False,1.08,23.22,False,False,False,False,False,False,False,0,999,999,432
CSCO34,CSCO34,BDR,CSCO (BDR: CSCO34),8.0,B,0.5,C,0.0,Fraco,106.94,112.27,103.44,96.83,1254107117.45,False,0.0,False,0.0,False,0.0,False,0.0,False,0.0,True,False,0.5,112.22,False,False,False,False,False,False,False,0,999,999,433
S2YN34,S2YN34,BDR,SYNA (BDR: S2YN34),7.75,B,0.5,C,0.0,Fraco,100.79,101.8,103.56,98.33,39958498.23,False,0.0,False,0.0,False,0.0,False,0.0,True,0.7,True,False,0.67,103.04,False,False,False,False,False,False,False,0,999,999,434
P1LD34,P1LD34,BDR,PLD (BDR: P1LD34),7.62,B,0.5,C,0.0,Fraco,132.61,138.86,138.32,135.94,542763317.19,False,0.0,False,0.0,False,0.0,False,0.0,True,0.65,True,False,1.18,139.25,False,False,False,False,False,False,False,0,999,999,435
LOGG3,LOG COMMERCIAL PROPERTIES,BR_STOCK,LOGG3,7.62,B,0.5,C,0.0,Fraco,24.76,24.52,24.85,24.37,8609052.08,False,0.0,False,0.0,False,0.0,False,0.0,True,0.85,False,False,0.51,26.21,False,False,False,False,False,False,False,0,999,999,436
Z1BH34,Z1BH34,BDR,ZBH (BDR: Z1BH34),7.6,B,0.5,C,0.0,Fraco,91.34,96.12,91.34,91.13,133494318.05,False,0.0,False,0.0,True,0.6,False,0.0,False,0.0,False,False,0.61,102.86,False,False,False,False,False,False,False,0,0,0,437
CDIB11,CDIB11,ETF,CDIB11,7.5,B,0.5,C,0.0,Fraco,52.35,51.54,,,45044713.24,False,0.0,False,0.0,False,0.0,False,0.0,False,0.0,True,True,6.01,52.29,False,False,False,False,False,False,False,0,999,999,438
HFOF11,HFOF11,ETF,HFOF11,7.5,B,2.0,C,0.0,Fraco,6.3,6.22,6.33,6.29,1210368.64,False,0.0,False,0.0,False,0.0,False,0.0,False,0.0,True,False,1.09,6.4,False,False,False,False,False,True,False,0,999,999,439
GTWR11,GTWR11,ETF,GTWR11,7.5,B,2.0,C,0.0,Fraco,78.15,77.83,78.48,77.76,304628.71,False,0.0,False,0.0,False,0.0,False,0.0,False,0.0,True,False,0.36,79.22,False,False,False,False,False,True,False,0,999,999,440
NLFA11,NLFA11,ETF,NLFA11,7.5,B,2.0,C,0.0,Fraco,111.08,109.68,,,853316.57,False,0.0,False,0.0,False,0.0,False,0.0,False,0.0,True,False,0.38,111.07,False,False,False,False,False,True,False,0,999,999,441
ALZR11,ALZR11,ETF,ALZR11,7.5,B,2.0,C,0.0,Fraco,9.94,9.82,9.92,9.95,2542174.77,False,0.0,False,0.0,False,0.0,False,0.0,False,0.0,True,False,0.83,9.97,False,False,False,False,False,True,False,0,999,999,442
LTBX11,LTBX11,ETF,LTBX11,7.5,B,0.5,C,0.0,Fraco,26.79,26.38,26.05,26.05,12823382.21,False,0.0,False,0.0,False,0.0,False,0.0,False,0.0,True,False,1.04,26.77,False,False,False,False,False,False,False,0,999,999,443
LFTI11,LFTI11,ETF,LFTI11,7.5,B,0.5,C,0.0,Fraco,55.37,54.72,54.02,54.02,3579781.17,False,0.0,False,0.0,False,0.0,False,0.0,False,0.0,True,False,7.35,55.57,False,False,False,False,False,False,False,0,999,999,444
ZAGH11,ZAGH11,ETF,ZAGH11,7.5,B,0.5,C,0.0,Fraco,9.88,8.09,8.75,8.93,13407426.92,False,0.0,False,0.0,False,0.0,False,0.0,False,0.0,True,False,1382.61,10.3,False,False,False,False,False,False,False,0,999,999,445
POSB11,POSB11,ETF,POSB11,7.5,B,0.5,C,0.0,Fraco,107.48,105.8,104.48,104.48,7217819.63,False,0.0,False,0.0,False,0.0,False,0.0,False,0.0,True,False,0.76,108.0,False,False,False,False,False,False,False,0,999,999,446
VISC11,VISC11,ETF,VISC11,7.5,B,0.5,C,0.0,Fraco,103.19,102.75,103.8,103.5,5597541.68,False,0.0,False,0.0,False,0.0,False,0.0,False,0.0,True,False,0.91,105.4,False,False,False,False,False,False,False,0,999,999,447
PREX11,PREX11,ETF,PREX11,7.5,B,0.5,C,0.0,Fraco,52.68,51.73,,,61688.28,False,0.0,False,0.0,False,0.0,False,0.0,False,0.0,True,False,0.06,53.0,False,False,False,False,False,False,False,0,999,999,448
XB3011,XB3011,ETF,XB3011,7.5,B,0.5,C,0.0,Fraco,53.95,52.81,52.09,52.09,85079.15,False,0.0,False,0.0,False,0.0,False,0.0,False,0.0,True,False,0.12,54.07,False,False,False,False,False,False,False,0,999,999,449
RIFF11,RIFF11,ETF,RIFF11,7.5,B,0.5,C,0.0,Fraco,7.41,7.3,7.43,7.39,231495.81,False,0.0,False,0.0,False,0.0,False,0.0,False,0.0,True,False,1.5,7.51,False,False,False,False,False,False,False,0,999,999,450
NB0211,NB0211,ETF,NB0211,7.5,B,0.5,C,0.0,Fraco,51.71,51.14,,,83097.97,False,0.0,False,0.0,False,0.0,False,0.0,False,0.0,True,False,2.71,51.72,False,False,False,False,False,False,False,0,999,999,451
BDIF11,BDIF11,ETF,BDIF11,7.5,B,0.5,C,0.0,Fraco,69.15,68.57,69.72,69.05,990366.32,False,0.0,False,0.0,False,0.0,False,0.0,False,0.0,True,False,0.53,69.99,False,False,False,False,False,False,False,0,999,999,452
NTNF11,NTNF11,ETF,NTNF11,7.5,B,0.5,C,0.0,Fraco,51.85,51.25,,,59005.3,False,0.0,False,0.0,False,0.0,False,0.0,False,0.0,True,False,0.07,52.04,False,False,False,False,False,False,False,0,999,999,453
BTER11,BTER11,ETF,BTER11,7.5,B,0.5,C,0.0,Fraco,21.12,20.58,,,514947.86,False,0.0,False,0.0,False,0.0,False,0.0,False,0.0,True,False,0.61,21.75,False,False,False,False,False,False,False,0,999,999,454
BISE11,BISE11,ETF,BISE11,7.5,B,0.5,C,0.0,Fraco,106.48,105.35,104.43,104.43,2586186.32,False,0.0,False,0.0,False,0.0,False,0.0,False,0.0,True,False,0.38,107.47,False,False,False,False,False,False,False,0,999,999,455
RZAT11,RZAT11,ETF,RZAT11,7.5,B,0.5,C,0.0,Fraco,86.4,87.62,87.92,85.8,293155.21,False,0.0,False,0.0,False,0.0,False,0.0,False,0.0,True,False,0.69,90.95,False,False,False,False,False,False,False,0,999,999,456
PMIS11,PMIS11,ETF,PMIS11,7.5,B,0.5,C,0.0,Fraco,7.55,7.54,7.58,7.57,296775.41,False,0.0,False,0.0,False,0.0,False,0.0,False,0.0,True,False,1.93,7.73,False,False,False,False,False,False,False,0,999,999,457
ROCA11,ROCA11,ETF,ROCA11,7.5,B,0.5,C,0.0,Fraco,10.43,10.35,,,463175.45,False,0.0,False,0.0,False,0.0,False,0.0,False,0.0,True,False,17.23,10.46,False,False,False,False,False,False,False,0,999,999,458
LIQB11,LIQB11,ETF,LIQB11,7.5,B,0.5,C,0.0,Fraco,103.17,101.96,,,3898175.21,False,0.0,False,0.0,False,0.0,False,0.0,False,0.0,True,True,4.5,102.96,False,False,False,False,False,False,False,0,999,999,459
ITLC34,ITLC34,BDR,INTC (BDR: ITLC34),7.5,B,0.5,C,0.0,Fraco,115.93,99.85,92.02,79.96,9995905104.42,False,0.0,False,0.0,False,0.0,False,0.0,False,0.0,False,False,0.69,127.44,False,False,False,False,False,False,False,0,999,999,460
A1PA34,A1PA34,BDR,APA (BDR: A1PA34),7.5,B,0.5,C,0.0,Fraco,42.19,41.17,37.89,34.78,249526587.14,False,0.0,False,0.0,False,0.0,False,0.0,False,0.0,False,False,0.84,47.44,False,False,False,False,False,False,False,0,999,999,461
HYEM39,VANECK EMERGING MARKETS HIGH YIELD BOND ETF,BDR,HYEM (BDR: HYEM39),7.5,B,2.0,C,0.0,Fraco,19.49,19.84,19.63,19.52,3039309.54,False,0.0,False,0.0,False,0.0,False,0.0,False,0.0,True,False,0.92,19.98,False,False,False,False,False,True,False,0,999,999,462
KORE11,KORE11,ETF,KORE11,7.5,B,0.5,C,0.0,Fraco,67.5,64.74,66.35,66.77,1794892.5,False,0.0,False,0.0,False,0.0,False,0.0,False,0.0,True,False,0.98,67.66,False,False,False,False,False,False,False,0,999,999,463
BRCO11,BRCO11,ETF,BRCO11,7.5,B,0.5,C,0.0,Fraco,111.46,111.16,112.07,111.75,4939015.48,False,0.0,False,0.0,False,0.0,False,0.0,False,0.0,True,False,0.84,113.38,False,False,False,False,False,False,False,0,999,999,464
NUIF11,NUIF11,ETF,NUIF11,7.5,B,0.5,C,0.0,Fraco,84.79,83.91,84.12,,256998.49,False,0.0,False,0.0,False,0.0,False,0.0,False,0.0,True,False,4.4,86.0,False,False,False,False,False,False,False,0,999,999,465
SNCI11,SNCI11,ETF,SNCI11,7.5,B,0.5,C,0.0,Fraco,81.8,81.18,82.95,81.67,177669.61,False,0.0,False,0.0,False,0.0,False,0.0,False,0.0,True,False,0.54,83.49,False,False,False,False,False,False,False,0,999,999,466
XB4511,XB4511,ETF,XB4511,7.5,B,2.0,C,0.0,Fraco,53.42,51.15,50.75,50.75,146370.79,False,0.0,False,0.0,False,0.0,False,0.0,False,0.0,True,False,1.26,52.71,False,False,False,False,False,True,False,0,999,999,467
XSPI11,XSPI11,ETF,XSPI11,7.5,B,0.5,C,0.0,Fraco,107.97,107.05,106.97,106.97,86483.97,False,0.0,False,0.0,False,0.0,False,0.0,False,0.0,True,False,1.04,109.6,False,False,False,False,False,False,False,0,999,999,468
BCIA11,BCIA11,ETF,BCIA11,7.5,B,2.0,C,0.0,Fraco,86.96,87.08,87.77,86.87,515933.67,False,0.0,False,0.0,False,0.0,False,0.0,False,0.0,True,False,1.92,89.38,False,False,False,False,False,True,False,0,999,999,469
LVOL11,LVOL11,ETF,LVOL11,7.5,B,2.0,C,0.0,Fraco,139.33,137.17,139.44,138.05,706263.78,False,0.0,False,0.0,False,0.0,False,0.0,False,0.0,True,False,0.86,144.98,False,False,False,False,False,True,False,0,999,999,470
CRAA11,CRAA11,ETF,CRAA11,7.5,B,0.5,C,0.0,Fraco,92.52,90.19,93.49,92.28,426239.62,False,0.0,False,0.0,False,0.0,False,0.0,False,0.0,True,False,1.34,92.94,False,False,False,False,False,False,False,0,999,999,471
ABEV3,AMBEV S.A.,BR_STOCK,ABEV3,7.5,B,0.5,C,0.0,Fraco,15.27,15.39,15.56,15.26,335657515.06,False,0.0,False,0.0,False,0.0,False,0.0,False,0.0,True,False,1.02,15.96,False,False,False,False,False,False,False,0,999,999,472
JSRE11,JSRE11,ETF,JSRE11,7.5,B,2.0,C,0.0,Fraco,61.69,58.68,60.17,60.79,5845929.34,False,0.0,False,0.0,False,0.0,False,0.0,False,0.0,True,True,2.44,61.27,False,False,False,False,False,True,False,0,999,999,473
BODB11,BODB11,ETF,BODB11,7.5,B,0.5,C,0.0,Fraco,7.25,7.23,7.37,7.3,1217470.75,False,0.0,False,0.0,False,0.0,False,0.0,False,0.0,True,False,1.56,7.45,False,False,False,False,False,False,False,0,999,999,474
RAIL3,RUMO S.A.,BR_STOCK,RAIL3,7.5,B,2.0,C,0.0,Fraco,15.96,14.41,14.79,14.83,122283924.29,False,0.0,False,0.0,False,0.0,False,0.0,False,0.0,True,False,0.74,16.21,False,False,False,False,False,True,False,0,999,999,475
GPCA11,GPCA11,ETF,GPCA11,7.5,B,2.0,C,0.0,Fraco,26.32,25.83,,,4000692.59,False,0.0,False,0.0,False,0.0,False,0.0,False,0.0,True,False,0.89,26.37,False,False,False,False,False,True,False,0,999,999,476
HGRE11,HGRE11,ETF,HGRE11,7.5,B,0.5,C,0.0,Fraco,116.07,115.82,120.13,119.44,1470490.83,False,0.0,False,0.0,False,0.0,False,0.0,False,0.0,True,False,0.8,119.46,False,False,False,False,False,False,False,0,999,999,477
CPRL34,CPRL34,BDR,CP (BDR: CPRL34),7.25,B,0.5,C,0.0,Fraco,86.51,90.76,86.95,84.11,194958594.77,False,0.0,False,0.0,True,0.5,False,0.0,False,0.0,False,False,0.89,94.0,False,False,False,False,False,False,False,0,0,0,478
W2YF34,W2YF34,BDR,W (BDR: W2YF34),7.25,B,0.5,C,0.0,Fraco,101.95,99.35,84.05,88.2,257427514.44,False,0.0,False,0.0,False,0.0,False,0.0,True,0.7,False,False,1.0,108.68,False,False,False,False,False,False,False,0,0,0,479
MDLZ34,MDLZ34,BDR,MDLZ (BDR: MDLZ34),7.25,B,0.5,C,0.0,Fraco,59.32,62.06,60.02,59.0,496782218.56,False,0.0,False,0.0,True,0.5,False,0.0,False,0.0,False,False,1.0,63.83,False,False,False,False,False,False,False,0,999,999,480
CVSH34,CVSH34,BDR,CVS (BDR: CVSH34),7.12,B,0.5,C,0.0,Fraco,87.1,96.24,90.1,86.81,621400480.51,False,0.0,False,0.0,False,0.0,False,0.0,True,0.65,False,False,0.72,98.5,False,False,False,False,False,False,False,0,999,999,481
SIMN34,SIMN34,BDR,SPG (BDR: SIMN34),7.0,B,0.5,C,0.0,Fraco,204.28,214.84,205.3,199.68,236032873.23,False,0.0,False,0.0,False,0.0,False,0.0,False,0.0,True,False,0.92,212.87,False,False,False,False,False,False,False,0,999,999,482
EQTL3,EQUATORIAL S.A.,BR_STOCK,EQTL3,7.0,B,2.0,C,0.0,Fraco,39.77,38.06,39.68,39.66,430426737.95,False,0.0,False,0.0,False,0.0,False,0.0,False,0.0,True,False,1.53,40.86,False,False,False,False,False,True,False,0,999,999,483
MULT3,MULTIPLAN - EMPREEND IMOBILIARIOS S.A.,BR_STOCK,MULT3,7.0,B,2.0,C,0.0,Fraco,30.66,28.76,29.89,29.83,172296935.14,False,0.0,False,0.0,False,0.0,False,0.0,False,0.0,True,False,1.18,32.01,False,False,False,False,False,True,False,0,999,999,484
PRNR3,PRINER SERVIÇOS INDUSTRIAIS S.A.,BR_STOCK,PRNR3,7.0,B,0.5,C,0.0,Fraco,18.84,18.1,18.83,18.49,10213164.08,False,0.0,False,0.0,False,0.0,False,0.0,False,0.0,True,False,0.93,19.46,False,False,False,False,False,False,False,0,999,999,485
DASA3,DIAGNOSTICOS DA AMERICA S.A.,BR_STOCK,DASA3,7.0,B,2.0,C,0.0,Fraco,3.88,2.79,3.01,3.28,3815980.11,False,0.0,False,0.0,False,0.0,False,0.0,False,0.0,True,False,0.86,3.93,False,False,False,False,False,True,False,0,999,999,486
HYPE3,HYPERA S.A.,BR_STOCK,HYPE3,7.0,B,2.0,C,0.0,Fraco,23.73,21.91,21.68,22.0,74934592.55,False,0.0,False,0.0,False,0.0,False,0.0,False,0.0,True,False,1.01,24.83,False,False,False,False,False,True,False,0,999,999,487
SANB11,BCO SANTANDER (BRASIL) S.A.,BR_STOCK,SANB11,7.0,B,2.0,C,0.0,Fraco,29.57,29.17,28.48,29.55,82334707.15,False,0.0,False,0.0,False,0.0,False,0.0,False,0.0,True,False,1.28,30.75,False,False,False,False,False,True,False,0,999,999,488
AXIA7,AXIA7,BR_STOCK,AXIA7,7.0,B,2.0,C,0.0,Fraco,55.01,52.9,54.31,53.94,122083689.27,False,0.0,False,0.0,False,0.0,False,0.0,False,0.0,True,False,1.19,57.33,False,False,False,False,False,True,False,0,999,999,489
SAPP34,SAPP34,BDR,SAP (BDR: SAPP34),7.0,B,0.5,C,0.0,Fraco,210.85,202.92,182.12,192.32,445731219.95,False,0.0,False,0.0,False,0.0,False,0.0,False,0.0,True,False,1.31,223.28,False,False,False,False,False,False,False,0,999,999,490
STMN34,STMN34,BDR,STM (BDR: STMN34),7.0,B,0.5,C,0.0,Fraco,53.24,52.14,53.51,47.33,458454499.29,False,0.0,False,0.0,False,0.0,False,0.0,False,0.0,True,False,0.97,53.54,False,False,False,False,False,False,False,0,999,999,491
BITO39,ISHARES CORE S&P TOTAL US STOCK MARKET ETF,BDR,BITO (BDR: BITO39),7.0,B,2.0,C,0.0,Fraco,11.21,9.83,9.64,10.08,703189805.55,False,0.0,False,0.0,False,0.0,False,0.0,False,0.0,True,False,0.78,11.68,False,False,False,False,False,True,False,0,999,999,492
BIZD11,BIZD11,ETF,BIZD11,7.0,B,2.0,C,0.0,Fraco,78.73,78.24,75.75,78.3,233749.38,False,0.0,False,0.0,False,0.0,False,0.0,False,0.0,True,False,0.93,82.19,False,False,False,False,False,True,False,0,999,999,493
ADPR34,ADPR34,BDR,ADP (BDR: ADPR34),7.0,B,0.5,C,0.0,Fraco,261.8,269.12,232.81,234.99,542084363.72,False,0.0,False,0.0,False,0.0,False,0.0,False,0.0,False,False,0.83,286.17,False,False,False,False,False,False,False,0,0,0,494
PPLI34,PPLI34,BDR,PPLI (BDR: PPLI34),7.0,B,0.5,C,0.0,Fraco,40.74,39.75,41.26,40.49,78244187.98,False,0.0,False,0.0,False,0.0,False,0.0,False,0.0,True,False,1.24,40.5,False,False,False,False,False,False,False,0,0,0,495
QETH11,QETH11,ETF,QETH11,7.0,B,0.5,C,0.0,Fraco,9.84,8.13,7.61,8.31,165498.96,False,0.0,False,0.0,False,0.0,False,0.0,False,0.0,True,False,0.34,10.05,False,False,False,False,False,False,False,0,999,999,496
NBIT11,NBIT11,ETF,NBIT11,7.0,B,2.0,C,0.0,Fraco,34.0,29.47,28.66,30.38,60248.0,False,0.0,False,0.0,False,0.0,False,0.0,False,0.0,True,False,1.14,35.07,False,False,False,False,False,True,False,0,999,999,497
VTRU3,VITRU EDUCAÇÃO S.A,BR_STOCK,VTRU3,7.0,B,2.0,C,0.0,Fraco,15.01,13.66,13.66,13.99,6858069.1,False,0.0,False,0.0,False,0.0,False,0.0,False,0.0,True,False,0.71,15.6,False,False,False,False,False,True,False,0,999,999,498
CYRE4,CYRELA BRAZIL REALTY S.A.EMPREEND E PART,BR_STOCK,CYRE4,7.0,B,2.0,C,0.0,Fraco,25.68,22.43,22.58,22.99,6376344.08,False,0.0,False,0.0,False,0.0,False,0.0,False,0.0,True,False,0.97,26.35,False,False,False,False,False,True,False,0,999,999,499
DEFI11,DEFI11,ETF,DEFI11,7.0,B,0.5,C,0.0,Fraco,21.17,15.0,13.47,14.45,253658.94,False,0.0,False,0.0,False,0.0,False,0.0,False,0.0,True,False,0.39,21.59,False,False,False,False,False,False,False,0,999,999,500
WEB311,WEB311,ETF,WEB311,7.0,B,2.0,C,0.0,Fraco,19.21,14.61,14.42,16.08,58014.2,False,0.0,False,0.0,False,0.0,False,0.0,False,0.0,True,False,0.21,19.82,False,False,False,False,False,True,False,0,999,999,501
QSOL11,QSOL11,ETF,QSOL11,7.0,B,0.5,C,0.0,Fraco,7.46,5.69,5.31,5.9,278235.62,False,0.0,False,0.0,False,0.0,False,0.0,False,0.0,True,False,0.43,7.68,False,False,False,False,False,False,False,0,999,999,502
COIN11,COIN11,ETF,COIN11,7.0,B,0.5,C,0.0,Fraco,45.9,40.54,39.96,42.21,1110229.24,False,0.0,False,0.0,False,0.0,False,0.0,False,0.0,True,False,0.4,46.66,False,False,False,False,False,False,False,0,999,999,503
SOLH11,SOLH11,ETF,SOLH11,7.0,B,0.5,C,0.0,Fraco,17.6,13.17,12.2,13.52,535691.21,False,0.0,False,0.0,False,0.0,False,0.0,False,0.0,True,False,0.29,18.0,False,False,False,False,False,False,False,0,999,999,504
P1DT34,P1DT34,BDR,PRU (BDR: P1DT34),7.0,B,0.5,C,0.0,Fraco,115.06,119.73,106.59,106.6,162572297.65,False,0.0,False,0.0,False,0.0,False,0.0,False,0.0,False,False,0.88,123.57,False,False,False,False,False,False,False,0,999,999,505
HASH11,HASH11,ETF,HASH11,7.0,B,2.0,C,0.0,Fraco,57.0,48.78,47.32,50.67,6199947.0,False,0.0,False,0.0,False,0.0,False,0.0,False,0.0,True,False,0.39,58.05,False,False,False,False,False,True,False,0,999,999,506
CHIP11,CHIP11,ETF,CHIP11,7.0,B,0.5,C,0.0,Fraco,38.81,35.91,33.57,37.61,6763224.89,False,0.0,False,0.0,False,0.0,False,0.0,False,0.0,True,False,2.59,39.05,False,False,False,False,False,False,False,0,999,999,507
B1PP34,B1PP34,BDR,BP (BDR: B1PP34),7.0,B,0.5,C,0.0,Fraco,43.52,43.55,42.63,40.71,224363358.52,False,0.0,False,0.0,False,0.0,False,0.0,False,0.0,False,False,0.5,47.04,False,False,False,False,False,False,False,0,0,0,508
NBOV11,NBOV11,ETF,NBOV11,7.0,B,0.5,C,0.0,Fraco,123.73,122.92,122.6,122.98,109872.24,False,0.0,False,0.0,False,0.0,False,0.0,False,0.0,False,False,0.24,130.57,False,False,False,False,False,False,False,0,999,999,509
RSSL39,GLOBAL X RUSSELL 2000 ETF,BDR,RSSL (BDR: RSSL39),7.0,B,0.5,C,0.0,Fraco,109.49,114.98,110.11,107.82,736758.2,False,0.0,False,0.0,False,0.0,False,0.0,False,0.0,False,False,2.96,115.92,False,False,False,False,False,False,False,0,999,999,510
CORN11,CORN11,ETF,CORN11,7.0,B,2.0,C,0.0,Fraco,7.44,7.32,7.25,7.35,53389.44,False,0.0,False,0.0,False,0.0,False,0.0,False,0.0,True,False,0.81,7.75,False,False,False,False,False,True,False,0,999,999,511
REME11,REME11,ETF,REME11,7.0,B,0.5,C,0.0,Fraco,89.96,77.07,75.81,,743249.51,False,0.0,False,0.0,False,0.0,False,0.0,False,0.0,False,False,1.52,95.0,False,False,False,False,False,False,False,0,999,999,512
A2ZT34,A2ZT34,BDR,AZTA (BDR: A2ZT34),7.0,B,0.5,C,0.0,Fraco,34.28,32.0,25.97,28.17,27157403.47,False,0.0,False,0.0,False,0.0,False,0.0,False,0.0,True,False,0.91,34.88,False,False,False,False,False,False,False,0,0,0,513
IBIT39,ISHARES BITCOIN TRUST,BDR,IBIT (BDR: IBIT39),7.0,B,2.0,C,0.0,Fraco,47.33,41.34,40.29,41.96,1259441930.05,False,0.0,False,0.0,False,0.0,False,0.0,False,0.0,True,False,0.51,49.22,False,False,False,False,False,True,False,0,999,999,514
QBTC11,QBTC11,ETF,QBTC11,7.0,B,2.0,C,0.0,Fraco,26.15,22.6,21.98,23.29,2916091.06,False,0.0,False,0.0,False,0.0,False,0.0,False,0.0,True,False,0.98,26.87,False,False,False,False,False,True,False,0,999,999,515
HODL11,HODL11,ETF,HODL11,7.0,B,2.0,C,0.0,Fraco,73.18,63.08,61.1,64.68,464473.46,False,0.0,False,0.0,False,0.0,False,0.0,False,0.0,True,False,0.36,74.66,False,False,False,False,False,True,False,0,999,999,516
ETHE11,ETHE11,ETF,ETHE11,7.0,B,2.0,C,0.0,Fraco,40.11,33.36,31.03,33.95,3393987.92,False,0.0,False,0.0,False,0.0,False,0.0,False,0.0,True,False,0.4,41.0,False,False,False,False,False,True,False,0,999,999,517
SANB3,BCO SANTANDER (BRASIL) S.A.,BR_STOCK,SANB3,7.0,B,2.0,C,0.0,Fraco,14.75,14.52,14.02,14.54,980875.0,False,0.0,False,0.0,False,0.0,False,0.0,False,0.0,True,False,0.77,15.41,False,False,False,False,False,True,False,0,999,999,518
EUCA4,EUCATEX S.A. INDUSTRIA E COMERCIO,BR_STOCK,EUCA4,7.0,B,0.5,C,0.0,Fraco,22.08,21.51,22.46,21.59,1625087.99,False,0.0,False,0.0,False,0.0,False,0.0,False,0.0,True,False,1.29,22.3,False,False,False,False,False,False,False,0,999,999,519
M1CH34,M1CH34,BDR,MCHP (BDR: M1CH34),7.0,B,0.5,C,0.0,Fraco,78.78,75.81,80.09,78.0,598175506.59,False,0.0,False,0.0,False,0.0,False,0.0,False,0.0,True,False,0.83,78.96,False,False,False,False,False,False,False,0,0,0,520
J2BL34,J2BL34,BDR,JBL (BDR: J2BL34),7.0,B,0.5,C,0.0,Fraco,318.84,318.2,320.39,300.49,501888907.8,False,0.0,False,0.0,False,0.0,False,0.0,False,0.0,True,False,1.09,331.58,False,False,False,False,False,False,False,0,999,999,521
NEWL11,NEWL11,ETF,NEWL11,7.0,B,0.5,C,0.0,Fraco,104.69,102.95,103.69,104.33,67525.05,False,0.0,False,0.0,False,0.0,False,0.0,False,0.0,True,False,0.62,106.83,False,False,False,False,False,False,False,0,999,999,522
ETHA39,ISHARES ETHEREUM TRUST ETF,BDR,ETHA (BDR: ETHA39),7.0,B,2.0,C,0.0,Fraco,20.28,16.99,15.89,17.03,440321443.47,False,0.0,False,0.0,False,0.0,False,0.0,False,0.0,True,False,0.51,20.95,False,False,False,False,False,True,False,0,999,999,523
BITB39,ISHARES U.S. HOME CONSTRUCTION ETF,BDR,BITB (BDR: BITB39),7.0,B,2.0,C,0.0,Fraco,45.34,39.6,38.6,40.2,25780142.73,False,0.0,False,0.0,False,0.0,False,0.0,False,0.0,True,False,0.55,47.16,False,False,False,False,False,True,False,0,0,0,524
U1AL34,U1AL34,BDR,UAL (BDR: U1AL34),7.0,B,0.5,C,0.0,Fraco,112.65,116.16,108.22,109.06,348155756.77,False,0.0,False,0.0,False,0.0,False,0.0,False,0.0,True,False,0.75,118.26,False,False,False,False,False,False,False,0,999,999,525
M1KT34,M1KT34,BDR,MKTX (BDR: M1KT34),7.0,B,2.0,C,0.0,Fraco,163.96,156.22,149.86,155.6,101070850.7,False,0.0,False,0.0,False,0.0,False,0.0,False,0.0,True,False,0.62,164.2,False,False,False,False,False,True,False,0,0,0,526
VSOL39,VALOUR SOLANA (SOL) SEK,BDR,VSOL (BDR: VSOL39),7.0,B,2.0,C,0.0,Fraco,15.97,12.34,11.37,12.29,3211343.82,False,0.0,False,0.0,False,0.0,False,0.0,False,0.0,True,False,3.28,16.44,False,False,False,False,False,True,False,0,999,999,527
BITH11,BITH11,ETF,BITH11,7.0,B,0.5,C,0.0,Fraco,97.31,84.28,81.93,86.8,6486100.58,False,0.0,False,0.0,False,0.0,False,0.0,False,0.0,True,False,0.67,99.88,False,False,False,False,False,False,False,0,999,999,528
GXUS11,GXUS11,ETF,GXUS11,7.0,B,0.5,C,0.0,Fraco,113.32,112.77,111.57,,82950.24,False,0.0,False,0.0,False,0.0,False,0.0,False,0.0,False,False,0.29,120.45,False,False,False,False,False,False,False,0,999,999,529
U1LT34,U1LT34,BDR,ULTA (BDR: U1LT34),7.0,B,2.0,C,0.0,Fraco,547.89,531.02,525.41,556.46,232861474.58,False,0.0,False,0.0,False,0.0,False,0.0,False,0.0,True,False,0.82,568.44,False,False,False,False,False,True,False,0,0,0,530
JPME39,JPME39,BDR,JPME (BDR: JPME39),7.0,B,0.5,C,0.0,Fraco,119.93,125.23,121.09,118.77,2862129.46,False,0.0,False,0.0,False,0.0,False,0.0,False,0.0,False,False,1.18,126.6,False,False,False,False,False,False,False,0,0,0,531
O2NS34,O2NS34,BDR,ON (BDR: O2NS34),6.75,B,0.5,C,0.0,Fraco,75.95,77.28,86.33,80.08,649708856.44,False,0.0,False,0.0,False,0.0,False,0.0,True,0.7,True,False,0.64,77.68,False,False,False,False,False,False,False,0,999,999,532
COCE5,CIA ENERGETICA DO CEARA - COELCE,BR_STOCK,COCE5,6.62,B,0.5,C,0.0,Fraco,30.8,32.02,31.6,31.47,101640.0,False,0.0,False,0.0,False,0.0,False,0.0,True,0.85,False,False,0.51,32.47,False,False,False,False,False,False,False,0,999,999,533
DTCR39,GLOBAL X DATA CENTER & DIGITAL INFRASTRUCTURE ETF,BDR,DTCR (BDR: DTCR39),6.62,B,0.5,C,0.0,Fraco,27.31,28.07,28.1,26.87,14802593.22,False,0.0,False,0.0,False,0.0,False,0.0,True,0.85,False,False,0.97,28.88,False,False,False,False,False,False,False,0,999,999,534
USBC34,USBC34,BDR,USB (BDR: USBC34),6.5,B,0.5,C,0.0,Fraco,58.14,62.51,57.82,57.05,444317096.36,False,0.0,False,0.0,False,0.0,False,0.0,False,0.0,False,False,0.84,63.71,False,False,False,False,False,False,False,0,999,999,535
XLPR11,XLPR11,ETF,XLPR11,6.5,B,2.0,C,0.0,Fraco,74.0,67.83,70.68,72.31,296518.0,False,0.0,False,0.0,False,0.0,False,0.0,False,0.0,True,False,3.71,74.36,False,False,False,False,False,True,False,0,999,999,536
C2HP34,C2HP34,BDR,CHPT (BDR: C2HP34),6.5,B,0.5,C,0.0,Fraco,9.52,7.01,6.49,6.55,10425019.3,False,0.0,False,0.0,False,0.0,False,0.0,False,0.0,False,False,0.75,10.72,False,False,False,False,False,False,False,0,0,0,537
G1LL34,G1LL34,BDR,GL (BDR: G1LL34),6.5,B,0.5,C,0.0,Fraco,166.08,175.42,161.99,156.66,63343909.18,False,0.0,False,0.0,False,0.0,False,0.0,False,0.0,False,False,0.79,176.99,False,False,False,False,False,False,False,0,0,0,538
LASC11,LASC11,ETF,LASC11,6.5,B,2.0,C,0.0,Fraco,109.7,109.89,110.35,108.78,738719.78,False,0.0,False,0.0,False,0.0,False,0.0,False,0.0,True,False,12.06,111.98,False,False,False,False,False,True,False,0,999,999,539
IBKR34,IBKR34,BDR,IBKR (BDR: IBKR34),6.5,B,0.5,C,0.0,Fraco,86.18,91.0,84.14,80.82,240937735.85,False,0.0,False,0.0,False,0.0,False,0.0,False,0.0,False,False,0.68,97.8,False,False,False,False,False,False,False,0,999,999,540
BCDI11,BCDI11,ETF,BCDI11,6.5,B,0.5,C,0.0,Fraco,92.2,92.84,,,1512633.15,False,0.0,False,0.0,False,0.0,False,0.0,False,0.0,True,False,1.65,95.9,False,False,False,False,False,False,False,0,999,999,541
VIGT11,VIGT11,ETF,VIGT11,6.5,B,0.5,C,0.0,Fraco,48.89,48.78,49.13,,154199.06,False,0.0,False,0.0,False,0.0,False,0.0,False,0.0,True,False,0.61,51.0,False,False,False,False,False,False,False,0,999,999,542
W1DC34,W1DC34,BDR,WDC (BDR: W1DC34),6.5,B,0.5,C,0.0,Fraco,453.48,472.67,451.52,395.84,2744409783.25,False,0.0,False,0.0,False,0.0,False,0.0,False,0.0,False,False,0.78,495.49,False,False,False,False,False,False,False,0,999,999,543
XPML11,XPML11,ETF,XPML11,6.5,B,0.5,C,0.0,Fraco,99.19,100.49,102.37,91.11,12226655.65,False,0.0,False,0.0,False,0.0,False,0.0,False,0.0,True,False,0.51,103.59,False,False,False,False,False,False,False,0,999,999,544
XPBR31,XP INC.,BDR,XP (BDR: XPBR31),6.5,B,0.5,C,0.0,Fraco,20.27,18.05,17.95,18.01,134895697.66,False,0.0,False,0.0,False,0.0,False,0.0,False,0.0,False,False,0.98,21.57,False,False,False,False,False,False,False,0,999,999,545
VGIA11,VGIA11,ETF,VGIA11,6.5,B,0.5,C,0.0,Fraco,8.71,8.37,8.9,8.9,787688.85,False,0.0,False,0.0,False,0.0,False,0.0,False,0.0,True,False,0.59,8.92,False,False,False,False,False,False,False,0,999,999,546
HGLG11,HGLG11,ETF,HGLG11,6.5,B,2.0,C,0.0,Fraco,147.93,146.38,148.5,148.45,10890458.13,False,0.0,False,0.0,False,0.0,False,0.0,False,0.0,True,False,0.55,148.88,False,False,False,False,False,True,False,0,999,999,547
BNDX11,BNDX11,ETF,BNDX11,6.5,B,2.0,C,0.0,Fraco,97.7,97.5,97.68,98.97,165308.39,False,0.0,False,0.0,False,0.0,False,0.0,False,0.0,True,False,1.07,98.8,False,False,False,False,False,True,False,0,999,999,548
FGAA11,FGAA11,ETF,FGAA11,6.5,B,0.5,C,0.0,Fraco,8.1,7.93,8.23,8.23,194724.01,False,0.0,False,0.0,False,0.0,False,0.0,False,0.0,True,False,0.36,8.16,False,False,False,False,False,False,False,0,999,999,549
FYTO11,FYTO11,ETF,FYTO11,6.5,B,0.5,C,0.0,Fraco,7.84,7.88,7.98,7.94,139991.04,False,0.0,False,0.0,False,0.0,False,0.0,False,0.0,True,False,1.32,8.12,False,False,False,False,False,False,False,0,999,999,550
BREW11,BREW11,ETF,BREW11,6.5,B,0.5,C,0.0,Fraco,145.35,141.81,145.29,145.62,2100307.59,False,0.0,False,0.0,False,0.0,False,0.0,False,0.0,True,False,11.71,149.91,False,False,False,False,False,False,False,0,999,999,551
BCIC11,BCIC11,ETF,BCIC11,6.5,B,0.5,C,0.0,Fraco,136.24,132.73,135.92,136.46,1533245.02,False,0.0,False,0.0,False,0.0,False,0.0,False,0.0,True,False,8.27,140.39,False,False,False,False,False,False,False,0,999,999,552
F1SL34,F1SL34,BDR,FSLY (BDR: F1SL34),6.5,B,0.5,C,0.0,Fraco,25.48,23.94,22.66,19.73,102944574.43,False,0.0,False,0.0,False,0.0,False,0.0,False,0.0,False,False,0.37,31.33,False,False,False,False,False,False,False,0,999,999,553
J2AZ34,J2AZ34,BDR,JAZZ (BDR: J2AZ34),6.5,B,0.5,C,0.0,Fraco,232.35,248.4,225.28,210.92,180576383.64,False,0.0,False,0.0,False,0.0,False,0.0,False,0.0,False,False,0.93,252.72,False,False,False,False,False,False,False,0,0,0,554
S1LG34,S1LG34,BDR,SLG (BDR: S1LG34),6.5,B,0.5,C,0.0,Fraco,49.02,54.27,46.85,45.94,50095597.31,False,0.0,False,0.0,False,0.0,False,0.0,False,0.0,False,False,1.1,57.24,False,False,False,False,False,False,False,0,999,999,555
V1NO34,V1NO34,BDR,VNO (BDR: V1NO34),6.5,B,0.5,C,0.0,Fraco,33.89,37.53,33.73,33.36,59940835.24,False,0.0,False,0.0,False,0.0,False,0.0,False,0.0,False,False,1.16,37.96,False,False,False,False,False,False,False,0,999,999,556
F2RS34,F2RS34,BDR,FRSH (BDR: F2RS34),6.5,B,0.5,C,0.0,Fraco,12.58,12.26,10.03,10.2,59456249.8,False,0.0,False,0.0,False,0.0,False,0.0,False,0.0,False,False,1.03,13.95,False,False,False,False,False,False,False,0,999,999,557
XPCA11,XPCA11,ETF,XPCA11,6.5,B,0.5,C,0.0,Fraco,7.44,7.29,7.61,7.6,490973.04,False,0.0,False,0.0,False,0.0,False,0.0,False,0.0,True,False,0.93,7.59,False,False,False,False,False,False,False,0,999,999,558
E2TS34,E2TS34,BDR,ETSY (BDR: E2TS34),6.5,B,0.5,C,0.0,Fraco,69.28,78.9,68.67,65.4,188637451.24,False,0.0,False,0.0,False,0.0,False,0.0,False,0.0,False,False,0.75,86.0,False,False,False,False,False,False,False,0,0,0,559
AZEV3,AZEVEDO E TRAVASSOS S.A.,BR_STOCK,AZEV3,6.5,B,0.5,C,0.0,Fraco,7.2,6.05,4.5,4.82,7089839.81,False,0.0,False,0.0,False,0.0,False,0.0,False,0.0,False,False,1.13,9.45,False,False,False,False,False,False,False,0,999,999,560
D1OC34,D1OC34,BDR,DOCU (BDR: D1OC34),6.5,B,0.5,C,0.0,Fraco,66.98,61.96,52.13,53.68,123308511.68,False,0.0,False,0.0,False,0.0,False,0.0,False,0.0,False,False,0.49,74.07,False,False,False,False,False,False,False,0,999,999,561
A1SU34,A1SU34,BDR,AIZ (BDR: A1SU34),6.5,B,0.5,C,0.0,Fraco,263.65,280.26,254.03,248.54,69502620.44,False,0.0,False,0.0,False,0.0,False,0.0,False,0.0,False,False,0.53,288.7,False,False,False,False,False,False,False,0,0,0,562
SMTO3,SAO MARTINHO S.A.,BR_STOCK,SMTO3,6.5,B,0.5,C,0.0,Fraco,17.57,17.38,17.14,16.67,27743029.52,False,0.0,False,0.0,False,0.0,False,0.0,False,0.0,False,False,0.93,21.38,False,False,False,False,False,False,False,0,999,999,563
ALPA4,ALPARGATAS S.A.,BR_STOCK,ALPA4,6.5,B,0.5,C,0.0,Fraco,14.01,12.94,12.52,12.71,20895915.34,False,0.0,False,0.0,False,0.0,False,0.0,False,0.0,False,False,0.75,15.15,False,False,False,False,False,False,False,0,999,999,564
X1YZ34,X1YZ34,BDR,XYZ (BDR: X1YZ34),6.5,B,0.5,C,0.0,Fraco,74.05,79.91,72.67,69.99,366988630.97,False,0.0,False,0.0,False,0.0,False,0.0,False,0.0,False,False,1.19,84.56,False,False,False,False,False,False,False,0,0,0,565
G1WW34,G1WW34,BDR,GWW (BDR: G1WW34),6.5,B,0.5,C,0.0,Fraco,1248.67,1307.3,1243.35,1199.53,319799382.29,False,0.0,False,0.0,False,0.0,False,0.0,False,0.0,False,False,0.85,1330.62,False,False,False,False,False,False,False,0,999,999,566
E2ST34,E2ST34,BDR,ESTC (BDR: E2ST34),6.5,B,0.5,C,0.0,Fraco,88.8,80.62,63.12,64.82,142122184.88,False,0.0,False,0.0,False,0.0,False,0.0,False,0.0,False,False,0.88,102.42,False,False,False,False,False,False,False,0,0,0,567
T1AL34,T1AL34,BDR,TAL (BDR: T1AL34),6.5,B,0.5,C,0.0,Fraco,11.73,11.71,10.96,11.05,16757735.41,False,0.0,False,0.0,False,0.0,False,0.0,False,0.0,False,False,0.43,12.53,False,False,False,False,False,False,False,0,999,999,568
LWSA3,LWSA S.A.,BR_STOCK,LWSA3,6.5,B,0.5,C,0.0,Fraco,4.02,3.94,3.84,3.89,11035301.95,False,0.0,False,0.0,False,0.0,False,0.0,False,0.0,False,False,0.85,4.37,False,False,False,False,False,False,False,0,999,999,569
UBSG34,UBSG34,BDR,UBS (BDR: UBSG34),6.5,B,0.5,C,0.0,Fraco,48.78,52.76,47.1,46.46,80533631.66,False,0.0,False,0.0,False,0.0,False,0.0,False,0.0,False,False,0.61,55.99,False,False,False,False,False,False,False,0,0,0,570
UNHH34,UNHH34,BDR,UNH (BDR: UNHH34),6.5,B,0.5,C,0.0,Fraco,374.94,395.6,366.12,352.03,1228439551.22,False,0.0,False,0.0,False,0.0,False,0.0,False,0.0,False,False,0.66,404.04,False,False,False,False,False,False,False,0,999,999,571
CSXC34,CSXC34,BDR,CSX (BDR: CSXC34),6.5,B,0.5,C,0.0,Fraco,46.93,49.6,46.09,43.94,375096991.07,False,0.0,False,0.0,False,0.0,False,0.0,False,0.0,False,False,0.66,51.24,False,False,False,False,False,False,False,0,0,0,572
BTHF11,BTHF11,ETF,BTHF11,6.5,B,0.5,C,0.0,Fraco,8.55,8.62,8.73,8.62,2815549.26,False,0.0,False,0.0,False,0.0,False,0.0,False,0.0,True,False,0.8,9.0,False,False,False,False,False,False,False,0,999,999,573
QCOM34,QCOM34,BDR,QCOM (BDR: QCOM34),6.5,B,0.5,C,0.0,Fraco,184.1,170.27,171.08,167.74,1837195450.31,False,0.0,False,0.0,False,0.0,False,0.0,False,0.0,False,False,0.57,205.85,False,False,False,False,False,False,False,0,999,999,574
SSFO34,SSFO34,BDR,CRM (BDR: SSFO34),6.5,B,0.5,C,0.0,Fraco,225.31,215.54,190.7,200.01,1931563232.41,False,0.0,False,0.0,False,0.0,False,0.0,False,0.0,False,False,0.68,267.8,False,False,False,False,False,False,False,0,999,999,575
T1RO34,T1RO34,BDR,TROW (BDR: T1RO34),6.5,B,0.5,C,0.0,Fraco,104.51,109.7,102.54,101.47,129483398.72,False,0.0,False,0.0,False,0.0,False,0.0,False,0.0,False,False,0.75,110.33,False,False,False,False,False,False,False,0,0,0,576
N1EM34,N1EM34,BDR,NEM (BDR: N1EM34),6.5,B,0.5,C,0.0,Fraco,117.09,116.43,110.31,110.84,550918385.42,False,0.0,False,0.0,False,0.0,False,0.0,False,0.0,False,False,0.66,130.71,False,False,False,False,False,False,False,0,999,999,577
VMRK34,VMRK34,BDR,VMRK (BDR: VMRK34),6.5,B,0.5,C,0.0,Fraco,61.35,65.38,64.19,63.32,224365288.02,False,0.0,False,0.0,False,0.0,False,0.0,True,0.8,False,False,0.55,66.45,False,False,False,False,False,False,False,0,0,0,578
C1AH34,C1AH34,BDR,CAH (BDR: C1AH34),6.5,B,0.5,C,0.0,Fraco,223.91,232.52,219.32,217.07,217063283.57,False,0.0,False,0.0,False,0.0,False,0.0,False,0.0,False,False,0.43,249.29,False,False,False,False,False,False,False,0,0,0,579
RURA11,RURA11,ETF,RURA11,6.5,B,0.5,C,0.0,Fraco,8.05,8.0,8.18,8.12,3132021.62,False,0.0,False,0.0,False,0.0,False,0.0,False,0.0,True,False,1.43,8.1,False,False,False,False,False,False,False,0,999,999,580
ELCI34,ELCI34,BDR,EL (BDR: ELCI34),6.5,B,0.5,C,0.0,Fraco,94.37,92.98,85.93,91.72,192959193.95,False,0.0,False,0.0,False,0.0,False,0.0,False,0.0,False,False,0.66,104.74,False,False,False,False,False,False,False,0,0,0,581
CPLG11,CPLG11,ETF,CPLG11,6.5,B,0.5,C,0.0,Fraco,11.08,,,,5210824.24,False,0.0,False,0.0,False,0.0,False,0.0,False,0.0,True,False,0.0,11.45,False,False,False,False,False,False,False,0,999,999,582
C1NC34,C1NC34,BDR,CNC (BDR: C1NC34),6.5,B,0.5,C,0.0,Fraco,62.21,64.93,55.81,52.47,265132608.47,False,0.0,False,0.0,False,0.0,False,0.0,False,0.0,False,False,0.79,69.63,False,False,False,False,False,False,False,0,0,0,583
SNAG11,SNAG11,ETF,SNAG11,6.5,B,2.0,C,0.0,Fraco,9.81,9.66,9.81,9.81,1974802.13,False,0.0,False,0.0,False,0.0,False,0.0,False,0.0,True,False,1.14,9.88,False,False,False,False,False,True,False,0,999,999,584
IFRI11,IFRI11,ETF,IFRI11,6.5,B,0.5,C,0.0,Fraco,96.49,99.24,97.69,96.94,1091301.88,False,0.0,False,0.0,False,0.0,False,0.0,False,0.0,True,False,0.88,101.32,False,False,False,False,False,False,False,0,999,999,585
OIAG11,OIAG11,ETF,OIAG11,6.5,B,0.5,C,0.0,Fraco,7.94,7.88,8.18,8.11,71904.64,False,0.0,False,0.0,False,0.0,False,0.0,False,0.0,True,False,0.78,8.28,False,False,False,False,False,False,False,0,999,999,586
S1WK34,S1WK34,BDR,SWK (BDR: S1WK34),6.5,B,0.5,C,0.0,Fraco,88.79,94.69,83.2,82.19,145317799.84,False,0.0,False,0.0,False,0.0,False,0.0,False,0.0,False,False,0.95,97.8,False,False,False,False,False,False,False,0,0,0,587
D1VN34,D1VN34,BDR,DVN (BDR: D1VN34),6.5,B,0.5,C,0.0,Fraco,46.6,46.56,45.78,43.92,334384719.85,False,0.0,False,0.0,False,0.0,False,0.0,False,0.0,False,False,0.47,51.56,False,False,False,False,False,False,False,0,0,0,588
DGCO34,DGCO34,BDR,DG (BDR: DGCO34),6.5,B,0.5,C,0.0,Fraco,122.64,124.31,120.94,126.3,287730362.89,False,0.0,False,0.0,False,0.0,False,0.0,True,0.8,False,False,0.93,134.13,False,False,False,False,False,False,False,0,0,0,589
J2WA34,J2WA34,BDR,WLY (BDR: J2WA34),6.5,B,0.5,C,0.0,Fraco,47.74,50.73,44.35,40.77,15569494.49,False,0.0,False,0.0,False,0.0,False,0.0,False,0.0,False,False,0.63,54.81,False,False,False,False,False,False,False,0,0,0,590
BHVN34,BHVN34,BDR,BHVN (BDR: BHVN34),6.5,B,0.5,C,0.0,Fraco,13.29,14.21,12.16,12.02,20385344.88,False,0.0,False,0.0,False,0.0,False,0.0,False,0.0,False,False,0.47,16.66,False,False,False,False,False,False,False,0,0,0,591
T1AM34,T1AM34,BDR,TEAM (BDR: T1AM34),6.5,B,0.5,C,0.0,Fraco,175.96,157.6,106.48,111.99,768388843.8,False,0.0,False,0.0,False,0.0,False,0.0,False,0.0,False,False,1.37,200.0,False,False,False,False,False,False,False,0,999,999,592
CLOV34,CLOV34,BDR,CLOV (BDR: CLOV34),6.5,B,0.5,C,0.0,Fraco,4.32,4.41,3.61,3.31,11467754.29,False,0.0,False,0.0,False,0.0,False,0.0,False,0.0,False,False,0.6,5.18,False,False,False,False,False,False,False,0,999,999,593
U1DR34,U1DR34,BDR,UDR (BDR: U1DR34),6.12,C,0.5,C,0.0,Fraco,33.95,36.7,36.6,36.44,103473864.78,False,0.0,False,0.0,False,0.0,False,0.0,True,0.65,False,False,0.66,37.03,False,False,False,False,False,False,False,0,0,0,594
TOPY11,TOPY11,ETF,TOPY11,6.0,C,0.5,C,0.0,Fraco,111.85,109.3,,,186230.25,False,0.0,False,0.0,False,0.0,False,0.0,False,0.0,False,False,3.73,118.37,False,False,False,False,False,False,False,0,999,999,595
DOLX11,DOLX11,ETF,DOLX11,6.0,C,0.5,C,0.0,Fraco,48.44,47.7,,,701701.82,False,0.0,False,0.0,False,0.0,False,0.0,False,0.0,False,False,1.72,48.62,False,False,False,False,False,False,False,0,999,999,596
SPXI11,SPXI11,ETF,SPXI11,6.0,C,2.0,C,0.0,Fraco,54.82,53.9,51.3,101.21,8278861.53,False,0.0,False,0.0,False,0.0,False,0.0,False,0.0,True,False,1.02,55.48,False,False,False,False,False,True,False,0,999,999,597
GDIV11,GDIV11,ETF,GDIV11,6.0,C,0.5,C,0.0,Fraco,98.02,98.82,97.9,,56067.44,False,0.0,False,0.0,False,0.0,False,0.0,False,0.0,False,False,0.31,103.9,False,False,False,False,False,False,False,0,999,999,598
A1FL34,A1FL34,BDR,AFL (BDR: A1FL34),6.0,C,0.5,C,0.0,Fraco,113.66,119.27,115.57,114.08,170383278.75,False,0.0,False,0.0,False,0.0,False,0.0,False,0.0,True,False,0.63,119.19,False,False,False,False,False,False,False,0,999,999,599
ALUG11,ALUG11,ETF,ALUG11,6.0,C,0.5,C,0.0,Fraco,40.6,42.49,41.64,41.47,127930.6,False,0.0,False,0.0,False,0.0,False,0.0,False,0.0,False,False,0.58,43.4,False,False,False,False,False,False,False,0,999,999,600
BEST11,BEST11,ETF,BEST11,6.0,C,0.5,C,0.0,Fraco,115.85,112.88,116.27,115.84,177250.5,False,0.0,False,0.0,False,0.0,False,0.0,False,0.0,True,False,0.39,119.11,False,False,False,False,False,False,False,0,999,999,601
XPID11,XPID11,ETF,XPID11,6.0,C,0.5,C,0.0,Fraco,47.58,47.99,47.62,46.88,348808.99,False,0.0,False,0.0,False,0.0,False,0.0,False,0.0,False,False,2.51,52.49,False,False,False,False,False,False,False,0,999,999,602
TELB4,TELEC BRASILEIRAS S.A. TELEBRAS,BR_STOCK,TELB4,6.0,C,0.5,C,0.0,Fraco,8.54,7.86,8.11,8.09,98210.0,False,0.0,False,0.0,False,0.0,False,0.0,False,0.0,True,False,2.71,8.88,False,False,False,False,False,False,False,0,999,999,603
E1XR34,E1XR34,BDR,EXR (BDR: E1XR34),6.0,C,0.5,C,0.0,Fraco,133.49,141.73,140.32,138.75,184741090.28,False,0.0,False,0.0,False,0.0,False,0.0,False,0.0,True,False,0.84,140.81,False,False,False,False,False,False,False,0,0,0,604
A1GN34,A1GN34,BDR,ALLE (BDR: A1GN34),6.0,C,0.5,C,0.0,Fraco,155.43,157.24,144.73,149.33,175005001.38,False,0.0,False,0.0,False,0.0,False,0.0,False,0.0,True,False,0.96,158.01,False,False,False,False,False,False,False,0,0,0,605
N1XP34,N1XP34,BDR,NXPI (BDR: N1XP34),6.0,C,0.5,C,0.0,Fraco,236.47,233.98,248.49,243.57,566229546.15,False,0.0,False,0.0,False,0.0,False,0.0,False,0.0,True,False,0.62,239.39,False,False,False,False,False,False,False,0,0,0,606
SKHY34,SKHY34,BDR,SKHY (BDR: SKHY34),6.0,C,0.5,C,0.0,Fraco,186.68,165.23,,,2324549536.2,False,0.0,False,0.0,False,0.0,False,0.0,False,0.0,False,False,0.59,199.87,False,False,False,False,False,False,False,0,999,999,607
CATP34,CATP34,BDR,CAT (BDR: CATP34),6.0,C,0.5,C,0.0,Fraco,826.64,827.27,836.56,789.93,1820556422.74,False,0.0,False,0.0,False,0.0,False,0.0,False,0.0,True,False,0.87,830.5,False,False,False,False,False,False,False,0,999,999,608
EZTC3,EZ TEC EMPREEND. E PARTICIPACOES S.A.,BR_STOCK,EZTC3,6.0,C,2.0,C,0.0,Fraco,13.53,11.96,13.01,13.39,16173761.68,False,0.0,False,0.0,False,0.0,False,0.0,False,0.0,True,False,0.47,14.15,False,False,False,False,False,True,False,0,999,999,609
BRSR6,BCO ESTADO DO RIO GRANDE DO SUL S.A.,BR_STOCK,BRSR6,6.0,C,2.0,C,0.0,Fraco,15.26,14.17,14.9,15.16,19029220.29,False,0.0,False,0.0,False,0.0,False,0.0,False,0.0,True,False,0.43,15.7,False,False,False,False,False,True,False,0,999,999,610
JSLG3,JSL S.A.,BR_STOCK,JSLG3,6.0,C,2.0,C,0.0,Fraco,7.07,5.71,6.36,6.46,14546525.35,False,0.0,False,0.0,False,0.0,False,0.0,False,0.0,True,True,1.78,6.72,False,False,False,False,False,True,False,0,999,999,611
BTCI11,BTCI11,ETF,BTCI11,6.0,C,0.5,C,0.0,Fraco,8.53,8.82,8.8,8.73,1696463.41,False,0.0,False,0.0,False,0.0,False,0.0,False,0.0,False,False,0.45,9.23,False,False,False,False,False,False,False,0,999,999,612
IGTI3,IGUATEMI S.A.,BR_STOCK,IGTI3,6.0,C,0.5,C,0.0,Fraco,3.23,3.2,3.28,3.23,88502.0,False,0.0,False,0.0,False,0.0,False,0.0,False,0.0,True,False,0.98,3.39,False,False,False,False,False,False,False,0,999,999,613
H1HH34,H1HH34,BDR,HHH (BDR: H1HH34),6.0,C,2.0,C,0.0,Fraco,74.88,65.5,66.01,69.79,84554193.38,False,0.0,False,0.0,False,0.0,False,0.0,False,0.0,True,False,1.04,74.37,False,False,False,False,False,True,False,0,0,0,614
OBTC3,ORANJEBTC S.A. - EDUCAÇÃO E INVESTIMENTO,BR_STOCK,OBTC3,6.0,C,2.0,C,0.0,Fraco,7.75,6.77,6.78,7.21,6065150.0,False,0.0,False,0.0,False,0.0,False,0.0,False,0.0,True,False,0.4,7.77,False,False,False,False,False,True,False,0,999,999,615
BITI11,BITI11,ETF,BITI11,6.0,C,2.0,C,0.0,Fraco,38.89,33.56,32.62,47.09,73852.11,False,0.0,False,0.0,False,0.0,False,0.0,False,0.0,True,False,0.17,40.0,False,False,False,False,False,True,False,0,999,999,616
UTLL11,UTLL11,ETF,UTLL11,6.0,C,0.5,C,0.0,Fraco,123.72,120.5,124.98,123.06,1624443.62,False,0.0,False,0.0,False,0.0,False,0.0,False,0.0,True,False,0.16,130.0,False,False,False,False,False,False,False,0,999,999,617
JFEN3,JOAO FORTES ENGENHARIA S.A.,BR_STOCK,JFEN3,6.0,C,0.5,C,0.0,Fraco,2.23,0.78,0.73,0.8,105479.0,False,0.0,False,0.0,False,0.0,False,0.0,False,0.0,False,False,1.24,4.47,False,False,False,False,False,False,False,0,999,999,618
VAMO3,VAMOS LOCAÇÃO DE CAMINHÕES. MÁQUINAS E EQUIP. S.A.,BR_STOCK,VAMO3,6.0,C,2.0,C,0.0,Fraco,4.0,3.23,3.41,3.5,50901600.0,False,0.0,False,0.0,False,0.0,False,0.0,False,0.0,True,False,0.77,3.93,False,False,False,False,False,True,False,0,999,999,619
GMAT3,GRUPO MATEUS S.A.,BR_STOCK,GMAT3,6.0,C,2.0,C,0.0,Fraco,5.03,4.38,4.39,4.5,36201917.51,False,0.0,False,0.0,False,0.0,False,0.0,False,0.0,True,False,2.05,5.05,False,False,False,False,False,True,False,0,999,999,620
SUIN11,SUIN11,ETF,SUIN11,6.0,C,2.0,C,0.0,Fraco,86.01,85.49,84.23,86.81,351952.93,False,0.0,False,0.0,False,0.0,False,0.0,False,0.0,True,False,4.09,87.83,False,False,False,False,False,True,False,0,999,999,621
QLBR11,QLBR11,ETF,QLBR11,6.0,C,0.5,C,0.0,Fraco,117.31,113.95,,,536458.62,False,0.0,False,0.0,False,0.0,False,0.0,False,0.0,False,False,0.88,123.69,False,False,False,False,False,False,False,0,999,999,622
TOTS3,TOTVS S.A.,BR_STOCK,TOTS3,6.0,C,2.0,C,0.0,Fraco,34.64,32.34,32.25,34.71,196069324.55,False,0.0,False,0.0,False,0.0,False,0.0,False,0.0,True,False,1.16,36.19,False,False,False,False,False,True,False,0,999,999,623
CYRE3,CYRELA BRAZIL REALTY S.A.EMPREEND E PART,BR_STOCK,CYRE3,6.0,C,2.0,C,0.0,Fraco,27.13,23.63,24.21,25.43,125720416.11,False,0.0,False,0.0,False,0.0,False,0.0,False,0.0,True,False,0.58,27.95,False,False,False,False,False,True,False,0,999,999,624
U2NF34,U2NF34,BDR,UNFI (BDR: U2NF34),6.0,C,0.5,C,0.0,Fraco,45.47,46.94,47.01,44.23,21520224.06,False,0.0,False,0.0,False,0.0,False,0.0,False,0.0,True,False,0.64,47.73,False,False,False,False,False,False,False,0,999,999,625
SPXH11,SPXH11,ETF,SPXH11,6.0,C,0.5,C,0.0,Fraco,59.05,58.45,,,382407.8,False,0.0,False,0.0,False,0.0,False,0.0,False,0.0,True,False,0.05,75.28,False,False,False,False,False,False,False,0,999,999,626
G2EV34,G2EV34,BDR,GEV (BDR: G2EV34),6.0,C,0.5,C,0.0,Fraco,962.49,968.41,980.32,912.7,1383034591.63,False,0.0,False,0.0,False,0.0,False,0.0,False,0.0,True,False,0.6,983.34,False,False,False,False,False,False,False,0,999,999,627
GOGL34,GOGL34,BDR,GOOGL (BDR: GOGL34),5.75,C,0.5,C,0.0,Fraco,340.92,343.84,344.3,338.06,7019313296.39,False,0.0,False,0.0,False,0.0,False,0.0,True,0.5,False,False,0.77,364.17,False,False,False,False,False,False,False,0,999,999,628
GOGL35,GOGL35,BDR,GOOG (BDR: GOGL35),5.75,C,0.5,C,0.0,Fraco,337.32,341.44,342.14,336.59,4646604689.37,False,0.0,False,0.0,False,0.0,False,0.0,True,0.5,False,False,0.76,359.98,False,False,False,False,False,False,False,0,999,999,629
W1RB34,W1RB34,BDR,WRB (BDR: W1RB34),5.62,C,0.5,C,0.0,Fraco,68.22,70.26,68.31,68.38,130136337.89,False,0.0,False,0.0,False,0.0,False,0.0,True,0.65,True,False,0.38,71.36,False,False,False,False,False,False,False,0,0,0,630
EXGR34,EXGR34,BDR,EXPE (BDR: EXGR34),5.5,C,0.5,C,0.0,Fraco,266.33,297.64,258.48,259.53,721773705.7,False,0.0,False,0.0,False,0.0,False,0.0,False,0.0,False,False,0.96,327.46,False,False,False,False,False,False,False,0,999,999,631
BIDB11,BIDB11,ETF,BIDB11,5.5,C,2.0,C,0.0,Fraco,74.45,75.13,75.62,74.89,165725.69,False,0.0,False,0.0,False,0.0,False,0.0,False,0.0,True,False,1.18,76.25,False,False,False,False,False,True,False,0,999,999,632
XFIX11,XFIX11,ETF,XFIX11,5.5,C,0.5,C,0.0,Fraco,13.2,13.23,13.49,13.46,311361.6,False,0.0,False,0.0,False,0.0,False,0.0,False,0.0,True,False,1.39,13.46,False,False,False,False,False,False,False,0,999,999,633
VILG11,VILG11,ETF,VILG11,5.5,C,0.5,C,0.0,Fraco,92.1,91.08,93.31,93.45,1974992.37,False,0.0,False,0.0,False,0.0,False,0.0,False,0.0,True,False,0.78,94.81,False,False,False,False,False,False,False,0,999,999,634
DBAG34,DBAG34,BDR,DB (BDR: DBAG34),5.5,C,0.5,C,0.0,Fraco,36.11,38.06,33.86,34.61,69934418.73,False,0.0,False,0.0,False,0.0,False,0.0,False,0.0,False,False,0.95,41.62,False,False,False,False,False,False,False,0,999,999,635
JSAF11,JSAF11,ETF,JSAF11,5.5,C,2.0,C,0.0,Fraco,7.05,6.92,7.16,7.18,822156.92,False,0.0,False,0.0,False,0.0,False,0.0,False,0.0,True,False,0.74,7.08,False,False,False,False,False,True,False,0,999,999,636
A1CR34,A1CR34,BDR,AMCR (BDR: A1CR34),5.5,C,0.5,C,0.0,Fraco,42.46,44.63,41.42,41.72,111417839.96,False,0.0,False,0.0,False,0.0,False,0.0,False,0.0,False,False,0.76,46.28,False,False,False,False,False,False,False,0,999,999,637
JURO11,JURO11,ETF,JURO11,5.5,C,0.5,C,0.0,Fraco,96.12,95.5,96.58,96.59,1804172.45,False,0.0,False,0.0,False,0.0,False,0.0,False,0.0,True,False,0.47,99.25,False,False,False,False,False,False,False,0,999,999,638
BDIV11,BDIV11,ETF,BDIV11,5.5,C,0.5,C,0.0,Fraco,36.19,36.51,35.83,35.97,733281.75,False,0.0,False,0.0,False,0.0,False,0.0,False,0.0,False,False,3.87,38.19,False,False,False,False,False,False,False,0,999,999,639
COPH34,COPH34,BDR,COP (BDR: COPH34),5.5,C,0.5,C,0.0,Fraco,125.44,127.25,120.41,114.85,897560473.15,False,0.0,False,0.0,False,0.0,False,0.0,False,0.0,False,False,0.91,141.62,False,False,False,False,False,False,False,0,999,999,640
SCHW34,SCHW34,BDR,SCHW (BDR: SCHW34),5.5,C,0.5,C,0.0,Fraco,99.1,106.4,97.36,97.83,795495309.55,False,0.0,False,0.0,False,0.0,False,0.0,False,0.0,False,False,0.8,110.72,False,False,False,False,False,False,False,0,999,999,641
A1TT34,A1TT34,BDR,ALL (BDR: A1TT34),5.5,C,0.5,C,0.0,Fraco,225.42,254.79,229.93,222.79,903784513.78,False,0.0,False,0.0,False,0.0,False,0.0,False,0.0,False,False,1.54,266.45,False,False,False,False,False,False,False,0,0,0,642
TVRI11,TVRI11,ETF,TVRI11,5.5,C,2.0,C,0.0,Fraco,88.08,87.92,89.64,90.03,815180.42,False,0.0,False,0.0,False,0.0,False,0.0,False,0.0,True,False,1.11,88.66,False,False,False,False,False,True,False,0,999,999,643
RZAK11,RZAK11,ETF,RZAK11,5.5,C,0.5,C,0.0,Fraco,76.31,76.54,77.88,77.23,621468.62,False,0.0,False,0.0,False,0.0,False,0.0,False,0.0,True,False,0.69,78.38,False,False,False,False,False,False,False,0,999,999,644
BLAK34,BLAK34,BDR,BLK (BDR: BLAK34),5.5,C,0.5,C,0.0,Fraco,1067.94,1104.73,1043.16,1051.12,371784067.68,False,0.0,False,0.0,False,0.0,False,0.0,False,0.0,False,False,0.6,1152.91,False,False,False,False,False,False,False,0,999,999,645
A1MP34,A1MP34,BDR,AMP (BDR: A1MP34),5.5,C,0.5,C,0.0,Fraco,497.32,545.12,489.4,490.83,246894020.32,False,0.0,False,0.0,False,0.0,False,0.0,False,0.0,False,False,0.61,567.33,False,False,False,False,False,False,False,0,999,999,646
I1RM34,I1RM34,BDR,IRM (BDR: I1RM34),5.5,C,0.5,C,0.0,Fraco,111.5,119.07,117.27,110.35,156702992.0,False,0.0,False,0.0,False,0.0,False,0.0,False,0.0,False,False,0.85,118.5,False,False,False,False,False,False,False,0,0,0,647
DUOL34,DUOL34,BDR,DUOL (BDR: DUOL34),5.5,C,0.5,C,0.0,Fraco,142.62,141.09,120.19,128.13,152237431.87,False,0.0,False,0.0,False,0.0,False,0.0,False,0.0,False,False,0.95,167.38,False,False,False,False,False,False,False,0,999,999,648
V1TA34,V1TA34,BDR,VTR (BDR: V1TA34),5.5,C,0.5,C,0.0,Fraco,86.91,91.5,87.58,85.27,206692673.29,False,0.0,False,0.0,False,0.0,False,0.0,False,0.0,False,False,0.54,93.37,False,False,False,False,False,False,False,0,0,0,649
PRIO3,PRIO S.A.,BR_STOCK,PRIO3,5.5,C,0.5,C,0.0,Fraco,61.6,60.85,61.39,57.47,420173589.59,False,0.0,False,0.0,False,0.0,False,0.0,False,0.0,False,False,0.76,66.08,False,False,False,False,False,False,False,0,999,999,650
B1NT34,B1NT34,BDR,BNTX (BDR: B1NT34),5.5,C,0.5,C,0.0,Fraco,98.57,98.21,95.45,97.66,72597889.05,False,0.0,False,0.0,False,0.0,False,0.0,False,0.0,False,False,0.92,105.46,False,False,False,False,False,False,False,0,999,999,651
K1SS34,K1SS34,BDR,KSS (BDR: K1SS34),5.5,C,0.5,C,0.0,Fraco,18.32,18.2,15.87,16.72,56662440.02,False,0.0,False,0.0,False,0.0,False,0.0,False,0.0,False,False,0.79,19.51,False,False,False,False,False,False,False,0,0,0,652
PCAR3,CIA BRASILEIRA DE DISTRIBUICAO,BR_STOCK,PCAR3,5.5,C,0.5,C,0.0,Fraco,3.0,2.85,2.48,2.79,10681200.0,False,0.0,False,0.0,False,0.0,False,0.0,False,0.0,False,False,0.62,3.39,False,False,False,False,False,False,False,0,999,999,653
G1AR34,G1AR34,BDR,IT (BDR: G1AR34),5.5,C,0.5,C,0.0,Fraco,185.85,178.98,160.44,173.83,145543971.88,False,0.0,False,0.0,False,0.0,False,0.0,False,0.0,False,False,0.72,202.98,False,False,False,False,False,False,False,0,0,0,654
M1CK34,M1CK34,BDR,MCK (BDR: M1CK34),5.5,C,0.5,C,0.0,Fraco,864.82,873.78,841.95,844.87,412385096.39,False,0.0,False,0.0,False,0.0,False,0.0,False,0.0,False,False,0.5,929.95,False,False,False,False,False,False,False,0,999,999,655
G1LW34,G1LW34,BDR,GLW (BDR: G1LW34),5.5,C,0.5,C,0.0,Fraco,158.71,152.66,164.48,149.06,1190022866.5,False,0.0,False,0.0,False,0.0,False,0.0,False,0.0,False,False,0.95,171.3,False,False,False,False,False,False,False,0,999,999,656
SLCE3,SLC AGRICOLA S.A.,BR_STOCK,SLCE3,5.5,C,0.5,C,0.0,Fraco,16.75,15.44,15.92,15.75,32757975.0,False,0.0,False,0.0,False,0.0,False,0.0,False,0.0,False,False,0.91,18.7,False,False,False,False,False,False,False,0,999,999,657
NOKI34,NOKI34,BDR,NOK (BDR: NOKI34),5.5,C,0.5,C,0.0,Fraco,10.36,10.06,11.03,9.95,501229111.79,False,0.0,False,0.0,False,0.0,False,0.0,False,0.0,False,False,0.5,11.17,False,False,False,False,False,False,False,0,999,999,658
O1KE34,O1KE34,BDR,OKE (BDR: O1KE34),5.5,C,0.5,C,0.0,Fraco,86.86,92.33,88.58,85.11,368019394.95,False,0.0,False,0.0,False,0.0,False,0.0,False,0.0,False,False,1.03,99.85,False,False,False,False,False,False,False,0,0,0,659
MSBR34,MSBR34,BDR,MS (BDR: MSBR34),5.5,C,0.5,C,0.0,Fraco,192.76,210.93,197.32,192.3,900066964.51,False,0.0,False,0.0,False,0.0,False,0.0,False,0.0,False,False,0.81,218.51,False,False,False,False,False,False,False,0,999,999,660
BOAC34,BOAC34,BDR,BAC (BDR: BOAC34),5.5,C,0.5,C,0.0,Fraco,54.96,61.1,55.31,54.82,1717905081.54,False,0.0,False,0.0,False,0.0,False,0.0,False,0.0,False,False,0.77,63.83,False,False,False,False,False,False,False,0,999,999,661
GMCO34,GMCO34,BDR,GM (BDR: GMCO34),5.5,C,0.5,C,0.0,Fraco,80.47,85.46,80.01,80.41,486445985.58,False,0.0,False,0.0,False,0.0,False,0.0,False,0.0,False,False,0.71,87.86,False,False,False,False,False,False,False,0,999,999,662
ALPK3,ALLPARK EMPREENDIMENTOS PARTICIPACOES SERVICOS S.A,BR_STOCK,ALPK3,5.5,C,0.5,C,0.0,Fraco,4.44,4.3,4.37,4.44,205128.0,False,0.0,False,0.0,False,0.0,False,0.0,False,0.0,False,False,0.48,4.78,False,False,False,False,False,False,False,0,999,999,663
N1OW34,N1OW34,BDR,NOW (BDR: N1OW34),5.5,C,0.5,C,0.0,Fraco,129.94,126.86,111.02,116.23,1266645788.12,False,0.0,False,0.0,False,0.0,False,0.0,False,0.0,False,False,0.82,149.6,False,False,False,False,False,False,False,0,999,999,664
R2PD34,R2PD34,BDR,RPD (BDR: R2PD34),5.5,C,0.5,C,0.0,Fraco,11.7,11.56,8.63,9.58,12008182.83,False,0.0,False,0.0,False,0.0,False,0.0,False,0.0,False,False,0.5,13.61,False,False,False,False,False,False,False,0,999,999,665
DVAI34,DVAI34,BDR,DVA (BDR: DVAI34),5.5,C,0.5,C,0.0,Fraco,175.19,192.94,185.0,169.23,111584469.02,False,0.0,False,0.0,False,0.0,False,0.0,False,0.0,False,False,0.77,195.75,False,False,False,False,False,False,False,0,0,0,666
CPTR11,CPTR11,ETF,CPTR11,5.5,C,0.5,C,0.0,Fraco,7.35,7.5,7.67,7.59,71978.55,False,0.0,False,0.0,False,0.0,False,0.0,False,0.0,True,False,0.28,7.68,False,False,False,False,False,False,False,0,999,999,667
CXAG11,CXAG11,ETF,CXAG11,5.5,C,0.5,C,0.0,Fraco,72.0,72.72,73.1,72.51,112968.0,False,0.0,False,0.0,False,0.0,False,0.0,False,0.0,True,False,1.43,74.43,False,False,False,False,False,False,False,0,999,999,668
VGIP11,VGIP11,ETF,VGIP11,5.5,C,0.5,C,0.0,Fraco,71.94,73.82,75.09,74.64,1014641.79,False,0.0,False,0.0,False,0.0,False,0.0,False,0.0,True,False,0.63,75.35,False,False,False,False,False,False,False,0,999,999,669
GPRO34,GPRO34,BDR,GPRO (BDR: GPRO34),5.5,C,0.5,C,0.0,Fraco,1.33,0.95,0.94,1.03,15104369.84,False,0.0,False,0.0,False,0.0,False,0.0,False,0.0,False,False,0.74,2.05,False,False,False,False,False,False,False,0,999,999,670
FRAS3,FRASLE MOBILITY S.A.,BR_STOCK,FRAS3,5.5,C,0.5,C,0.0,Fraco,22.33,22.18,21.77,22.22,4919298.98,False,0.0,False,0.0,False,0.0,False,0.0,False,0.0,False,False,1.11,23.95,False,False,False,False,False,False,False,0,999,999,671
C2GN34,C2GN34,BDR,CGNX (BDR: C2GN34),5.5,C,0.5,C,0.0,Fraco,59.67,61.99,59.82,55.24,51577672.36,False,0.0,False,0.0,False,0.0,False,0.0,False,0.0,False,False,0.52,64.34,False,False,False,False,False,False,False,0,999,999,672
P1GR34,P1GR34,BDR,PGR (BDR: P1GR34),5.5,C,0.5,C,0.0,Fraco,210.52,214.14,208.33,208.48,584949831.27,False,0.0,False,0.0,False,0.0,False,0.0,False,0.0,False,False,0.76,225.45,False,False,False,False,False,False,False,0,0,0,673
Z2SC34,Z2SC34,BDR,ZS (BDR: Z2SC34),5.5,C,0.5,C,0.0,Fraco,198.35,175.81,154.24,166.99,342111985.46,False,0.0,False,0.0,False,0.0,False,0.0,False,0.0,False,False,0.48,216.97,False,False,False,False,False,False,False,0,999,999,674
W1DA34,W1DA34,BDR,WDAY (BDR: W1DA34),5.5,C,0.5,C,0.0,Fraco,189.17,182.65,148.06,157.75,341691714.25,False,0.0,False,0.0,False,0.0,False,0.0,False,0.0,False,False,0.68,211.83,False,False,False,False,False,False,False,0,999,999,675
G1PC34,G1PC34,BDR,GPC (BDR: G1PC34),5.5,C,0.5,C,0.0,Fraco,126.95,130.95,114.55,118.1,70136064.81,False,0.0,False,0.0,False,0.0,False,0.0,False,0.0,False,False,0.53,138.2,False,False,False,False,False,False,False,0,0,0,676
MXRF11,MXRF11,ETF,MXRF11,5.5,C,0.5,C,0.0,Fraco,9.1,9.21,9.32,9.19,15068790.73,False,0.0,False,0.0,False,0.0,False,0.0,False,0.0,True,False,0.67,9.28,False,False,False,False,False,False,False,0,999,999,677
HGBS11,HGBS11,ETF,HGBS11,5.5,C,0.5,C,0.0,Fraco,18.56,18.61,19.1,19.01,9131835.26,False,0.0,False,0.0,False,0.0,False,0.0,False,0.0,True,False,1.56,19.03,False,False,False,False,False,False,False,0,999,999,678
RDOR3,REDE DOR SÃO LUIZ S.A.,BR_STOCK,RDOR3,5.0,C,2.0,C,0.0,Fraco,37.5,35.31,36.04,37.36,335643750.0,False,0.0,False,0.0,False,0.0,False,0.0,False,0.0,True,False,1.69,38.62,False,False,False,False,False,True,False,0,999,999,679
R1SG34,R1SG34,BDR,RSG (BDR: R1SG34),5.0,C,0.5,C,0.0,Fraco,211.92,217.24,214.67,214.53,206581521.5,False,0.0,False,0.0,False,0.0,False,0.0,False,0.0,False,False,0.56,227.32,False,False,False,False,False,False,False,0,0,0,680
AIGB34,AIGB34,BDR,AIG (BDR: AIGB34),5.0,C,0.5,C,0.0,Fraco,75.27,76.41,75.94,76.3,838086702.24,False,0.0,False,0.0,False,0.0,False,0.0,False,0.0,True,False,2.7,76.98,False,False,False,False,False,False,False,0,0,0,681
SBSP3,CIA SANEAMENTO BASICO EST SAO PAULO,BR_STOCK,SBSP3,5.0,C,0.5,C,0.0,Fraco,27.06,26.46,28.92,28.48,440393373.31,False,0.0,False,0.0,False,0.0,False,0.0,False,0.0,True,False,0.87,28.08,False,False,False,False,False,False,False,0,999,999,682
A1WK34,A1WK34,BDR,AWK (BDR: A1WK34),5.0,C,0.5,C,0.0,Fraco,129.8,135.78,131.68,130.63,207540989.08,False,0.0,False,0.0,False,0.0,False,0.0,False,0.0,False,False,0.86,142.37,False,False,False,False,False,False,False,0,0,0,683
RBHG11,RBHG11,ETF,RBHG11,5.0,C,0.5,C,0.0,Fraco,58.02,57.09,61.15,60.96,82446.42,False,0.0,False,0.0,False,0.0,False,0.0,False,0.0,True,False,0.37,60.0,False,False,False,False,False,False,False,0,999,999,684
GRUL11,GRUL11,ETF,GRUL11,5.0,C,0.5,C,0.0,Fraco,8.09,8.14,8.2,8.2,152116.27,False,0.0,False,0.0,False,0.0,False,0.0,False,0.0,True,False,0.7,8.3,False,False,False,False,False,False,False,0,999,999,685
BUSM39,ISHARES MSCI USA MIN VOL FACTOR ETF,BDR,BUSM (BDR: BUSM39),5.0,C,0.5,C,0.0,Fraco,16.11,16.79,,,168639.49,False,0.0,False,0.0,False,0.0,False,0.0,False,0.0,False,False,3.37,17.16,False,False,False,False,False,False,False,0,999,999,686
S1HW34,S1HW34,BDR,SHW (BDR: S1HW34),5.0,C,0.5,C,0.0,Fraco,330.44,338.34,327.84,332.01,732713696.13,False,0.0,False,0.0,False,0.0,False,0.0,False,0.0,True,False,1.2,342.39,False,False,False,False,False,False,False,0,999,999,687
M2KS34,M2KS34,BDR,MKSI (BDR: M2KS34),5.0,C,0.5,C,0.0,Fraco,266.02,280.15,291.63,270.0,214661105.85,False,0.0,False,0.0,False,0.0,False,0.0,False,0.0,True,False,0.6,270.29,False,False,False,False,False,False,False,0,999,999,688
CXCI11,CXCI11,ETF,CXCI11,5.0,C,0.5,C,0.0,Fraco,64.7,63.94,66.04,65.77,90191.8,False,0.0,False,0.0,False,0.0,False,0.0,False,0.0,True,False,1.27,65.41,False,False,False,False,False,False,False,0,999,999,689
AALL34,AALL34,BDR,AAL (BDR: AALL34),5.0,C,0.5,C,0.0,Fraco,13.61,14.11,13.55,13.88,813251960.32,False,0.0,False,0.0,False,0.0,False,0.0,False,0.0,True,False,0.75,14.06,False,False,False,False,False,False,False,0,999,999,690
SMRE11,SMRE11,ETF,SMRE11,5.0,C,0.5,C,0.0,Fraco,56.5,55.4,55.94,56.17,330129.5,False,0.0,False,0.0,False,0.0,False,0.0,False,0.0,True,False,1.56,56.69,False,False,False,False,False,False,False,0,999,999,691
NETE34,NETE34,BDR,NTES (BDR: NETE34),5.0,C,0.5,C,0.0,Fraco,121.82,122.65,119.43,122.01,98495611.63,False,0.0,False,0.0,False,0.0,False,0.0,False,0.0,True,False,1.47,122.87,False,False,False,False,False,False,False,0,999,999,692
T1EL34,T1EL34,BDR,TEL (BDR: T1EL34),5.0,C,2.0,C,0.0,Fraco,212.59,208.07,208.5,213.28,373379463.81,False,0.0,False,0.0,False,0.0,False,0.0,False,0.0,True,False,0.9,219.63,False,False,False,False,False,True,False,0,0,0,693
W1MG34,W1MG34,BDR,WMG (BDR: W1MG34),5.0,C,0.5,C,0.0,Fraco,27.62,27.27,28.01,28.29,66492445.26,False,0.0,False,0.0,False,0.0,False,0.0,True,1.0,False,False,1.08,29.67,False,False,False,False,False,False,False,0,0,0,694
GCRA11,GCRA11,ETF,GCRA11,5.0,C,0.5,C,0.0,Fraco,47.55,47.29,49.52,49.26,387960.44,False,0.0,False,0.0,False,0.0,False,0.0,False,0.0,True,False,1.54,47.74,False,False,False,False,False,False,False,0,999,999,695
BDEF11,BDEF11,ETF,BDEF11,5.0,C,0.5,C,0.0,Fraco,165.37,161.78,165.87,165.71,2472281.43,False,0.0,False,0.0,False,0.0,False,0.0,False,0.0,True,False,11.48,171.82,False,False,False,False,False,False,False,0,999,999,696
OUJP11,OUJP11,ETF,OUJP11,5.0,C,0.5,C,0.0,Fraco,68.79,68.32,73.67,73.13,217995.51,False,0.0,False,0.0,False,0.0,False,0.0,False,0.0,True,False,0.69,69.99,False,False,False,False,False,False,False,0,999,999,697
RECR11,RECR11,ETF,RECR11,5.0,C,0.5,C,0.0,Fraco,73.48,76.14,76.59,75.93,2104173.38,False,0.0,False,0.0,False,0.0,False,0.0,False,0.0,False,False,0.63,78.54,False,False,False,False,False,False,False,0,999,999,698
C1DN34,C1DN34,BDR,CDNS (BDR: C1DN34),5.0,C,0.5,C,0.0,Fraco,324.17,318.19,331.37,325.42,846080169.18,False,0.0,False,0.0,False,0.0,False,0.0,False,0.0,True,False,0.95,342.38,False,False,False,False,False,False,False,0,999,999,699
ALUP4,ALUPAR INVESTIMENTO S/A,BR_STOCK,ALUP4,5.0,C,0.5,C,0.0,Fraco,10.4,10.58,10.57,10.53,241279.99,False,0.0,False,0.0,False,0.0,False,0.0,False,0.0,False,False,2.15,11.15,False,False,False,False,False,False,False,0,999,999,700
SANB4,BCO SANTANDER (BRASIL) S.A.,BR_STOCK,SANB4,5.0,C,2.0,C,0.0,Fraco,14.65,14.55,14.45,14.99,2020234.95,False,0.0,False,0.0,False,0.0,False,0.0,False,0.0,True,False,0.89,15.27,False,False,False,False,False,True,False,0,999,999,701
IGTI11,IGUATEMI S.A.,BR_STOCK,IGTI11,5.0,C,2.0,C,0.0,Fraco,26.14,25.07,26.06,26.2,57280580.66,False,0.0,False,0.0,False,0.0,False,0.0,False,0.0,True,False,0.73,27.18,False,False,False,False,False,True,False,0,999,999,702
PSKY34,PSKY34,BDR,PSKY (BDR: PSKY34),4.62,C,0.5,C,0.0,Fraco,9.99,9.8,10.09,10.52,188681065.74,False,0.0,False,0.0,False,0.0,False,0.0,True,0.85,False,False,0.56,11.49,False,False,False,False,False,False,False,0,0,0,703
QUBT34,QUBT34,BDR,QUBT (BDR: QUBT34),4.62,C,0.5,C,0.0,Fraco,8.46,8.4,8.82,9.24,37461912.29,False,0.0,False,0.0,False,0.0,False,0.0,True,0.85,False,False,0.54,9.76,False,False,False,False,False,False,False,0,999,999,704
PFRM3,PROFARMA DISTRIB PROD FARMACEUTICOS S.A.,BR_STOCK,PFRM3,4.62,C,0.5,C,0.0,Fraco,7.44,7.21,7.33,7.64,581064.0,False,0.0,False,0.0,False,0.0,False,0.0,True,0.85,False,False,0.9,7.97,False,False,False,False,False,False,False,0,999,999,705
FFTD34,FFTD34,BDR,FITB (BDR: FFTD34),4.5,C,0.5,C,0.0,Fraco,50.97,55.26,51.83,51.22,314644800.43,False,0.0,False,0.0,False,0.0,False,0.0,False,0.0,False,False,0.85,55.48,False,False,False,False,False,False,False,0,0,0,706
R1JF34,R1JF34,BDR,RJF (BDR: R1JF34),4.5,C,0.5,C,0.0,Fraco,159.85,173.02,159.19,160.32,143586227.08,False,0.0,False,0.0,False,0.0,False,0.0,False,0.0,False,False,0.57,181.4,False,False,False,False,False,False,False,0,999,999,707
I2NV34,I2NV34,BDR,INVH (BDR: I2NV34),4.5,C,0.5,C,0.0,Fraco,26.57,28.67,27.69,27.25,91437970.38,False,0.0,False,0.0,False,0.0,False,0.0,False,0.0,False,False,0.55,29.01,False,False,False,False,False,False,False,0,999,999,708
A1SN34,A1SN34,BDR,ASND (BDR: A1SN34),4.5,C,0.5,C,0.0,Fraco,228.07,250.23,241.28,235.37,169196699.84,False,0.0,False,0.0,False,0.0,False,0.0,False,0.0,False,False,0.63,272.47,False,False,False,False,False,False,False,0,999,999,709
EDEN39,ISHARES MSCI DENMARK ETF,BDR,EDEN (BDR: EDEN39),4.5,C,0.5,C,0.0,Fraco,110.08,114.77,109.94,111.27,363924.49,False,0.0,False,0.0,False,0.0,False,0.0,False,0.0,False,False,0.58,119.87,False,False,False,False,False,False,False,0,999,999,710
REGN34,REGN34,BDR,REGN (BDR: REGN34),4.5,C,0.5,C,0.0,Fraco,750.51,779.52,724.3,734.56,603392035.61,False,0.0,False,0.0,False,0.0,False,0.0,False,0.0,False,False,0.95,859.34,False,False,False,False,False,False,False,0,999,999,711
GEOO34,GEOO34,BDR,GE (BDR: GEOO34),4.5,C,0.5,C,0.0,Fraco,317.89,343.66,326.64,323.2,1179346523.14,False,0.0,False,0.0,False,0.0,False,0.0,False,0.0,False,False,0.72,342.73,False,False,False,False,False,False,False,0,999,999,712
F1AN34,F1AN34,BDR,FANG (BDR: F1AN34),4.5,C,0.5,C,0.0,Fraco,183.95,198.36,192.05,182.61,360141534.88,False,0.0,False,0.0,False,0.0,False,0.0,False,0.0,False,False,0.42,213.31,False,False,False,False,False,False,False,0,999,999,713
VINF11,VINF11,ETF,VINF11,4.5,C,2.0,C,0.0,Fraco,85.0,85.17,85.43,85.65,293080.0,False,0.0,False,0.0,False,0.0,False,0.0,False,0.0,True,False,1.24,88.38,False,False,False,False,False,True,False,0,999,999,714
ARNC34,ARNC34,BDR,HWM (BDR: ARNC34),4.5,C,0.5,C,0.0,Fraco,230.94,261.37,257.65,247.84,425368390.5,False,0.0,False,0.0,False,0.0,False,0.0,False,0.0,False,False,0.65,263.34,False,False,False,False,False,False,False,0,0,0,715
RBVA11,RBVA11,ETF,RBVA11,4.5,C,2.0,C,0.0,Fraco,8.84,8.72,9.0,9.06,1053940.18,False,0.0,False,0.0,False,0.0,False,0.0,False,0.0,True,False,0.81,8.93,False,False,False,False,False,True,False,0,999,999,716
SPCX34,SPCX34,BDR,SPCX (BDR: SPCX34),4.5,C,0.5,C,0.0,Fraco,149.24,136.94,143.41,,11896119476.31,False,0.0,False,0.0,False,0.0,False,0.0,False,0.0,False,False,0.79,158.13,False,False,False,False,False,False,False,0,999,999,717
M2ST34,M2ST34,BDR,MSTR (BDR: M2ST34),4.5,C,0.5,C,0.0,Fraco,154.67,120.05,131.09,136.23,2502051087.4,False,0.0,False,0.0,False,0.0,False,0.0,False,0.0,False,False,0.63,171.19,False,False,False,False,False,False,False,0,999,999,718
XPLG11,XPLG11,ETF,XPLG11,4.5,C,0.5,C,0.0,Fraco,92.39,90.48,92.77,93.74,5281474.32,False,0.0,False,0.0,False,0.0,False,0.0,False,0.0,True,False,0.48,94.0,False,False,False,False,False,False,False,0,999,999,719
GDBR34,GDBR34,BDR,GD (BDR: GDBR34),4.5,C,0.5,C,0.0,Fraco,332.34,372.07,355.49,353.46,552930668.91,False,0.0,False,0.0,False,0.0,False,0.0,False,0.0,False,False,1.16,378.99,False,False,False,False,False,False,False,0,999,999,720
P2CY34,P2CY34,BDR,PCTY (BDR: P2CY34),4.5,C,0.5,C,0.0,Fraco,142.19,145.11,121.33,125.15,87723411.06,False,0.0,False,0.0,False,0.0,False,0.0,False,0.0,False,False,0.84,161.93,False,False,False,False,False,False,False,0,999,999,721
N1IC34,N1IC34,BDR,NICE (BDR: N1IC34),4.5,C,0.5,C,0.0,Fraco,106.81,102.76,102.52,104.76,49050355.18,False,0.0,False,0.0,False,0.0,False,0.0,False,0.0,False,False,0.68,128.51,False,False,False,False,False,False,False,0,999,999,722
KNCA11,KNCA11,ETF,KNCA11,4.5,C,0.5,C,0.0,Fraco,85.3,87.07,88.62,88.84,5256356.79,False,0.0,False,0.0,False,0.0,False,0.0,False,0.0,True,False,1.99,89.0,False,False,False,False,False,False,False,0,999,999,723
DEOP34,DEOP34,BDR,DEO (BDR: DEOP34),4.5,C,0.5,C,0.0,Fraco,85.34,89.55,83.29,85.13,64584455.83,False,0.0,False,0.0,False,0.0,False,0.0,False,0.0,False,False,0.85,92.73,False,False,False,False,False,False,False,0,999,999,724
IFRA11,IFRA11,ETF,IFRA11,4.5,C,0.5,C,0.0,Fraco,88.53,89.76,92.34,92.48,2183769.48,False,0.0,False,0.0,False,0.0,False,0.0,False,0.0,True,False,0.84,93.09,False,False,False,False,False,False,False,0,999,999,725
PICE11,PICE11,ETF,PICE11,4.5,C,0.5,C,0.0,Fraco,31.6,31.25,32.02,31.72,397844.0,False,0.0,False,0.0,False,0.0,False,0.0,False,0.0,False,False,4.88,34.48,False,False,False,False,False,False,False,0,999,999,726
FDMO34,FDMO34,BDR,F (BDR: FDMO34),4.5,C,0.5,C,0.0,Fraco,12.3,13.87,13.29,13.28,412713001.0,False,0.0,False,0.0,False,0.0,False,0.0,False,0.0,False,False,0.65,14.64,False,False,False,False,False,False,False,0,999,999,727
XRPH11,XRPH11,ETF,XRPH11,4.5,C,0.5,C,0.0,Fraco,12.16,10.11,10.28,11.54,310639.36,False,0.0,False,0.0,False,0.0,False,0.0,False,0.0,False,False,0.25,13.0,False,False,False,False,False,False,False,0,999,999,728
COLG34,COLG34,BDR,CL (BDR: COLG34),4.5,C,0.5,C,0.0,Fraco,86.46,90.0,88.76,87.71,337305789.21,False,0.0,False,0.0,False,0.0,False,0.0,False,0.0,False,False,0.63,91.44,False,False,False,False,False,False,False,0,999,999,729
C1IC34,C1IC34,BDR,CI (BDR: C1IC34),4.5,C,0.5,C,0.0,Fraco,275.26,278.94,278.23,277.23,542211020.88,False,0.0,False,0.0,False,0.0,False,0.0,False,0.0,False,False,1.25,290.94,False,False,False,False,False,False,False,0,0,0,730
BBAS3,BCO BRASIL S.A.,BR_STOCK,BBAS3,4.5,C,0.5,C,0.0,Fraco,22.04,20.78,21.47,21.8,821574094.13,False,0.0,False,0.0,False,0.0,False,0.0,False,0.0,False,False,0.89,23.38,False,False,False,False,False,False,False,0,999,999,731
ECOR3,ECORODOVIAS INFRAESTRUTURA E LOGÍSTICA S.A.,BR_STOCK,ECOR3,4.5,C,0.5,C,0.0,Fraco,8.67,7.33,7.91,8.54,94665996.83,False,0.0,False,0.0,False,0.0,False,0.0,False,0.0,False,False,0.96,9.22,False,False,False,False,False,False,False,0,999,999,732
PNCS34,PNCS34,BDR,PNC (BDR: PNCS34),4.5,C,0.5,C,0.0,Fraco,221.65,243.81,228.69,225.74,379338005.75,False,0.0,False,0.0,False,0.0,False,0.0,False,0.0,False,False,0.84,246.96,False,False,False,False,False,False,False,0,0,0,733
U1HS34,U1HS34,BDR,UHS (BDR: U1HS34),4.5,C,0.5,C,0.0,Fraco,175.73,171.0,169.44,181.13,112287776.94,False,0.0,False,0.0,False,0.0,False,0.0,False,0.0,False,False,0.68,186.06,False,False,False,False,False,False,False,0,0,0,734
D1OM34,D1OM34,BDR,D (BDR: D1OM34),4.5,C,0.5,C,0.0,Fraco,60.64,66.09,64.64,63.22,248621389.98,False,0.0,False,0.0,False,0.0,False,0.0,False,0.0,False,False,0.79,66.81,False,False,False,False,False,False,False,0,0,0,735
CINF34,CINF34,BDR,CINF (BDR: CINF34),4.5,C,0.5,C,0.0,Fraco,161.13,171.47,167.3,165.67,176078035.44,False,0.0,False,0.0,False,0.0,False,0.0,False,0.0,False,False,1.36,174.09,False,False,False,False,False,False,False,0,0,0,736
SAUD3,SAUD3,BR_STOCK,SAUD3,4.5,C,0.5,C,0.0,Fraco,13.11,14.3,14.05,13.36,70280086.16,False,0.0,False,0.0,False,0.0,False,0.0,False,0.0,False,False,0.7,15.67,False,False,False,False,False,False,False,0,999,999,737
D2AR34,D2AR34,BDR,DAR (BDR: D2AR34),4.5,C,0.5,C,0.0,Fraco,60.32,63.6,60.37,55.83,83764272.38,False,0.0,False,0.0,False,0.0,False,0.0,False,0.0,False,False,0.54,68.65,False,False,False,False,False,False,False,0,0,0,738
OXYP34,OXYP34,BDR,OXY (BDR: OXYP34),4.5,C,0.5,C,0.0,Fraco,54.94,58.2,56.72,53.34,415177943.58,False,0.0,False,0.0,False,0.0,False,0.0,False,0.0,False,False,0.73,63.77,False,False,False,False,False,False,False,0,999,999,739
N2LY34,N2LY34,BDR,NLY (BDR: N2LY34),4.5,C,0.5,C,0.0,Fraco,20.32,22.44,21.74,21.67,358284612.06,False,0.0,False,0.0,False,0.0,False,0.0,False,0.0,False,False,1.49,23.17,False,False,False,False,False,False,False,0,0,0,740
FIIB11,FIIB11,ETF,FIIB11,4.5,C,0.5,C,0.0,Fraco,431.45,425.98,438.14,442.28,184660.61,False,0.0,False,0.0,False,0.0,False,0.0,False,0.0,True,False,1.09,438.0,False,False,False,False,False,False,False,0,999,999,741
SILK11,SILK11,ETF,SILK11,4.5,C,0.5,C,0.0,Fraco,59.97,62.77,62.05,61.68,51574.2,False,0.0,False,0.0,False,0.0,False,0.0,False,0.0,False,False,1.41,65.0,False,False,False,False,False,False,False,0,999,999,742
D1LR34,D1LR34,BDR,DLR (BDR: D1LR34),4.5,C,0.5,C,0.0,Fraco,176.56,187.28,184.97,178.48,307787862.62,False,0.0,False,0.0,False,0.0,False,0.0,False,0.0,False,False,0.87,190.78,False,False,False,False,False,False,False,0,0,0,743
N1BI34,N1BI34,BDR,NBIX (BDR: N1BI34),4.5,C,0.5,C,0.0,Fraco,138.35,157.66,150.64,147.45,205907697.58,False,0.0,False,0.0,False,0.0,False,0.0,False,0.0,False,False,1.03,160.43,False,False,False,False,False,False,False,0,999,999,744
C1FI34,C1FI34,BDR,CF (BDR: C1FI34),4.5,C,0.5,C,0.0,Fraco,115.71,124.84,119.69,111.16,285891290.21,False,0.0,False,0.0,False,0.0,False,0.0,False,0.0,False,False,0.91,141.66,False,False,False,False,False,False,False,0,999,999,745
PYPL34,PYPL34,BDR,PYPL (BDR: PYPL34),4.5,C,0.5,C,0.0,Fraco,53.89,56.59,49.33,50.13,431087499.45,False,0.0,False,0.0,False,0.0,False,0.0,False,0.0,False,False,0.57,56.82,False,False,False,False,False,False,False,0,999,999,746
SBUB34,SBUB34,BDR,SBUX (BDR: SBUB34),4.5,C,0.5,C,0.0,Fraco,95.43,102.65,100.31,97.73,651535348.6,False,0.0,False,0.0,False,0.0,False,0.0,False,0.0,False,False,0.84,107.9,False,False,False,False,False,False,False,0,0,0,747
FDXB34,FDXB34,BDR,FDX (BDR: FDXB34),4.5,C,0.5,C,0.0,Fraco,287.47,314.18,308.97,296.04,339284169.18,False,0.0,False,0.0,False,0.0,False,0.0,False,0.0,False,False,0.63,329.19,False,False,False,False,False,False,False,0,0,0,748
SOJA3,BOA SAFRA SEMENTES S.A.,BR_STOCK,SOJA3,4.5,C,0.5,C,0.0,Fraco,7.64,6.61,6.78,7.22,3325691.94,False,0.0,False,0.0,False,0.0,False,0.0,False,0.0,False,False,0.72,8.23,False,False,False,False,False,False,False,0,999,999,749
KLBN3,KLABIN S.A.,BR_STOCK,KLBN3,4.5,C,0.5,C,0.0,Fraco,3.8,3.8,3.67,3.71,1314419.98,False,0.0,False,0.0,False,0.0,False,0.0,False,0.0,False,False,0.52,4.19,False,False,False,False,False,False,False,0,999,999,750
A1TH34,A1TH34,BDR,ATHM (BDR: A1TH34),4.5,C,0.5,C,0.0,Fraco,21.2,22.04,19.27,19.85,9069932.73,False,0.0,False,0.0,False,0.0,False,0.0,False,0.0,False,False,0.9,22.73,False,False,False,False,False,False,False,0,0,0,751
C2OI34,C2OI34,BDR,COIN (BDR: C2OI34),4.5,C,0.5,C,0.0,Fraco,190.02,171.72,177.53,186.55,1100439478.28,False,0.0,False,0.0,False,0.0,False,0.0,False,0.0,False,False,0.51,208.33,False,False,False,False,False,False,False,0,999,999,752
E1DU34,E1DU34,BDR,EDU (BDR: E1DU34),4.5,C,0.5,C,0.0,Fraco,54.48,55.56,52.63,53.75,24662006.19,False,0.0,False,0.0,False,0.0,False,0.0,False,0.0,False,False,0.73,60.23,False,False,False,False,False,False,False,0,0,0,753
W1MB34,W1MB34,BDR,WMB (BDR: W1MB34),4.5,C,0.5,C,0.0,Fraco,68.63,72.03,72.54,70.08,427980506.15,False,0.0,False,0.0,False,0.0,False,0.0,True,0.8,False,False,0.84,76.31,False,False,False,False,False,False,False,0,0,0,754
SNEC34,SNEC34,BDR,SONY (BDR: SNEC34),4.5,C,0.5,C,0.0,Fraco,23.37,23.42,21.87,22.4,83980448.57,False,0.0,False,0.0,False,0.0,False,0.0,False,0.0,False,False,1.2,25.27,False,False,False,False,False,False,False,0,999,999,755
P1SA34,P1SA34,BDR,PSA (BDR: P1SA34),4.5,C,0.5,C,0.0,Fraco,285.58,308.73,301.77,294.04,230299126.25,False,0.0,False,0.0,False,0.0,False,0.0,False,0.0,False,False,0.84,307.78,False,False,False,False,False,False,False,0,0,0,756
R1FC34,R1FC34,BDR,RF (BDR: R1FC34),4.5,C,0.5,C,0.0,Fraco,26.89,30.01,28.38,28.23,351577491.86,False,0.0,False,0.0,False,0.0,False,0.0,False,0.0,False,False,1.27,30.63,False,False,False,False,False,False,False,0,0,0,757
VERZ34,VERZ34,BDR,VZ (BDR: VERZ34),4.5,C,0.5,C,0.0,Fraco,45.98,48.2,46.91,45.45,820570750.75,False,0.0,False,0.0,False,0.0,False,0.0,False,0.0,False,False,0.74,51.67,False,False,False,False,False,False,False,0,999,999,758
S2NA34,S2NA34,BDR,SNAP (BDR: S2NA34),4.5,C,0.5,C,0.0,Fraco,5.34,5.29,5.22,5.66,119224277.03,False,0.0,False,0.0,False,0.0,False,0.0,False,0.0,False,False,0.67,6.07,False,False,False,False,False,False,False,0,999,999,759
G2DD34,G2DD34,BDR,GDDY (BDR: G2DD34),4.5,C,0.5,C,0.0,Fraco,94.06,96.26,88.96,93.84,205655130.16,False,0.0,False,0.0,False,0.0,False,0.0,False,0.0,False,False,0.61,110.35,False,False,False,False,False,False,False,0,0,0,760
A2MB34,A2MB34,BDR,AMBA (BDR: A2MB34),4.5,C,0.5,C,0.0,Fraco,68.73,72.15,68.09,68.22,61941678.39,False,0.0,False,0.0,False,0.0,False,0.0,False,0.0,False,False,0.56,74.99,False,False,False,False,False,False,False,0,999,999,761
M1NS34,M1NS34,BDR,MNST (BDR: M1NS34),4.5,C,0.5,C,0.0,Fraco,41.74,45.79,43.23,42.32,442590650.42,False,0.0,False,0.0,False,0.0,False,0.0,False,0.0,False,False,1.0,46.66,False,False,False,False,False,False,False,0,999,999,762
AMER3,AMERICANAS S.A,BR_STOCK,AMER3,4.5,C,0.5,C,0.0,Fraco,5.08,4.68,4.95,5.06,6009639.91,False,0.0,False,0.0,False,0.0,False,0.0,False,0.0,False,False,0.94,5.68,False,False,False,False,False,False,False,0,999,999,763
J1BH34,J1BH34,BDR,JBHT (BDR: J1BH34),4.5,C,0.5,C,0.0,Fraco,229.28,264.38,253.84,242.37,224770749.04,False,0.0,False,0.0,False,0.0,False,0.0,False,0.0,False,False,0.62,276.54,False,False,False,False,False,False,False,0,0,0,764
GSGI34,GSGI34,BDR,GS (BDR: GSGI34),4.5,C,0.5,C,0.0,Fraco,916.24,1011.92,966.51,951.89,1688883184.24,False,0.0,False,0.0,False,0.0,False,0.0,False,0.0,False,False,0.73,1043.84,False,False,False,False,False,False,False,0,999,999,765
S1YY34,S1YY34,BDR,SYY (BDR: S1YY34),4.5,C,0.5,C,0.0,Fraco,78.49,82.04,79.39,79.18,281348967.14,False,0.0,False,0.0,False,0.0,False,0.0,False,0.0,False,False,0.58,84.7,False,False,False,False,False,False,False,0,0,0,766
L1NE34,L1NE34,BDR,LINE (BDR: L1NE34),4.5,C,0.5,C,0.0,Fraco,35.07,39.95,39.24,38.22,35509602.14,False,0.0,False,0.0,False,0.0,False,0.0,False,0.0,False,False,1.01,39.96,False,False,False,False,False,False,False,0,0,0,767
BCAT39,GLOBAL X S&P 500 CATHOLIC VALUES ETF,BDR,BCAT (BDR: BCAT39),4.5,C,0.5,C,0.0,Fraco,13.67,15.09,14.45,14.0,16032381.14,False,0.0,False,0.0,False,0.0,False,0.0,False,0.0,False,False,0.85,15.85,False,False,False,False,False,False,False,0,0,0,768
A2RR34,A2RR34,BDR,ARWR (BDR: A2RR34),4.5,C,0.5,C,0.0,Fraco,66.25,81.93,74.57,72.56,181729646.25,False,0.0,False,0.0,False,0.0,False,0.0,False,0.0,False,False,0.93,87.2,False,False,False,False,False,False,False,0,0,0,769
O1MC34,O1MC34,BDR,OMC (BDR: O1MC34),4.5,C,0.5,C,0.0,Fraco,74.14,81.4,77.53,76.88,181248499.57,False,0.0,False,0.0,False,0.0,False,0.0,False,0.0,False,False,0.62,87.4,False,False,False,False,False,False,False,0,0,0,770
COTY34,COTY34,BDR,COTY (BDR: COTY34),4.5,C,0.5,C,0.0,Fraco,2.69,2.74,2.38,2.55,13387253.34,False,0.0,False,0.0,False,0.0,False,0.0,False,0.0,False,False,0.93,2.98,False,False,False,False,False,False,False,0,999,999,771
U2ST34,U2ST34,BDR,U (BDR: U2ST34),4.5,C,0.5,C,0.0,Fraco,39.72,40.52,30.37,31.98,502907050.06,False,0.0,False,0.0,False,0.0,False,0.0,False,0.0,False,False,1.12,44.62,False,False,False,False,False,False,False,0,999,999,772
S1NA34,S1NA34,BDR,SNA (BDR: S1NA34),4.5,C,0.5,C,0.0,Fraco,367.08,391.24,381.09,375.24,61462404.63,False,0.0,False,0.0,False,0.0,False,0.0,False,0.0,False,False,0.5,390.76,False,False,False,False,False,False,False,0,0,0,773
SLBG34,SLBG34,BDR,SLB (BDR: SLBG34),4.5,C,0.5,C,0.0,Fraco,49.87,52.66,51.59,49.91,1330256089.63,False,0.0,False,0.0,False,0.0,False,0.0,False,0.0,False,False,1.95,60.15,False,False,False,False,False,False,False,0,0,0,774
M1DB34,M1DB34,BDR,MDB (BDR: M1DB34),4.5,C,0.5,C,0.0,Fraco,337.19,386.74,327.69,343.85,3138156542.82,False,0.0,False,0.0,False,0.0,False,0.0,False,0.0,False,False,3.08,455.97,False,False,False,False,False,False,False,0,999,999,775
Z1OM34,Z1OM34,BDR,ZM (BDR: Z1OM34),4.5,C,0.5,C,0.0,Fraco,88.36,96.87,91.94,91.06,212557840.45,False,0.0,False,0.0,False,0.0,False,0.0,False,0.0,False,False,0.75,102.25,False,False,False,False,False,False,False,0,999,999,776
ABUD34,ABUD34,BDR,BUD (BDR: ABUD34),4.5,C,0.5,C,0.0,Fraco,74.29,80.1,77.85,75.59,239632501.39,False,0.0,False,0.0,False,0.0,False,0.0,False,0.0,False,False,1.64,81.16,False,False,False,False,False,False,False,0,999,999,777
TOST34,TOST34,BDR,TOST (BDR: TOST34),4.5,C,0.5,C,0.0,Fraco,30.46,32.94,28.97,29.87,196847287.18,False,0.0,False,0.0,False,0.0,False,0.0,False,0.0,False,False,0.72,35.38,False,False,False,False,False,False,False,0,999,999,778
K2RC34,K2RC34,BDR,KRC (BDR: K2RC34),4.12,C,0.5,C,0.0,Fraco,33.84,36.59,34.19,34.36,48585881.74,False,0.0,False,0.0,False,0.0,False,0.0,True,0.65,False,False,0.87,37.53,False,False,False,False,False,False,False,0,0,0,779
GGRC11,GGRC11,ETF,GGRC11,4.0,C,0.5,C,0.0,Fraco,8.91,9.22,9.49,9.41,9683111.62,False,0.0,False,0.0,False,0.0,False,0.0,False,0.0,True,False,0.82,9.1,False,False,False,False,False,False,False,0,999,999,780
S2TA34,S2TA34,BDR,STAG (BDR: S2TA34),4.0,C,0.5,C,0.0,Fraco,36.89,37.69,37.83,37.61,66617473.39,False,0.0,False,0.0,False,0.0,False,0.0,False,0.0,True,False,0.95,38.0,False,False,False,False,False,False,False,0,0,0,781
RBRX11,RBRX11,ETF,RBRX11,4.0,C,0.5,C,0.0,Fraco,7.18,7.23,7.74,7.72,1804743.22,False,0.0,False,0.0,False,0.0,False,0.0,False,0.0,True,False,0.89,7.33,False,False,False,False,False,False,False,0,999,999,782
AAZQ11,AAZQ11,ETF,AAZQ11,4.0,C,0.5,C,0.0,Fraco,6.62,6.39,6.72,6.77,249137.08,False,0.0,False,0.0,False,0.0,False,0.0,False,0.0,True,False,0.65,6.77,False,False,False,False,False,False,False,0,999,999,783
K1TC34,K1TC34,BDR,KT (BDR: K1TC34),4.0,C,2.0,C,0.0,Fraco,19.27,19.08,19.84,19.98,17704235.84,False,0.0,False,0.0,False,0.0,False,0.0,False,0.0,True,False,0.77,20.13,False,False,False,False,False,True,False,0,0,0,784
BOTZ39,GLOBAL X ROBOTICS & ARTIFICIAL INTELLIGENCE ETF,BDR,BOTZ (BDR: BOTZ39),4.0,C,0.5,C,0.0,Fraco,35.24,35.71,36.7,36.87,23021799.74,False,0.0,False,0.0,False,0.0,False,0.0,False,0.0,True,False,1.22,36.07,False,False,False,False,False,False,False,0,999,999,785
AVGO34,AVGO34,BDR,AVGO (BDR: AVGO34),4.0,C,0.5,C,0.0,Fraco,355.1,375.15,376.55,366.5,6701530408.59,False,0.0,False,0.0,False,0.0,False,0.0,False,0.0,True,False,0.77,372.07,False,False,False,False,False,False,False,0,999,999,786
S1OU34,S1OU34,BDR,LUV (BDR: S1OU34),4.0,C,0.5,C,0.0,Fraco,42.08,42.39,42.55,43.14,170889538.48,False,0.0,False,0.0,False,0.0,False,0.0,False,0.0,True,False,0.55,43.2,False,False,False,False,False,False,False,0,0,0,787
HSML11,HSML11,ETF,HSML11,4.0,C,0.5,C,0.0,Fraco,82.4,83.31,86.48,86.27,3251504.06,False,0.0,False,0.0,False,0.0,False,0.0,False,0.0,True,False,0.99,85.58,False,False,False,False,False,False,False,0,999,999,788
DDNB34,DDNB34,BDR,DD (BDR: DDNB34),4.0,C,0.5,C,0.0,Fraco,130.12,135.66,138.18,136.57,108890527.55,False,0.0,False,0.0,False,0.0,False,0.0,False,0.0,True,False,0.75,136.56,False,False,False,False,False,False,False,0,0,0,789
G1SK34,G1SK34,BDR,GSK (BDR: G1SK34),4.0,C,0.5,C,0.0,Fraco,49.35,50.65,51.92,51.69,141333411.28,False,0.0,False,0.0,False,0.0,False,0.0,False,0.0,True,False,0.86,51.52,False,False,False,False,False,False,False,0,0,0,790
GLDI11,GLDI11,ETF,GLDI11,4.0,C,0.5,C,0.0,Fraco,54.94,56.51,57.73,58.23,327442.39,False,0.0,False,0.0,False,0.0,False,0.0,True,1.0,False,False,1.12,59.33,False,False,False,False,False,False,False,0,999,999,791
ICRI11,ICRI11,ETF,ICRI11,4.0,C,0.5,C,0.0,Fraco,86.98,88.58,90.9,89.11,184310.63,False,0.0,False,0.0,False,0.0,False,0.0,False,0.0,False,False,0.28,92.01,False,False,False,False,False,False,False,0,999,999,792
VCRA11,VCRA11,ETF,VCRA11,4.0,C,0.5,C,0.0,Fraco,56.43,53.71,57.43,57.72,201906.54,False,0.0,False,0.0,False,0.0,False,0.0,False,0.0,True,False,0.5,56.79,False,False,False,False,False,False,False,0,999,999,793
D1OV34,D1OV34,BDR,DOV (BDR: D1OV34),4.0,C,0.5,C,0.0,Fraco,189.7,198.48,209.71,209.3,224881568.68,False,0.0,False,0.0,False,0.0,False,0.0,False,0.0,True,False,0.83,197.66,False,False,False,False,False,False,False,0,0,0,794
KNDI11,KNDI11,ETF,KNDI11,4.0,C,0.5,C,0.0,Fraco,94.69,96.45,98.37,97.36,1477164.04,False,0.0,False,0.0,False,0.0,False,0.0,False,0.0,True,False,1.31,97.52,False,False,False,False,False,False,False,0,999,999,795
FIIP11,FIIP11,ETF,FIIP11,4.0,C,0.5,C,0.0,Fraco,125.96,124.85,128.37,131.65,248015.24,False,0.0,False,0.0,False,0.0,False,0.0,False,0.0,True,False,1.66,128.19,False,False,False,False,False,False,False,0,999,999,796
RBFM11,RBFM11,ETF,RBFM11,4.0,C,0.5,C,0.0,Fraco,9.83,9.86,10.1,9.99,152423.98,False,0.0,False,0.0,False,0.0,False,0.0,False,0.0,True,False,0.83,10.17,False,False,False,False,False,False,False,0,999,999,797
H1CA34,H1CA34,BDR,HCA (BDR: H1CA34),4.0,C,2.0,C,0.0,Fraco,431.63,412.84,431.18,445.17,380642415.67,False,0.0,False,0.0,False,0.0,False,0.0,False,0.0,True,False,0.53,446.36,False,False,False,False,False,True,False,0,999,999,798
R1LC34,R1LC34,BDR,RL (BDR: R1LC34),4.0,C,0.5,C,0.0,Fraco,355.92,363.25,364.64,363.37,150653823.28,False,0.0,False,0.0,False,0.0,False,0.0,False,0.0,True,False,0.59,358.45,False,False,False,False,False,False,False,0,0,0,799
EGAF11,EGAF11,ETF,EGAF11,4.0,C,0.5,C,0.0,Fraco,82.58,83.12,85.68,85.61,299352.51,False,0.0,False,0.0,False,0.0,False,0.0,False,0.0,True,False,0.45,86.8,False,False,False,False,False,False,False,0,999,999,800
B1TI34,B1TI34,BDR,BTI (BDR: B1TI34),4.0,C,0.5,C,0.0,Fraco,54.85,57.33,58.62,58.13,358556359.78,False,0.0,False,0.0,False,0.0,False,0.0,False,0.0,True,False,1.59,57.5,False,False,False,False,False,False,False,0,999,999,801
BTAG11,BTAG11,ETF,BTAG11,4.0,C,0.5,C,0.0,Fraco,95.49,97.62,102.86,102.11,414426.59,False,0.0,False,0.0,False,0.0,False,0.0,False,0.0,True,False,0.71,99.09,False,False,False,False,False,False,False,0,999,999,802
GRND3,GRENDENE S.A.,BR_STOCK,GRND3,4.0,C,0.5,C,0.0,Fraco,3.82,3.61,3.96,4.07,4534339.92,False,0.0,False,0.0,False,0.0,False,0.0,False,0.0,True,False,0.62,3.83,False,False,False,False,False,False,False,0,999,999,803
MATD3,HOSPITAL MATER DEI S/A,BR_STOCK,MATD3,4.0,C,0.5,C,0.0,Fraco,5.04,4.95,5.21,5.27,306936.0,False,0.0,False,0.0,False,0.0,False,0.0,False,0.0,True,False,0.22,5.24,False,False,False,False,False,False,False,0,999,999,804
BBGO11,BBGO11,ETF,BBGO11,4.0,C,0.5,C,0.0,Fraco,65.34,63.4,66.99,67.0,86379.48,False,0.0,False,0.0,False,0.0,False,0.0,False,0.0,True,False,0.29,66.62,False,False,False,False,False,False,False,0,999,999,805
VCRR11,VCRR11,ETF,VCRR11,4.0,C,2.0,C,0.0,Fraco,57.37,54.6,57.22,58.66,161553.92,False,0.0,False,0.0,False,0.0,False,0.0,False,0.0,True,False,3.07,58.0,False,False,False,False,False,True,False,0,999,999,806
COWC34,COWC34,BDR,COST (BDR: COWC34),4.0,C,0.5,C,0.0,Fraco,924.59,933.77,967.84,958.79,2225998568.34,False,0.0,False,0.0,False,0.0,False,0.0,False,0.0,True,False,0.89,952.1,False,False,False,False,False,False,False,0,999,999,807
IRIM11,IRIM11,ETF,IRIM11,4.0,C,0.5,C,0.0,Fraco,60.39,61.18,61.54,61.31,2141187.82,False,0.0,False,0.0,False,0.0,False,0.0,False,0.0,True,False,0.73,61.2,False,False,False,False,False,False,False,0,999,999,808
SAPI11,SAPI11,ETF,SAPI11,4.0,C,0.5,C,0.0,Fraco,8.34,8.7,8.7,8.58,382105.45,False,0.0,False,0.0,False,0.0,False,0.0,False,0.0,False,False,1.7,8.79,False,False,False,False,False,False,False,0,999,999,809
WHGR11,WHGR11,ETF,WHGR11,4.0,C,0.5,C,0.0,Fraco,8.33,8.56,8.83,8.77,271566.33,False,0.0,False,0.0,False,0.0,False,0.0,False,0.0,False,False,1.06,8.84,False,False,False,False,False,False,False,0,999,999,810
BBDC4,BCO BRADESCO S.A.,BR_STOCK,BBDC4,4.0,C,0.5,C,0.0,Fraco,17.78,17.65,18.08,18.27,743420944.71,False,0.0,False,0.0,False,0.0,False,0.0,False,0.0,True,False,1.11,18.66,False,False,False,False,False,False,False,0,999,999,811
TRIS3,TRISUL S.A.,BR_STOCK,TRIS3,4.0,C,2.0,C,0.0,Fraco,4.95,4.59,4.89,5.31,648944.97,False,0.0,False,0.0,False,0.0,False,0.0,False,0.0,True,False,0.5,5.16,False,False,False,False,False,True,False,0,999,999,812
NSDV11,NSDV11,ETF,NSDV11,4.0,C,0.5,C,0.0,Fraco,153.33,154.63,155.23,154.6,346679.13,False,0.0,False,0.0,False,0.0,False,0.0,False,0.0,False,False,0.1,165.85,False,False,False,False,False,False,False,0,999,999,813
CASA11,CASA11,ETF,CASA11,4.0,C,0.5,C,0.0,Fraco,82.17,85.54,84.15,84.41,821453.47,False,0.0,False,0.0,False,0.0,False,0.0,False,0.0,False,False,7.64,87.36,False,False,False,False,False,False,False,0,999,999,814
HONB34,HONB34,BDR,HON (BDR: HONB34),4.0,C,0.5,C,0.0,Fraco,210.13,222.68,230.13,228.76,420090855.11,False,0.0,False,0.0,False,0.0,False,0.0,False,0.0,True,False,0.55,215.54,False,False,False,False,False,False,False,0,0,0,815
JMBI11,JMBI11,ETF,JMBI11,4.0,C,0.5,C,0.0,Fraco,80.0,80.92,81.55,,595520.0,False,0.0,False,0.0,False,0.0,False,0.0,False,0.0,False,False,0.8,84.86,False,False,False,False,False,False,False,0,999,999,816
HABT11,HABT11,ETF,HABT11,4.0,C,0.5,C,0.0,Fraco,65.16,66.38,68.91,68.73,519520.71,False,0.0,False,0.0,False,0.0,False,0.0,False,0.0,True,False,0.65,66.68,False,False,False,False,False,False,False,0,999,999,817
PINE4,BCO PINE S.A.,BR_STOCK,PINE4,4.0,C,0.5,C,0.0,Fraco,11.88,11.67,12.49,12.53,7689924.07,False,0.0,False,0.0,False,0.0,False,0.0,False,0.0,True,False,1.05,12.1,False,False,False,False,False,False,False,0,999,999,818
BBDC3,BCO BRADESCO S.A.,BR_STOCK,BBDC3,4.0,C,0.5,C,0.0,Fraco,15.65,15.51,15.74,15.84,131943581.78,False,0.0,False,0.0,False,0.0,False,0.0,False,0.0,True,False,1.16,16.44,False,False,False,False,False,False,False,0,999,999,819
YDUQ3,YDUQS PARTICIPACOES S.A.,BR_STOCK,YDUQ3,3.75,C,0.5,C,0.0,Fraco,10.41,8.95,9.77,10.55,48912425.28,False,0.0,False,0.0,False,0.0,False,0.0,True,0.5,False,False,0.61,11.64,False,False,False,False,False,False,False,0,999,999,820
EART39,EART39,BDR,EART (BDR: EART39),3.62,C,0.5,C,0.0,Fraco,27.88,29.33,30.44,30.52,184094.95,False,0.0,False,0.0,False,0.0,False,0.0,True,0.85,False,False,0.54,31.46,False,False,False,False,False,False,False,0,999,999,821
DEVA11,DEVA11,ETF,DEVA11,3.62,C,0.5,C,0.0,Fraco,17.05,17.12,18.76,19.82,251299.94,False,0.0,False,0.0,False,0.0,False,0.0,True,0.65,True,False,0.71,17.59,False,False,False,False,False,False,False,0,999,999,822
H1BA34,H1BA34,BDR,HBAN (BDR: H1BA34),3.5,C,0.5,C,0.0,Fraco,15.27,16.77,16.42,16.65,422150034.9,False,0.0,False,0.0,False,0.0,False,0.0,False,0.0,False,False,0.7,16.99,False,False,False,False,False,False,False,0,0,0,823
B2HI34,B2HI34,BDR,BILL (BDR: B2HI34),3.5,C,0.5,C,0.0,Fraco,41.92,47.27,41.48,43.45,67769462.0,False,0.0,False,0.0,False,0.0,False,0.0,False,0.0,False,False,0.81,50.89,False,False,False,False,False,False,False,0,999,999,824
S2EA34,S2EA34,BDR,SE (BDR: S2EA34),3.5,C,0.5,C,0.0,Fraco,98.62,110.72,97.23,103.31,331598713.8,False,0.0,False,0.0,False,0.0,False,0.0,False,0.0,False,False,0.98,118.25,False,False,False,False,False,False,False,0,999,999,825
KLBN11,KLABIN S.A.,BR_STOCK,KLBN11,3.5,C,0.5,C,0.0,Fraco,18.27,18.5,18.13,18.35,117315326.94,False,0.0,False,0.0,False,0.0,False,0.0,False,0.0,False,False,1.02,19.81,False,False,False,False,False,False,False,0,999,999,826
P1AY34,P1AY34,BDR,PAYX (BDR: P1AY34),3.5,C,0.5,C,0.0,Fraco,99.31,117.64,102.32,102.43,402442741.7,False,0.0,False,0.0,False,0.0,False,0.0,False,0.0,False,False,0.91,127.98,False,False,False,False,False,False,False,0,0,0,827
TEND3,CONSTRUTORA TENDA S.A.,BR_STOCK,TEND3,3.5,C,0.5,C,0.0,Fraco,27.33,31.26,31.25,29.9,388129726.92,False,0.0,False,0.0,False,0.0,False,0.0,False,0.0,False,False,3.29,35.63,False,False,False,False,False,False,False,0,999,999,828
A1PD34,A1PD34,BDR,APD (BDR: A1PD34),3.5,C,0.5,C,0.0,Fraco,279.19,296.94,290.97,283.27,296484427.14,False,0.0,False,0.0,False,0.0,False,0.0,False,0.0,False,False,0.74,313.93,False,False,False,False,False,False,False,0,999,999,829
B1BT34,B1BT34,BDR,TFC (BDR: B1BT34),3.5,C,0.5,C,0.0,Fraco,46.44,50.51,48.88,49.07,337241418.59,False,0.0,False,0.0,False,0.0,False,0.0,False,0.0,False,False,0.76,51.89,False,False,False,False,False,False,False,0,0,0,830
MDTC34,MDTC34,BDR,MDT (BDR: MDTC34),3.5,C,0.5,C,0.0,Fraco,87.09,88.98,84.21,87.29,1693549891.54,False,0.0,False,0.0,False,0.0,False,0.0,False,0.0,False,False,1.59,94.63,False,False,False,False,False,False,False,0,999,999,831
ACNB34,ACNB34,BDR,ACN (BDR: ACNB34),3.5,C,0.5,C,0.0,Fraco,177.12,176.59,174.56,194.49,1123735860.7,False,0.0,False,0.0,False,0.0,False,0.0,False,0.0,False,False,1.17,197.63,False,False,False,False,False,False,False,0,999,999,832
C1MG34,C1MG34,BDR,CMG (BDR: C1MG34),3.5,C,0.5,C,0.0,Fraco,31.88,34.7,33.79,34.92,439003655.96,False,0.0,False,0.0,False,0.0,False,0.0,False,0.0,False,False,0.82,38.92,False,False,False,False,False,False,False,0,0,0,833
BSCZ39,ISHARES MSCI EAFE SMALL-CAP ETF,BDR,BSCZ (BDR: BSCZ39),3.5,C,0.5,C,0.0,Fraco,19.25,19.81,20.01,20.04,1555187.77,False,0.0,False,0.0,False,0.0,False,0.0,False,0.0,True,False,0.15,19.92,False,False,False,False,False,False,False,0,0,0,834
RYTT34,RYTT34,BDR,RTX (BDR: RYTT34),3.5,C,0.5,C,0.0,Fraco,186.94,207.12,194.6,193.7,673983390.04,False,0.0,False,0.0,False,0.0,False,0.0,False,0.0,False,False,0.82,211.31,False,False,False,False,False,False,False,0,999,999,835
CMIN3,CSN MINERAÇÃO S.A.,BR_STOCK,CMIN3,3.5,C,0.5,C,0.0,Fraco,4.76,5.84,5.09,5.18,72461483.48,False,0.0,False,0.0,False,0.0,False,0.0,False,0.0,False,False,1.66,7.07,False,False,False,False,False,False,False,0,999,999,836
C1DW34,C1DW34,BDR,CDW (BDR: C1DW34),3.5,C,0.5,C,0.0,Fraco,129.71,141.93,130.48,130.72,164909800.37,False,0.0,False,0.0,False,0.0,False,0.0,False,0.0,False,False,0.81,158.05,False,False,False,False,False,False,False,0,0,0,837
V1RT34,V1RT34,BDR,VRT (BDR: V1RT34),3.5,C,0.5,C,0.0,Fraco,248.34,264.12,288.7,263.31,816120971.67,False,0.0,False,0.0,False,0.0,False,0.0,False,0.0,False,False,0.68,295.27,False,False,False,False,False,False,False,0,999,999,838
M1SC34,M1SC34,BDR,MSCI (BDR: M1SC34),3.5,C,0.5,C,0.0,Fraco,539.76,561.13,571.3,569.68,322631290.4,False,0.0,False,0.0,False,0.0,False,0.0,False,0.0,False,False,0.98,576.39,False,False,False,False,False,False,False,0,0,0,839
UPSS34,UPSS34,BDR,UPS (BDR: UPSS34),3.5,C,0.5,C,0.0,Fraco,93.93,102.62,102.21,102.47,399230304.58,False,0.0,False,0.0,False,0.0,False,0.0,False,0.0,False,False,0.74,105.05,False,False,False,False,False,False,False,0,0,0,840
M1GM34,M1GM34,BDR,MGM (BDR: M1GM34),3.5,C,0.5,C,0.0,Fraco,31.52,41.87,41.26,39.85,169054496.54,False,0.0,False,0.0,False,0.0,False,0.0,False,0.0,False,False,0.83,42.36,False,False,False,False,False,False,False,0,0,0,841
KMBB34,KMBB34,BDR,KMB (BDR: KMBB34),3.5,C,0.5,C,0.0,Fraco,98.99,105.11,101.07,100.45,265684105.78,False,0.0,False,0.0,False,0.0,False,0.0,False,0.0,False,False,0.65,108.7,False,False,False,False,False,False,False,0,0,0,842
D2AS34,D2AS34,BDR,DASH (BDR: D2AS34),3.5,C,0.5,C,0.0,Fraco,187.1,205.44,180.86,187.35,1076351908.71,False,0.0,False,0.0,False,0.0,False,0.0,False,0.0,False,False,1.21,238.31,False,False,False,False,False,False,False,0,0,0,843
CMIG4,CIA ENERGETICA DE MINAS GERAIS - CEMIG,BR_STOCK,CMIG4,3.5,C,0.5,C,0.0,Fraco,10.96,10.85,11.18,11.01,100990920.35,False,0.0,False,0.0,False,0.0,False,0.0,False,0.0,False,False,0.67,11.72,False,False,False,False,False,False,False,0,999,999,844
WFCO34,WFCO34,BDR,WFC (BDR: WFCO34),3.5,C,0.5,C,0.0,Fraco,80.48,86.44,82.3,84.21,1023398209.09,False,0.0,False,0.0,False,0.0,False,0.0,False,0.0,False,False,0.89,91.99,False,False,False,False,False,False,False,0,999,999,845
P2AT34,P2AT34,BDR,PATH (BDR: P2AT34),3.5,C,0.5,C,0.0,Fraco,12.32,14.46,12.16,12.74,445666650.4,False,0.0,False,0.0,False,0.0,False,0.0,False,0.0,False,False,0.71,18.83,False,False,False,False,False,False,False,0,999,999,846
C1TV34,C1TV34,BDR,CTVA (BDR: C1TV34),3.5,C,0.5,C,0.0,Fraco,77.87,82.0,80.98,78.34,278843291.18,False,0.0,False,0.0,False,0.0,False,0.0,False,0.0,False,False,0.76,90.87,False,False,False,False,False,False,False,0,999,999,847
MTRE3,MITRE REALTY EMPREENDIMENTOS E PARTICIPAÇÕES S.A.,BR_STOCK,MTRE3,3.5,C,0.5,C,0.0,Fraco,3.37,3.1,3.33,3.39,2348552.92,False,0.0,False,0.0,False,0.0,False,0.0,False,0.0,False,False,1.61,3.61,False,False,False,False,False,False,False,0,999,999,848
F1LS34,F1LS34,BDR,FLS (BDR: F1LS34),3.5,C,0.5,C,0.0,Fraco,73.81,76.2,75.59,75.88,81933525.89,False,0.0,False,0.0,False,0.0,False,0.0,False,0.0,False,False,0.67,80.31,False,False,False,False,False,False,False,0,0,0,849
MDNE3,MOURA DUBEUX ENGENHARIA S/A,BR_STOCK,MDNE3,3.5,C,0.5,C,0.0,Fraco,24.88,24.65,27.89,27.52,33938806.86,False,0.0,False,0.0,False,0.0,False,0.0,False,0.0,False,False,0.81,26.6,False,False,False,False,False,False,False,0,999,999,850
PSSA3,PORTO SEGURO S.A.,BR_STOCK,PSSA3,3.5,C,0.5,C,0.0,Fraco,46.98,49.72,49.63,48.9,61623665.4,False,0.0,False,0.0,False,0.0,False,0.0,False,0.0,False,False,0.91,51.84,False,False,False,False,False,False,False,0,999,999,851
ATTB34,ATTB34,BDR,T (BDR: ATTB34),3.5,C,0.5,C,0.0,Fraco,24.48,24.87,24.82,24.78,805771865.57,False,0.0,False,0.0,False,0.0,False,0.0,False,0.0,False,False,0.83,26.93,False,False,False,False,False,False,False,0,999,999,852
P1PG34,P1PG34,BDR,PPG (BDR: P1PG34),3.5,C,0.5,C,0.0,Fraco,106.02,111.57,110.75,110.87,197082798.18,False,0.0,False,0.0,False,0.0,False,0.0,False,0.0,False,False,1.02,113.55,False,False,False,False,False,False,False,0,0,0,853
P1AC34,P1AC34,BDR,PCAR (BDR: P1AC34),3.5,C,0.5,C,0.0,Fraco,111.8,125.74,120.76,120.23,312368537.73,False,0.0,False,0.0,False,0.0,False,0.0,False,0.0,False,False,0.62,126.49,False,False,False,False,False,False,False,0,0,0,854
B1CS34,B1CS34,BDR,BCS (BDR: B1CS34),3.5,C,0.5,C,0.0,Fraco,24.49,26.69,24.72,24.85,93784454.12,False,0.0,False,0.0,False,0.0,False,0.0,False,0.0,False,False,0.8,27.12,False,False,False,False,False,False,False,0,999,999,855
P2EN34,P2EN34,BDR,PENN (BDR: P2EN34),3.5,C,0.5,C,0.0,Fraco,14.61,18.25,17.71,16.73,75872211.92,False,0.0,False,0.0,False,0.0,False,0.0,False,0.0,False,False,1.65,18.05,False,False,False,False,False,False,False,0,0,0,856
RZTR11,RZTR11,ETF,RZTR11,3.5,C,0.5,C,0.0,Fraco,83.2,83.96,86.42,87.07,2183999.92,False,0.0,False,0.0,False,0.0,False,0.0,False,0.0,True,False,1.04,86.56,False,False,False,False,False,False,False,0,999,999,857
SLVR11,SLVR11,ETF,SLVR11,3.5,C,0.5,C,0.0,Fraco,39.27,40.26,,,579664.48,False,0.0,False,0.0,False,0.0,False,0.0,False,0.0,False,False,0.92,42.72,False,False,False,False,False,False,False,0,999,999,858
ULEV34,ULEV34,BDR,UL (BDR: ULEV34),3.5,C,0.5,C,0.0,Fraco,61.24,62.99,60.53,61.86,218711133.47,False,0.0,False,0.0,False,0.0,False,0.0,False,0.0,False,False,1.47,65.55,False,False,False,False,False,False,False,0,999,999,859
CSED3,CRUZEIRO DO SUL EDUCACIONAL S.A.,BR_STOCK,CSED3,3.5,C,0.5,C,0.0,Fraco,5.07,4.71,4.8,5.12,1735968.06,False,0.0,False,0.0,False,0.0,False,0.0,False,0.0,False,False,0.68,5.69,False,False,False,False,False,False,False,0,999,999,860
USIM5,USINAS SID DE MINAS GERAIS S.A.-USIMINAS,BR_STOCK,USIM5,3.5,C,0.5,C,0.0,Fraco,6.95,7.29,7.96,7.54,68397033.12,False,0.0,False,0.0,False,0.0,False,0.0,False,0.0,False,False,0.98,8.08,False,False,False,False,False,False,False,0,999,999,861
BOXP34,BOXP34,BDR,BXP (BDR: BOXP34),3.5,C,0.5,C,0.0,Fraco,61.71,67.22,61.6,62.24,74420901.28,False,0.0,False,0.0,False,0.0,False,0.0,False,0.0,False,False,0.72,69.7,False,False,False,False,False,False,False,0,999,999,862
BKCH39,GLOBAL X BLOCKCHAIN ETF,BDR,BKCH (BDR: BKCH39),3.5,C,0.5,C,0.0,Fraco,71.5,69.66,72.17,71.76,2194192.0,False,0.0,False,0.0,False,0.0,False,0.0,False,0.0,False,False,0.67,81.0,False,False,False,False,False,False,False,0,999,999,863
LKFT34,LKFT34,BDR,LKFT (BDR: LKFT34),3.5,C,0.5,C,0.0,Fraco,29.52,28.28,29.12,30.18,5871173.85,False,0.0,False,0.0,False,0.0,False,0.0,False,0.0,False,False,0.45,32.41,False,False,False,False,False,False,False,0,0,0,864
ABTT34,ABTT34,BDR,ABT (BDR: ABTT34),3.5,C,0.5,C,0.0,Fraco,100.95,107.0,99.21,103.53,739865657.08,False,0.0,False,0.0,False,0.0,False,0.0,False,0.0,False,False,0.78,113.91,False,False,False,False,False,False,False,0,0,0,865
RECV3,PETRORECÔNCAVO S.A.,BR_STOCK,RECV3,3.5,C,0.5,C,0.0,Fraco,10.83,10.62,11.14,10.84,17252189.88,False,0.0,False,0.0,False,0.0,False,0.0,False,0.0,False,False,0.89,11.8,False,False,False,False,False,False,False,0,999,999,866
I1CE34,I1CE34,BDR,ICE (BDR: I1CE34),3.5,C,0.5,C,0.0,Fraco,152.19,154.32,151.32,154.14,287602122.44,False,0.0,False,0.0,False,0.0,False,0.0,False,0.0,False,False,0.66,164.11,False,False,False,False,False,False,False,0,0,0,867
MEAL3,INTERNATIONAL MEAL COMPANY ALIMENTACAO S.A.,BR_STOCK,MEAL3,3.5,C,0.5,C,0.0,Fraco,0.95,0.73,0.9,0.98,1195194.99,False,0.0,False,0.0,False,0.0,False,0.0,False,0.0,False,False,4.4,1.04,False,False,False,False,False,False,False,0,999,999,868
PNVL3,DIMED S.A. DISTRIBUIDORA DE MEDICAMENTOS,BR_STOCK,PNVL3,3.5,C,0.5,C,0.0,Fraco,12.46,12.05,12.47,12.47,20849318.06,False,0.0,False,0.0,False,0.0,False,0.0,False,0.0,False,False,1.68,13.46,False,False,False,False,False,False,False,0,999,999,869
AMAR3,MARISA LOJAS S.A.,BR_STOCK,AMAR3,3.5,C,0.5,C,0.0,Fraco,0.81,0.68,0.73,0.8,64881.0,False,0.0,False,0.0,False,0.0,False,0.0,False,0.0,False,False,0.88,0.91,False,False,False,False,False,False,False,0,999,999,870
C1RR34,C1RR34,BDR,CARR (BDR: C1RR34),3.5,C,0.5,C,0.0,Fraco,55.38,60.27,62.63,61.3,349916709.21,False,0.0,False,0.0,False,0.0,False,0.0,False,0.0,False,False,0.72,60.36,False,False,False,False,False,False,False,0,999,999,871
A1RE34,A1RE34,BDR,ARE (BDR: A1RE34),3.5,C,0.5,C,0.0,Fraco,48.47,51.13,48.95,49.51,69246570.3,False,0.0,False,0.0,False,0.0,False,0.0,False,0.0,False,False,0.66,57.28,False,False,False,False,False,False,False,0,0,0,872
T1SS34,T1SS34,BDR,TS (BDR: T1SS34),3.5,C,0.5,C,0.0,Fraco,55.05,55.47,57.13,53.51,52880919.17,False,0.0,False,0.0,False,0.0,False,0.0,False,0.0,False,False,0.89,58.16,False,False,False,False,False,False,False,0,999,999,873
CDII11,CDII11,ETF,CDII11,3.5,C,0.5,C,0.0,Fraco,95.2,95.95,97.36,97.81,5356808.63,False,0.0,False,0.0,False,0.0,False,0.0,False,0.0,True,False,0.73,97.0,False,False,False,False,False,False,False,0,999,999,874
RARA11,RARA11,ETF,RARA11,3.5,C,0.5,C,0.0,Fraco,15.1,16.71,,,464732.71,False,0.0,False,0.0,False,0.0,False,0.0,False,0.0,False,False,1.48,18.39,False,False,False,False,False,False,False,0,999,999,875
B1RF34,B1RF34,BDR,BR (BDR: B1RF34),3.5,C,0.5,C,0.0,Fraco,160.95,166.89,159.13,170.11,144528429.71,False,0.0,False,0.0,False,0.0,False,0.0,False,0.0,False,False,0.79,183.42,False,False,False,False,False,False,False,0,0,0,876
S1YM34,S1YM34,BDR,GEN (BDR: S1YM34),3.5,C,0.5,C,0.0,Fraco,20.85,28.16,24.31,24.5,475040299.64,False,0.0,False,0.0,False,0.0,False,0.0,False,0.0,False,False,1.57,31.65,False,False,False,False,False,False,False,0,999,999,877
T2DH34,T2DH34,BDR,TDOC (BDR: T2DH34),3.5,C,0.5,C,0.0,Fraco,5.75,6.81,6.72,6.59,21508484.5,False,0.0,False,0.0,False,0.0,False,0.0,False,0.0,False,False,1.12,6.73,False,False,False,False,False,False,False,0,999,999,878
GOLB11,GOLB11,ETF,GOLB11,3.5,C,0.5,C,0.0,Fraco,105.8,108.68,,,1111852.23,False,0.0,False,0.0,False,0.0,False,0.0,False,0.0,False,False,0.12,114.17,False,False,False,False,False,False,False,0,999,999,879
OPCT3,OCEANPACT SERVICOS MARITIMOS S.A.,BR_STOCK,OPCT3,3.5,C,0.5,C,0.0,Fraco,8.59,10.22,10.1,9.76,7846965.14,False,0.0,False,0.0,False,0.0,False,0.0,False,0.0,False,False,0.49,11.71,False,False,False,False,False,False,False,0,999,999,880
C2PT34,C2PT34,BDR,CPT (BDR: C2PT34),3.5,C,0.5,C,0.0,Fraco,98.46,106.75,105.93,105.93,126777784.04,False,0.0,False,0.0,False,0.0,False,0.0,False,0.0,False,False,0.96,106.54,False,False,False,False,False,False,False,0,0,0,881
MATB11,MATB11,ETF,MATB11,3.5,C,0.5,C,0.0,Fraco,61.11,63.25,62.43,62.88,441703.08,False,0.0,False,0.0,False,0.0,False,0.0,False,0.0,False,False,0.25,67.75,False,False,False,False,False,False,False,0,999,999,882
AALR3,ALLIANÇA SAÚDE E PARTICIPAÇÕES S.A.,BR_STOCK,AALR3,3.25,C,0.5,C,0.0,Fraco,3.28,3.24,3.42,3.67,276176.0,False,0.0,False,0.0,False,0.0,False,0.0,True,0.7,False,False,1.43,3.64,False,False,False,False,False,False,False,0,999,999,883
RGTI34,RGTI34,BDR,RGTI (BDR: RGTI34),3.25,C,0.5,C,0.0,Fraco,15.74,16.12,17.46,18.48,205755228.77,False,0.0,False,0.0,False,0.0,False,0.0,True,0.7,False,False,0.76,17.66,False,False,False,False,False,False,False,0,999,999,884
HGRU11,HGRU11,ETF,HGRU11,3.0,C,0.5,C,0.0,Fraco,114.55,116.45,122.43,121.67,5077314.34,False,0.0,False,0.0,False,0.0,False,0.0,False,0.0,True,False,0.47,115.83,False,False,False,False,False,False,False,0,999,999,885
BHIA3,GRUPO CASAS BAHIA S.A.,BR_STOCK,BHIA3,3.0,C,0.5,C,0.0,Fraco,1.07,0.72,1.6,1.96,12822131.63,False,0.0,False,0.0,False,0.0,False,0.0,False,0.0,True,False,1.08,1.11,False,False,False,False,False,False,False,0,999,999,886
SMAC11,SMAC11,ETF,SMAC11,3.0,C,0.5,C,0.0,Fraco,57.33,55.6,58.35,59.24,2465132.75,False,0.0,False,0.0,False,0.0,False,0.0,False,0.0,True,False,3.33,58.99,False,False,False,False,False,False,False,0,999,999,887
LOGN3,LOG-IN LOGISTICA INTERMODAL S.A.,BR_STOCK,LOGN3,3.0,C,0.5,C,0.0,Fraco,27.99,27.79,29.36,30.24,445041.0,False,0.0,False,0.0,False,0.0,False,0.0,False,0.0,True,False,0.61,29.0,False,False,False,False,False,False,False,0,999,999,888
LIFE11,LIFE11,ETF,LIFE11,3.0,C,0.5,C,0.0,Fraco,7.0,6.92,7.37,7.41,1173746.0,False,0.0,False,0.0,False,0.0,False,0.0,False,0.0,True,False,2.74,7.08,False,False,False,False,False,False,False,0,999,999,889
BBIG11,BBIG11,ETF,BBIG11,3.0,C,0.5,C,0.0,Fraco,5.21,5.03,6.01,6.22,429298.79,False,0.0,False,0.0,False,0.0,False,0.0,False,0.0,True,False,0.79,5.27,False,False,False,False,False,False,False,0,999,999,890
CEBR3,CIA ENERGETICA DE BRASILIA,BR_STOCK,CEBR3,3.0,C,0.5,C,0.0,Fraco,23.35,23.69,26.56,26.65,67715.0,False,0.0,False,0.0,False,0.0,False,0.0,False,0.0,True,False,0.56,24.2,False,False,False,False,False,False,False,0,999,999,891
R1CL34,R1CL34,BDR,RCL (BDR: R1CL34),3.0,C,0.5,C,0.0,Fraco,260.67,281.55,279.73,284.07,1048615249.25,False,0.0,False,0.0,False,0.0,False,0.0,False,0.0,True,False,1.03,276.96,False,False,False,False,False,False,False,0,0,0,892
KDIF11,KDIF11,ETF,KDIF11,3.0,C,0.5,C,0.0,Fraco,113.0,113.83,118.37,118.64,4072294.0,False,0.0,False,0.0,False,0.0,False,0.0,False,0.0,True,False,0.85,118.0,False,False,False,False,False,False,False,0,999,999,893
B2UR34,B2UR34,BDR,BURL (BDR: B2UR34),3.0,C,0.5,C,0.0,Fraco,270.05,306.35,315.53,310.85,407034194.35,False,0.0,False,0.0,False,0.0,False,0.0,False,0.0,True,False,0.86,271.18,False,False,False,False,False,False,False,0,0,0,894
SMAL11,SMAL11,ETF,SMAL11,3.0,C,0.5,C,0.0,Fraco,109.65,106.76,111.72,113.37,225816612.29,False,0.0,False,0.0,False,0.0,False,0.0,False,0.0,True,False,0.7,113.66,False,False,False,False,False,False,False,0,999,999,895
A1ZN34,A1ZN34,BDR,AZN (BDR: A1ZN34),3.0,C,0.5,C,0.0,Fraco,164.21,163.96,180.09,182.0,501401133.44,False,0.0,False,0.0,False,0.0,False,0.0,False,0.0,True,False,1.08,169.35,False,False,False,False,False,False,False,0,999,999,896
VGRI11,VGRI11,ETF,VGRI11,3.0,C,0.5,C,0.0,Fraco,5.59,5.38,6.0,6.37,92609.53,False,0.0,False,0.0,False,0.0,False,0.0,False,0.0,True,False,0.59,5.64,False,False,False,False,False,False,False,0,999,999,897
TRBL11,TRBL11,ETF,TRBL11,3.0,C,0.5,C,0.0,Fraco,51.14,50.65,60.31,60.51,227879.84,False,0.0,False,0.0,False,0.0,False,0.0,False,0.0,True,False,0.33,53.0,False,False,False,False,False,False,False,0,999,999,898
ARRI11,ARRI11,ETF,ARRI11,3.0,C,0.5,C,0.0,Fraco,4.84,4.6,5.05,5.28,113614.16,False,0.0,False,0.0,False,0.0,False,0.0,False,0.0,True,False,0.69,4.86,False,False,False,False,False,False,False,0,999,999,899
CSUD3,CSU DIGITAL S.A.,BR_STOCK,CSUD3,3.0,C,0.5,C,0.0,Fraco,14.61,13.92,15.89,16.35,375476.99,False,0.0,False,0.0,False,0.0,False,0.0,False,0.0,True,False,0.51,14.6,False,False,False,False,False,False,False,0,999,999,900
HIGH11,HIGH11,ETF,HIGH11,3.0,C,0.5,C,0.0,Fraco,84.54,80.37,87.09,90.12,1482747.08,False,0.0,False,0.0,False,0.0,False,0.0,False,0.0,True,False,0.33,87.17,False,False,False,False,False,False,False,0,999,999,901
RBRL11,RBRL11,ETF,RBRL11,3.0,C,0.5,C,0.0,Fraco,76.03,72.24,77.81,79.72,172968.25,False,0.0,False,0.0,False,0.0,False,0.0,False,0.0,True,False,0.4,76.83,False,False,False,False,False,False,False,0,999,999,902
POSI3,POSITIVO TECNOLOGIA S.A.,BR_STOCK,POSI3,3.0,C,0.5,C,0.0,Fraco,3.54,3.46,3.9,3.97,1510871.98,False,0.0,False,0.0,False,0.0,False,0.0,False,0.0,True,False,0.66,3.69,False,False,False,False,False,False,False,0,999,999,903
ESPA3,MPM CORPÓREOS S.A.,BR_STOCK,ESPA3,3.0,C,0.5,C,0.0,Fraco,7.5,7.3,8.75,8.93,413250.0,False,0.0,False,0.0,False,0.0,False,0.0,False,0.0,True,False,1.57,7.8,False,False,False,False,False,False,False,0,999,999,904
RBRY11,RBRY11,ETF,RBRY11,3.0,C,0.5,C,0.0,Fraco,81.44,81.41,85.85,86.53,2822710.48,False,0.0,False,0.0,False,0.0,False,0.0,False,0.0,True,False,0.77,84.4,False,False,False,False,False,False,False,0,999,999,905
VIUR11,VIUR11,ETF,VIUR11,3.0,C,0.5,C,0.0,Fraco,2.33,2.28,2.97,3.62,59717.9,False,0.0,False,0.0,False,0.0,False,0.0,False,0.0,True,False,0.8,2.36,False,False,False,False,False,False,False,0,999,999,906
ROMI3,ROMI S.A.,BR_STOCK,ROMI3,3.0,C,0.5,C,0.0,Fraco,6.35,5.86,6.47,6.87,2700654.96,False,0.0,False,0.0,False,0.0,False,0.0,False,0.0,True,False,1.22,6.53,False,False,False,False,False,False,False,0,999,999,907
CAML3,CAMIL ALIMENTOS S.A.,BR_STOCK,CAML3,3.0,C,0.5,C,0.0,Fraco,5.17,4.81,5.39,5.52,3494403.05,False,0.0,False,0.0,False,0.0,False,0.0,False,0.0,True,False,0.74,5.38,False,False,False,False,False,False,False,0,999,999,908
MELK3,MELNICK DESENVOLVIMENTO IMOBILIÁRIO S.A.,BR_STOCK,MELK3,3.0,C,0.5,C,0.0,Fraco,3.06,2.89,3.19,3.32,1133117.98,False,0.0,False,0.0,False,0.0,False,0.0,False,0.0,True,False,1.0,3.02,False,False,False,False,False,False,False,0,999,999,909
MOVI3,MOVIDA PARTICIPACOES SA,BR_STOCK,MOVI3,3.0,C,0.5,C,0.0,Fraco,9.34,7.73,10.0,10.31,91276085.49,False,0.0,False,0.0,False,0.0,False,0.0,False,0.0,True,False,1.29,9.19,False,False,False,False,False,False,False,0,999,999,910
AGRI11,AGRI11,ETF,AGRI11,3.0,C,0.5,C,0.0,Fraco,41.19,39.72,41.23,42.28,416636.84,False,0.0,False,0.0,False,0.0,False,0.0,False,0.0,True,False,8.59,42.69,False,False,False,False,False,False,False,0,999,999,911
IAAG11,IAAG11,ETF,IAAG11,3.0,C,0.5,C,0.0,Fraco,7.34,7.42,7.81,7.82,51879.12,False,0.0,False,0.0,False,0.0,False,0.0,False,0.0,True,False,0.38,7.51,False,False,False,False,False,False,False,0,999,999,912
XPIE11,XPIE11,ETF,XPIE11,3.0,C,0.5,C,0.0,Fraco,43.52,42.04,45.43,45.81,375490.56,False,0.0,False,0.0,False,0.0,False,0.0,False,0.0,True,False,0.64,44.45,False,False,False,False,False,False,False,0,999,999,913
URPR11,URPR11,ETF,URPR11,3.0,C,0.5,C,0.0,Fraco,19.74,19.21,24.39,26.93,117788.58,False,0.0,False,0.0,False,0.0,False,0.0,False,0.0,True,False,0.57,20.43,False,False,False,False,False,False,False,0,999,999,914
BODI11,BODI11,ETF,BODI11,3.0,C,0.5,C,0.0,Fraco,9.46,9.53,9.56,9.56,57355.98,False,0.0,False,0.0,False,0.0,False,0.0,False,0.0,False,False,0.11,10.0,False,False,False,False,False,False,False,0,999,999,915
RECT11,RECT11,ETF,RECT11,3.0,C,0.5,C,0.0,Fraco,33.0,33.03,34.63,34.67,269808.0,False,0.0,False,0.0,False,0.0,False,0.0,False,0.0,True,False,1.67,33.7,False,False,False,False,False,False,False,0,999,999,916
EVEN3,EVEN CONSTRUTORA E INCORPORADORA S.A.,BR_STOCK,EVEN3,3.0,C,0.5,C,0.0,Fraco,4.87,4.47,5.63,6.11,3461595.92,False,0.0,False,0.0,False,0.0,False,0.0,False,0.0,True,False,0.52,4.92,False,False,False,False,False,False,False,0,999,999,917
KEPL3,KEPLER WEBER S.A.,BR_STOCK,KEPL3,3.0,C,0.5,C,0.0,Fraco,6.55,6.35,7.08,7.78,5538680.16,False,0.0,False,0.0,False,0.0,False,0.0,False,0.0,True,False,0.58,6.8,False,False,False,False,False,False,False,0,999,999,918
PTBL3,PBG S/A,BR_STOCK,PTBL3,3.0,C,0.5,C,0.0,Fraco,1.77,1.61,2.04,2.36,849068.99,False,0.0,False,0.0,False,0.0,False,0.0,False,0.0,True,False,1.43,1.82,False,False,False,False,False,False,False,0,999,999,919
SHUL4,SCHULZ S.A.,BR_STOCK,SHUL4,3.0,C,0.5,C,0.0,Fraco,4.39,4.35,4.7,4.75,1105840.97,False,0.0,False,0.0,False,0.0,False,0.0,False,0.0,True,False,0.38,4.5,False,False,False,False,False,False,False,0,999,999,920
BRBI11,BRBI BR PARTNERS S.A.,BR_STOCK,BRBI11,3.0,C,0.5,C,0.0,Fraco,14.67,13.67,15.79,16.51,4261635.02,False,0.0,False,0.0,False,0.0,False,0.0,False,0.0,True,False,1.18,14.93,False,False,False,False,False,False,False,0,999,999,921
RENT4,LOCALIZA RENT A CAR S.A.,BR_STOCK,RENT4,3.0,C,0.5,C,0.0,Fraco,37.6,34.79,39.34,40.17,3872799.84,False,0.0,False,0.0,False,0.0,False,0.0,False,0.0,True,False,0.65,37.94,False,False,False,False,False,False,False,0,999,999,922
UNIP6,UNIPAR CARBOCLORO S.A.,BR_STOCK,UNIP6,3.0,C,0.5,C,0.0,Fraco,56.2,58.71,61.15,61.21,12060520.16,False,0.0,False,0.0,False,0.0,False,0.0,False,0.0,True,False,1.29,58.88,False,False,False,False,False,False,False,0,999,999,923
BRST3,BRISANET SERVIÇOS DE TELECOMUNICAÇÕES S.A.,BR_STOCK,BRST3,3.0,C,2.0,C,0.0,Fraco,2.85,2.8,2.88,2.99,394724.99,False,0.0,False,0.0,False,0.0,False,0.0,False,0.0,True,False,0.76,2.92,False,False,False,False,False,True,False,0,999,999,924
AXIA3,AXIA3,BR_STOCK,AXIA3,3.0,C,2.0,C,0.0,Fraco,54.8,53.14,55.66,55.7,689323710.4,False,0.0,False,0.0,False,0.0,False,0.0,False,0.0,True,False,0.94,57.27,False,False,False,False,False,True,False,0,999,999,925
TRXY11,TRXY11,ETF,TRXY11,3.0,C,0.5,C,0.0,Fraco,7.58,7.52,7.98,8.12,84183.48,False,0.0,False,0.0,False,0.0,False,0.0,False,0.0,True,False,0.62,7.88,False,False,False,False,False,False,False,0,999,999,926
K1RC34,K1RC34,BDR,KR (BDR: K1RC34),3.0,C,0.5,C,0.0,Fraco,60.79,57.91,62.89,62.94,630259422.55,False,0.0,False,0.0,False,0.0,False,0.0,False,0.0,True,False,1.16,62.55,False,False,False,False,False,False,False,0,0,0,927
RENT3,LOCALIZA RENT A CAR S.A.,BR_STOCK,RENT3,3.0,C,0.5,C,0.0,Fraco,38.53,35.77,40.87,41.8,495780906.29,False,0.0,False,0.0,False,0.0,False,0.0,False,0.0,True,False,0.95,38.88,False,False,False,False,False,False,False,0,999,999,928
SIMH3,SIMPAR S.A.,BR_STOCK,SIMH3,3.0,C,0.5,C,0.0,Fraco,8.73,7.25,8.95,9.67,40626798.87,False,0.0,False,0.0,False,0.0,False,0.0,False,0.0,True,False,1.15,8.44,False,False,False,False,False,False,False,0,999,999,929
CEAB3,CEA MODAS S.A.,BR_STOCK,CEAB3,3.0,C,0.5,C,0.0,Fraco,9.51,8.91,10.6,10.94,70956013.71,False,0.0,False,0.0,False,0.0,False,0.0,False,0.0,True,False,0.85,9.75,False,False,False,False,False,False,False,0,999,999,930
R1DY34,R1DY34,BDR,RDY (BDR: R1DY34),3.0,C,0.5,C,0.0,Fraco,12.85,12.1,13.06,13.24,60305552.94,False,0.0,False,0.0,False,0.0,False,0.0,False,0.0,True,True,1.52,12.72,False,False,False,False,False,False,False,0,0,0,931
C1CL34,C1CL34,BDR,CCL (BDR: C1CL34),3.0,C,0.5,C,0.0,Fraco,25.11,25.28,26.29,27.28,1891390657.75,False,0.0,False,0.0,False,0.0,False,0.0,False,0.0,True,True,2.9,24.56,False,False,False,False,False,False,False,0,999,999,932
I1SR34,I1SR34,BDR,ISRG (BDR: I1SR34),3.0,C,0.5,C,0.0,Fraco,412.18,376.5,421.26,449.46,774125548.74,False,0.0,False,0.0,False,0.0,False,0.0,False,0.0,True,False,0.76,416.51,False,False,False,False,False,False,False,0,999,999,933
VFCO34,VFCO34,BDR,VFC (BDR: VFCO34),3.0,C,0.5,C,0.0,Fraco,14.5,14.26,16.34,17.07,160912532.0,False,0.0,False,0.0,False,0.0,False,0.0,False,0.0,True,False,1.36,14.67,False,False,False,False,False,False,False,0,0,0,934
V2TX34,V2TX34,BDR,VTEX (BDR: V2TX34),3.0,C,0.5,C,0.0,Fraco,3.59,3.81,3.83,3.73,1938908.69,False,0.0,False,0.0,False,0.0,False,0.0,False,0.0,True,False,0.78,3.73,False,False,False,False,False,False,False,0,0,0,935
LIGT3,LIGHT S.A.,BR_STOCK,LIGT3,3.0,C,0.5,C,0.0,Fraco,3.65,3.37,3.79,4.03,12638855.33,False,0.0,False,0.0,False,0.0,False,0.0,False,0.0,True,False,1.93,3.79,False,False,False,False,False,False,False,0,999,999,936
RAIZ4,RAIZEN S.A.,BR_STOCK,RAIZ4,3.0,C,0.5,C,0.0,Fraco,0.29,0.26,0.4,0.5,2480862.93,False,0.0,False,0.0,False,0.0,False,0.0,False,0.0,True,False,0.54,0.3,False,False,False,False,False,False,False,0,999,999,937
LJQQ3,LOJAS QUERO-QUERO S/A,BR_STOCK,LJQQ3,3.0,C,0.5,C,0.0,Fraco,1.41,1.2,1.51,1.72,4588844.89,False,0.0,False,0.0,False,0.0,False,0.0,False,0.0,True,True,1.51,1.4,False,False,False,False,False,False,False,0,999,999,938
VIVT3,TELEFÔNICA BRASIL S.A,BR_STOCK,VIVT3,3.0,C,0.5,C,0.0,Fraco,29.6,30.74,34.26,34.08,83883441.08,False,0.0,False,0.0,False,0.0,False,0.0,False,0.0,True,False,0.52,31.13,False,False,False,False,False,False,False,0,999,999,939
G1DS34,G1DS34,BDR,GDS (BDR: G1DS34),2.62,C,0.5,C,0.0,Fraco,31.28,32.29,36.48,37.66,39847843.11,False,0.0,False,0.0,False,0.0,False,0.0,True,0.85,False,False,1.14,34.9,False,False,False,False,False,False,False,0,0,0,940
V1ST34,V1ST34,BDR,VST (BDR: V1ST34),2.62,C,0.5,C,0.0,Fraco,140.83,144.71,152.39,154.91,679958794.76,False,0.0,False,0.0,False,0.0,False,0.0,True,0.85,False,False,1.07,154.65,False,False,False,False,False,False,False,0,999,999,941
VALE3,VALE S.A.,BR_STOCK,VALE3,2.5,C,0.5,C,0.0,Fraco,69.61,74.49,77.36,77.28,2025289045.76,False,0.0,False,0.0,False,0.0,False,0.0,False,0.0,False,False,1.38,81.99,False,False,False,False,False,False,False,0,999,999,942
NATU3,NATURA COSMETICOS S.A.,BR_STOCK,NATU3,2.5,C,0.5,C,0.0,Fraco,6.55,8.21,8.99,8.78,166930029.86,False,0.0,False,0.0,False,0.0,False,0.0,False,0.0,False,False,3.17,9.53,False,False,False,False,False,False,False,0,999,999,943
ISAE4,ISA ENERGIA BRASIL S.A,BR_STOCK,ISAE4,2.5,C,0.5,C,0.0,Fraco,26.71,26.84,27.95,27.7,63828884.81,False,0.0,False,0.0,False,0.0,False,0.0,False,0.0,False,False,0.97,28.28,False,False,False,False,False,False,False,0,999,999,944
PASS3,COMPASS GAS E ENERGIA S.A.,BR_STOCK,PASS3,2.5,C,0.5,C,0.0,Fraco,22.08,23.26,24.38,,47076767.84,False,0.0,False,0.0,False,0.0,False,0.0,False,0.0,False,False,2.87,24.41,False,False,False,False,False,False,False,0,999,999,945
KLBN4,KLABIN S.A.,BR_STOCK,KLBN4,2.5,C,0.5,C,0.0,Fraco,3.6,3.67,3.62,3.67,12565079.67,False,0.0,False,0.0,False,0.0,False,0.0,False,0.0,False,False,1.09,3.92,False,False,False,False,False,False,False,0,999,999,946
BRAV3,BRAVA ENERGIA S.A.,BR_STOCK,BRAV3,2.5,C,0.5,C,0.0,Fraco,18.23,18.62,19.12,18.56,63777653.4,False,0.0,False,0.0,False,0.0,False,0.0,False,0.0,False,False,1.09,19.2,False,False,False,False,False,False,False,0,999,999,947
J1EF34,J1EF34,BDR,JEF (BDR: J1EF34),2.5,C,0.5,C,0.0,Fraco,46.52,52.72,49.95,52.25,178162297.75,False,0.0,False,0.0,False,0.0,False,0.0,False,0.0,False,False,1.26,56.14,False,False,False,False,False,False,False,0,0,0,948
S2ED34,S2ED34,BDR,SEDG (BDR: S2ED34),2.5,C,0.5,C,0.0,Fraco,31.52,35.53,45.19,42.16,89465013.94,False,0.0,False,0.0,False,0.0,False,0.0,False,0.0,False,False,1.09,37.71,False,False,False,False,False,False,False,0,999,999,949
ORVR3,ORIZON VALORIZACAO DE RESIDUOS S.A.,BR_STOCK,ORVR3,2.5,C,0.5,C,0.0,Fraco,16.46,16.87,18.27,18.12,56319532.87,False,0.0,False,0.0,False,0.0,False,0.0,False,0.0,False,False,1.26,17.94,False,False,False,False,False,False,False,0,999,999,950
W1MC34,W1MC34,BDR,WM (BDR: W1MC34),2.5,C,0.5,C,0.0,Fraco,207.09,221.03,223.91,223.23,313492629.37,False,0.0,False,0.0,False,0.0,False,0.0,False,0.0,False,False,0.7,221.24,False,False,False,False,False,False,False,0,0,0,951
CTSH34,CTSH34,BDR,CTSH (BDR: CTSH34),2.5,C,0.5,C,0.0,Fraco,56.84,57.81,54.8,60.7,356957417.72,False,0.0,False,0.0,False,0.0,False,0.0,False,0.0,False,False,0.92,65.42,False,False,False,False,False,False,False,0,0,0,952
E1RI34,E1RI34,BDR,ERIC (BDR: E1RI34),2.5,C,0.5,C,0.0,Fraco,9.32,9.97,11.1,10.84,46870539.43,False,0.0,False,0.0,False,0.0,False,0.0,False,0.0,False,False,0.64,10.44,False,False,False,False,False,False,False,0,0,0,953
CRIN34,CRIN34,BDR,CRI (BDR: CRIN34),2.5,C,0.5,C,0.0,Fraco,31.28,34.81,36.2,35.89,28551289.83,False,0.0,False,0.0,False,0.0,False,0.0,False,0.0,False,False,0.55,33.73,False,False,False,False,False,False,False,0,0,0,954
A2SO34,A2SO34,BDR,ASO (BDR: A2SO34),2.5,C,0.5,C,0.0,Fraco,47.89,47.69,51.15,52.22,51677715.22,False,0.0,False,0.0,False,0.0,False,0.0,False,0.0,False,False,0.61,56.71,False,False,False,False,False,False,False,0,0,0,955
D1OW34,D1OW34,BDR,DOW (BDR: D1OW34),2.5,C,0.5,C,0.0,Fraco,27.61,29.81,32.95,31.35,231368215.81,False,0.0,False,0.0,False,0.0,False,0.0,False,0.0,False,False,0.9,31.69,False,False,False,False,False,False,False,0,0,0,956
PMAM3,PARANAPANEMA S.A.,BR_STOCK,PMAM3,2.5,C,0.5,C,0.0,Fraco,0.4,0.28,0.39,0.47,8930000.13,False,0.0,False,0.0,False,0.0,False,0.0,False,0.0,False,False,1.1,1.1,False,False,False,False,False,False,False,0,999,999,957
T1TW34,T1TW34,BDR,TTWO (BDR: T1TW34),2.5,C,0.5,C,0.0,Fraco,202.78,227.92,222.77,225.14,396251584.49,False,0.0,False,0.0,False,0.0,False,0.0,False,0.0,False,False,0.71,234.57,False,False,False,False,False,False,False,0,999,999,958
A1EE34,A1EE34,BDR,AEE (BDR: A1EE34),2.5,C,0.5,C,0.0,Fraco,100.25,106.25,108.34,106.46,285541072.5,False,0.0,False,0.0,False,0.0,False,0.0,False,0.0,False,False,1.5,107.4,False,False,False,False,False,False,False,0,0,0,959
COPN11,COPN11,ETF,COPN11,2.5,C,0.5,C,0.0,Fraco,36.6,37.21,39.5,39.16,292507.19,False,0.0,False,0.0,False,0.0,False,0.0,False,0.0,False,False,0.81,39.91,False,False,False,False,False,False,False,0,999,999,960
BXPO11,BXPO11,ETF,BXPO11,2.5,C,0.5,C,0.0,Fraco,149.67,154.18,152.08,152.63,777535.64,False,0.0,False,0.0,False,0.0,False,0.0,False,0.0,False,False,7.43,163.77,False,False,False,False,False,False,False,0,999,999,961
E2NP34,E2NP34,BDR,ENPH (BDR: E2NP34),2.5,C,0.5,C,0.0,Fraco,31.83,37.34,42.11,41.22,178929861.83,False,0.0,False,0.0,False,0.0,False,0.0,False,0.0,False,False,1.15,39.54,False,False,False,False,False,False,False,0,999,999,962
A1PO34,A1PO34,BDR,APO (BDR: A1PO34),2.5,C,0.5,C,0.0,Fraco,119.0,128.7,122.91,126.26,295923012.0,False,0.0,False,0.0,False,0.0,False,0.0,False,0.0,False,False,0.79,137.83,False,False,False,False,False,False,False,0,999,999,963
DUKB34,DUKB34,BDR,DUK (BDR: DUKB34),2.5,C,0.5,C,0.0,Fraco,114.21,121.3,124.12,122.34,585709990.9,False,0.0,False,0.0,False,0.0,False,0.0,False,0.0,False,False,1.17,121.98,False,False,False,False,False,False,False,0,0,0,964
B1KR34,B1KR34,BDR,BKR (BDR: B1KR34),2.5,C,0.5,C,0.0,Fraco,55.92,60.62,61.09,58.92,306433928.93,False,0.0,False,0.0,False,0.0,False,0.0,False,0.0,False,False,0.58,66.09,False,False,False,False,False,False,False,0,0,0,965
ITRI11,ITRI11,ETF,ITRI11,2.5,C,0.5,C,0.0,Fraco,75.71,76.05,79.06,78.58,430184.21,False,0.0,False,0.0,False,0.0,False,0.0,False,0.0,False,False,0.53,80.98,False,False,False,False,False,False,False,0,999,999,966
BEEF3,MINERVA S.A.,BR_STOCK,BEEF3,2.5,C,0.5,C,0.0,Fraco,3.92,3.75,3.91,4.36,58906625.15,False,0.0,False,0.0,False,0.0,False,0.0,False,0.0,False,False,0.73,4.22,False,False,False,False,False,False,False,0,999,999,967
JDCO34,JDCO34,BDR,JD (BDR: JDCO34),2.5,C,0.5,C,0.0,Fraco,26.3,29.25,28.79,28.54,175762947.5,False,0.0,False,0.0,False,0.0,False,0.0,False,0.0,False,False,1.18,28.71,False,False,False,False,False,False,False,0,999,999,968
JCCJ11,JCCJ11,ETF,JCCJ11,2.5,C,0.5,C,0.0,Fraco,138.81,139.19,143.73,143.24,598826.33,False,0.0,False,0.0,False,0.0,False,0.0,False,0.0,False,False,3.05,169.98,False,False,False,False,False,False,False,0,999,999,969
TPRY34,TPRY34,BDR,TPR (BDR: TPRY34),2.5,C,0.5,C,0.0,Fraco,114.12,131.64,139.2,137.89,287248948.27,False,0.0,False,0.0,False,0.0,False,0.0,False,0.0,False,False,0.8,124.83,False,False,False,False,False,False,False,0,0,0,970
P2IN34,P2IN34,BDR,PINS (BDR: P2IN34),2.5,C,0.5,C,0.0,Fraco,18.54,21.76,20.61,21.33,177192647.39,False,0.0,False,0.0,False,0.0,False,0.0,False,0.0,False,False,0.58,22.5,False,False,False,False,False,False,False,0,0,0,971
USIM3,USINAS SID DE MINAS GERAIS S.A.-USIMINAS,BR_STOCK,USIM3,2.5,C,0.5,C,0.0,Fraco,6.43,6.64,7.44,7.14,4021321.89,False,0.0,False,0.0,False,0.0,False,0.0,False,0.0,False,False,0.63,7.44,False,False,False,False,False,False,False,0,999,999,972
MELI34,MELI34,BDR,MELI (BDR: MELI34),2.5,C,0.5,C,0.0,Fraco,1724.9,1866.47,1770.39,1842.08,799991382.32,False,0.0,False,0.0,False,0.0,False,0.0,False,0.0,False,False,0.55,2066.0,False,False,False,False,False,False,False,0,999,999,973
I1BN34,I1BN34,BDR,IBN (BDR: I1BN34),2.5,C,0.5,C,0.0,Fraco,27.25,29.41,27.98,28.5,105181730.0,False,0.0,False,0.0,False,0.0,False,0.0,False,0.0,False,False,0.8,30.67,False,False,False,False,False,False,False,0,0,0,974
KMIC34,KMIC34,BDR,KMI (BDR: KMIC34),2.5,C,0.5,C,0.0,Fraco,30.45,31.54,31.91,30.99,323030020.64,False,0.0,False,0.0,False,0.0,False,0.0,False,0.0,False,False,0.75,32.7,False,False,False,False,False,False,False,0,0,0,975
CPFE3,CPFL ENERGIA S.A.,BR_STOCK,CPFE3,2.5,C,0.5,C,0.0,Fraco,44.5,44.8,45.44,46.03,76944950.0,False,0.0,False,0.0,False,0.0,False,0.0,False,0.0,False,False,1.0,47.77,False,False,False,False,False,False,False,0,999,999,976
MYPK3,IOCHPE MAXION S.A.,BR_STOCK,MYPK3,2.5,C,0.5,C,0.0,Fraco,9.11,9.38,9.37,9.6,12069838.55,False,0.0,False,0.0,False,0.0,False,0.0,False,0.0,False,False,1.9,10.04,False,False,False,False,False,False,False,0,999,999,977
EGIE3,ENGIE BRASIL ENERGIA S.A.,BR_STOCK,EGIE3,2.5,C,0.5,C,0.0,Fraco,29.14,29.27,31.49,31.36,48124708.99,False,0.0,False,0.0,False,0.0,False,0.0,False,0.0,False,False,0.5,31.18,False,False,False,False,False,False,False,0,999,999,978
C1HK34,C1HK34,BDR,CHKP (BDR: C1HK34),2.5,C,0.5,C,0.0,Fraco,126.93,132.07,135.0,146.5,107307891.56,False,0.0,False,0.0,False,0.0,False,0.0,True,0.8,False,False,0.64,141.96,False,False,False,False,False,False,False,0,999,999,979
B1ZE34,B1ZE34,BDR,BRZE (BDR: B1ZE34),2.5,C,0.5,C,0.0,Fraco,23.15,27.3,23.79,24.4,41339301.57,False,0.0,False,0.0,False,0.0,False,0.0,False,0.0,False,False,0.95,34.79,False,False,False,False,False,False,False,0,999,999,980
S2GM34,S2GM34,BDR,SGML (BDR: S2GM34),2.5,C,0.5,C,0.0,Fraco,9.71,10.78,13.55,13.42,11112133.75,False,0.0,False,0.0,False,0.0,False,0.0,False,0.0,False,False,0.48,12.98,False,False,False,False,False,False,False,0,999,999,981
AXPB34,AXPB34,BDR,AXP (BDR: AXPB34),2.5,C,0.5,C,0.0,Fraco,305.4,330.08,322.88,332.34,949990047.81,False,0.0,False,0.0,False,0.0,False,0.0,False,0.0,False,False,0.8,335.0,False,False,False,False,False,False,False,0,999,999,982
S1YF34,S1YF34,BDR,SYF (BDR: S1YF34),2.5,C,0.5,C,0.0,Fraco,71.72,76.69,73.21,74.39,179076738.69,False,0.0,False,0.0,False,0.0,False,0.0,False,0.0,False,False,0.79,80.79,False,False,False,False,False,False,False,0,999,999,983
FIQE3,UNIFIQUE TELECOMUNICAÇÕES S.A.,BR_STOCK,FIQE3,2.5,C,0.5,C,0.0,Fraco,4.99,5.06,5.78,5.55,1660671.92,False,0.0,False,0.0,False,0.0,False,0.0,False,0.0,False,False,0.69,5.26,False,False,False,False,False,False,False,0,999,999,984
R1IN34,R1IN34,BDR,O (BDR: R1IN34),2.5,C,0.5,C,0.0,Fraco,55.14,61.06,61.53,60.75,524231854.52,False,0.0,False,0.0,False,0.0,False,0.0,False,0.0,False,False,0.92,61.97,False,False,False,False,False,False,False,0,999,999,985
HALI34,HALI34,BDR,HAL (BDR: HALI34),2.5,C,0.5,C,0.0,Fraco,31.54,33.95,36.3,35.1,302234298.11,False,0.0,False,0.0,False,0.0,False,0.0,False,0.0,False,False,0.87,38.06,False,False,False,False,False,False,False,0,999,999,986
E1MN34,E1MN34,BDR,EMN (BDR: E1MN34),2.5,C,0.5,C,0.0,Fraco,65.75,69.54,70.12,69.5,75977544.0,False,0.0,False,0.0,False,0.0,False,0.0,False,0.0,False,False,0.89,72.55,False,False,False,False,False,False,False,0,999,999,987
S1PO34,S1PO34,BDR,SPOT (BDR: S1PO34),2.5,C,0.5,C,0.0,Fraco,493.66,516.19,495.31,501.95,741770559.54,False,0.0,False,0.0,False,0.0,False,0.0,False,0.0,False,False,1.02,576.0,False,False,False,False,False,False,False,0,999,999,988
CAON34,CAON34,BDR,COF (BDR: CAON34),2.5,C,0.5,C,0.0,Fraco,196.46,211.31,197.55,205.03,597450204.3,False,0.0,False,0.0,False,0.0,False,0.0,False,0.0,False,False,0.75,221.1,False,False,False,False,False,False,False,0,999,999,989
A1PL34,A1PL34,BDR,APLD (BDR: A1PL34),2.5,C,0.5,C,0.0,Fraco,25.41,27.54,32.22,32.15,404621367.03,False,0.0,False,0.0,False,0.0,False,0.0,False,0.0,False,False,0.95,29.15,False,False,False,False,False,False,False,0,999,999,990
N1GG34,N1GG34,BDR,NGG (BDR: N1GG34),2.5,C,0.5,C,0.0,Fraco,74.94,79.06,82.4,81.88,75118884.23,False,0.0,False,0.0,False,0.0,False,0.0,False,0.0,False,False,0.99,79.45,False,False,False,False,False,False,False,0,0,0,991
SNID11,SNID11,ETF,SNID11,2.5,C,0.5,C,0.0,Fraco,10.08,10.13,10.4,10.35,154072.8,False,0.0,False,0.0,False,0.0,False,0.0,False,0.0,False,False,1.4,11.0,False,False,False,False,False,False,False,0,999,999,992
ARGT39,GLOBAL X MSCI ARGENTINA ETF,BDR,ARGT (BDR: ARGT39),2.5,C,0.5,C,0.0,Fraco,86.11,93.38,92.12,92.38,10017090.26,False,0.0,False,0.0,False,0.0,False,0.0,False,0.0,False,False,0.79,99.5,False,False,False,False,False,False,False,0,999,999,993
A1LG34,A1LG34,BDR,ALGN (BDR: A1LG34),2.5,C,0.5,C,0.0,Fraco,144.01,161.84,170.71,170.6,133792341.39,False,0.0,False,0.0,False,0.0,False,0.0,False,0.0,False,False,0.93,162.92,False,False,False,False,False,False,False,0,0,0,994
C1BO34,C1BO34,BDR,CBOE (BDR: C1BO34),2.5,C,0.5,C,0.0,Fraco,261.75,287.57,292.78,285.5,672443864.25,False,0.0,False,0.0,False,0.0,False,0.0,False,0.0,False,False,2.49,310.08,False,False,False,False,False,False,False,0,0,0,995
C1NS34,C1NS34,BDR,CE (BDR: C1NS34),2.5,C,0.5,C,0.0,Fraco,44.84,45.4,52.44,51.19,66211102.95,False,0.0,False,0.0,False,0.0,False,0.0,False,0.0,False,False,0.65,49.67,False,False,False,False,False,False,False,0,0,0,996
H1EI34,H1EI34,BDR,HEI (BDR: H1EI34),2.5,C,0.5,C,0.0,Fraco,307.11,337.8,318.13,322.26,140268186.27,False,0.0,False,0.0,False,0.0,False,0.0,False,0.0,False,False,0.88,334.98,False,False,False,False,False,False,False,0,0,0,997
M1AA34,M1AA34,BDR,MAA (BDR: M1AA34),2.5,C,0.5,C,0.0,Fraco,118.43,128.73,128.7,129.36,108985563.07,False,0.0,False,0.0,False,0.0,False,0.0,False,0.0,False,False,0.65,130.02,False,False,False,False,False,False,False,0,0,0,998
GROP31,BRAZIL POTASH CORP.,BDR,GRO (BDR: GROP31),2.5,C,0.5,C,0.0,Fraco,2.17,2.31,2.63,2.56,292431.38,False,0.0,False,0.0,False,0.0,False,0.0,False,0.0,False,False,0.91,2.74,False,False,False,False,False,False,False,0,0,0,999
P1KX34,P1KX34,BDR,PKX (BDR: P1KX34),2.5,C,0.5,C,0.0,Fraco,56.36,57.55,61.98,61.19,12266472.33,False,0.0,False,0.0,False,0.0,False,0.0,False,0.0,False,False,1.09,63.37,False,False,False,False,False,False,False,0,999,999,1000
AWII34,AWII34,BDR,AWI (BDR: AWII34),2.5,C,0.5,C,0.0,Fraco,163.09,171.29,165.79,172.05,36467412.45,False,0.0,False,0.0,False,0.0,False,0.0,False,0.0,False,False,0.56,174.49,False,False,False,False,False,False,False,0,0,0,1001
Z1TO34,Z1TO34,BDR,ZTO (BDR: Z1TO34),2.5,C,0.5,C,0.0,Fraco,19.6,21.94,23.14,22.9,39379223.17,False,0.0,False,0.0,False,0.0,False,0.0,False,0.0,False,False,0.49,21.56,False,False,False,False,False,False,False,0,999,999,1002
A2RE34,A2RE34,BDR,ARES (BDR: A2RE34),2.5,C,0.5,C,0.0,Fraco,118.97,132.32,120.73,127.97,257881516.11,False,0.0,False,0.0,False,0.0,False,0.0,False,0.0,False,False,0.85,142.63,False,False,False,False,False,False,False,0,999,999,1003
BRAP4,BRADESPAR S.A.,BR_STOCK,BRAP4,2.5,C,0.5,C,0.0,Fraco,20.24,21.46,22.42,22.38,36120303.59,False,0.0,False,0.0,False,0.0,False,0.0,False,0.0,False,False,0.71,23.42,False,False,False,False,False,False,False,0,999,999,1004
AMBP3,AMBIPAR PARTICIPACOES E EMPREENDIMENTOS S/A,BR_STOCK,AMBP3,2.5,C,0.5,C,0.0,Fraco,0.19,0.16,0.19,0.21,277020.0,False,0.0,False,0.0,False,0.0,False,0.0,False,0.0,False,False,0.48,0.28,False,False,False,False,False,False,False,0,999,999,1005
S2CH34,S2CH34,BDR,SQM (BDR: S2CH34),2.5,C,0.5,C,0.0,Fraco,66.08,71.53,76.04,74.98,70739104.52,False,0.0,False,0.0,False,0.0,False,0.0,False,0.0,False,False,1.03,80.36,False,False,False,False,False,False,False,0,999,999,1006
L2PL34,L2PL34,BDR,LPLA (BDR: L2PL34),2.5,C,0.5,C,0.0,Fraco,308.05,347.22,317.01,327.9,367636713.03,False,0.0,False,0.0,False,0.0,False,0.0,False,0.0,False,False,1.3,372.92,False,False,False,False,False,False,False,0,999,999,1007
L1YB34,L1YB34,BDR,LYB (BDR: L1YB34),2.5,C,0.5,C,0.0,Fraco,58.18,62.24,64.96,60.76,198864128.16,False,0.0,False,0.0,False,0.0,False,0.0,False,0.0,False,False,0.88,67.49,False,False,False,False,False,False,False,0,999,999,1008
N1VS34,N1VS34,BDR,NVS (BDR: N1VS34),2.5,C,0.5,C,0.0,Fraco,145.71,151.29,151.47,149.28,229534933.64,False,0.0,False,0.0,False,0.0,False,0.0,False,0.0,False,False,0.84,164.48,False,False,False,False,False,False,False,0,999,999,1009
C1RB34,C1RB34,BDR,CBRS (BDR: C1RB34),2.5,C,0.5,C,0.0,Fraco,194.95,203.55,212.86,,1761076508.53,False,0.0,False,0.0,False,0.0,False,0.0,False,0.0,False,False,1.63,222.5,False,False,False,False,False,False,False,0,999,999,1010
BMEB3,BCO MERCANTIL DO BRASIL S.A.,BR_STOCK,BMEB3,2.5,C,0.5,C,0.0,Fraco,49.3,49.74,55.4,54.76,78880.0,False,0.0,False,0.0,False,0.0,False,0.0,False,0.0,False,False,0.24,51.99,False,False,False,False,False,False,False,0,999,999,1011
LMTB34,LMTB34,BDR,LMT (BDR: LMTB34),2.5,C,0.5,C,0.0,Fraco,512.21,555.42,556.72,556.4,632530204.97,False,0.0,False,0.0,False,0.0,False,0.0,False,0.0,False,False,0.98,564.98,False,False,False,False,False,False,False,0,0,0,1012
MCRE11,MCRE11,ETF,MCRE11,2.5,C,0.5,C,0.0,Fraco,7.5,8.09,8.58,8.57,4270192.5,False,0.0,False,0.0,False,0.0,False,0.0,False,0.0,False,False,1.21,8.18,False,False,False,False,False,False,False,0,999,999,1013
BRCR11,BRCR11,ETF,BRCR11,2.5,C,0.5,C,0.0,Fraco,41.88,40.02,42.27,42.73,4821351.36,False,0.0,False,0.0,False,0.0,False,0.0,False,0.0,False,False,1.94,44.15,False,False,False,False,False,False,False,0,999,999,1014
A1RC34,A1RC34,BDR,ARCO (BDR: A1RC34),2.5,C,0.5,C,0.0,Fraco,7.12,7.9,8.17,8.05,9479610.57,False,0.0,False,0.0,False,0.0,False,0.0,False,0.0,False,False,1.05,8.26,False,False,False,False,False,False,False,0,0,0,1015
MGLU3,MAGAZINE LUIZA S.A.,BR_STOCK,MGLU3,2.5,C,0.5,C,0.0,Fraco,6.63,5.09,6.46,7.18,234343984.05,False,0.0,False,0.0,False,0.0,False,0.0,False,0.0,False,False,1.17,7.15,False,False,False,False,False,False,False,0,999,999,1016
O1DF34,O1DF34,BDR,ODFL (BDR: O1DF34),2.5,C,0.5,C,0.0,Fraco,177.46,199.69,207.04,199.02,348730385.85,False,0.0,False,0.0,False,0.0,False,0.0,False,0.0,False,False,1.05,201.45,False,False,False,False,False,False,False,0,999,999,1017
ISAE3,ISA ENERGIA BRASIL S.A,BR_STOCK,ISAE3,2.5,C,0.5,C,0.0,Fraco,32.67,32.2,32.96,33.04,65340.0,False,0.0,False,0.0,False,0.0,False,0.0,False,0.0,False,False,0.53,36.89,False,False,False,False,False,False,False,0,999,999,1018
A1KA34,A1KA34,BDR,AKAM (BDR: A1KA34),2.5,C,0.5,C,0.0,Fraco,108.45,112.76,117.33,111.36,649351731.33,False,0.0,False,0.0,False,0.0,False,0.0,False,0.0,False,False,0.81,128.46,False,False,False,False,False,False,False,0,999,999,1019
BALM3,BAUMER S.A.,BR_STOCK,BALM3,2.5,C,0.5,C,0.0,Fraco,22.0,25.89,25.62,25.66,101200.0,False,0.0,False,0.0,False,0.0,False,0.0,False,0.0,False,False,460.0,26.0,False,False,False,False,False,False,False,0,999,999,1020
OFSA3,OUROFINO S.A.,BR_STOCK,OFSA3,2.5,C,0.5,C,0.0,Fraco,25.35,26.2,27.93,26.77,240825.0,False,0.0,False,0.0,False,0.0,False,0.0,False,0.0,False,False,3.38,28.5,False,False,False,False,False,False,False,0,999,999,1021
RIGG34,RIGG34,BDR,RIG (BDR: RIGG34),2.5,C,0.5,C,0.0,Fraco,5.21,5.57,5.95,5.66,186859204.27,False,0.0,False,0.0,False,0.0,False,0.0,False,0.0,False,False,0.75,6.27,False,False,False,False,False,False,False,0,999,999,1022
SPGI34,SPGI34,BDR,SPGI (BDR: SPGI34),2.5,C,0.5,C,0.0,Fraco,392.45,418.89,409.6,423.67,1140123798.26,False,0.0,False,0.0,False,0.0,False,0.0,False,0.0,False,False,1.8,454.92,False,False,False,False,False,False,False,0,999,999,1023
MCOR34,MCOR34,BDR,MCO (BDR: MCOR34),2.5,C,0.5,C,0.0,Fraco,454.82,482.8,463.07,470.13,356480189.8,False,0.0,False,0.0,False,0.0,False,0.0,False,0.0,False,False,1.03,511.94,False,False,False,False,False,False,False,0,0,0,1024
C1CO34,C1CO34,BDR,COR (BDR: C1CO34),2.5,C,0.5,C,0.0,Fraco,307.6,317.27,307.7,317.74,388870696.12,False,0.0,False,0.0,False,0.0,False,0.0,False,0.0,False,False,0.98,338.71,False,False,False,False,False,False,False,0,0,0,1025
C1MI34,C1MI34,BDR,CMI (BDR: C1MI34),2.5,C,0.5,C,0.0,Fraco,521.37,588.13,615.53,599.88,421019305.31,False,0.0,False,0.0,False,0.0,False,0.0,False,0.0,False,False,0.66,570.45,False,False,False,False,False,False,False,0,0,0,1026
F1EC34,F1EC34,BDR,FE (BDR: F1EC34),2.5,C,0.5,C,0.0,Fraco,43.64,46.57,47.26,46.74,177009554.36,False,0.0,False,0.0,False,0.0,False,0.0,False,0.0,False,False,1.09,47.24,False,False,False,False,False,False,False,0,0,0,1027
S1NP34,S1NP34,BDR,SNPS (BDR: S1NP34),2.5,C,0.5,C,0.0,Fraco,415.09,402.1,435.69,444.75,669835293.08,False,0.0,False,0.0,False,0.0,False,0.0,False,0.0,False,False,0.8,445.92,False,False,False,False,False,False,False,0,999,999,1028
A2XO34,A2XO34,BDR,AXON (BDR: A2XO34),2.5,C,0.5,C,0.0,Fraco,419.58,534.52,485.42,499.16,401753711.26,False,0.0,False,0.0,False,0.0,False,0.0,False,0.0,False,False,0.72,597.49,False,False,False,False,False,False,False,0,999,999,1029
BIED3,BIOMA EDUCAÇÃO S.A.,BR_STOCK,BIED3,2.5,C,0.5,C,0.0,Fraco,5.66,6.53,7.4,6.7,52072.0,False,0.0,False,0.0,False,0.0,False,0.0,False,0.0,False,False,4.4,6.37,False,False,False,False,False,False,False,0,999,999,1030
U1AI34,U1AI34,BDR,UA (BDR: U1AI34),2.5,C,0.5,C,0.0,Fraco,4.22,5.42,5.82,5.81,11293175.2,False,0.0,False,0.0,False,0.0,False,0.0,False,0.0,False,False,0.95,5.19,False,False,False,False,False,False,False,0,0,0,1031
A1LK34,A1LK34,BDR,ALK (BDR: A1LK34),2.5,C,0.5,C,0.0,Fraco,39.93,43.69,43.43,45.62,154091468.38,False,0.0,False,0.0,False,0.0,False,0.0,False,0.0,False,False,1.27,43.58,False,False,False,False,False,False,False,0,0,0,1032
L2RN34,L2RN34,BDR,LRN (BDR: L2RN34),2.5,C,0.5,C,0.0,Fraco,75.59,83.18,87.74,84.39,46390261.06,False,0.0,False,0.0,False,0.0,False,0.0,False,0.0,False,False,0.81,87.43,False,False,False,False,False,False,False,0,999,999,1033
T1OW34,T1OW34,BDR,AMT (BDR: T1OW34),2.5,C,0.5,C,0.0,Fraco,167.35,173.04,175.53,175.28,465786778.14,False,0.0,False,0.0,False,0.0,False,0.0,False,0.0,False,False,0.93,179.8,False,False,False,False,False,False,False,0,999,999,1034
W1IX34,W1IX34,BDR,WIX (BDR: W1IX34),2.5,C,0.5,C,0.0,Fraco,70.9,72.51,68.4,73.36,62053170.24,False,0.0,False,0.0,False,0.0,False,0.0,False,0.0,False,False,0.75,96.8,False,False,False,False,False,False,False,0,999,999,1035
S1RP34,S1RP34,BDR,SRPT (BDR: S1RP34),2.5,C,0.5,C,0.0,Fraco,18.64,18.75,18.66,19.17,25507664.84,False,0.0,False,0.0,False,0.0,False,0.0,False,0.0,False,False,0.48,23.62,False,False,False,False,False,False,False,0,0,0,1036
N1VO34,N1VO34,BDR,NVO (BDR: N1VO34),2.5,C,0.5,C,0.0,Fraco,38.31,45.11,42.81,44.73,357646657.27,False,0.0,False,0.0,False,0.0,False,0.0,False,0.0,False,False,0.53,48.0,False,False,False,False,False,False,False,0,999,999,1037
A1EP34,A1EP34,BDR,AEP (BDR: A1EP34),2.5,C,0.5,C,0.0,Fraco,119.3,124.39,128.48,125.55,340191713.2,False,0.0,False,0.0,False,0.0,False,0.0,False,0.0,False,False,0.59,126.34,False,False,False,False,False,False,False,0,0,0,1038
BABA34,BABA34,BDR,BABA (BDR: BABA34),2.25,C,0.5,C,0.0,Fraco,107.74,117.43,121.95,130.84,617171447.1,False,0.0,False,0.0,False,0.0,False,0.0,True,0.7,False,False,0.62,120.4,False,False,False,False,False,False,False,0,999,999,1039
ORBX39,ORBX39,BDR,ORBX (BDR: ORBX39),2.25,C,0.5,C,0.0,Fraco,42.13,43.1,50.5,50.5,712671.1,False,0.0,False,0.0,False,0.0,False,0.0,True,0.7,False,False,0.99,44.41,False,False,False,False,False,False,False,0,0,0,1040
R1YA34,R1YA34,BDR,RYAAY (BDR: R1YA34),2.0,C,0.5,C,0.0,Fraco,55.49,56.07,58.67,61.22,40899238.68,False,0.0,False,0.0,False,0.0,False,0.0,False,0.0,True,False,0.44,56.14,False,False,False,False,False,False,False,0,0,0,1041
PSEC11,PSEC11,ETF,PSEC11,2.0,C,0.5,C,0.0,Fraco,51.45,51.56,55.25,55.68,901918.51,False,0.0,False,0.0,False,0.0,False,0.0,False,0.0,True,False,0.62,53.1,False,False,False,False,False,False,False,0,999,999,1042
L1EN34,L1EN34,BDR,LEN (BDR: L1EN34),2.0,C,0.5,C,0.0,Fraco,83.01,83.77,88.15,94.09,391169278.22,False,0.0,False,0.0,False,0.0,False,0.0,False,0.0,True,False,0.74,86.35,False,False,False,False,False,False,False,0,0,0,1043
RANI3,IRANI PAPEL E EMBALAGEM S.A.,BR_STOCK,RANI3,2.0,C,0.5,C,0.0,Fraco,7.8,7.89,8.2,8.29,5154240.13,False,0.0,False,0.0,False,0.0,False,0.0,False,0.0,True,False,1.33,8.09,False,False,False,False,False,False,False,0,999,999,1044
RBHY11,RBHY11,ETF,RBHY11,2.0,C,0.5,C,0.0,Fraco,58.99,61.29,68.96,69.35,234013.34,False,0.0,False,0.0,False,0.0,False,0.0,False,0.0,True,False,0.78,62.0,False,False,False,False,False,False,False,0,999,999,1045
RPRI11,RPRI11,ETF,RPRI11,2.0,C,0.5,C,0.0,Fraco,71.61,72.05,75.84,76.59,297611.16,False,0.0,False,0.0,False,0.0,False,0.0,False,0.0,True,False,0.61,73.73,False,False,False,False,False,False,False,0,999,999,1046
P2CF34,P2CF34,BDR,PAC (BDR: P2CF34),2.0,C,0.5,C,0.0,Fraco,210.41,210.9,232.56,242.76,34039709.57,False,0.0,False,0.0,False,0.0,False,0.0,False,0.0,True,False,1.09,217.96,False,False,False,False,False,False,False,0,999,999,1047
LREN3,LOJAS RENNER S.A.,BR_STOCK,LREN3,2.0,C,0.5,C,0.0,Fraco,11.35,11.61,13.34,13.41,231963362.8,False,0.0,False,0.0,False,0.0,False,0.0,False,0.0,True,False,1.35,11.61,False,False,False,False,False,False,False,0,999,999,1048
ORLY34,ORLY34,BDR,ORLY (BDR: ORLY34),2.0,C,0.5,C,0.0,Fraco,86.07,88.49,89.98,91.09,315191953.82,False,0.0,False,0.0,False,0.0,False,0.0,False,0.0,True,False,0.49,89.34,False,False,False,False,False,False,False,0,999,999,1049
I2RS34,I2RS34,BDR,IR (BDR: I2RS34),2.0,C,0.5,C,0.0,Fraco,76.48,79.64,79.67,81.63,370978034.2,False,0.0,False,0.0,False,0.0,False,0.0,False,0.0,True,False,0.84,78.9,False,False,False,False,False,False,False,0,999,999,1050
D2KS34,D2KS34,BDR,DKS (BDR: D2KS34),2.0,C,0.5,C,0.0,Fraco,134.7,164.65,195.87,197.74,367974933.36,False,0.0,False,0.0,False,0.0,False,0.0,False,0.0,True,False,0.81,139.94,False,False,False,False,False,False,False,0,0,0,1051
HSLG11,HSLG11,ETF,HSLG11,2.0,C,0.5,C,0.0,Fraco,81.0,81.8,85.56,85.63,863703.0,False,0.0,False,0.0,False,0.0,False,0.0,False,0.0,True,False,1.07,84.0,False,False,False,False,False,False,False,0,999,999,1052
AURO11,AURO11,ETF,AURO11,2.0,C,0.5,C,0.0,Fraco,92.38,93.94,96.93,99.41,217185.37,False,0.0,False,0.0,False,0.0,False,0.0,False,0.0,True,False,0.46,97.35,False,False,False,False,False,False,False,0,999,999,1053
USDB11,USDB11,ETF,USDB11,2.0,C,2.0,C,0.0,Fraco,97.65,98.33,98.72,99.89,729152.56,False,0.0,False,0.0,False,0.0,False,0.0,False,0.0,True,False,1.16,100.88,False,False,False,False,False,True,False,0,999,999,1054
KIVO11,KIVO11,ETF,KIVO11,2.0,C,0.5,C,0.0,Fraco,53.46,53.5,56.86,57.19,216726.84,False,0.0,False,0.0,False,0.0,False,0.0,False,0.0,True,False,0.63,54.78,False,False,False,False,False,False,False,0,999,999,1055
LVBI11,LVBI11,ETF,LVBI11,2.0,C,0.5,C,0.0,Fraco,96.77,98.56,102.14,102.76,3819511.77,False,0.0,False,0.0,False,0.0,False,0.0,False,0.0,True,False,0.94,99.89,False,False,False,False,False,False,False,0,999,999,1056
VCJR11,VCJR11,ETF,VCJR11,2.0,C,0.5,C,0.0,Fraco,66.5,67.01,71.01,71.21,2107252.0,False,0.0,False,0.0,False,0.0,False,0.0,False,0.0,True,False,0.8,68.95,False,False,False,False,False,False,False,0,999,999,1057
XINA11,XINA11,ETF,XINA11,2.0,C,0.5,C,0.0,Fraco,7.02,7.25,7.33,7.62,358335.9,False,0.0,False,0.0,False,0.0,False,0.0,False,0.0,True,False,0.53,7.4,False,False,False,False,False,False,False,0,999,999,1058
VSLH11,VSLH11,ETF,VSLH11,2.0,C,0.5,C,0.0,Fraco,1.62,1.65,1.7,1.77,52037.64,False,0.0,False,0.0,False,0.0,False,0.0,False,0.0,True,False,0.79,1.64,False,False,False,False,False,False,False,0,999,999,1059
I1DX34,I1DX34,BDR,IDXX (BDR: I1DX34),2.0,C,0.5,C,0.0,Fraco,533.44,545.37,561.88,590.72,345771008.62,False,0.0,False,0.0,False,0.0,False,0.0,False,0.0,True,False,1.3,561.24,False,False,False,False,False,False,False,0,0,0,1060
TJXC34,TJXC34,BDR,TJX (BDR: TJXC34),2.0,C,0.5,C,0.0,Fraco,133.8,142.14,151.71,152.14,1492692770.25,False,0.0,False,0.0,False,0.0,False,0.0,False,0.0,True,False,1.06,135.55,False,False,False,False,False,False,False,0,0,0,1061
SPXS11,SPXS11,ETF,SPXS11,2.0,C,0.5,C,0.0,Fraco,7.41,7.44,7.77,7.83,541656.17,False,0.0,False,0.0,False,0.0,False,0.0,False,0.0,True,False,1.1,7.55,False,False,False,False,False,False,False,0,999,999,1062
VINO11,VINO11,ETF,VINO11,2.0,C,0.5,C,0.0,Fraco,4.25,4.34,4.62,4.7,248599.5,False,0.0,False,0.0,False,0.0,False,0.0,False,0.0,True,False,0.94,4.4,False,False,False,False,False,False,False,0,999,999,1063
H1DB34,H1DB34,BDR,HDB (BDR: H1DB34),2.0,C,0.5,C,0.0,Fraco,22.64,23.19,25.05,27.27,190654083.74,False,0.0,False,0.0,False,0.0,False,0.0,False,0.0,True,False,0.88,23.78,False,False,False,False,False,False,False,0,999,999,1064
PCIP11,PCIP11,ETF,PCIP11,2.0,C,0.5,C,0.0,Fraco,72.99,73.2,77.5,77.73,1980145.65,False,0.0,False,0.0,False,0.0,False,0.0,False,0.0,True,False,0.69,75.31,False,False,False,False,False,False,False,0,999,999,1065
VULC3,VULCABRAS S.A.,BR_STOCK,VULC3,2.0,C,0.5,C,0.0,Fraco,13.44,13.61,15.08,16.02,18510911.42,False,0.0,False,0.0,False,0.0,False,0.0,False,0.0,True,False,0.7,14.12,False,False,False,False,False,False,False,0,999,999,1066
BCRI11,BCRI11,ETF,BCRI11,2.0,C,0.5,C,0.0,Fraco,55.9,56.24,57.84,58.78,173401.8,False,0.0,False,0.0,False,0.0,False,0.0,False,0.0,True,False,0.39,57.5,False,False,False,False,False,False,False,0,999,999,1067
WALM34,WALM34,BDR,WMT (BDR: WALM34),2.0,C,0.5,C,0.0,Fraco,106.8,109.04,117.82,118.05,2636436252.93,False,0.0,False,0.0,False,0.0,False,0.0,False,0.0,True,False,1.08,111.23,False,False,False,False,False,False,False,0,999,999,1068
AZOI34,AZOI34,BDR,AZO (BDR: AZOI34),2.0,C,0.5,C,0.0,Fraco,2875.97,2973.01,3218.81,3306.49,1167712831.38,False,0.0,False,0.0,False,0.0,False,0.0,False,0.0,True,False,0.87,3007.88,False,False,False,False,False,False,False,0,999,999,1069
CGRA4,GRAZZIOTIN S.A.,BR_STOCK,CGRA4,2.0,C,0.5,C,0.0,Fraco,23.01,23.53,24.4,24.59,105846.0,False,0.0,False,0.0,False,0.0,False,0.0,False,0.0,True,False,1.22,23.93,False,False,False,False,False,False,False,0,999,999,1070
KISU11,KISU11,ETF,KISU11,2.0,C,0.5,C,0.0,Fraco,6.0,6.05,6.32,6.33,711420.0,False,0.0,False,0.0,False,0.0,False,0.0,False,0.0,True,False,2.13,6.12,False,False,False,False,False,False,False,0,999,999,1071
C1CJ34,C1CJ34,BDR,CCJ (BDR: C1CJ34),1.5,C,0.5,C,0.0,Fraco,86.88,94.84,104.65,105.76,180690498.77,False,0.0,False,0.0,False,0.0,False,0.0,False,0.0,False,False,0.65,104.12,False,False,False,False,False,False,False,0,999,999,1072
A1LN34,A1LN34,BDR,ALNY (BDR: A1LN34),1.5,C,0.5,C,0.0,Fraco,254.07,243.68,285.02,305.4,199559033.18,False,0.0,False,0.0,False,0.0,False,0.0,False,0.0,False,False,0.57,272.08,False,False,False,False,False,False,False,0,999,999,1073
H2UB34,H2UB34,BDR,HUBS (BDR: H2UB34),1.5,C,0.5,C,0.0,Fraco,197.67,230.22,224.79,248.82,289607105.0,False,0.0,False,0.0,False,0.0,False,0.0,False,0.0,False,False,0.64,265.0,False,False,False,False,False,False,False,0,999,999,1074
R2HH34,R2HH34,BDR,RH (BDR: R2HH34),1.5,C,0.5,C,0.0,Fraco,122.21,155.23,147.54,160.54,67658755.16,False,0.0,False,0.0,False,0.0,False,0.0,False,0.0,False,False,0.69,153.83,False,False,False,False,False,False,False,0,999,999,1075
A2FY34,A2FY34,BDR,AFYA (BDR: A2FY34),1.5,C,0.5,C,0.0,Fraco,11.82,13.9,14.17,14.15,3425211.33,False,0.0,False,0.0,False,0.0,False,0.0,False,0.0,False,False,0.66,15.12,False,False,False,False,False,False,False,0,999,999,1076
I1PC34,I1PC34,BDR,IP (BDR: I1PC34),1.5,C,0.5,C,0.0,Fraco,33.32,38.4,36.11,37.33,181960651.61,False,0.0,False,0.0,False,0.0,False,0.0,False,0.0,False,False,0.95,39.2,False,False,False,False,False,False,False,0,0,0,1077
M1KC34,M1KC34,BDR,MKC (BDR: M1KC34),1.5,C,0.5,C,0.0,Fraco,48.4,52.07,51.7,55.21,160549339.06,False,0.0,False,0.0,False,0.0,False,0.0,False,0.0,False,False,0.92,55.19,False,False,False,False,False,False,False,0,0,0,1078
ANIM3,ANIMA HOLDING S.A.,BR_STOCK,ANIM3,1.5,C,0.5,C,0.0,Fraco,2.86,2.54,3.24,3.47,10988691.6,False,0.0,False,0.0,False,0.0,False,0.0,False,0.0,False,False,0.77,3.07,False,False,False,False,False,False,False,0,999,999,1079
VIVA3,VIVARA PARTICIPAÇOES S.A,BR_STOCK,VIVA3,1.5,C,0.5,C,0.0,Fraco,23.05,22.11,23.86,25.48,48939758.38,False,0.0,False,0.0,False,0.0,False,0.0,False,0.0,False,False,0.58,24.88,False,False,False,False,False,False,False,0,999,999,1080
MRVE3,MRV ENGENHARIA E PARTICIPACOES S.A.,BR_STOCK,MRVE3,1.5,C,0.5,C,0.0,Fraco,5.38,5.08,6.17,6.73,46020520.98,False,0.0,False,0.0,False,0.0,False,0.0,False,0.0,False,False,0.67,5.97,False,False,False,False,False,False,False,0,999,999,1081
CSAN3,COSAN S.A.,BR_STOCK,CSAN3,1.5,C,0.5,C,0.0,Fraco,3.72,3.72,4.35,4.68,120922320.93,False,0.0,False,0.0,False,0.0,False,0.0,False,0.0,False,False,1.18,4.1,False,False,False,False,False,False,False,0,999,999,1082
C1PB34,C1PB34,BDR,CPB (BDR: C1PB34),1.5,C,0.5,C,0.0,Fraco,20.23,22.17,21.64,22.87,183999169.1,False,0.0,False,0.0,False,0.0,False,0.0,False,0.0,False,False,1.34,24.16,False,False,False,False,False,False,False,0,999,999,1083
GOLX11,GOLX11,ETF,GOLX11,1.5,C,0.5,C,0.0,Fraco,49.83,51.24,50.72,50.72,2994185.15,False,0.0,False,0.0,False,0.0,False,0.0,False,0.0,False,False,0.44,55.24,False,False,False,False,False,False,False,0,999,999,1084
FNOR11,FNOR11,ETF,FNOR11,1.5,C,0.5,C,0.0,Fraco,0.45,0.66,0.7,0.7,201599.99,False,0.0,False,0.0,False,0.0,False,0.0,False,0.0,False,False,0.01,0.54,False,False,False,False,False,False,False,0,999,999,1085
TEPP11,TEPP11,ETF,TEPP11,1.5,C,0.5,C,0.0,Fraco,7.19,7.49,7.9,7.9,1383312.87,False,0.0,False,0.0,False,0.0,False,0.0,False,0.0,False,False,0.2,7.63,False,False,False,False,False,False,False,0,999,999,1086
G1MI34,G1MI34,BDR,GIS (BDR: G1MI34),1.5,C,0.5,C,0.0,Fraco,33.82,37.47,36.18,38.19,293133156.35,False,0.0,False,0.0,False,0.0,False,0.0,False,0.0,False,False,0.82,42.2,False,False,False,False,False,False,False,0,999,999,1087
BMEB4,BCO MERCANTIL DO BRASIL S.A.,BR_STOCK,BMEB4,1.5,C,0.5,C,0.0,Fraco,58.39,58.6,67.21,67.17,881688.99,False,0.0,False,0.0,False,0.0,False,0.0,False,0.0,False,False,0.56,63.45,False,False,False,False,False,False,False,0,999,999,1088
BALM4,BAUMER S.A.,BR_STOCK,BALM4,1.5,C,0.5,C,0.0,Fraco,14.47,15.68,17.5,17.58,172193.0,False,0.0,False,0.0,False,0.0,False,0.0,False,0.0,False,False,54.09,15.45,False,False,False,False,False,False,False,0,999,999,1089
UNIP3,UNIPAR CARBOCLORO S.A.,BR_STOCK,UNIP3,1.5,C,0.5,C,0.0,Fraco,54.99,56.42,58.84,58.88,65988.0,False,0.0,False,0.0,False,0.0,False,0.0,False,0.0,False,False,0.25,57.91,False,False,False,False,False,False,False,0,999,999,1090
A1UT34,A1UT34,BDR,ADSK (BDR: A1UT34),1.5,C,0.5,C,0.0,Fraco,203.18,233.16,231.45,240.27,435244662.65,False,0.0,False,0.0,False,0.0,False,0.0,False,0.0,False,False,0.97,262.75,False,False,False,False,False,False,False,0,999,999,1091
SIVR39,ABRDN PHYSICAL SILVER SHARES ETF,BDR,SIVR (BDR: SIVR39),1.5,C,0.5,C,0.0,Fraco,58.35,60.6,66.43,69.29,79116004.38,False,0.0,False,0.0,False,0.0,False,0.0,False,0.0,False,False,0.98,64.86,False,False,False,False,False,False,False,0,999,999,1092
BKNG34,BKNG34,BDR,BKNG (BDR: BKNG34),1.5,C,0.5,C,0.0,Fraco,162.34,190.2,177.6,182.62,946390229.85,False,0.0,False,0.0,False,0.0,False,0.0,False,0.0,False,False,0.56,203.49,False,False,False,False,False,False,False,0,999,999,1093
TSLA34,TSLA34,BDR,TSLA (BDR: TSLA34),1.5,C,0.5,C,0.0,Fraco,352.84,347.45,379.86,394.69,11176902684.48,False,0.0,False,0.0,False,0.0,False,0.0,False,0.0,False,False,0.87,386.83,False,False,False,False,False,False,False,0,999,999,1094
MOSC34,MOSC34,BDR,MOS (BDR: MOSC34),1.5,C,0.5,C,0.0,Fraco,22.42,23.47,23.47,24.15,119469252.63,False,0.0,False,0.0,False,0.0,False,0.0,False,0.0,False,False,0.62,26.73,False,False,False,False,False,False,False,0,999,999,1095
RBIF11,RBIF11,ETF,RBIF11,1.5,C,0.5,C,0.0,Fraco,62.7,67.43,71.22,70.77,118941.9,False,0.0,False,0.0,False,0.0,False,0.0,False,0.0,False,False,0.55,70.0,False,False,False,False,False,False,False,0,999,999,1096
C1MS34,C1MS34,BDR,CMS (BDR: C1MS34),1.5,C,0.5,C,0.0,Fraco,63.45,68.88,72.68,72.04,408237241.46,False,0.0,False,0.0,False,0.0,False,0.0,False,0.0,False,False,1.67,69.36,False,False,False,False,False,False,False,0,0,0,1097
NEXT34,NEXT34,BDR,NEE (BDR: NEXT34),1.5,C,0.5,C,0.0,Fraco,75.89,83.47,87.41,86.37,859542806.72,False,0.0,False,0.0,False,0.0,False,0.0,False,0.0,False,False,0.88,84.38,False,False,False,False,False,False,False,0,999,999,1098
G1FI34,G1FI34,BDR,GFI (BDR: G1FI34),1.5,C,0.5,C,0.0,Fraco,36.78,40.25,40.76,42.43,400045454.08,False,0.0,False,0.0,False,0.0,False,0.0,False,0.0,False,False,3.28,47.32,False,False,False,False,False,False,False,0,999,999,1099
MFII11,MFII11,ETF,MFII11,1.5,C,0.5,C,0.0,Fraco,38.1,37.55,51.04,55.53,186080.39,False,0.0,False,0.0,False,0.0,False,0.0,False,0.0,False,False,0.27,41.98,False,False,False,False,False,False,False,0,999,999,1100
NDIV11,NDIV11,ETF,NDIV11,1.5,C,0.5,C,0.0,Fraco,121.93,123.59,125.24,125.62,440898.88,False,0.0,False,0.0,False,0.0,False,0.0,False,0.0,False,False,0.48,132.68,False,False,False,False,False,False,False,0,999,999,1101
E2EF34,E2EF34,BDR,EEFT (BDR: E2EF34),1.5,C,0.5,C,0.0,Fraco,63.76,71.56,71.14,71.82,42927247.75,False,0.0,False,0.0,False,0.0,False,0.0,False,0.0,False,False,1.11,75.0,False,False,False,False,False,False,False,0,0,0,1102
ROXO34,ROXO34,BDR,NU (BDR: ROXO34),1.5,C,0.5,C,0.0,Fraco,12.35,14.33,13.95,14.76,966085399.44,False,0.0,False,0.0,False,0.0,False,0.0,False,0.0,False,False,1.04,15.84,False,False,False,False,False,False,False,0,999,999,1103
A1ON34,A1ON34,BDR,AON (BDR: A1ON34),1.5,C,0.5,C,0.0,Fraco,275.9,333.88,329.41,331.95,543371794.78,False,0.0,False,0.0,False,0.0,False,0.0,False,0.0,False,False,0.82,343.26,False,False,False,False,False,False,False,0,0,0,1104
HBSA3,HIDROVIAS DO BRASIL S.A.,BR_STOCK,HBSA3,1.5,C,0.5,C,0.0,Fraco,3.35,3.32,3.51,3.61,3465239.9,False,0.0,False,0.0,False,0.0,False,0.0,False,0.0,False,False,0.64,3.57,False,False,False,False,False,False,False,0,999,999,1105
D1XC34,D1XC34,BDR,DXC (BDR: D1XC34),1.5,C,0.5,C,0.0,Fraco,10.33,10.91,10.78,11.71,19917107.57,False,0.0,False,0.0,False,0.0,False,0.0,False,0.0,False,False,0.65,12.23,False,False,False,False,False,False,False,0,0,0,1106
JALL3,JALLES MACHADO S.A.,BR_STOCK,JALL3,1.5,C,0.5,C,0.0,Fraco,2.32,2.27,2.65,2.73,1791503.95,False,0.0,False,0.0,False,0.0,False,0.0,False,0.0,False,False,0.89,2.79,False,False,False,False,False,False,False,0,999,999,1107
ALUP11,ALUPAR INVESTIMENTO S/A,BR_STOCK,ALUP11,1.5,C,0.5,C,0.0,Fraco,31.79,32.46,33.13,33.07,21067233.61,False,0.0,False,0.0,False,0.0,False,0.0,False,0.0,False,False,0.47,34.12,False,False,False,False,False,False,False,0,999,999,1108
ARML3,ARMAC LOCAÇÃO. LOGÍSTICA E SERVIÇOS S.A.,BR_STOCK,ARML3,1.5,C,0.5,C,0.0,Fraco,3.94,3.61,4.03,4.15,2271016.03,False,0.0,False,0.0,False,0.0,False,0.0,False,0.0,False,False,0.4,4.75,False,False,False,False,False,False,False,0,999,999,1109
HBRE3,HBR REALTY EMPREENDIMENTOS IMOBILIARIOS S/A,BR_STOCK,HBRE3,1.5,C,0.5,C,0.0,Fraco,2.64,2.41,2.7,2.95,1303896.05,False,0.0,False,0.0,False,0.0,False,0.0,False,0.0,False,False,1.41,2.85,False,False,False,False,False,False,False,0,999,999,1110
LAVV3,LAVVI EMPREENDIMENTOS IMOBILIÁRIOS S.A.,BR_STOCK,LAVV3,1.5,C,0.5,C,0.0,Fraco,10.34,10.22,12.18,13.18,4983880.07,False,0.0,False,0.0,False,0.0,False,0.0,False,0.0,False,False,0.9,11.18,False,False,False,False,False,False,False,0,999,999,1111
ADBE34,ADBE34,BDR,ADBE (BDR: ADBE34),1.5,C,0.5,C,0.0,Fraco,233.17,257.26,246.01,261.57,940081741.1,False,0.0,False,0.0,False,0.0,False,0.0,False,0.0,False,False,0.76,294.53,False,False,False,False,False,False,False,0,999,999,1112
AZUL3,AZUL S.A.,BR_STOCK,AZUL3,1.5,C,0.5,C,0.0,Fraco,17.8,19.51,1449173.39,1219940.17,1249559.95,False,0.0,False,0.0,False,0.0,False,0.0,False,0.0,False,False,0.49,19.23,False,False,False,False,False,False,False,0,999,999,1113
A1DC34,A1DC34,BDR,ADC (BDR: A1DC34),1.5,C,0.5,C,0.0,Fraco,67.65,73.41,74.94,74.04,112012098.88,False,0.0,False,0.0,False,0.0,False,0.0,False,0.0,False,False,0.96,73.54,False,False,False,False,False,False,False,0,0,0,1114
EVTC31,EVERTEC INC,BDR,EVTC (BDR: EVTC31),1.5,C,0.5,C,0.0,Fraco,27.04,29.67,28.09,28.21,9957128.82,False,0.0,False,0.0,False,0.0,False,0.0,False,0.0,False,False,0.69,31.08,False,False,False,False,False,False,False,0,0,0,1115
N1IS34,N1IS34,BDR,NI (BDR: N1IS34),1.5,C,0.5,C,0.0,Fraco,39.32,42.05,45.08,44.46,249893382.38,False,0.0,False,0.0,False,0.0,False,0.0,False,0.0,False,False,1.01,42.18,False,False,False,False,False,False,False,0,0,0,1116
BRAP3,BRADESPAR S.A.,BR_STOCK,BRAP3,1.5,C,0.5,C,0.0,Fraco,17.83,18.55,19.28,19.33,659710.0,False,0.0,False,0.0,False,0.0,False,0.0,False,0.0,False,False,0.63,19.86,False,False,False,False,False,False,False,0,999,999,1117
CAMB3,CAMBUCI S.A.,BR_STOCK,CAMB3,1.5,C,0.5,C,0.0,Fraco,7.84,8.27,8.83,8.82,254016.0,False,0.0,False,0.0,False,0.0,False,0.0,False,0.0,False,False,1.15,8.62,False,False,False,False,False,False,False,0,999,999,1118
DMVF3,D1000 VAREJO FARMA PARTICIPAÇÕES S.A.,BR_STOCK,DMVF3,1.5,C,0.5,C,0.0,Fraco,6.12,6.31,6.58,6.6,161568.0,False,0.0,False,0.0,False,0.0,False,0.0,False,0.0,False,False,0.61,6.55,False,False,False,False,False,False,False,0,999,999,1119
BOEI34,BOEI34,BDR,BA (BDR: BOEI34),1.5,C,0.5,C,0.0,Fraco,187.68,213.34,217.46,220.95,1917284753.34,False,0.0,False,0.0,False,0.0,False,0.0,False,0.0,False,False,1.07,215.29,False,False,False,False,False,False,False,0,999,999,1120
G2WR34,G2WR34,BDR,GWRE (BDR: G2WR34),1.5,C,0.5,C,0.0,Fraco,142.52,164.17,147.6,151.96,202330091.79,False,0.0,False,0.0,False,0.0,False,0.0,False,0.0,False,False,1.16,207.49,False,False,False,False,False,False,False,0,999,999,1121
TOPP11,TOPP11,ETF,TOPP11,1.5,C,0.5,C,0.0,Fraco,64.14,64.26,64.39,65.05,1233091.49,False,0.0,False,0.0,False,0.0,False,0.0,False,0.0,False,False,2.0,67.99,False,False,False,False,False,False,False,0,999,999,1122
GEHC34,GEHC34,BDR,GEHC (BDR: GEHC34),1.5,C,0.5,C,0.0,Fraco,66.46,68.55,67.92,71.53,219052356.36,False,0.0,False,0.0,False,0.0,False,0.0,False,0.0,False,False,0.78,71.88,False,False,False,False,False,False,False,0,999,999,1123
E1IX34,E1IX34,BDR,EIX (BDR: E1IX34),1.5,C,0.5,C,0.0,Fraco,53.56,65.9,69.39,67.31,424342340.2,False,0.0,False,0.0,False,0.0,False,0.0,False,0.0,False,False,1.64,59.96,False,False,False,False,False,False,False,0,0,0,1124
HBOR3,HELBOR EMPREENDIMENTOS S.A.,BR_STOCK,HBOR3,1.5,C,0.5,C,0.0,Fraco,2.16,2.02,2.27,2.36,741528.03,False,0.0,False,0.0,False,0.0,False,0.0,False,0.0,False,False,0.48,2.36,False,False,False,False,False,False,False,0,999,999,1125
WIZC3,WIZ CO PARTICIPAÇÕES E CORRETAGEM DE SEGUROS S.A.,BR_STOCK,WIZC3,1.5,C,0.5,C,0.0,Fraco,7.73,7.91,8.23,8.39,1913948.0,False,0.0,False,0.0,False,0.0,False,0.0,False,0.0,False,False,0.95,8.25,False,False,False,False,False,False,False,0,999,999,1126
SAPR3,CIA SANEAMENTO DO PARANA - SANEPAR,BR_STOCK,SAPR3,1.5,C,0.5,C,0.0,Fraco,7.09,7.53,8.63,8.95,1598795.03,False,0.0,False,0.0,False,0.0,False,0.0,False,0.0,False,False,1.25,7.98,False,False,False,False,False,False,False,0,999,999,1127
FASA3,FASA3,BR_STOCK,FASA3,1.5,C,0.5,C,0.0,Fraco,0.25,0.22,0.3,0.6,53225.0,False,0.0,False,0.0,False,0.0,False,0.0,False,0.0,False,False,0.97,0.52,False,False,False,False,False,False,False,0,999,999,1128
ALLD3,ALLIED TECNOLOGIA S.A.,BR_STOCK,ALLD3,1.5,C,0.5,C,0.0,Fraco,4.93,4.92,5.7,6.23,944587.97,False,0.0,False,0.0,False,0.0,False,0.0,False,0.0,False,False,0.49,5.26,False,False,False,False,False,False,False,0,999,999,1129
VVEO3,CM HOSPITALAR S.A.,BR_STOCK,VVEO3,1.5,C,0.5,C,0.0,Fraco,0.75,0.7,1.06,1.16,145650.0,False,0.0,False,0.0,False,0.0,False,0.0,False,0.0,False,False,0.43,0.89,False,False,False,False,False,False,False,0,999,999,1130
V1RS34,V1RS34,BDR,VRSK (BDR: V1RS34),1.5,C,0.5,C,0.0,Fraco,165.94,185.34,184.14,189.8,278859187.18,False,0.0,False,0.0,False,0.0,False,0.0,False,0.0,False,False,1.23,196.68,False,False,False,False,False,False,False,0,0,0,1131
CHME34,CHME34,BDR,CME (BDR: CHME34),1.5,C,0.5,C,0.0,Fraco,263.22,268.65,274.37,274.47,376411971.91,False,0.0,False,0.0,False,0.0,False,0.0,False,0.0,False,False,0.78,288.55,False,False,False,False,False,False,False,0,0,0,1132
A1AP34,A1AP34,BDR,AAP (BDR: A1AP34),1.5,C,0.5,C,0.0,Fraco,39.73,48.73,52.9,51.33,77795749.13,False,0.0,False,0.0,False,0.0,False,0.0,False,0.0,False,False,1.07,45.52,False,False,False,False,False,False,False,0,999,999,1133
D1TE34,D1TE34,BDR,DTE (BDR: D1TE34),1.5,C,0.5,C,0.0,Fraco,122.39,135.24,141.35,138.74,369295055.73,False,0.0,False,0.0,False,0.0,False,0.0,False,0.0,False,False,1.37,136.76,False,False,False,False,False,False,False,0,0,0,1134
T2YL34,T2YL34,BDR,TYL (BDR: T2YL34),1.5,C,0.5,C,0.0,Fraco,316.26,334.14,327.57,347.4,265845317.87,False,0.0,False,0.0,False,0.0,False,0.0,False,0.0,False,False,1.11,393.53,False,False,False,False,False,False,False,0,0,0,1135
AZZA3,AZZAS 2154 S.A.,BR_STOCK,AZZA3,1.5,C,0.5,C,0.0,Fraco,17.15,15.86,19.62,20.91,111185162.53,False,0.0,False,0.0,False,0.0,False,0.0,False,0.0,False,False,1.68,18.28,False,False,False,False,False,False,False,0,999,999,1136
ONCO3,ONCOCLINICAS DO BRASIL SERVICOS MEDICOS  S.A.,BR_STOCK,ONCO3,1.5,C,0.5,C,0.0,Fraco,1.04,1.0,1.31,1.62,5937671.78,False,0.0,False,0.0,False,0.0,False,0.0,False,0.0,False,False,0.62,1.52,False,False,False,False,False,False,False,0,999,999,1137
S2FM34,S2FM34,BDR,SFM (BDR: S2FM34),1.5,C,0.5,C,0.0,Fraco,64.65,77.88,79.34,78.11,119706072.13,False,0.0,False,0.0,False,0.0,False,0.0,False,0.0,False,False,0.82,85.37,False,False,False,False,False,False,False,0,0,0,1138
H1RL34,H1RL34,BDR,HRL (BDR: H1RL34),1.5,C,0.5,C,0.0,Fraco,19.85,22.98,22.67,22.86,105850742.38,False,0.0,False,0.0,False,0.0,False,0.0,False,0.0,False,False,1.13,22.4,False,False,False,False,False,False,False,0,0,0,1139
S1BS34,S1BS34,BDR,SBSW (BDR: S1BS34),1.5,C,0.5,C,0.0,Fraco,10.19,10.52,10.95,11.99,49024974.51,False,0.0,False,0.0,False,0.0,False,0.0,False,0.0,False,False,0.79,12.88,False,False,False,False,False,False,False,0,999,999,1140
C2RN34,C2RN34,BDR,CRNC (BDR: C2RN34),1.5,C,0.5,C,0.0,Fraco,7.67,8.39,8.91,9.32,3576873.86,False,0.0,False,0.0,False,0.0,False,0.0,False,0.0,False,False,0.8,8.77,False,False,False,False,False,False,False,0,0,0,1141
G1AM34,G1AM34,BDR,GLPI (BDR: G1AM34),1.5,C,0.5,C,0.0,Fraco,38.27,41.77,43.89,43.65,102033370.37,False,0.0,False,0.0,False,0.0,False,0.0,False,0.0,False,False,0.72,41.81,False,False,False,False,False,False,False,0,999,999,1142
E1XC34,E1XC34,BDR,EXC (BDR: E1XC34),1.5,C,0.5,C,0.0,Fraco,40.65,43.97,45.46,44.94,550848130.03,False,0.0,False,0.0,False,0.0,False,0.0,False,0.0,False,False,1.99,44.33,False,False,False,False,False,False,False,0,999,999,1143
X1EL34,X1EL34,BDR,XEL (BDR: X1EL34),1.5,C,0.5,C,0.0,Fraco,70.69,75.87,77.89,76.97,459637989.03,False,0.0,False,0.0,False,0.0,False,0.0,False,0.0,False,False,1.03,76.44,False,False,False,False,False,False,False,0,0,0,1144
A1TM34,A1TM34,BDR,ATO (BDR: A1TM34),1.5,C,0.5,C,0.0,Fraco,157.6,167.47,174.78,172.96,141501795.88,False,0.0,False,0.0,False,0.0,False,0.0,False,0.0,False,False,0.74,169.58,False,False,False,False,False,False,False,0,0,0,1145
C1BR34,C1BR34,BDR,CBRE (BDR: C1BR34),1.5,C,0.5,C,0.0,Fraco,130.84,144.44,140.1,145.6,312586040.89,False,0.0,False,0.0,False,0.0,False,0.0,False,0.0,False,False,1.05,150.79,False,False,False,False,False,False,False,0,0,0,1146
T1SO34,T1SO34,BDR,SO (BDR: T1SO34),1.5,C,0.5,C,0.0,Fraco,83.45,89.76,92.41,91.0,751319432.57,False,0.0,False,0.0,False,0.0,False,0.0,False,0.0,False,False,1.4,89.34,False,False,False,False,False,False,False,0,0,0,1147
T2ND34,T2ND34,BDR,TNDM (BDR: T2ND34),1.5,C,0.5,C,0.0,Fraco,16.57,19.56,18.96,19.52,30641740.54,False,0.0,False,0.0,False,0.0,False,0.0,False,0.0,False,False,0.69,22.3,False,False,False,False,False,False,False,0,0,0,1148
K2CG34,K2CG34,BDR,KC (BDR: K2CG34),1.5,C,0.5,C,0.0,Fraco,9.09,10.57,12.33,12.32,9038178.06,False,0.0,False,0.0,False,0.0,False,0.0,False,0.0,False,False,0.74,10.95,False,False,False,False,False,False,False,0,999,999,1149
POMO4,MARCOPOLO S.A.,BR_STOCK,POMO4,0.5,C,0.5,C,0.0,Fraco,4.13,4.5,5.45,5.56,92827121.57,False,0.0,False,0.0,False,0.0,False,0.0,False,0.0,False,False,1.15,4.72,False,False,False,False,False,False,False,0,999,999,1150
B1AM34,B1AM34,BDR,BN (BDR: B1AM34),0.5,C,0.5,C,0.0,Fraco,36.49,40.76,42.55,43.47,196667352.32,False,0.0,False,0.0,False,0.0,False,0.0,False,0.0,False,False,1.1,41.3,False,False,False,False,False,False,False,0,999,999,1151
I1QY34,I1QY34,BDR,IQ (BDR: I1QY34),0.5,C,0.5,C,0.0,Fraco,0.99,1.11,1.18,1.37,9070593.88,False,0.0,False,0.0,False,0.0,False,0.0,False,0.0,False,False,0.96,1.17,False,False,False,False,False,False,False,0,999,999,1152
SHLD39,GLOBAL X DEFENSE TECH ETF,BDR,SHLD (BDR: SHLD39),0.5,C,0.5,C,0.0,Fraco,60.45,64.73,66.74,67.92,76127345.76,False,0.0,False,0.0,False,0.0,False,0.0,False,0.0,False,False,0.51,65.78,False,False,False,False,False,False,False,0,999,999,1153
C2OU34,C2OU34,BDR,COUR (BDR: C2OU34),0.5,C,0.5,C,0.0,Fraco,4.67,5.61,5.72,5.98,61320930.4,False,0.0,False,0.0,False,0.0,False,0.0,False,0.0,False,False,1.91,6.6,False,False,False,False,False,False,False,0,999,999,1154
F2VR34,F2VR34,BDR,FVRR (BDR: F2VR34),0.5,C,0.5,C,0.0,Fraco,8.55,9.27,10.21,11.93,5043089.36,False,0.0,False,0.0,False,0.0,False,0.0,False,0.0,False,False,0.98,9.68,False,False,False,False,False,False,False,0,999,999,1155
P1DD34,P1DD34,BDR,PDD (BDR: P1DD34),0.5,C,0.5,C,0.0,Fraco,77.5,84.21,90.5,95.03,325447687.5,False,0.0,False,0.0,False,0.0,False,0.0,False,0.0,False,False,0.67,85.2,False,False,False,False,False,False,False,0,999,999,1156
G1LO34,G1LO34,BDR,GLOB (BDR: G1LO34),0.5,C,0.5,C,0.0,Fraco,33.94,37.18,39.44,45.31,23208815.92,False,0.0,False,0.0,False,0.0,False,0.0,False,0.0,False,False,0.74,41.31,False,False,False,False,False,False,False,0,0,0,1157
MKLC34,MKLC34,BDR,MKL (BDR: MKLC34),0.5,C,0.5,C,0.0,Fraco,1740.09,1834.93,1879.71,1935.43,100157838.34,False,0.0,False,0.0,False,0.0,False,0.0,False,0.0,False,False,0.74,1849.11,False,False,False,False,False,False,False,0,0,0,1158
S1NN34,S1NN34,BDR,SNN (BDR: S1NN34),0.5,C,0.5,C,0.0,Fraco,26.95,29.21,30.75,31.4,18137997.31,False,0.0,False,0.0,False,0.0,False,0.0,False,0.0,False,False,0.53,29.69,False,False,False,False,False,False,False,0,0,0,1159
T1SC34,T1SC34,BDR,TSCO (BDR: T1SC34),0.5,C,0.5,C,0.0,Fraco,31.51,33.31,35.79,39.71,235409478.66,False,0.0,False,0.0,False,0.0,False,0.0,False,0.0,False,False,0.75,35.82,False,False,False,False,False,False,False,0,0,0,1160
B1SX34,B1SX34,BDR,BSX (BDR: B1SX34),0.5,C,0.5,C,0.0,Fraco,43.88,46.88,53.68,62.47,621767943.05,False,0.0,False,0.0,False,0.0,False,0.0,False,0.0,False,False,0.63,49.66,False,False,False,False,False,False,False,0,999,999,1161
ORCL34,ORCL34,BDR,ORCL (BDR: ORCL34),0.5,C,0.5,C,0.0,Fraco,137.79,142.7,158.82,162.96,6255167722.15,False,0.0,False,0.0,False,0.0,False,0.0,False,0.0,False,False,1.39,170.7,False,False,False,False,False,False,False,0,999,999,1162
STOC34,STOC34,BDR,STNE (BDR: STOC34),0.5,C,0.5,C,0.0,Fraco,9.28,10.11,10.94,11.44,49660517.29,False,0.0,False,0.0,False,0.0,False,0.0,False,0.0,False,False,1.19,10.8,False,False,False,False,False,False,False,0,999,999,1163
C1AB34,C1AB34,BDR,CABO (BDR: C1AB34),0.5,C,0.5,C,0.0,Fraco,10.93,28.36,57.74,69.23,11218191.62,False,0.0,False,0.0,False,0.0,False,0.0,False,0.0,False,False,2.72,29.39,False,False,False,False,False,False,False,0,999,999,1164
PAGS34,PAGS34,BDR,PAGS (BDR: PAGS34),0.5,C,0.5,C,0.0,Fraco,8.8,9.05,9.22,9.39,32617667.11,False,0.0,False,0.0,False,0.0,False,0.0,False,0.0,False,False,1.24,10.01,False,False,False,False,False,False,False,0,999,999,1165
D2OX34,D2OX34,BDR,DOX (BDR: D2OX34),0.5,C,0.5,C,0.0,Fraco,57.59,58.71,60.06,64.21,36524499.54,False,0.0,False,0.0,False,0.0,False,0.0,False,0.0,False,False,0.76,64.39,False,False,False,False,False,False,False,0,0,0,1166
BIDU34,BIDU34,BDR,BIDU (BDR: BIDU34),0.5,C,0.5,C,0.0,Fraco,86.71,98.27,113.62,120.4,204124095.55,False,0.0,False,0.0,False,0.0,False,0.0,False,0.0,False,False,0.99,99.64,False,False,False,False,False,False,False,0,999,999,1167
BEEM39,ISHARES MSCI EMERGING MARKETS ETF,BDR,BEEM (BDR: BEEM39),0.5,C,0.5,C,0.0,Fraco,1.12,1.25,1.4,1.46,284269.44,False,0.0,False,0.0,False,0.0,False,0.0,False,0.0,False,False,0.69,1.48,False,False,False,False,False,False,False,0,999,999,1168
M2PM34,M2PM34,BDR,MP (BDR: M2PM34),0.5,C,0.5,C,0.0,Fraco,45.43,50.94,55.96,56.87,311651846.44,False,0.0,False,0.0,False,0.0,False,0.0,False,0.0,False,False,1.34,58.52,False,False,False,False,False,False,False,0,999,999,1169
D2KN34,D2KN34,BDR,DKNG (BDR: D2KN34),0.5,C,0.5,C,0.0,Fraco,19.59,23.8,24.36,25.97,497364813.18,False,0.0,False,0.0,False,0.0,False,0.0,False,0.0,False,False,1.59,25.25,False,False,False,False,False,False,False,0,999,999,1170
PEPB34,PEPB34,BDR,PEP (BDR: PEPB34),0.5,C,0.5,C,0.0,Fraco,128.69,136.56,143.96,144.85,1082547893.25,False,0.0,False,0.0,False,0.0,False,0.0,False,0.0,False,False,0.83,140.21,False,False,False,False,False,False,False,0,999,999,1171
A1LB34,A1LB34,BDR,ALB (BDR: A1LB34),0.5,C,0.5,C,0.0,Fraco,107.62,123.27,152.88,154.88,191818664.3,False,0.0,False,0.0,False,0.0,False,0.0,False,0.0,False,False,0.65,137.62,False,False,False,False,False,False,False,0,999,999,1172
S2TW34,S2TW34,BDR,STWD (BDR: S2TW34),0.5,C,0.5,C,0.0,Fraco,14.36,15.86,16.5,16.66,72520252.79,False,0.0,False,0.0,False,0.0,False,0.0,False,0.0,False,False,1.02,16.18,False,False,False,False,False,False,False,0,999,999,1173
COGN3,COGNA EDUCAÇÃO S.A.,BR_STOCK,COGN3,0.5,C,0.5,C,0.0,Fraco,2.2,2.23,2.56,2.84,84961581.84,False,0.0,False,0.0,False,0.0,False,0.0,False,0.0,False,False,0.97,2.52,False,False,False,False,False,False,False,0,999,999,1174
XRAY34,XRAY34,BDR,XRAY (BDR: XRAY34),0.5,C,0.5,C,0.0,Fraco,8.98,11.4,11.45,11.64,41299844.05,False,0.0,False,0.0,False,0.0,False,0.0,False,0.0,False,False,0.8,11.72,False,False,False,False,False,False,False,0,0,0,1175
TGAR11,TGAR11,ETF,TGAR11,0.5,C,0.5,C,0.0,Fraco,43.64,45.44,55.44,61.2,1981255.97,False,0.0,False,0.0,False,0.0,False,0.0,False,0.0,False,False,0.63,47.17,False,False,False,False,False,False,False,0,999,999,1176
VVCR11,VVCR11,ETF,VVCR11,0.5,C,0.5,C,0.0,Fraco,8.0,8.16,8.58,8.59,354176.0,False,0.0,False,0.0,False,0.0,False,0.0,False,0.0,False,False,10.85,10.3,False,False,False,False,False,False,False,0,999,999,1177
IBMB34,IBMB34,BDR,IBM (BDR: IBMB34),0.5,C,0.5,C,0.0,Fraco,219.99,230.52,243.07,253.96,800910353.33,False,0.0,False,0.0,False,0.0,False,0.0,False,0.0,False,False,0.6,251.82,False,False,False,False,False,False,False,0,999,999,1178
M2PT34,M2PT34,BDR,MPT (BDR: M2PT34),0.5,C,0.5,C,0.0,Fraco,3.51,4.04,4.51,4.61,40669608.22,False,0.0,False,0.0,False,0.0,False,0.0,False,0.0,False,False,0.94,4.04,False,False,False,False,False,False,False,0,999,999,1179
WUNI34,WUNI34,BDR,WU (BDR: WUNI34),0.5,C,0.5,C,0.0,Fraco,5.97,6.91,7.68,7.92,46974364.26,False,0.0,False,0.0,False,0.0,False,0.0,False,0.0,False,False,0.7,7.17,False,False,False,False,False,False,False,0,999,999,1180
GGPS3,GPS PARTICIPACOES E EMPREENDIMENTOS S.A.,BR_STOCK,GGPS3,0.5,C,0.5,C,0.0,Fraco,12.16,12.17,13.69,14.65,53966079.32,False,0.0,False,0.0,False,0.0,False,0.0,False,0.0,False,False,1.36,13.43,False,False,False,False,False,False,False,0,999,999,1181
I2NG34,I2NG34,BDR,INGR (BDR: I2NG34),0.5,C,0.5,C,0.0,Fraco,96.46,101.8,104.35,106.45,69159311.38,False,0.0,False,0.0,False,0.0,False,0.0,False,0.0,False,False,1.08,104.97,False,False,False,False,False,False,False,0,0,0,1182
T1LK34,T1LK34,BDR,TLK (BDR: T1LK34),0.5,C,0.5,C,0.0,Fraco,13.2,14.58,15.43,16.48,8459180.28,False,0.0,False,0.0,False,0.0,False,0.0,False,0.0,False,False,0.69,15.29,False,False,False,False,False,False,False,0,0,0,1183
P2OS34,P2OS34,BDR,POST (BDR: P2OS34),0.5,C,0.5,C,0.0,Fraco,73.43,82.58,92.15,94.6,58454318.89,False,0.0,False,0.0,False,0.0,False,0.0,False,0.0,False,False,0.73,86.41,False,False,False,False,False,False,False,0,0,0,1184
P1UK34,P1UK34,BDR,PUK (BDR: P1UK34),0.5,C,0.5,C,0.0,Fraco,25.23,27.55,28.39,29.02,26331743.16,False,0.0,False,0.0,False,0.0,False,0.0,False,0.0,False,False,0.91,28.16,False,False,False,False,False,False,False,0,0,0,1185
CHCM34,CHCM34,BDR,CHTR (BDR: CHCM34),0.5,C,0.5,C,0.0,Fraco,110.67,141.3,164.61,176.37,317009561.62,False,0.0,False,0.0,False,0.0,False,0.0,False,0.0,False,False,0.83,160.7,False,False,False,False,False,False,False,0,999,999,1186
E2PA34,E2PA34,BDR,EPAM (BDR: E2PA34),0.5,C,0.5,C,0.0,Fraco,107.14,107.52,110.06,132.05,74912716.13,False,0.0,False,0.0,False,0.0,False,0.0,False,0.0,False,False,0.6,126.5,False,False,False,False,False,False,False,0,999,999,1187
S1YK34,S1YK34,BDR,SYK (BDR: S1YK34),0.5,C,0.5,C,0.0,Fraco,278.77,313.59,320.94,330.37,778651412.67,False,0.0,False,0.0,False,0.0,False,0.0,False,0.0,False,False,0.96,331.5,False,False,False,False,False,False,False,0,999,999,1188
HAPV3,HAPVIDA PARTICIPACOES E INVESTIMENTOS SA,BR_STOCK,HAPV3,0.5,C,0.5,C,0.0,Fraco,6.28,7.99,10.07,10.89,37663673.26,False,0.0,False,0.0,False,0.0,False,0.0,False,0.0,False,False,0.72,7.48,False,False,False,False,False,False,False,0,999,999,1189
PGMN3,EMPREENDIMENTOS PAGUE MENOS S.A.,BR_STOCK,PGMN3,0.5,C,0.5,C,0.0,Fraco,3.47,3.5,4.52,5.0,17796589.15,False,0.0,False,0.0,False,0.0,False,0.0,False,0.0,False,False,0.53,4.05,False,False,False,False,False,False,False,0,999,999,1190
BRKM5,BRASKEM S.A.,BR_STOCK,BRKM5,0.5,C,0.5,C,0.0,Fraco,3.72,5.05,7.92,8.11,16402968.13,False,0.0,False,0.0,False,0.0,False,0.0,False,0.0,False,False,0.82,5.54,False,False,False,False,False,False,False,0,999,999,1191
CVCB3,CVC BRASIL OPERADORA E AGÊNCIA DE VIAGENS S.A.,BR_STOCK,CVCB3,0.5,C,0.5,C,0.0,Fraco,1.43,1.5,1.69,1.85,20676226.24,False,0.0,False,0.0,False,0.0,False,0.0,False,0.0,False,False,1.1,1.94,False,False,False,False,False,False,False,0,999,999,1192
DIRR3,DIRECIONAL ENGENHARIA S.A.,BR_STOCK,DIRR3,0.5,C,0.5,C,0.0,Fraco,10.16,10.87,12.73,13.2,131689854.02,False,0.0,False,0.0,False,0.0,False,0.0,False,0.0,False,False,1.0,11.88,False,False,False,False,False,False,False,0,999,999,1193
D2PZ34,D2PZ34,BDR,DPZ (BDR: D2PZ34),0.5,C,0.5,C,0.0,Fraco,301.81,330.95,335.1,351.67,265913923.69,False,0.0,False,0.0,False,0.0,False,0.0,False,0.0,False,False,1.06,350.82,False,False,False,False,False,False,False,0,0,0,1194
I1FO34,I1FO34,BDR,INFY (BDR: I1FO34),0.5,C,0.5,C,0.0,Fraco,10.64,11.63,12.16,13.39,150392170.13,False,0.0,False,0.0,False,0.0,False,0.0,False,0.0,False,False,0.97,12.21,False,False,False,False,False,False,False,0,0,0,1195
PHGN34,PHGN34,BDR,PHG (BDR: PHGN34),0.5,C,0.5,C,0.0,Fraco,24.77,26.06,26.58,26.92,20218413.79,False,0.0,False,0.0,False,0.0,False,0.0,False,0.0,False,False,1.04,26.97,False,False,False,False,False,False,False,0,0,0,1196
INTU34,INTU34,BDR,INTU (BDR: INTU34),0.5,C,0.5,C,0.0,Fraco,268.03,323.7,348.03,397.43,970726390.82,False,0.0,False,0.0,False,0.0,False,0.0,False,0.0,False,False,0.9,365.77,False,False,False,False,False,False,False,0,999,999,1197
M1CB34,M1CB34,BDR,TAP (BDR: M1CB34),0.5,C,0.5,C,0.0,Fraco,36.01,40.15,40.94,42.52,106961578.31,False,0.0,False,0.0,False,0.0,False,0.0,False,0.0,False,False,0.36,41.28,False,False,False,False,False,False,False,0,999,999,1198
BAER39,ISHARES US AEROSPACE & DEFENSE ETF,BDR,BAER (BDR: BAER39),0.5,C,0.5,C,0.0,Fraco,0.64,1.28,1.76,1.92,2665260.61,False,0.0,False,0.0,False,0.0,False,0.0,False,0.0,False,False,5.7,1.15,False,False,False,False,False,False,False,0,999,999,1199
C1GP34,C1GP34,BDR,CSGP (BDR: C1GP34),0.5,C,0.5,C,0.0,Fraco,26.95,30.3,34.2,40.65,139950249.01,False,0.0,False,0.0,False,0.0,False,0.0,False,0.0,False,False,0.74,32.79,False,False,False,False,False,False,False,0,999,999,1200
T1DG34,T1DG34,BDR,TDG (BDR: T1DG34),0.5,C,0.5,C,0.0,Fraco,1099.79,1186.05,1218.62,1250.62,454037319.73,False,0.0,False,0.0,False,0.0,False,0.0,False,0.0,False,False,0.93,1185.47,False,False,False,False,False,False,False,0,999,999,1201
BTRU11,BTRU11,ETF,BTRU11,0.5,C,0.5,C,0.0,Fraco,85.6,85.66,88.21,91.6,455563.19,False,0.0,False,0.0,False,0.0,False,0.0,False,0.0,False,False,4.03,90.89,False,False,False,False,False,False,False,0,999,999,1202
RECM11,RECM11,ETF,RECM11,0.5,C,0.5,C,0.0,Fraco,6.93,7.23,7.3,7.4,77470.47,False,0.0,False,0.0,False,0.0,False,0.0,False,0.0,False,False,1.09,7.39,False,False,False,False,False,False,False,0,999,999,1203
PIPE11,PIPE11,ETF,PIPE11,0.5,C,0.5,C,0.0,Fraco,90.4,95.53,97.27,97.27,208462.4,False,0.0,False,0.0,False,0.0,False,0.0,False,0.0,False,False,1.28,98.0,False,False,False,False,False,False,False,0,999,999,1204
SYNE3,SYN PROP E TECH S.A.,BR_STOCK,SYNE3,0.5,C,0.5,C,0.0,Fraco,3.6,3.77,4.01,4.23,664199.98,False,0.0,False,0.0,False,0.0,False,0.0,False,0.0,False,False,0.61,3.96,False,False,False,False,False,False,False,0,999,999,1205
IFCM3,INFRACOMMERCE CXAAS S.A.,BR_STOCK,IFCM3,0.5,C,0.5,C,0.0,Fraco,1.35,1.71,2.92,3.29,157140.0,False,0.0,False,0.0,False,0.0,False,0.0,False,0.0,False,False,1.73,1.84,False,False,False,False,False,False,False,0,999,999,1206
B2MB34,B2MB34,BDR,BMBL (BDR: B2MB34),0.5,C,0.5,C,0.0,Fraco,2.57,2.83,3.18,3.23,6414817.49,False,0.0,False,0.0,False,0.0,False,0.0,False,0.0,False,False,1.2,3.13,False,False,False,False,False,False,False,0,0,0,1207
U2PS34,U2PS34,BDR,UPST (BDR: U2PS34),0.5,C,0.5,C,0.0,Fraco,23.14,27.81,29.32,32.63,93247440.66,False,0.0,False,0.0,False,0.0,False,0.0,False,0.0,False,False,0.86,29.04,False,False,False,False,False,False,False,0,999,999,1208
TSNF34,TSNF34,BDR,TSN (BDR: TSNF34),0.5,C,0.5,C,0.0,Fraco,50.98,55.32,59.04,59.2,163680770.81,False,0.0,False,0.0,False,0.0,False,0.0,False,0.0,False,False,0.87,56.54,False,False,False,False,False,False,False,0,999,999,1209
APTV34,APTV34,BDR,APTV (BDR: APTV34),0.5,C,0.5,C,0.0,Fraco,43.37,48.51,58.45,63.84,116477158.07,False,0.0,False,0.0,False,0.0,False,0.0,False,0.0,False,False,0.6,48.24,False,False,False,False,False,False,False,0,0,0,1210
AGRO3,BRASILAGRO - CIA BRAS DE PROP AGRICOLAS,BR_STOCK,AGRO3,0.5,C,0.5,C,0.0,Fraco,17.62,18.66,19.33,19.62,6360820.3,False,0.0,False,0.0,False,0.0,False,0.0,False,0.0,False,False,1.64,19.84,False,False,False,False,False,False,False,0,999,999,1211
AZTE3,AZEVEDO & TRAVASSOS ENERGIA S.A.,BR_STOCK,AZTE3,0.5,C,0.5,C,0.0,Fraco,1.21,1.42,2.19,2.56,344487.01,False,0.0,False,0.0,False,0.0,False,0.0,False,0.0,False,False,0.32,1.87,False,False,False,False,False,False,False,0,999,999,1212
VITT3,VITTIA S.A.,BR_STOCK,VITT3,0.5,C,0.5,C,0.0,Fraco,3.0,3.02,3.3,3.47,605700.0,False,0.0,False,0.0,False,0.0,False,0.0,False,0.0,False,False,1.04,3.2,False,False,False,False,False,False,False,0,999,999,1213
C1PR34,C1PR34,BDR,CPRT (BDR: C1PR34),0.5,C,0.5,C,0.0,Fraco,27.14,30.49,31.8,33.67,238067162.31,False,0.0,False,0.0,False,0.0,False,0.0,False,0.0,False,False,0.81,34.44,False,False,False,False,False,False,False,0,999,999,1214
L1HX34,L1HX34,BDR,LHX (BDR: L1HX34),0.5,C,0.5,C,0.0,Fraco,236.47,267.28,303.65,308.86,424539086.12,False,0.0,False,0.0,False,0.0,False,0.0,False,0.0,False,False,1.05,268.21,False,False,False,False,False,False,False,0,0,0,1215
W1SO34,W1SO34,BDR,WSO (BDR: W1SO34),0.5,C,0.5,C,0.0,Fraco,300.8,320.79,367.48,368.47,195509464.07,False,0.0,False,0.0,False,0.0,False,0.0,False,0.0,False,False,1.25,329.58,False,False,False,False,False,False,False,0,0,0,1216
C1CI34,C1CI34,BDR,CCI (BDR: C1CI34),0.5,C,0.5,C,0.0,Fraco,67.07,73.64,80.43,81.26,241489692.24,False,0.0,False,0.0,False,0.0,False,0.0,False,0.0,False,False,0.87,76.64,False,False,False,False,False,False,False,0,0,0,1217
C1HR34,C1HR34,BDR,CHRW (BDR: C1HR34),0.5,C,0.5,C,0.0,Fraco,149.71,154.18,170.16,171.17,155165738.78,False,0.0,False,0.0,False,0.0,False,0.0,False,0.0,False,False,0.7,158.07,False,False,False,False,False,False,False,0,0,0,1218
TRXF11,TRXF11,ETF,TRXF11,0.5,C,0.5,C,0.0,Fraco,72.25,78.28,84.22,85.09,20528320.25,False,0.0,False,0.0,False,0.0,False,0.0,False,0.0,False,False,0.68,79.44,False,False,False,False,False,False,False,0,999,999,1219
CACR11,CACR11,ETF,CACR11,0.5,C,0.5,C,0.0,Fraco,14.86,14.87,36.31,44.71,175957.26,False,0.0,False,0.0,False,0.0,False,0.0,False,0.0,False,False,1.13,16.68,False,False,False,False,False,False,False,0,999,999,1220
F1NI34,F1NI34,BDR,FIS (BDR: F1NI34),0.5,C,0.5,C,0.0,Fraco,33.35,40.03,42.48,46.28,245526157.17,False,0.0,False,0.0,False,0.0,False,0.0,False,0.0,False,False,1.16,42.34,False,False,False,False,False,False,False,0,999,999,1221
L1UL34,L1UL34,BDR,LULU (BDR: L1UL34),0.5,C,0.5,C,0.0,Fraco,96.87,113.02,130.56,146.51,433568336.54,False,0.0,False,0.0,False,0.0,False,0.0,False,0.0,False,False,0.87,124.47,False,False,False,False,False,False,False,0,999,999,1222
V1MC34,V1MC34,BDR,VMC (BDR: V1MC34),0.5,C,0.5,C,0.0,Fraco,242.75,266.96,278.27,283.93,393691950.0,False,0.0,False,0.0,False,0.0,False,0.0,False,0.0,False,False,1.22,273.74,False,False,False,False,False,False,False,0,999,999,1223
A1IV34,A1IV34,BDR,AIV (BDR: A1IV34),0.5,C,0.5,C,0.0,Fraco,2.06,2.5,2.78,2.85,5260910.25,False,0.0,False,0.0,False,0.0,False,0.0,False,0.0,False,False,1.21,2.59,False,False,False,False,False,False,False,0,999,999,1224
PDGR3,PDG REALTY S.A. EMPREEND E PARTICIPACOES,BR_STOCK,PDGR3,0.5,C,0.5,C,0.0,Fraco,1.09,1.22,1.44,1.57,53737.0,False,0.0,False,0.0,False,0.0,False,0.0,False,0.0,False,False,1.54,1.36,False,False,False,False,False,False,False,0,999,999,1225
BIOM3,BIOMM S.A.,BR_STOCK,BIOM3,0.5,C,0.5,C,0.0,Fraco,5.88,6.22,6.75,6.77,232260.0,False,0.0,False,0.0,False,0.0,False,0.0,False,0.0,False,False,0.84,6.8,False,False,False,False,False,False,False,0,999,999,1226
WHRL4,WHIRLPOOL S.A.,BR_STOCK,WHRL4,0.5,C,0.5,C,0.0,Fraco,3.6,3.8,4.08,4.21,125640.0,False,0.0,False,0.0,False,0.0,False,0.0,False,0.0,False,False,5.36,4.02,False,False,False,False,False,False,False,0,999,999,1227
S2RE34,S2RE34,BDR,ASR (BDR: S2RE34),0.5,C,0.5,C,0.0,Fraco,240.96,260.3,293.48,303.71,18277298.43,False,0.0,False,0.0,False,0.0,False,0.0,False,0.0,False,False,1.1,261.34,False,False,False,False,False,False,False,0,0,0,1228
LPSB3,LPS BRASIL - CONSULTORIA DE IMOVEIS S.A.,BR_STOCK,LPSB3,0.5,C,0.5,C,0.0,Fraco,1.25,1.34,1.54,1.58,117250.0,False,0.0,False,0.0,False,0.0,False,0.0,False,0.0,False,False,0.56,1.36,False,False,False,False,False,False,False,0,999,999,1229
ETER3,ETERNIT S.A.,BR_STOCK,ETER3,0.5,C,0.5,C,0.0,Fraco,3.53,3.7,3.76,3.79,325819.0,False,0.0,False,0.0,False,0.0,False,0.0,False,0.0,False,False,1.4,3.84,False,False,False,False,False,False,False,0,999,999,1230
BRKM3,BRASKEM S.A.,BR_STOCK,BRKM3,0.5,C,0.5,C,0.0,Fraco,3.71,4.34,6.63,7.12,335013.0,False,0.0,False,0.0,False,0.0,False,0.0,False,0.0,False,False,1.51,4.6,False,False,False,False,False,False,False,0,999,999,1231
UCAS3,UNICASA INDÚSTRIA DE MÓVEIS S.A.,BR_STOCK,UCAS3,0.5,C,0.5,C,0.0,Fraco,1.11,1.14,1.29,1.31,91131.0,False,0.0,False,0.0,False,0.0,False,0.0,False,0.0,False,False,4.81,1.18,False,False,False,False,False,False,False,0,999,999,1232
VLID3,VALID SOLUÇÕES S.A.,BR_STOCK,VLID3,0.5,C,0.5,C,0.0,Fraco,17.27,17.47,18.2,18.92,1272799.03,False,0.0,False,0.0,False,0.0,False,0.0,False,0.0,False,False,0.51,18.31,False,False,False,False,False,False,False,0,999,999,1233
W1BO34,W1BO34,BDR,WB (BDR: W1BO34),0.5,C,0.5,C,0.0,Fraco,6.42,7.23,7.86,8.33,7617041.19,False,0.0,False,0.0,False,0.0,False,0.0,False,0.0,False,False,1.2,6.98,False,False,False,False,False,False,False,0,999,999,1234
HCTR11,HCTR11,ETF,HCTR11,0.5,C,0.5,C,0.0,Fraco,12.75,14.01,16.08,16.86,365695.5,False,0.0,False,0.0,False,0.0,False,0.0,False,0.0,False,False,0.81,14.12,False,False,False,False,False,False,False,0,999,999,1235
ARTE11,ARTE11,ETF,ARTE11,0.5,C,0.5,C,0.0,Fraco,6.35,6.9,7.56,7.56,165798.5,False,0.0,False,0.0,False,0.0,False,0.0,False,0.0,False,False,1.07,7.26,False,False,False,False,False,False,False,0,999,999,1236
RBRR11,RBRR11,ETF,RBRR11,0.5,C,0.5,C,0.0,Fraco,67.85,72.09,76.36,77.06,3708613.07,False,0.0,False,0.0,False,0.0,False,0.0,False,0.0,False,False,1.14,73.17,False,False,False,False,False,False,False,0,999,999,1237
PVBI11,PVBI11,ETF,PVBI11,0.5,C,0.5,C,0.0,Fraco,65.1,67.12,71.42,72.86,3420028.42,False,0.0,False,0.0,False,0.0,False,0.0,False,0.0,False,False,0.89,70.11,False,False,False,False,False,False,False,0,999,999,1238
I2ND34,I2ND34,BDR,INDI (BDR: I2ND34),0.5,C,0.5,C,0.0,Fraco,2.96,3.56,3.68,3.75,24807704.08,False,0.0,False,0.0,False,0.0,False,0.0,False,0.0,False,False,1.62,3.81,False,False,False,False,False,False,False,0,0,0,1239
T1RI34,T1RI34,BDR,TRIP (BDR: T1RI34),0.5,C,0.5,C,0.0,Fraco,8.4,10.66,11.1,11.65,26908273.18,False,0.0,False,0.0,False,0.0,False,0.0,False,0.0,False,False,0.7,9.87,False,False,False,False,False,False,False,0,0,0,1240
GLDX11,GLDX11,ETF,GLDX11,0.5,C,0.5,C,0.0,Fraco,101.67,103.6,106.83,109.55,57036.87,False,0.0,False,0.0,False,0.0,False,0.0,False,0.0,False,False,0.02,109.0,False,False,False,False,False,False,False,0,999,999,1241
EIDO39,ISHARES MSCI INDONESIA ETF,BDR,EIDO (BDR: EIDO39),0.5,C,0.5,C,0.0,Fraco,11.83,12.57,13.54,14.68,6907513.3,False,0.0,False,0.0,False,0.0,False,0.0,False,0.0,False,False,0.51,13.31,False,False,False,False,False,False,False,0,0,0,1242
ENJU3,ENJOEI S.A.,BR_STOCK,ENJU3,0.5,C,0.5,C,0.0,Fraco,0.73,0.77,0.82,0.83,839719.02,False,0.0,False,0.0,False,0.0,False,0.0,False,0.0,False,False,2.73,0.8,False,False,False,False,False,False,False,0,999,999,1243
FESA4,CIA FERRO LIGAS DA BAHIA - FERBASA,BR_STOCK,FESA4,0.5,C,0.5,C,0.0,Fraco,5.35,5.55,6.52,6.74,6126284.89,False,0.0,False,0.0,False,0.0,False,0.0,False,0.0,False,False,1.25,5.91,False,False,False,False,False,False,False,0,999,999,1244
MDIA3,M.DIAS BRANCO S.A. IND COM DE ALIMENTOS,BR_STOCK,MDIA3,0.5,C,0.5,C,0.0,Fraco,16.15,17.09,19.47,20.66,17911964.58,False,0.0,False,0.0,False,0.0,False,0.0,False,0.0,False,False,1.28,18.02,False,False,False,False,False,False,False,0,999,999,1245
SAPR11,CIA SANEAMENTO DO PARANA - SANEPAR,BR_STOCK,SAPR11,0.5,C,0.5,C,0.0,Fraco,32.94,34.3,38.27,39.46,34181836.57,False,0.0,False,0.0,False,0.0,False,0.0,False,0.0,False,False,0.66,36.45,False,False,False,False,False,False,False,0,999,999,1246
RCSL4,RECRUSUL S.A.,BR_STOCK,RCSL4,0.5,C,0.5,C,0.0,Fraco,0.29,0.51,0.66,0.94,287795.99,False,0.0,False,0.0,False,0.0,False,0.0,False,0.0,False,False,0.31,0.5,False,False,False,False,False,False,False,0,999,999,1247
P2AX34,P2AX34,BDR,PAX (BDR: P2AX34),0.5,C,0.5,C,0.0,Fraco,10.06,10.93,11.35,12.26,9882270.39,False,0.0,False,0.0,False,0.0,False,0.0,False,0.0,False,False,0.99,11.52,False,False,False,False,False,False,False,0,999,999,1248
JGPX11,JGPX11,ETF,JGPX11,0.5,C,0.5,C,0.0,Fraco,52.7,56.04,60.6,61.87,191617.2,False,0.0,False,0.0,False,0.0,False,0.0,False,0.0,False,False,0.69,62.5,False,False,False,False,False,False,False,0,999,999,1249
S2GI34,S2GI34,BDR,SGI (BDR: S2GI34),0.5,C,0.5,C,0.0,Fraco,62.26,66.02,71.67,76.56,155484633.25,False,0.0,False,0.0,False,0.0,False,0.0,False,0.0,False,False,0.75,70.94,False,False,False,False,False,False,False,0,0,0,1250
S2UI34,S2UI34,BDR,SUI (BDR: S2UI34),0.5,C,0.5,C,0.0,Fraco,111.89,119.35,123.21,123.25,106643477.32,False,0.0,False,0.0,False,0.0,False,0.0,False,0.0,False,False,0.76,122.8,False,False,False,False,False,False,False,0,0,0,1251
F1MC34,F1MC34,BDR,FMC (BDR: F1MC34),0.5,C,0.5,C,0.0,Fraco,9.09,10.93,12.73,13.19,28648526.25,False,0.0,False,0.0,False,0.0,False,0.0,False,0.0,False,False,0.73,13.46,False,False,False,False,False,False,False,0,0,0,1252
V1IP34,V1IP34,BDR,VIPS (BDR: V1IP34),0.5,C,0.5,C,0.0,Fraco,12.38,13.8,14.27,15.04,28190461.12,False,0.0,False,0.0,False,0.0,False,0.0,False,0.0,False,False,0.87,13.5,False,False,False,False,False,False,False,0,999,999,1253
BIPC39,ISHARES CORE MSCI PACIFIC ETF,BDR,BIPC (BDR: BIPC39),0.5,C,0.5,C,0.0,Fraco,35.69,38.37,39.75,41.11,36708805.33,False,0.0,False,0.0,False,0.0,False,0.0,False,0.0,False,False,0.9,38.52,False,False,False,False,False,False,False,0,999,999,1254
W1HR34,W1HR34,BDR,WHR (BDR: W1HR34),0.5,C,0.5,C,0.0,Fraco,30.67,37.96,45.0,53.83,74390023.85,False,0.0,False,0.0,False,0.0,False,0.0,False,0.0,False,False,0.78,40.95,False,False,False,False,False,False,False,0,999,999,1255
E2NO34,E2NO34,BDR,ENOV (BDR: E2NO34),0.5,C,0.5,C,0.0,Fraco,18.46,23.55,23.7,23.93,28260375.68,False,0.0,False,0.0,False,0.0,False,0.0,False,0.0,False,False,0.79,24.87,False,False,False,False,False,False,False,0,999,999,1256
A1PP34,A1PP34,BDR,APP (BDR: A1PP34),0.5,C,0.5,C,0.0,Fraco,305.66,338.72,428.94,462.33,1124130991.69,False,0.0,False,0.0,False,0.0,False,0.0,False,0.0,False,False,0.69,338.34,False,False,False,False,False,False,False,0,999,999,1257
R2AR34,R2AR34,BDR,RARE (BDR: R2AR34),0.5,C,0.5,C,0.0,Fraco,15.32,21.96,23.96,24.4,89806006.73,False,0.0,False,0.0,False,0.0,False,0.0,False,0.0,False,False,0.86,26.8,False,False,False,False,False,False,False,0,999,999,1258
SBFG3,GRUPO SBF SA,BR_STOCK,SBFG3,0.5,C,0.5,C,0.0,Fraco,7.83,8.73,10.26,10.86,13885721.86,False,0.0,False,0.0,False,0.0,False,0.0,False,0.0,False,False,0.46,9.25,False,False,False,False,False,False,False,0,999,999,1259
AZEV4,AZEVEDO E TRAVASSOS S.A.,BR_STOCK,AZEV4,0.5,C,0.5,C,0.0,Fraco,1.16,1.51,2.29,2.79,1827695.95,False,0.0,False,0.0,False,0.0,False,0.0,False,0.0,False,False,1.12,1.67,False,False,False,False,False,False,False,0,999,999,1260
SAPR4,CIA SANEAMENTO DO PARANA - SANEPAR,BR_STOCK,SAPR4,0.5,C,0.5,C,0.0,Fraco,6.54,6.72,7.42,7.63,9188045.95,False,0.0,False,0.0,False,0.0,False,0.0,False,0.0,False,False,1.22,7.1,False,False,False,False,False,False,False,0,999,999,1261
TTEN3,TRÊS TENTOS AGROINDUSTRIAL S/A,BR_STOCK,TTEN3,0.5,C,0.5,C,0.0,Fraco,10.22,11.5,14.28,14.77,13668228.36,False,0.0,False,0.0,False,0.0,False,0.0,False,0.0,False,False,0.72,12.2,False,False,False,False,False,False,False,0,999,999,1262
HSHY34,HSHY34,BDR,HSY (BDR: HSHY34),0.5,C,0.5,C,0.0,Fraco,161.41,176.47,187.02,188.95,264299680.63,False,0.0,False,0.0,False,0.0,False,0.0,False,0.0,False,False,1.03,179.26,False,False,False,False,False,False,False,0,0,0,1263
T1MU34,T1MU34,BDR,TMUS (BDR: T1MU34),0.5,C,0.5,C,0.0,Fraco,162.98,177.07,187.82,189.88,701899102.44,False,0.0,False,0.0,False,0.0,False,0.0,False,0.0,False,False,0.67,189.87,False,False,False,False,False,False,False,0,0,0,1264
MCDC34,MCDC34,BDR,MCD (BDR: MCDC34),0.5,C,0.5,C,0.0,Fraco,233.98,260.02,280.21,287.51,1219520116.33,False,0.0,False,0.0,False,0.0,False,0.0,False,0.0,False,False,0.71,264.5,False,False,False,False,False,False,False,0,999,999,1265
U1BE34,U1BE34,BDR,UBER (BDR: U1BE34),0.5,C,0.5,C,0.0,Fraco,69.36,73.16,73.39,74.97,1017826658.24,False,0.0,False,0.0,False,0.0,False,0.0,False,0.0,False,False,0.83,78.35,False,False,False,False,False,False,False,0,999,999,1266
O2LE34,O2LE34,BDR,OLED (BDR: O2LE34),0.5,C,0.5,C,0.0,Fraco,76.16,82.27,88.08,95.35,42822637.58,False,0.0,False,0.0,False,0.0,False,0.0,False,0.0,False,False,0.7,84.18,False,False,False,False,False,False,False,0,0,0,1267
X1YL34,X1YL34,BDR,XYL (BDR: X1YL34),0.5,C,0.5,C,0.0,Fraco,100.93,112.88,115.77,120.75,223064989.95,False,0.0,False,0.0,False,0.0,False,0.0,False,0.0,False,False,0.84,111.29,False,False,False,False,False,False,False,0,0,0,1268
B1BW34,B1BW34,BDR,BBWI (BDR: B1BW34),0.5,C,0.5,C,0.0,Fraco,15.99,18.69,19.09,19.6,79663857.81,False,0.0,False,0.0,False,0.0,False,0.0,False,0.0,False,False,0.69,19.92,False,False,False,False,False,False,False,0,0,0,1269
CAPH34,CAPH34,BDR,CPRI (BDR: CAPH34),0.5,C,0.5,C,0.0,Fraco,14.66,14.67,17.44,18.99,43552308.71,False,0.0,False,0.0,False,0.0,False,0.0,False,0.0,False,False,0.42,16.2,False,False,False,False,False,False,False,0,0,0,1270
CLXC34,CLXC34,BDR,CLX (BDR: CLXC34),0.5,C,0.5,C,0.0,Fraco,81.6,96.12,97.62,99.95,219604282.29,False,0.0,False,0.0,False,0.0,False,0.0,False,0.0,False,False,0.8,102.17,False,False,False,False,False,False,False,0,0,0,1271
N1CL34,N1CL34,BDR,NCLH (BDR: N1CL34),0.5,C,0.5,C,0.0,Fraco,14.8,17.04,18.5,19.53,402945397.19,False,0.0,False,0.0,False,0.0,False,0.0,False,0.0,False,False,1.35,16.45,False,False,False,False,False,False,False,0,0,0,1272
RAPT4,RANDONCORP S.A.,BR_STOCK,RAPT4,0.5,C,0.5,C,0.0,Fraco,4.85,4.89,5.08,5.37,10260174.8,False,0.0,False,0.0,False,0.0,False,0.0,False,0.0,False,False,0.71,5.37,False,False,False,False,False,False,False,0,999,999,1273
Z1TS34,Z1TS34,BDR,ZTS (BDR: Z1TS34),0.5,C,0.5,C,0.0,Fraco,70.3,74.71,89.82,98.24,247464938.84,False,0.0,False,0.0,False,0.0,False,0.0,False,0.0,False,False,0.77,78.0,False,False,False,False,False,False,False,0,999,999,1274
B1IL34,B1IL34,BDR,BILI (BDR: B1IL34),0.5,C,0.5,C,0.0,Fraco,14.84,16.72,19.72,22.14,32438236.93,False,0.0,False,0.0,False,0.0,False,0.0,False,0.0,False,False,0.71,16.6,False,False,False,False,False,False,False,0,999,999,1275
OURO11,OURO11,ETF,OURO11,0.5,C,0.5,C,0.0,Fraco,94.75,97.33,99.35,100.73,102519.5,False,0.0,False,0.0,False,0.0,False,0.0,False,0.0,False,False,0.55,102.0,False,False,False,False,False,False,False,0,999,999,1276
BSLT11,BSLT11,ETF,BSLT11,0.5,C,0.5,C,0.0,Fraco,59.82,62.76,69.67,73.91,63050.28,False,0.0,False,0.0,False,0.0,False,0.0,False,0.0,False,False,1.28,65.12,False,False,False,False,False,False,False,0,999,999,1277
GZIT11,GZIT11,ETF,GZIT11,0.5,C,0.5,C,0.0,Fraco,35.08,36.96,39.7,40.65,81175.12,False,0.0,False,0.0,False,0.0,False,0.0,False,0.0,False,False,0.38,38.49,False,False,False,False,False,False,False,0,999,999,1278
TFCO4,TRACK & FIELD CO S.A.,BR_STOCK,TFCO4,0.5,C,0.5,C,0.0,Fraco,13.0,13.41,14.71,14.98,6191900.0,False,0.0,False,0.0,False,0.0,False,0.0,False,0.0,False,False,0.63,13.75,False,False,False,False,False,False,False,0,999,999,1279
INBR32,INTER CO INC,BDR,INTR (BDR: INBR32),0.5,C,0.5,C,0.0,Fraco,5.13,5.45,6.46,7.01,30340811.12,False,0.0,False,0.0,False,0.0,False,0.0,False,0.0,False,False,1.51,6.07,False,False,False,False,False,False,False,0,999,999,1280
NFLX34,NFLX34,BDR,NFLX (BDR: NFLX34),0.5,C,0.5,C,0.0,Fraco,70.3,75.6,83.7,84.46,2334108645.22,False,0.0,False,0.0,False,0.0,False,0.0,False,0.0,False,False,0.84,83.6,False,False,False,False,False,False,False,0,999,999,1281
JBSS32,JBS N.V.,BDR,JBS (BDR: JBSS32),0.5,C,0.5,C,0.0,Fraco,11.37,13.02,13.61,13.7,60636084.32,False,0.0,False,0.0,False,0.0,False,0.0,False,0.0,False,False,1.04,13.89,False,False,False,False,False,False,False,0,999,999,1282
TMCO34,TMCO34,BDR,TM (BDR: TMCO34),0.5,C,0.5,C,0.0,Fraco,186.71,190.46,193.56,201.78,53985704.76,False,0.0,False,0.0,False,0.0,False,0.0,False,0.0,False,False,1.04,200.86,False,False,False,False,False,False,False,0,999,999,1283
B2LN34,B2LN34,BDR,BL (BDR: B2LN34),0.5,C,0.5,C,0.0,Fraco,26.37,30.17,31.11,35.89,21727166.64,False,0.0,False,0.0,False,0.0,False,0.0,False,0.0,False,False,0.86,33.93,False,False,False,False,False,False,False,0,999,999,1284
LOWC34,LOWC34,BDR,LOW (BDR: LOWC34),0.5,C,0.5,C,0.0,Fraco,187.26,206.28,220.66,230.79,534073743.77,False,0.0,False,0.0,False,0.0,False,0.0,False,0.0,False,False,0.78,207.13,False,False,False,False,False,False,False,0,999,999,1285
F1IS34,F1IS34,BDR,FISV (BDR: F1IS34),0.5,C,0.5,C,0.0,Fraco,45.36,51.29,54.43,57.11,394146562.58,False,0.0,False,0.0,False,0.0,False,0.0,False,0.0,False,False,1.17,53.99,False,False,False,False,False,False,False,0,999,999,1286
T2TD34,T2TD34,BDR,TTD (BDR: T2TD34),0.5,C,0.5,C,0.0,Fraco,12.05,14.85,19.55,22.97,260432099.22,False,0.0,False,0.0,False,0.0,False,0.0,False,0.0,False,False,0.64,15.31,False,False,False,False,False,False,False,0,999,999,1287
R1OL34,R1OL34,BDR,ROL (BDR: R1OL34),0.5,C,0.5,C,0.0,Fraco,30.5,35.95,46.03,49.73,366283741.5,False,0.0,False,0.0,False,0.0,False,0.0,False,0.0,False,False,1.33,36.64,False,False,False,False,False,False,False,0,999,999,1288
NOCG34,NOCG34,BDR,NOC (BDR: NOCG34),0.5,C,0.5,C,0.0,Fraco,504.61,539.22,581.27,595.05,328426418.19,False,0.0,False,0.0,False,0.0,False,0.0,False,0.0,False,False,0.79,549.77,False,False,False,False,False,False,False,0,999,999,1289
Z2LL34,Z2LL34,BDR,Z (BDR: Z2LL34),0.5,C,0.5,C,0.0,Fraco,27.34,33.05,37.12,43.43,184313841.33,False,0.0,False,0.0,False,0.0,False,0.0,False,0.0,False,False,1.44,36.54,False,False,False,False,False,False,False,0,999,999,1290
MNPR3,MINUPAR PARTICIPACOES S.A.,BR_STOCK,MNPR3,0.5,C,0.5,C,0.0,Fraco,3.7,3.98,4.01,4.07,68450.0,False,0.0,False,0.0,False,0.0,False,0.0,False,0.0,False,False,1.25,4.18,False,False,False,False,False,False,False,0,999,999,1291
ALUP3,ALUPAR INVESTIMENTO S/A,BR_STOCK,ALUP3,0.5,C,0.5,C,0.0,Fraco,10.91,11.32,11.99,12.02,134193.0,False,0.0,False,0.0,False,0.0,False,0.0,False,0.0,False,False,1.62,12.2,False,False,False,False,False,False,False,0,999,999,1292
C1RH34,C1RH34,BDR,CRH (BDR: C1RH34),0.5,C,0.5,C,0.0,Fraco,84.53,93.7,103.16,108.29,795509705.26,False,0.0,False,0.0,False,0.0,False,0.0,False,0.0,False,False,1.68,95.29,False,False,False,False,False,False,False,0,0,0,1293
M1LM34,M1LM34,BDR,MLM (BDR: M1LM34),0.5,C,0.5,C,0.0,Fraco,479.09,525.31,570.29,590.12,505939637.0,False,0.0,False,0.0,False,0.0,False,0.0,False,0.0,False,False,1.09,527.6,False,False,False,False,False,False,False,0,0,0,1294
N1MR34,N1MR34,BDR,NMRK (BDR: N1MR34),0.5,C,0.5,C,0.0,Fraco,12.47,14.84,14.96,15.39,21467167.81,False,0.0,False,0.0,False,0.0,False,0.0,False,0.0,False,False,0.66,15.68,False,False,False,False,False,False,False,0,0,0,1295
STZB34,STZB34,BDR,STZ (BDR: STZB34),0.5,C,0.5,C,0.0,Fraco,112.77,127.95,139.85,142.22,177202036.39,False,0.0,False,0.0,False,0.0,False,0.0,False,0.0,False,False,0.69,132.89,False,False,False,False,False,False,False,0,0,0,1296
U2PW34,U2PW34,BDR,UPWK (BDR: U2PW34),0.5,C,0.5,C,0.0,Fraco,8.1,8.8,9.66,11.98,13694541.04,False,0.0,False,0.0,False,0.0,False,0.0,False,0.0,False,False,0.62,9.41,False,False,False,False,False,False,False,0,0,0,1297
M1LC34,M1LC34,BDR,MLCO (BDR: M1LC34),0.5,C,0.5,C,0.0,Fraco,4.56,5.24,5.46,5.79,9341214.6,False,0.0,False,0.0,False,0.0,False,0.0,False,0.0,False,False,1.17,5.34,False,False,False,False,False,False,False,0,0,0,1298
B2YN34,B2YN34,BDR,BYND (BDR: B2YN34),0.5,C,0.5,C,0.0,Fraco,8.23,13.39,19.55,21.28,6665748.22,False,0.0,False,0.0,False,0.0,False,0.0,False,0.0,False,False,0.47,13.85,False,False,False,False,False,False,False,0,0,0,1299
C2EM34,C2EM34,BDR,CX (BDR: C2EM34),0.5,C,0.5,C,0.0,Fraco,9.65,10.94,11.67,11.79,57258562.24,False,0.0,False,0.0,False,0.0,False,0.0,False,0.0,False,False,0.69,11.17,False,False,False,False,False,False,False,0,0,0,1300
S2MP34,S2MP34,BDR,SMPL (BDR: S2MP34),0.5,C,0.5,C,0.0,Fraco,9.61,10.61,12.26,13.93,14292558.48,False,0.0,False,0.0,False,0.0,False,0.0,False,0.0,False,False,0.64,11.82,False,False,False,False,False,False,False,0,0,0,1301
AMOB3,AUTOMOB PARTICIPAÇÕES S.A.,BR_STOCK,AMOB3,0.5,C,0.5,C,0.0,Fraco,12.26,12.37,12.93,13.02,284432.01,False,0.0,False,0.0,False,0.0,False,0.0,False,0.0,False,False,1.02,13.08,False,False,False,False,False,False,False,0,999,999,1302
YUMR34,YUMR34,BDR,YUM (BDR: YUMR34),0.5,C,0.5,C,0.0,Fraco,137.73,146.8,152.5,152.88,222019926.73,False,0.0,False,0.0,False,0.0,False,0.0,False,0.0,False,False,0.62,154.22,False,False,False,False,False,False,False,0,999,999,1303
W1YN34,W1YN34,BDR,WYNN (BDR: W1YN34),0.5,C,0.5,C,0.0,Fraco,78.23,93.73,99.04,103.39,175229496.73,False,0.0,False,0.0,False,0.0,False,0.0,False,0.0,False,False,0.85,95.08,False,False,False,False,False,False,False,0,0,0,1304
GOLD11,GOLD11,ETF,GOLD11,0.5,C,0.5,C,0.0,Fraco,22.55,23.03,23.74,24.35,18344762.63,False,0.0,False,0.0,False,0.0,False,0.0,False,0.0,False,False,0.68,23.98,False,False,False,False,False,False,False,0,999,999,1305
VGHF11,VGHF11,ETF,VGHF11,0.5,C,0.5,C,0.0,Fraco,5.06,5.22,5.84,6.03,2342840.69,False,0.0,False,0.0,False,0.0,False,0.0,False,0.0,False,False,1.13,5.43,False,False,False,False,False,False,False,0,999,999,1306
L1MN34,L1MN34,BDR,LUMN (BDR: L1MN34),0.5,C,0.5,C,0.0,Fraco,5.54,6.35,7.43,7.59,55671681.22,False,0.0,False,0.0,False,0.0,False,0.0,False,0.0,False,False,0.74,7.27,False,False,False,False,False,False,False,0,999,999,1307
POMO3,MARCOPOLO S.A.,BR_STOCK,POMO3,0.5,C,0.5,C,0.0,Fraco,3.88,4.2,5.16,5.25,8881708.26,False,0.0,False,0.0,False,0.0,False,0.0,False,0.0,False,False,0.87,4.46,False,False,False,False,False,False,False,0,999,999,1308
QUAL3,QUALICORP CONSULTORIA E CORRETORA DE SEGUROS S.A.,BR_STOCK,QUAL3,0.5,C,0.5,C,0.0,Fraco,1.55,1.56,1.75,1.88,3401939.9,False,0.0,False,0.0,False,0.0,False,0.0,False,0.0,False,False,0.65,1.74,False,False,False,False,False,False,False,0,999,999,1309
SMFT3,SMARTFIT ESCOLA DE GINÁSTICA E DANÇA S.A.,BR_STOCK,SMFT3,0.5,C,0.5,C,0.0,Fraco,16.76,17.89,18.58,19.49,145781833.99,False,0.0,False,0.0,False,0.0,False,0.0,False,0.0,False,False,1.47,18.68,False,False,False,False,False,False,False,0,999,999,1310
TIMS3,TIM S.A.,BR_STOCK,TIMS3,0.5,C,0.5,C,0.0,Fraco,18.53,19.0,22.36,22.59,139588348.17,False,0.0,False,0.0,False,0.0,False,0.0,False,0.0,False,False,1.12,19.55,False,False,False,False,False,False,False,0,999,999,1311
RADL3,RAIA DROGASIL S.A.,BR_STOCK,RADL3,0.5,C,0.5,C,0.0,Fraco,18.14,18.99,19.98,21.1,358263173.95,False,0.0,False,0.0,False,0.0,False,0.0,False,0.0,False,False,1.6,20.73,False,False,False,False,False,False,False,0,999,999,1312
CURY3,CURY CONSTRUTORA E INCORPORADORA S.A.,BR_STOCK,CURY3,0.5,C,0.5,C,0.0,Fraco,28.72,30.59,31.87,32.19,125744772.99,False,0.0,False,0.0,False,0.0,False,0.0,False,0.0,False,False,0.83,34.76,False,False,False,False,False,False,False,0,999,999,1313
MBRF3,MBRF3,BR_STOCK,MBRF3,0.5,C,0.5,C,0.0,Fraco,16.85,17.12,17.43,17.92,71642831.62,False,0.0,False,0.0,False,0.0,False,0.0,False,0.0,False,False,0.87,18.93,False,False,False,False,False,False,False,0,999,999,1314
SUZB3,SUZANO S.A.,BR_STOCK,SUZB3,0.5,C,0.5,C,0.0,Fraco,44.37,44.62,45.5,47.08,148222418.43,False,0.0,False,0.0,False,0.0,False,0.0,False,0.0,False,False,0.56,48.69,False,False,False,False,False,False,False,0,999,999,1315
PLPL3,PLANO & PLANO DESENVOLVIMENTO IMOBILIÁRIO S.A.,BR_STOCK,PLPL3,0.5,C,0.5,C,0.0,Fraco,6.75,7.03,9.68,10.92,21741075.0,False,0.0,False,0.0,False,0.0,False,0.0,False,0.0,False,False,1.21,7.76,False,False,False,False,False,False,False,0,999,999,1316
GFSA3,GAFISA S.A.,BR_STOCK,GFSA3,0.5,C,0.5,C,0.0,Fraco,0.23,0.25,0.99,1.82,678500.01,False,0.0,False,0.0,False,0.0,False,0.0,False,0.0,False,False,0.56,0.34,False,False,False,False,False,False,False,0,999,999,1317
RIAA3,RIAA3,BR_STOCK,RIAA3,0.5,C,0.5,C,0.0,Fraco,7.06,7.24,8.41,8.5,20367393.83,False,0.0,False,0.0,False,0.0,False,0.0,False,0.0,False,False,2.51,7.75,False,False,False,False,False,False,False,0,999,999,1318
R2BL34,R2BL34,BDR,RBLX (BDR: R2BL34),0.5,C,0.5,C,0.0,Fraco,41.18,42.84,49.69,56.11,754923666.61,False,0.0,False,0.0,False,0.0,False,0.0,False,0.0,False,False,1.49,51.96,False,False,False,False,False,False,False,0,999,999,1319
F2IC34,F2IC34,BDR,FICO (BDR: F2IC34),0.5,C,0.5,C,0.0,Fraco,617.87,1063.22,1129.92,1236.47,3025069870.64,False,0.0,False,0.0,False,0.0,False,0.0,False,0.0,False,False,11.72,1158.29,False,False,False,False,False,False,False,0,999,999,1320
O1TI34,O1TI34,BDR,OTIS (BDR: O1TI34),0.5,C,0.5,C,0.0,Fraco,65.63,70.66,74.28,77.67,335579236.33,False,0.0,False,0.0,False,0.0,False,0.0,False,0.0,False,False,0.94,71.67,False,False,False,False,False,False,False,0,999,999,1321
NIKE34,NIKE34,BDR,NKE (BDR: NIKE34),0.5,C,0.5,C,0.0,Fraco,35.84,39.12,43.77,48.34,1034053677.36,False,0.0,False,0.0,False,0.0,False,0.0,False,0.0,False,False,0.75,39.46,False,False,False,False,False,False,False,0,999,999,1322
C1OO34,C1OO34,BDR,COO (BDR: C1OO34),0.5,C,0.5,C,0.0,Fraco,56.63,67.78,68.29,71.75,306037020.27,False,0.0,False,0.0,False,0.0,False,0.0,False,0.0,False,False,1.07,71.07,False,False,False,False,False,False,False,0,0,0,1323
HOME34,HOME34,BDR,HD (BDR: HOME34),0.5,C,0.5,C,0.0,Fraco,288.04,323.76,326.91,335.62,1729954465.4,False,0.0,False,0.0,False,0.0,False,0.0,False,0.0,False,False,1.1,326.84,False,False,False,False,False,False,False,0,999,999,1324
N1RG34,N1RG34,BDR,NRG (BDR: N1RG34),0.5,C,0.5,C,0.0,Fraco,97.17,116.66,136.02,141.15,217678286.5,False,0.0,False,0.0,False,0.0,False,0.0,False,0.0,False,False,0.77,121.68,False,False,False,False,False,False,False,0,999,999,1325
FSLR34,FSLR34,BDR,FSLR (BDR: FSLR34),0.5,C,0.5,C,0.0,Fraco,176.93,209.49,218.65,225.54,414140387.72,False,0.0,False,0.0,False,0.0,False,0.0,False,0.0,False,False,0.84,220.98,False,False,False,False,False,False,False,0,999,999,1326
CMCS34,CMCS34,BDR,CMCSA (BDR: CMCS34),0.5,C,0.5,C,0.0,Fraco,21.6,24.78,25.71,26.35,441333713.39,False,0.0,False,0.0,False,0.0,False,0.0,False,0.0,False,False,0.54,27.19,False,False,False,False,False,False,False,0,999,999,1327
Q2SC34,Q2SC34,BDR,QS (BDR: Q2SC34),0.5,C,0.5,C,0.0,Fraco,4.59,5.47,6.62,7.43,52845263.87,False,0.0,False,0.0,False,0.0,False,0.0,False,0.0,False,False,0.94,5.72,False,False,False,False,False,False,False,0,999,999,1328
CSNA3,CIA SIDERURGICA NACIONAL,BR_STOCK,CSNA3,0.5,C,0.5,C,0.0,Fraco,5.4,5.46,5.97,6.86,235070644.15,False,0.0,False,0.0,False,0.0,False,0.0,False,0.0,False,False,2.0,7.26,False,False,False,False,False,False,False,0,999,999,1329
